W_C,W_Z,W_X,W_B,Y,RW_X
0.4967141530112327,-0.6751782749743815,0.06496735052876568,-1.2322189540909254,0.8584932987146001,0
-0.13826430117118466,-0.14451867071551783,-0.15386604564072665,-0.45998408758441284,-0.7669536732260285,0
0.6476885381006925,-0.7924199209999613,0.6566969741229158,-1.2634500127870838,2.1987392766700395,0
1.5230298564080254,-0.3079615296390403,1.7593450293297281,-0.5819594390096092,6.160600707030344,1
-0.23415337472333597,-1.8936146669537857,-0.9175825563637492,-2.00068982230938,-1.5474668472972453,0
-0.23413695694918055,0.21329370737293857,0.06214667997448478,0.6318709505386308,0.05833158995698551,0
1.5792128155073915,0.0012054753622242368,0.22701699970600386,-0.159374043990627,2.8737148269089796,1
0.7674347291529088,-0.8170886310681906,0.4524924529710036,-1.6099014844529869,2.8051428848235838,0
-0.4694743859349521,0.6592456684324051,-0.7136113071607244,1.2292795916799852,-2.287852429749638,1
0.5425600435859647,0.9375701376265584,0.859223456621584,0.5190250708190386,3.0477466478055684,0
-0.46341769281246226,-1.6075598643689741,-0.4521022664740277,-1.6369200779212885,-1.743362471342388,0
-0.46572975357025687,-0.7627247785662142,-1.1685112804984001,-0.5394565250958585,-2.820105712346739,0
0.24196227156603412,-0.7691423497872981,-0.25053429134247346,-0.6693371405859068,-0.19490645773112147,0
-1.913280244657798,-0.9399031011088645,-1.8139402398840945,-0.3928133273481268,-6.525726938081291,0
-1.7249178325130328,0.8294748419317485,-1.764451503445311,1.068976413628128,-6.304973014391276,0
-0.5622875292409727,-0.19382613877280352,-0.851849584058846,-0.6244809286213575,-1.874703446388804,0
-1.0128311203344238,-0.26451484131061076,-1.2532480150904135,0.8247662456852202,-4.392205729736731,0
0.3142473325952739,-2.0038623644067535,0.6623313311749184,-1.9066956327376368,1.4259175349683935,0
-0.9080240755212111,0.6354180302092264,-1.1668703619558185,0.5617479168984733,-2.6352800542708987,0
-1.4123037013352917,-1.2392583948534726,-1.4563493233498284,-0.7572956833256871,-4.542230416375429,0
1.465648768921554,0.059932630266328335,2.5506170629618254,0.18465810323136445,6.107150429959464,1
-0.22577630048653566,0.27737693795819207,-0.9376176189284972,0.4769910344278556,-2.4965290581919994,0
0.06752820468792384,1.360658595838651,-0.8583931610994054,2.6067505951389944,-2.5214886839479522,1
-1.4247481862134568,-1.308820399119112,-1.0329533538141535,-1.4463811132466353,-4.67837433365612,0
-0.5443827245251827,-3.0195121558208253,-0.8837042551722344,-3.1783926028295233,-4.153239930249263,0
0.11092258970986608,0.18384954475369486,-0.0481961741614441,0.24213880075992678,0.0014967473949397403,1
-1.1509935774223028,1.8005111815108537,-1.5415717664878599,2.3362691493013727,-5.380604808689831,1
0.37569801834567196,1.2389463529394373,0.2457979479619157,0.4856793378442378,1.0850955518405585,1
-0.600638689918805,0.20965941527462578,0.19863036612936558,-0.7731185304636268,-1.3162579320607386,0
-0.2916937497932768,-0.49163618563204736,0.10937047951578283,-0.7851938209421212,-0.17734373907232956,0
-0.6017066122293969,0.8071225966373103,-0.17059485628590837,-0.009838882892333256,-1.451207769976076,1
1.8522781845089378,-0.9735461997044687,1.144164656612615,-1.1859618734672879,5.817723072582934,1
-0.013497224737933914,0.4763577693562191,-0.5890740930143685,0.7276076174208641,-0.4927155922628256,1
-1.0577109289559,0.5054701591666267,-2.4772502586986134,0.06009572739049507,-6.1483941093259356,0
0.822544912103189,1.0602099074988798,0.417854501561812,0.3467966191082086,1.906219480947801,1
-1.2208436499710222,2.7596600389110777,-0.742492056778193,2.7943286197687516,-2.3235593908827727,1
0.2088635950047554,0.39241596717876703,0.4673368528789409,0.8236877094863522,0.4714514593451046,1
-1.9596701238797756,-0.5089636257074988,-2.0704267553558373,-1.356450344965805,-7.782138011313169,0
-1.3281860488984305,-0.025574312191994436,-1.339336190757457,0.38454188696099767,-4.712843004807092,0
0.19686123586912352,-1.7690759048891183,-0.14758153541857938,-1.3604228030199552,1.1271478374270862,0
0.7384665799954104,-0.6947131310890582,0.8408460211963025,-0.21767058001074419,2.6882224589506767,1
0.1713682811899705,-0.409282438113104,0.5543074209302778,0.19995766932273923,1.2740446420408704,0
-0.11564828238824053,-0.5240883979345925,-0.9235916760934769,0.5769185643952155,-2.7416109538252194,0
-0.3011036955892888,0.152354872033722,-0.15127985167061472,-0.025691152275805595,-0.2812504540899734,0
-1.4785219903674274,-0.8224199323822006,-1.0123045548900937,-0.7676341423432715,-3.7658039681666513,0
-0.7198442083947086,1.1210306673244714,-0.9273943528763935,0.9128114507004587,-2.540017417644895,0
-0.4606387709597875,0.0002070649181973595,-0.11028846489949568,0.0011954872961027474,-1.2261454226623538,0
1.0571222262189157,-0.009300321138626349,2.464449448455192,0.7571363566795296,6.161228852052256,1
0.3436182895684614,-0.32789471651291785,0.2914468930750154,-1.0004019584782522,0.45176009530023786,0
-1.763040155362734,0.15519068385897913,-1.566386630360072,-0.27533415222380864,-5.735397242883778,0
0.324083969394795,0.8250982646676346,-0.044944572435900776,1.5136887329199151,-0.1439668554188599,1
-0.38508228041631654,-0.8671302157109002,-0.2944566991152913,-0.3571119622598553,-1.7552450714797017,0
-0.6769220003059587,-0.6581164890752567,-0.44678618781480683,-0.8396823124837957,-2.1208007345438897,0
0.6116762888408679,-0.30372602877666466,0.7090974589759369,0.12347497178369526,2.0911312636210675,1
1.030999522495951,-1.345870923473215,0.5211518626415226,-1.1752630022271984,2.319813744615994,1
0.9312801191161986,-0.8192578597214978,1.034461004778924,-0.0691205552210038,3.6990644866522766,0
-0.8392175232226385,-0.47622087354465886,-0.1081195538638201,-0.4389660766312726,-1.4355414914864584,0
-0.3092123758512146,0.8743891807127272,-0.08489449359395093,1.3872052376490185,-0.7776855662202825,0
0.33126343140356396,0.2625613290019253,0.8122570259394845,1.5835672842482353,2.2129156631400555,1
0.9755451271223592,0.19358991136754458,0.8570391421160454,0.49263948889127773,2.6816324543633137,1
-0.47917423784528995,0.8508979621679722,-0.10422411813343485,0.875562045065394,-0.8745702810799657,1
-0.18565897666381712,-0.13737178839939665,-0.046025057555554166,0.22385170421109316,-0.2952373336845171,0
-1.1063349740060282,0.3904648499288896,-1.5817903388496442,0.20782442082694713,-5.574606568387071,0
-1.1962066240806708,-0.10322175293249623,-1.0369461216812335,1.09076209982987,-3.370355302298292,0
0.812525822394198,0.26536234939962844,0.31667749067404277,0.3553978682476192,1.411426862325885,1
1.356240028570823,-0.5827586576115821,1.039799891128427,-0.7192253177243385,4.159114724716306,1
-0.07201012158033385,-2.438817158276429,0.022654032065853216,-2.8566616607864472,0.5194987520288408,0
1.0035328978920242,-0.13427916218630415,1.1521550345820861,0.41433093361691514,4.2724477948591435,1
0.36163602504763415,1.42274813609994,-0.2329802074909304,1.8563418425138094,0.0936603168740082,1
-0.6451197546051243,0.9262154022415922,-0.11812686901368619,0.6775382165345456,-1.385182871376093,0
0.36139560550841393,0.9653974845911707,0.6473987446586504,1.253623157152382,2.3106468518677055,0
1.5380365664659692,1.2361307218062179,1.1856723486605274,0.48185273769978965,5.015747035924319,1
-0.03582603910995153,0.08865759096143765,-0.8046184373345392,0.18114287849801577,-1.9721584433560708,0
1.564643655814006,0.19731570740559606,1.4921913662732904,0.4236938834439433,4.933901392766745,1
-2.6197451040897444,-0.6176518954343502,-2.8427169610203245,0.23601300934526126,-10.651229169023264,0
0.8219025043752238,-0.31607285602704976,0.8784727329017352,-0.7014822573913945,3.0668151432081,0
0.08704706823817134,0.6157711497711416,-0.09451126233961192,-0.023405164630020625,-0.09980079483116616,1
-0.29900735046586785,1.2038844371688162,-1.3027357808383728,0.7561704567062953,-2.4858869000542763,0
0.0917607765355023,-0.13944627568099954,-0.1024126926150768,-0.8077305258384595,0.11234332631328314,0
-1.9875689146008928,-0.4501892648514116,-2.1403784701350492,0.21813941402807996,-6.594995715085092,0
-0.21967188783751193,0.0005279588565972929,0.09715862454951743,0.7748476063686156,-0.4838726966153184,1
0.3571125715117464,0.6012067489291151,0.008012734206221561,0.7613150379035295,1.120769491163872,1
1.477894044741516,-1.4438548161335418,2.317231381427799,-0.8332073432909678,6.586845640415544,1
-0.5182702182736474,-2.296180953137238,-1.474090493599526,-2.2292017628471203,-3.3367882837133873,0
-0.8084936028931876,-0.5505368494915835,-0.1529098539918754,-0.5980926733419666,-2.247939308588879,0
-0.5017570435845365,-1.2207124259141586,-0.613916529023589,-1.3872312354410394,-1.8629009737408886,0
0.9154021177020741,-0.5081401976473109,1.3451945538738523,-0.6633356933360937,3.071148313577861,1
0.32875110965968446,-0.14778031881747153,0.368651851689051,-0.9216810969719872,1.0968616248967513,0
-0.5297602037670388,-0.4532484090230134,0.0400175642456958,-0.32112102721934405,-0.49442818022020985,0
0.5132674331133561,1.4524675344707454,0.3195864508369505,1.4323005793637236,1.1485897757283872,1
0.09707754934804039,0.32674476460232005,-0.45223266324086575,0.6994251266412579,-1.2840678168376547,1
0.9686449905328892,0.30047435961082836,1.678897134168421,0.3472361078301332,5.233820988784142,1
-0.7020530938773524,0.6222071440434019,-0.758793416818423,0.5408552932588561,-2.622397869376336,0
-0.3276621465977682,-1.1388331177807691,-0.2168829097856627,-1.5744296327845844,-1.1700443629833135,0
-0.39210815313215763,1.0391117874202687,0.22526780389023993,1.0751884058311494,-0.11667866134061841,1
-1.4635149481321186,-0.07576428653545988,-1.9794925691793361,0.29335432887262114,-4.835922989584056,0
0.29612027706457605,0.6704806172412126,0.5938657258842047,0.09881112169928219,2.2086632922560456,1
0.26105527217988933,-1.0718572330401555,-0.033892106051556126,-1.0281203561997858,0.9050855302606419,0
0.0051134566424609,-1.5537587660160643,-0.060971221179725026,-1.4372372902513224,0.1035009021004233,0
-0.23458713337514742,0.8178896580250286,-0.19844765068300296,0.4588572662158964,-0.6655333651401535,1
-1.4153707420504142,0.3764095260975166,-2.165481672773882,0.08248137364351649,-7.652060602788593,0
-0.42064532276535904,-0.9020515543575104,-0.8100638441755764,-0.7867461299744032,-2.5905858457307573,0
-0.3427145165267695,-0.8696630812746944,0.3328219296798001,-1.436373590421006,-0.08871512203179122,0
-0.8022772692216189,1.1254347844147694,-0.3591816749292211,1.3003966420394657,-2.859225285714637,1
-0.16128571166600914,-1.1894118928673278,-0.19260550032962656,-1.6370890796969277,-1.2058474632659837,0
0.4040508568145384,1.6426729532559634,0.5256125860709849,2.1740997997725717,0.6668832219024604,1
1.8861859012105302,-0.9006207346478687,1.7390646483923013,0.2682931380462812,6.288246230751712,1
0.17457781283183896,0.638391925608383,0.85286950574583,0.20801352475747314,2.3769887161638263,0
0.257550390722764,-0.3286184757489846,0.15737410182568204,-0.06151454456164729,1.2544610490476744,0
-0.0744459157661671,0.6031874310823431,0.04147513030125692,0.23981647864133343,0.17867361799288375,1
-1.9187712152990415,-0.5441140021141926,-1.345756143228009,-0.02363691521529776,-6.051367280003865,0
-0.026513875449216878,-0.1627929060722942,-0.4151996178721702,-0.7954221106149019,-1.8362026281781456,0
0.06023020994102644,0.04091917539572113,0.8396248021894734,0.28121255460957745,0.8911605695897356,1
2.463242112485286,-1.0021874557814727,1.6980114076135977,-1.4386819392261492,6.456394695327876,0
-0.19236096478112252,0.7408243454201257,0.6224601007752768,0.6373320508709412,0.5119489053610324,0
0.30154734233361247,-0.5132135664715851,0.11520955035762517,-1.0287262040452387,0.6028658652198757,0
-0.03471176970524331,-0.22859991534001858,-0.1560611436178842,0.18257532010785824,-0.8712720508571176,0
-1.168678037619532,-0.9943493746085122,-2.1136831232110036,-1.4128395518283057,-5.810895356017174,0
1.1428228145150205,-2.5623336587953105,0.9154254558261741,-2.2863515291293965,3.4289483820251427,0
0.7519330326867741,-0.19102776260016902,0.232029767173332,-0.3630767767313355,1.597231939247338,1
0.7910319470430469,2.412615421612916,0.4872087743563106,2.3553792357134844,2.7310907456127937,1
-0.9093874547947389,0.7846042878980238,-0.9780429376891787,0.8584822415980881,-3.9102829246706508,0
1.4027943109360992,-0.01926037973439464,1.881690118172552,-0.400172715563819,6.076923991895437,1
-1.4018510627922809,-0.2628908292082677,-1.298049387091968,-0.15770727243782423,-4.7058619826103945,0
0.5868570938002703,0.02246589281204638,0.7406954205008272,0.7876331749892519,2.194933341217212,1
2.1904556258099785,0.54711911517521,1.6426959313871974,0.1580717222588528,7.013703461922343,1
-0.9905363251306883,-1.1808128153088449,-1.4309133699320533,-0.5949077436719225,-3.908124150281636,0
-0.5662977296027719,1.114321694668872,0.33306477957288383,1.8633705114127643,-0.6565624332526042,0
0.09965136508764122,0.7153813154412441,-0.2679491522939821,0.30730382092722214,-0.47750154888546426,1
-0.5034756541161992,0.7181857257079345,0.3246284719124486,-0.009341576837341381,0.03464930394263094,0
-1.5506634310661327,0.4384757388097273,-1.672194030506566,0.5894561888956096,-5.8068865816236235,0
0.06856297480602733,0.019616657693989903,0.06970694287777936,-0.2540871036894466,0.5347690141084989,0
-1.0623037137261049,0.6728612359668197,-0.52712113361114,1.607162845548321,-2.507101828856299,0
0.4735924306351816,0.5918141337413779,1.1095386416045099,0.609217903991294,3.8457465493397986,1
-0.9194242342338034,-0.3540407109410238,-0.9748305143733471,-0.7551404149586134,-4.093936948062293,0
1.5499344050175399,-0.573601772896901,1.3558128782567707,-1.1471815284027567,4.975309369166152,0
-0.7832532923362371,0.1018562952619867,-0.8112135165973436,0.6468087748074017,-3.2515582274551385,1
-0.3220615162056756,1.5490201514951873,-0.15308275208961644,1.263428164453094,-0.4872040507682242,0
0.8135172173696698,-1.2391070756539009,1.2591690608045476,-1.2171926759236869,2.9300280026408276,0
-1.2308643164339552,-1.46752526575244,-1.2287493869368795,-0.9896238931961996,-4.130638893412248,0
0.22745993460412942,0.16476084123651674,0.5369030836157063,-0.07736833472889837,1.099971853463436,0
1.307142754282428,0.05088770185601806,2.1263226204178984,0.027923287485937743,5.846278439198932,1
-1.6074832345612275,0.1733416643704082,-1.4168284284288353,0.16505745945914818,-5.968130810469855,0
0.1846338585323042,0.24395319790850026,0.3404602865346934,0.5856154536665462,0.72533338776734,1
0.2598827942484235,-0.22320225463480511,-0.4995726182966104,0.07216991312035778,-0.0670707800751228,0
0.78182287177731,1.4898634386020821,-0.5335421966372217,1.3798065729746678,0.09305557262678198,1
-1.236950710878082,-1.6009039784765156,-1.0427628462629979,-1.5690794477282566,-3.6271115499058815,0
-1.3204566130842763,-0.828497024780246,-1.3678687287247124,-1.0143865305419903,-3.884101466092702,0
0.5219415656168976,-0.10325476014904737,0.26455022815952667,-0.8420609636087697,1.4438905971556877,0
0.29698467323318606,-1.643188811154167,0.4187497753263584,-1.5143883824551023,1.0035767744713255,0
0.25049285034587665,-0.17585440443207115,0.2202909857474225,0.7702414759844628,1.049947354605055,1
0.34644820949697586,1.661470165728018,0.9103383348139251,1.2196105953824865,2.0682009107161683,1
-0.6800247215784908,0.020886488295961788,-0.6369692874490018,-0.3656283665053897,-2.546186998914325,0
0.23225369716100355,0.23070090571868349,-0.14120794537408024,-0.2046629801031872,-0.6939817448161476,0
0.29307247329868125,-1.2601647651725802,0.7881555927783257,-0.8978688758110189,2.4790486410468695,0
-0.7143514180263678,-0.6163614080394775,-0.8229169554994691,-0.39211868094125746,-2.91036232586321,0
1.8657745111447566,-0.375196380323937,2.12904285298091,-0.45446522653216537,7.147796595586886,0
0.4738329209117875,-0.31771509675623405,0.2351275678153873,-0.7767246275757167,0.663023552695136,0
-1.1913034972026486,1.2816437950037687,-1.5162169399513667,1.327832190823731,-4.60141531084897,1
0.6565536086338297,0.5576910607251245,0.6986377237266778,-0.22462000294277762,2.001135241336558,0
-0.9746816702273214,-1.111457956937032,-0.9682673484554789,-1.0397446735082854,-3.469411563102852,0
0.787084603742452,0.24650477843200488,1.0269981214258683,0.6822669714759719,3.6735361640849775,1
1.158595579007404,0.49822174849678513,1.0242727023525329,-0.1273778198200538,4.181818429332437,1
-0.8206823183517105,1.1401490385212665,-1.7388622102369091,0.37388990010643464,-4.719762934259855,0
0.9633761292443218,1.5805406865683735,0.7469891874501274,2.370259632415803,2.054977052413378,1
0.4127809269364983,-1.0150941918278686,0.8096901605084063,-1.3209740115801611,3.7349569964518805,0
0.82206015999449,-0.8108575112103382,0.6733721203729368,-0.24288358823842726,3.4527639658741767,1
1.8967929826539474,-1.2575778589146163,1.7736012813966733,-1.3345766915135322,6.753729449218417,0
-0.2453881160028705,-0.23401985910698123,0.24780013695009803,-0.3149972675776449,-0.2490837908995951,1
-0.7537361643574896,0.4663583744463342,-1.109722777986951,0.6855647241946567,-3.4068458833611186,0
-0.8895144296255233,0.9873345165891019,-1.660916038746973,0.5453350882158816,-4.92781393682049,0
-0.8158102849654383,-0.07595102364252276,-0.8961258447281855,-0.009702451894699995,-2.3840391473563347,0
-0.07710170941410412,-0.31984752325484395,-0.31918868503847264,-0.5105922306668903,-0.6227784887721846,0
0.3411519748166435,0.15175799224874037,-0.14197118505998352,-0.5084887294537752,-0.16429633707491814,0
0.27669079933001905,-0.835142901630023,0.18900157138067364,-0.6664018642668235,0.5576617921939849,0
0.8271832490360238,2.0895387216947734,1.0729360726594157,1.9578848182558153,3.9472410901578194,1
0.01300189187790702,-1.6076610271180587,0.008357611093999146,-1.6861734413404126,0.836266983415098,0
1.4535340771573169,0.18474057889572446,1.6070246135004358,-0.4203398928113544,6.15851612447997,1
-0.2646568332379561,2.0236062192296393,0.6420470160197554,2.8193064031110415,1.2656248147095654,1
2.720169166589619,0.006799844559997769,2.548729735810837,0.4451569377530558,9.051400787104784,1
0.6256673477650062,-0.19003903500149447,0.764841665087341,0.29203890708449487,0.8474274391576311,1
-0.8571575564162826,-0.3574454228104272,-1.1117642377158499,-0.5101677740312682,-3.3606847981520125,0
-1.0708924980611123,-0.18039168176240783,-1.4940723580045987,-1.044983126514118,-4.5953978425229165,0
0.4824724152431853,1.3728484746765302,0.19001858853430037,2.3493071659212856,1.173736848094056,1
-0.22346278532585084,-2.211861911329507,-0.4628420710866952,-2.2424106653324407,-1.2339296466455634,0
0.7140004940920919,1.5334337012963255,0.8937383928656547,1.1590338032862986,2.195346445894869,1
0.47323762457354485,-1.423957152450145,1.6477755179239235,-1.2155563652085881,4.284111751133757,0
-0.07282891265687277,-0.2666523292344148,-0.4308506307947929,0.31690806476723393,-0.6548364735589698,0
-0.846793718068405,-0.42924442029866183,-1.0551063708761363,-0.44076969834139496,-3.0392339278250504,0
-1.5148472246858646,0.5885532697707198,-1.5464087312414887,1.227840853740407,-4.891799797725081,0
-0.4465149520670211,-1.5981243518837476,-0.24861552771214768,-1.0566243826253132,-0.8649776610640154,0
0.8563987943234723,0.46217266608194285,0.9881742003008647,-0.07601792761908643,3.0559318863174822,1
0.21409374413020396,2.0243096232868525,0.8561416411042627,1.6874145704571144,1.9980054744457862,1
-1.245738778711988,-1.3631740045928105,-2.4589348139795923,-0.8844054229529268,-6.740915362400478,0
0.173180925851182,0.18970616761039566,-1.0202840092466543,-1.1666001142948232,-1.7269469051632265,0
0.3853173797288368,-0.6619821777966091,0.13737829372376215,-0.7367100243791035,1.3518414850266445,0
-0.883857436201133,0.42588720619303577,-0.33520734242927863,-0.28952839461930013,-1.6743664626490113,0
0.1537251059455279,0.01914777741575206,-0.6290989098572702,-0.21912912330101028,0.01106155898872796,1
0.058208718445999896,-0.6414869090443096,-1.4456074514008788,-0.7908969535589117,-1.7006673351904218,0
-1.142970297830623,0.487872284871074,-0.8573805947210187,0.30875009591732,-3.3893918448810094,0
0.3577873603482833,1.804348109786743,0.4796159721996405,1.5282174837304388,-0.4224147893079788,1
0.5607845263682344,-0.19090379172729868,0.01568032296851951,-0.7394756165417057,1.4909536685530238,0
1.083051243175277,0.7197579421481819,0.590281442814812,1.865713575557525,2.5349515808990124,1
1.053802052034903,-1.2932729578711637,0.5689301922175658,-0.3595419557904883,2.3178215015719825,0
-1.377669367957091,-0.9564363768180087,-1.322401709220121,-1.5374692869461506,-4.910530107870562,0
-0.9378250399151228,0.47240627788037737,-1.2509826780066262,1.2634646535321612,-4.13202443929324,0
0.5150352672086598,1.484116028535965,0.7620672266964196,1.2843832832995385,2.602822259258525,0
0.5137859509122088,0.35561334878566,-0.9135273805399867,0.4202070854515152,-1.836093724274773,1
0.5150476863060478,-0.31305803052315434,0.08662175374214809,-0.3446950104716123,0.4069546640475671,0
3.8527314906547208,-0.0007085945766459172,3.2897045101991953,-0.3305829152036288,12.53008553347918,1
0.570890510693167,-1.2504077339697175,0.4427201715069209,-0.7584815621666441,2.053248124260246,0
1.135565640180599,0.6045153263553668,0.8665417609355297,0.6674585916436957,3.757202804609964,1
0.9540017634932023,0.8823330623234091,1.3529236534410856,0.6440573507137884,3.743331812655325,1
0.651391251305798,-0.45209033283308037,-0.27827713452423075,-1.1043850547333167,-0.06860021672288452,0
-0.31526924464034556,-0.4700421477595015,-0.29252350647496955,-0.9168396546190617,-1.311268296804417,0
0.7589692204932672,0.2658782296520485,1.03813743209912,-0.554811828149,3.3346650710805035,0
-0.7728252145375718,-0.4367197360405955,0.15549850374340557,-0.43060796183301076,-0.10550212968327177,0
-0.23681860674000887,-0.06613261462582246,-0.47770159228674647,-0.6644654107680203,-2.3343496875688814,0
-0.48536354782910346,2.0997217891665154,-0.32313424565284493,1.9669415329072448,-1.4846781915285283,1
0.08187413938632256,-0.24702570074599667,-0.8200572568948599,0.43802522605918875,-2.1836425252228375,1
2.3146585666735087,-0.3583401520212223,1.1186804645169968,0.2413096344395705,4.883227440367512,1
-1.8672651925917483,-0.6475418056351594,-1.4448780047008984,-0.6636802526864684,-5.207175475617011,0
0.6862601903745136,0.7441919714999368,0.6834800435504783,0.7006496084283618,2.6686626599123966,1
-1.6127158711896519,-0.181224173218103,-1.0234595262904405,0.758713101492401,-4.241276101391728,0
-0.4719318657894335,-0.649373038321426,-1.158633310274308,-0.3889949781420704,-2.5646514993672698,0
1.0889505969673663,1.321304032273012,1.3489016667317426,1.1574008023347506,4.091369780531467,0
0.06428001909546277,1.4196030045136372,0.9986889393673893,0.7065939459534112,1.8774791492112086,1
-1.0777447779293061,-0.6004235657387051,-0.8678919737506732,-0.4034869566563335,-2.2595358060340187,0
-0.7153037092599682,-1.8665399513606162,-0.5770129564644438,-1.451878065069185,-2.350267003948627,0
0.6795977489346758,1.0075136898369221,0.6838757893468508,0.6916879275801002,2.754714258622761,0
-0.7303666317171367,-0.684629825760004,-1.5158073602800928,-0.5390284481909876,-4.123973897654233,0
0.21645858958197486,0.7906255991627686,0.8942450574371489,0.6088389517052539,1.1890487342080522,1
0.04557183990381377,-1.9701038177118357,-0.25985697999871915,-2.062120017311337,-1.4736707020423516,0
-0.6516003476058169,0.8925973382993093,-0.3993587194143084,-0.35131369048185634,-2.0656100702072946,0
2.1439440893253257,-1.2111719292807812,1.3624269360396988,-1.322062631138849,6.468820631902381,1
0.6339190223180112,0.7307641190665245,0.04418919006412103,1.2154487702705516,1.4334027419232607,1
-2.025142586657607,0.014273067836434108,-1.3075988870464894,-0.301428209946845,-5.195873071967372,0
0.18645431476942764,-0.953939419396645,0.012803170290506177,-0.9276762352889868,-0.18823527673300383,0
-0.661786464768388,-0.4070363129267805,0.06485127325288431,-0.7850116662727407,-0.05504090558565655,0
0.852433334796224,0.6863184569567008,0.8133180052669651,0.8665392951030872,2.4228393626350737,1
-0.7925207384327007,0.10589445311523427,-1.7134696249116295,-0.002367145652852537,-4.509308158137325,0
-0.11473644146689901,0.5844129804724844,0.33129735839896124,0.11479221013148094,0.4853139096437056,1
0.5049872789804571,1.9764405845154855,0.21004112010265324,2.6427163183480493,1.0906262485186988,1
0.8657551941701215,-1.5642416117110514,1.2150996009286432,-1.0997756049449439,4.398128062260272,1
-1.2002964070557762,1.617212574968624,-1.1876909732857353,1.3147591930045366,-4.528381817238116,1
-0.3345012358409484,0.10435593752321293,-1.1060603498123833,0.35325009223210163,-3.388675181242153,0
-0.4749453111609562,-0.8987840483231282,-0.39279792847567163,-0.6300780469129379,-1.488016080589568,0
-0.6533292325737119,-1.3303136257389898,0.44478233850268767,-1.0091630082334018,-0.2903425389984559,0
1.7654542402810969,-0.1891203907770335,2.0119474695383266,-1.0362483387745725,8.360767759039621,1
0.40498171096095553,0.9216501119244593,0.37622283445822396,1.4249533824407732,1.6981719735778686,1
-1.2608839543350452,-0.12754912037753421,-0.7232122533565963,-0.4123986018403999,-3.5424207258250724,0
0.9178619470547761,1.5111549302473475,1.0231961796563316,1.332240963526714,2.8951294953012843,1
2.1221561970126332,-1.4511756900515589,2.2269233121440304,-0.13223481392145886,6.696936714522618,1
1.0324652605511468,-0.01208894784605456,0.48665267447159555,0.13884774251445134,2.0093936969011947,1
-1.5193699659540134,-1.252393444413119,-1.4024459530592142,-1.445554682136707,-5.0264759691698835,0
-0.48423407286625136,0.3636318826249679,0.033487635342221045,-0.7390153037529852,0.05428848718244972,0
1.2669111491866227,0.8868873900973003,0.8488800731366103,1.5817694570704781,4.158971441247114,1
-0.7076694656187807,-0.42076179368105326,0.004578445004693288,-1.0933666290853545,-0.9377998925955947,0
0.44381942814622843,-2.6042138566271342,0.39796641607366545,-3.105933308376886,1.300078141515431,0
0.7746340534293368,0.19894814679649453,0.33074929766006644,0.033271997252569935,1.957855853670215,1
-0.926930471578083,0.4367385517335093,-0.4281144331179607,1.1449444475836557,-2.5059435723453336,0
-0.05952535606180008,0.4042947549616974,-0.2029224739309347,0.7909147482945771,0.36404901592736827,0
-3.2412673400690726,1.235782191822154,-2.8615098963260186,1.156863436902024,-10.679515893393187,0
-1.0243876413342898,-1.0710536796490489,-1.1702669574635585,-0.9169076478296383,-3.920284306051915,0
-0.2525681513931603,0.6802161054504494,-0.28248122315811214,0.38002325901489653,-2.051725885916299,0
-1.2477831819648495,1.192507512477975,-1.0010030797977036,1.2623343572606502,-3.9713983558040633,0
1.6324113039316352,-1.7785875840065168,1.7778598327266382,-1.7419192116174484,6.4225786903332,0
-1.4301413779606327,0.31965182591897723,-2.4279072681865017,0.8040367737596537,-7.534887891833225,0
-0.44004448669698376,-0.5041798310076715,-1.0006663567441798,-0.02059076978819674,-3.0367596107802415,0
0.13074057728609134,-0.08152267310164589,0.5954455696814992,0.1654660180011765,1.783357514158968,0
1.4412732890661155,0.34767648353833636,1.375204994615342,0.16650270476528523,4.17399131107083,1
-1.4358621511794394,-0.4872285641135523,-1.6977278025651503,-0.11631741691848901,-5.020348328128501,0
1.1631637521549596,-0.6757080791616118,0.4838767445262224,-0.7216923122631351,2.4464271721983333,0
0.010233061019587049,0.0341524174880246,-0.5296350996183371,-0.5068047668685419,-1.238204717952895,0
-0.9815086510479509,-1.0872459388628024,-1.9924079710289246,-1.2888898348182718,-6.019018121192573,0
0.46210347426327075,-1.0858251288851855,0.4114631149125043,-1.0435616369930232,1.7051045714338562,0
0.19905969557347003,0.6793732829565033,-0.10015909471705342,1.134481174788876,1.3282073464407882,1
-0.6002168771587947,-1.148794035158656,-1.0835108226514523,-1.2405581212372325,-2.676598341310781,0
0.06980208499001886,0.6663125009092119,0.03574037240604231,0.061713145289408855,-0.2559587586731551,0
-0.3853135968617599,0.4625912928539512,-0.20332828143539086,0.49096213450236087,-0.41681666541768336,0
0.11351734525124799,-1.7258067287905967,1.1601163113562203,-1.6690787087623205,2.3321688676221877,0
0.6621306745210463,-0.6775646523356551,-0.09381103526056045,-0.5846458378842786,1.4928164319742283,0
1.586016816145352,1.1941094030473725,2.165707337795613,1.6540451610245874,7.113778100891436,1
-1.237815498826849,-0.9811655311396816,-0.7512647183193131,-0.4717039110947324,-4.830823467614767,0
2.1330333746562666,-0.46440426230938764,1.7434870049679163,-0.761509698500221,6.184484255442719,1
-1.9520877995225019,0.4620608932518965,-1.8504698222294864,0.15398916422742476,-6.156878732325031,0
-0.15178509503558324,0.7833905092825955,-0.38060171970439083,0.2632911538048589,-0.9130524458896477,0
0.5883172064845762,-0.2515388860444957,0.6811614966939457,0.09786894909574245,1.7329208292608302,0
0.2809918677350327,-0.5975101946916416,1.035557374437308,0.12689985947721616,2.175807792730259,1
-0.6226995198205939,1.4223698616985077,-0.3198964035049374,1.2648288977440458,-2.526960396785456,0
-0.20812225035727533,1.7388996637975789,0.046181936259445666,1.6181843814350823,-0.2640061467802197,1
-0.4930009346588331,0.9788580507817954,-0.7081555946361543,1.7122493292312835,-1.050467728252676,0
-0.5893647569442118,0.08531814256502405,-1.3313930894063795,0.3380970691725279,-3.1443666188629136,0
0.849602097021025,-0.8082657216409264,0.745367991750821,-0.5901478692403989,3.860347629627391,0
0.35701548596504734,-0.8304444065565653,0.960319563397005,-1.4259026595434285,2.897360900636571,0
-0.6929095952606542,0.5225141052657575,-1.4564935235554781,0.8618781399054669,-3.4386117683255915,0
0.8995998754332507,0.4183982208886837,0.37205519134490317,-0.046169949366195395,3.0805495397121945,1
0.30729952087660933,1.4015985929464294,0.3704333889936434,0.8345884999789503,1.3904476889733142,1
0.8128621188389601,0.6504500925361393,0.3205347264153289,0.4770643041527832,1.7667489703356578,1
0.6296288419236122,-1.5030803017598182,0.23336711836600593,-1.7959766634841632,1.9275062579284363,0
-0.8289950109220725,1.0519476177229186,-1.040794301786161,0.9411477705303989,-2.5981610013944882,0
-0.5601810401969697,-0.9980606273144129,-1.2429897422920444,-1.7185514445768724,-3.5662333662356476,0
0.7472936051232618,-0.3839712719523516,0.26023268201507765,0.09543688128148464,1.2806212305450335,1
0.6103702654334648,0.2502002062516945,0.9620842238271192,0.814043353509909,2.9091518620198755,0
-0.020901593964148132,1.9956674897839644,-0.6745864850796301,1.0219962527135573,-0.9647759276396514,0
0.117327383308782,3.109918556005361,-0.6816086839386368,3.599147458838636,-0.7881807685833198,1
1.277664895788425,0.6067230591361827,0.9626524060214777,0.20145874422536958,3.1297183556317933,0
-0.5915713888358299,-0.18319661872038787,-0.22559363758090706,0.24529114977100516,-0.38274132488389845,0
0.5470973811700377,0.5345056484805503,0.4486364771715929,0.5002824021473424,1.3973365613998172,1
-0.20219265243389398,0.8876554258738361,-0.4344831914917032,0.9020432079143353,-1.3047878600785372,1
-0.21768120322722037,-0.3206676255571917,-0.19550180446941684,-0.41321645026780107,-1.168852593773574,0
1.0987768519871903,1.7952113559123222,0.22592313555736432,2.401275958029065,3.449175967064058,1
0.8254163489880298,0.23007075919140207,1.0727691758755462,-0.38972324707111206,3.504698210377121,0
0.8135096360006385,0.49774308909139425,1.0052271517024607,0.8016632584588985,2.8052312170650966,1
1.305478807154329,0.6659242520544614,1.1008245701064685,1.2165893344992367,4.591829125925654,1
0.02100384163275905,0.4215866106144557,0.5239660975309673,0.779756650884661,1.46400584716609,0
0.6819529712949639,0.8389405004696124,0.11820492181844455,2.0012899576313212,1.165475788789393,1
-0.31026675659345604,-0.6172531865469234,0.2536877400333286,-0.8817265679092728,0.46227870156816486,0
0.3241663524884421,-0.5583017539460305,0.4014131852860677,-0.07964934264926493,0.8764299188893664,1
-0.13014305436768459,-1.100154232971695,-0.2984193493067713,-1.153199550642405,-1.0385124176396956,0
0.09699596499271819,0.4395012306202264,0.0870591473085624,1.0562042687965612,-0.6854960851768294,1
0.5951570254369136,0.7789365035121141,0.5415246425314427,0.7750920056514293,1.3138092811084743,1
-0.8182206832334725,0.4577728661518858,-0.2080792350246139,0.263834975220651,-0.7396740920640936,1
2.0923872756854602,1.6744924333475373,1.5540477119499534,2.327528535283352,7.067390651289254,1
-1.006017381499702,-0.005596018829046555,-1.3872770010730011,-0.2513769883385115,-4.2506857500710735,0
-1.2141886127877322,0.6687416555925126,-0.6960371667514923,-0.03762122385776534,-2.381891529089664,0
1.1581108735000678,-1.0917008761393143,0.8603434059081382,-1.3501243177262285,3.377815878762226,0
0.7916626939629359,-0.387099702474401,1.2419292326287317,-0.07758322918013488,3.549647354917913,0
0.6241198170521551,0.6955377575657775,1.4738378085565098,1.3915571333593233,3.9121106669240304,1
0.6283455092642799,0.849102110743144,0.42744799579346304,0.9046667983914001,1.734953457821563,1
-0.012246772846914623,-0.29396694766418224,0.3284343904407381,0.3651315859528303,0.5309004598310141,0
-0.8972543714858315,-0.07159925185806683,-1.4741005121557609,-0.7506867125968634,-3.7223835279654924,0
0.07580455819372633,-1.5178737466808094,0.45317120722763093,-1.7395054790897608,1.095117078723953,0
-0.6771617115121117,-0.3570292008066094,-0.5774497185187282,-0.5013167593836599,-1.8144011220887215,0
0.9751197334177512,0.8903831635197862,1.2116388744978588,0.833103449783526,4.4016476117610095,0
-0.14705738150213865,0.5752050161065663,-0.46984341751983616,0.6172522102316648,-0.9661800094655136,0
-0.8254971967925115,0.5006657213812097,-1.6560389045760977,0.8461212000773061,-5.0354592672950815,0
-0.32138584165299344,0.04977368718096008,-0.06975980927824105,-0.17262973190428504,-1.2980313255179916,0
0.4129314542756245,0.007063158628176452,-0.6187701219641027,0.07657750210473925,-0.5437527451111162,1
-0.5637245528039749,-0.6603211394734471,-0.7223997989252423,-0.6828825846354729,-2.3760145794689143,0
-0.8222203955664315,0.6988284202025348,-0.3516294623564466,0.23588346825695983,-1.8928938036024796,0
0.2436872114919123,0.4209729443893898,0.3396360794284303,0.3641395998486721,1.036775956470436,1
0.24496657110872277,0.49201884799279927,1.2191378935036292,0.4201890830442402,4.097512473753627,1
-0.5069431753711298,-0.5260348426675804,0.00561140091975687,-0.6085751251691034,-1.41430508903785,0
-0.4710383056183228,-2.1533429198712444,-0.7979874997811109,-2.137463191580519,-3.2975055929002686,0
0.2320499373576363,1.0971527117536957,0.24570662728335563,1.1349894820603887,1.0056765773629706,1
-1.4480843414973241,-0.47883745600840416,-1.471769692769542,-0.6949850455620693,-5.303877175079168,0
-1.4074637743765552,-0.8627757640431206,-2.198552156049619,-0.22641839705748823,-6.350266038799095,0
-0.718444221252436,0.6934789119139937,-1.1886436794946127,0.10873859731248536,-3.163012179725879,0
-0.21344715171184725,-0.3920126399191296,-0.4938276052017774,-0.7524976941540777,-0.665773590381877,0
0.3109075655980046,1.0599363840466218,-0.7072026858299637,2.4499181961584,-1.7016569334548897,1
1.475356216949552,0.6170059495766975,1.4991029510753735,0.09801027208208257,4.9328812786464935,0
0.8576596232020194,0.6835693232004776,0.733123700875499,0.0066919858455982695,2.9671174659944093,1
-0.1599385299634271,-1.3659557112005343,-0.9963854806192143,-0.9987173386999253,-1.8474469583399558,0
-0.01901620790268883,1.2119439853864005,0.18309022473597714,0.17338405849946348,1.4343809127621139,1
-1.0025293646378088,0.26125053123385605,-0.6445929922923292,0.1436135762476366,-2.315128045984438,0
-0.018513135992389903,-0.36927713924620315,0.09500410344005454,0.7036353232920411,0.13384420494838567,1
-0.2886586389201379,0.14338846734225108,-0.450692726524623,-0.6290794937344492,-1.7795912879007834,0
0.3227185603380895,-1.77623523289832,0.618439636214017,-2.7672174757676764,1.4388121865756587,0
-0.827230943552323,0.40865281148067084,-0.4871207633139774,-0.34093778949817827,-2.511439353434992,0
0.5193465142411723,-1.0293715081820716,0.6730482991010165,-0.5801917240085788,2.452733183820672,0
1.5327389130025777,-1.3526702858435344,1.1204327877851972,-0.7902819258506282,4.668472667867175,1
-0.1087601484568576,-1.5223591862178911,0.029540234298732718,-1.7786535847071456,-0.7658845395089104,0
0.40171172209894146,1.1126883749899252,0.9994520475116808,1.4542945769904598,2.3835209436265576,1
0.6901439917111125,-0.6292633936927887,0.3918294624052474,0.06586427006320605,2.257648689102874,1
-0.40122047188583626,1.5337277099164992,0.6477491976803793,2.427400917131412,0.8694988650190337,1
0.22409248181041677,-0.5358014630522978,-0.03872298518227543,-0.6589691036422219,0.5430150603574595,0
0.01259240078179486,-1.7073579575929467,0.028795907451862966,-2.85809381642794,0.2679412711050497,0
0.09767609854883172,-1.1165244399486591,-0.23856669945433637,-1.5269639011535026,0.4825961162190045,0
-0.7730097838554665,1.2358116200069387,-0.661374365895336,1.02240952253931,-2.364241875661687,0
0.024510174258942696,-0.15589817793666752,-0.8466006720586949,-0.28536757622586284,-1.849447481664325,0
0.4979982912454495,-0.5482872964906009,0.22497739183708887,-0.6422169969949607,0.7390746999755717,1
1.4511436077950417,0.1600182258527877,0.9050830076207581,0.7194655248181223,4.111686156038934,1
0.9592708260852069,0.501782736167545,1.0269400000313522,1.1389969495113357,2.2724342318029724,1
2.1531824575115563,1.1173988159024606,2.65040614526601,1.031561988940069,8.438441475882998,1
-0.7673475628880495,1.448499229892926,-0.44434446933077376,1.9977416679188353,-2.142630212954294,0
0.8723206367206782,-0.3597686457890858,-0.313509043708768,-0.1809379624735411,-0.0007725591451591685,1
0.18334200573835174,-1.3260476860820385,1.2043768322022919,-1.2937946996507526,2.2196337536841133,0
2.1898029332176723,-0.413465161123276,2.3374429035281064,0.03980691743170589,8.364418971956841,1
-0.8082982853551515,0.26028050658288615,-1.1965478556016516,0.2964065307018441,-3.490187264698549,0
-0.8397218421807761,-0.9637589262106109,-0.7611578826853058,0.06514666233827027,-2.731004361788112,1
-0.5993926454440222,-0.9571509148950429,-0.5112977341926761,-1.6763564982923225,-1.768510669585374,0
-2.123895724309807,0.34378788154988543,-2.4573200827855888,0.08620243200387656,-8.054169958061427,0
-0.525755021680761,-0.04865235157045115,-0.4267966880097233,-0.11191180004742629,-1.0207946271114312,0
-0.759132661553698,0.03279699541158651,-1.0628688053638515,0.2525233406405818,-3.2027220122064257,1
0.15039378647620763,-0.7584953347000695,-0.05178720986880375,-0.12451509114852499,-0.6070902969326712,0
0.34175597577715944,-0.23040071420576733,-0.0013835921003828022,-0.24259999782384564,1.3249317619021785,0
1.8761708392158862,-0.9242331442683044,1.1598351943460599,-1.6353479690214079,5.319096781180372,0
0.9504238381860503,0.8901984111247868,1.0233420732937422,1.3114553593522889,3.1776930384690263,1
-0.5769036556624031,1.0352493347237526,-0.28425393740423405,1.4127287177947347,-2.0605642174495817,1
-0.898414671348358,-1.8461878622380938,-0.6409728733101718,-2.817117191927797,-2.4316106431638578,0
0.4919191715065057,-0.92951086019241,0.9018817978241227,-0.9314129270278098,2.4830563504208163,0
-1.3202332070206422,-1.496529255090079,-1.1580631020132082,-2.291600170430228,-3.509402621541175,0
1.8314587658543537,-0.6500239344068982,1.565096016745902,-0.9823494831579295,5.704426541939921,1
1.179440120721287,-0.08343796979036086,1.5992720529368813,-0.5348424332717607,4.54901389211446,1
-0.4691756521047048,-1.44964521969853,-1.1479344220256724,-1.0450128705775372,-2.551734213090438,0
-1.713134529090878,-0.921859813125313,-2.163470220347118,-0.8634447260392211,-6.434001287972137,0
1.3538723741654133,-1.0039573720814983,0.871772338453791,-1.646752872459512,3.8586789219607995,0
-0.11453984525261789,0.20726732939894396,0.4254881843170372,0.6473003108776151,1.0173451245926017,0
1.2378163119734618,0.06934433703625043,1.7092105690434996,-0.6475585749279568,5.2563020456760725,0
-1.594427658794367,-0.7217375533372533,-1.3507750402718697,-0.5566806581017814,-4.9762590182306665,0
-0.5993750229537729,0.17682087213939798,-0.06341009034787426,-0.2301844625063801,-0.4433872738444463,0
0.005243699718183166,-0.5466800845872654,-0.4343976914878109,-0.7295186258525252,-0.5482706663875956,0
0.046980593764742055,-0.2716551103260533,0.22127815369523227,-0.01951973630686127,0.42838997887126523,1
-0.45006547147924364,1.673452090298537,-0.5126526856708258,1.9341767898283015,-1.0242223055974415,1
0.6228499323474987,1.340461051790348,1.0462909842899557,2.008945588568328,1.844429180705403,1
-1.0676204293825944,-1.2995812369275976,-1.1252325456586931,-1.3407080867633243,-2.8258590796803107,0
-0.1423794850212935,0.8297324178791745,-0.3348509292263341,0.9829578493608451,-1.736250633429976,1
0.12029563171189886,0.8113965544915921,0.3907498909923939,0.5925278932894298,0.648396817166488,0
0.514438834058749,-1.1482632887526183,0.9525234176543654,-1.0572683474412194,2.6562463187993197,0
0.7116148780888896,0.8187776437548606,0.37744228066548874,1.0385206677591166,1.749066543100231,1
-1.124642091837869,1.5379319184125528,-1.155179927514057,1.4887769946853648,-3.4941174727716406,1
-1.5341141707356223,-1.1225448062444139,-2.0633344875564488,-2.0244200482906622,-6.956758540521449,0
1.277676821898509,-0.9175028210142636,0.02864631315203936,-0.7517673728488159,2.104191267893374,1
0.33231401197959165,1.0176614668435024,0.43254382768645616,1.199942205521231,1.0744526242324228,1
-0.7484865365565536,0.271495310825648,-0.44403385842923765,-0.06859142734832746,-1.8632270320245974,0
1.551151975522523,0.5514762752395233,1.6821853800658857,-0.09071724279673377,5.658712593516617,1
0.11567463429285867,0.3405892164004968,-0.859106224584325,1.0785287916524793,-1.498232671387873,1
1.1792971840638264,0.39069592092814415,1.0038724690255891,0.6364186763753453,3.5017282979147453,1
0.06751848141010895,-1.326472128311083,-1.0416553986154318,-1.441012643771938,-2.237065050163741,0
2.060747924881987,1.0473177066214483,2.7455984787090797,0.4788012650477046,8.725955101754854,1
1.7553408424432044,1.1695899924277735,1.2123135513841614,0.7586825782171005,5.529496119311152,1
-0.2489641484790735,-0.22939074406802776,0.3787376562508747,0.42190445432508805,0.08488942268421523,0
0.9715709509543554,-0.04347694981386243,1.4445057727964281,0.025354020620160615,3.911984199737934,1
0.6453759495851475,-1.5311075025557226,0.1950807733171166,-1.8064010360560758,1.664955553847873,0
1.3686315575323487,0.514254756017835,0.802239081898476,0.769099371630163,3.6411735535666305,1
-0.9649234605801045,0.5720574417141441,-0.7897383523869352,0.16485834799098226,-2.6116128286510514,0
0.6860514599984393,-0.062191016999311004,0.2638894414069036,0.6882304981408781,1.1039574661258924,0
1.0584244868495878,1.1243533598705027,1.1096668079286915,1.8007536273188651,2.9172508834200492,1
-1.7587394864231143,-0.3340772309799405,-2.0001532818265733,-0.5673642665813288,-6.904917834200985,0
-1.183258512665775,0.5646059258936003,-2.0738377198985916,0.2502708023781701,-6.305739513428354,0
-2.0392321777601006,-1.0196643386921156,-3.1544661873223303,-2.3287309380382553,-9.407174841324961,0
-0.26940683444455765,-0.02355215087423812,-0.15606471019725907,-0.7643425366499221,-1.0346622791965494,0
0.7175422557959621,-0.17435425790283585,0.4367633826306494,-0.844089145381714,2.3203486246234664,0
1.502357052096028,0.2253079220409414,1.225812143638962,0.2929030925346344,4.561084734210708,1
0.07409478041977519,-0.3695269288333583,0.42202669996666786,-0.5326437810540383,1.030432819949949,0
1.6286155455712918,-0.1314725956716678,2.2153366838875144,-0.8041403393792885,6.952413965352438,0
-1.3801014582148914,0.8260471714415063,-1.516373818895796,0.6854651502092277,-5.005422278907836,0
-1.7033824393551547,-0.43676423723821745,-1.8736817928100855,-0.1840956634145432,-6.31450179988039,0
-0.05554769889661878,-1.6065771007386793,0.1945238176603232,-1.3426574257808856,0.561026432180875,0
0.3840654489393073,1.7495839042054206,-0.2944023359104804,0.79974876377598,-0.41053406532490355,0
-0.03269474809409311,1.3814540786904865,0.0788817792797554,1.317322338448571,0.8084303997453127,1
-2.0674421000398766,-1.2922626951056186,-1.7914991141287997,-1.9839330835914237,-6.802430070001682,0
-0.08912003951278841,0.6897078052451944,0.25099506469602617,1.1405721538153313,-0.28746449882647107,1
-1.3044695005048532,-0.5029747705513431,-2.2728458517560854,-0.11090156237459381,-6.408359275773565,0
0.6696725488300385,0.26348721533105957,0.28899491392556814,-0.1855263978311697,1.1569084098724516,0
0.36659824609684827,0.2942241290134937,-0.07253338031488504,-0.08879847218670622,0.7374978757699399,0
-0.9398797863273552,-0.234407800316322,-0.8899363091227488,-0.4650413255654756,-2.0848895097153415,0
-0.5138669173366935,-0.7837656655863965,-0.2734946274527016,-1.910162362952066,-1.7110756766893687,0
-1.0592135218889516,-0.6905410523162594,-0.3108583181659609,-0.5225569655959711,-2.044350752553357,0
-0.06267909727317188,-0.9161919154812425,-0.31016183745720854,-1.0526141886513078,-1.5920951151764888,0
0.9551423205012383,-0.8318222082304447,0.7063560713466313,-0.346734666946515,3.072378238165794,1
-0.9857260463355437,-0.06717829004935526,-0.4108900368961702,-0.6163828990306316,-2.743226043195501,0
0.5040465155178444,-0.7157599891107518,0.6523349847829969,-1.0253214632357177,1.7483224336255194,0
-0.5302576183724408,0.6820520657126199,0.10356813722154612,-0.07121056330693776,-1.138893398035483,0
-0.7928728322623442,1.4872461553359273,-0.648508830757426,0.9851008735888007,-2.1202512968810003,0
-0.10703035995455783,-0.580053241370043,-0.6855886693111932,-1.1710442394041523,-1.028070699817592,0
-1.035242322419374,0.23940450053537707,-1.7018064998082774,0.7373913399585998,-4.944783875916363,0
-0.553649305347182,0.499685110302934,-1.3294054298766467,0.15055418592723785,-3.921498170441926,0
-1.1978778925888485,0.4720022709192745,-0.8668519752096118,0.5340901132915812,-2.735759271250565,0
1.9647251329163893,0.0759552679160874,2.5590235444598934,-0.11442643401481481,7.689929724417043,1
0.03526355197172861,0.7426824183597222,0.9599446226649191,0.10794978535331567,0.8917684233237118,0
-0.6997255079925854,0.4822489526806572,-0.2781728418309653,0.39809874109483584,-1.3767394406722744,0
0.21397991073422196,-1.2376624223272978,0.7953991995017149,-0.9381107563955005,1.3593809282840044,0
-0.11232804969082963,0.8691560643892732,-0.402336216017672,0.2652763681175969,-0.478860109822001,0
-0.2209695995332226,0.8872908372667421,-0.799177507905151,1.2918472326324315,-2.1203782634468453,1
0.6141667000434252,-0.7632861041785816,1.039206366252202,-1.1881465649174296,3.30151940284164,0
0.7575077100473051,0.03793783544760203,0.9663480861670054,-0.20355412758881836,3.7697079106810474,0
-0.5305011476105275,0.6833289928110694,-0.47677896044008117,0.9486705543160934,-2.3537390746063145,1
-0.57581824064468,-0.20931381957936157,-0.3821325003281851,-0.5410318981891056,-1.9109609270695929,0
-0.275051697151644,1.0729780477660118,-0.11345895592254107,1.0917654774339447,-0.67733099390108,0
-2.301921164735585,2.3638724946193608,-1.660012734808804,2.2065270802253147,-6.004131557203813,0
-1.515191062198552,-0.7859860326349823,-0.8676982697900741,-0.7213020292830731,-4.337374491848199,0
1.3668742674445244,-1.3810446031537749,1.638984443614698,-2.5714141559155235,5.03102844042168,0
1.6449677135012837,0.30381859560487573,2.067869149782748,-0.6110223119991658,6.842260157595326,1
-0.24903603955637832,0.7215625051261435,0.007995236656009597,1.0295460081495627,-0.6461779488778338,1
0.5765569630557664,-0.230866373844769,0.345972097038457,0.28772432897975614,1.633042580109372,1
0.3112501545435361,1.4532606633210345,0.6895324920001061,0.998017311555274,1.070171505331453,1
3.0788808084552377,-1.3386057997232488,2.381633274025607,-1.4606199758088159,10.488752732012369,0
1.1195749114345768,0.6929186230316111,1.6465206875825182,0.8402782494827619,4.298549127162199,1
-0.12791759148076653,-0.6058608207588934,-0.7251790613637841,-0.2592520199295413,-1.803110861943822,0
-0.9555404406004258,1.7193779062072967,-0.8126387972030593,0.7055392703718724,-3.0748287732278046,0
-1.6064463202575725,1.9925153531681183,-2.029023299470652,1.5494952296789297,-5.511372012149264,0
0.2034636358672231,-0.7666565877833479,0.4801581274044365,-0.9329462777082853,0.6030888181433376,0
-0.7563507452843033,-0.5495571359085801,-0.7733133582482578,-0.1979870372905555,-1.689300766683595,0
-1.4222537095976742,0.8595878869798019,-2.219631688679341,2.1088031288405493,-6.194055531204181,1
-0.6465728842425267,-0.3871306497895146,-0.43622306873328726,-0.5011335131943735,-1.6337578016187413,0
-1.0815480036143952,-0.04541121793223822,-1.3705083920307506,-0.7488999489842326,-4.855655632992072,0
1.6871416350725648,0.02538842054241018,2.1277149954792494,0.22652245914305918,7.071713064586383,1
0.8816397569494505,-1.9196731561976563,0.8823026013166542,-1.2591752614273013,2.7253215268475843,0
-0.007972641316617375,-0.013837746094237255,0.18973785137740176,0.0401693143955132,1.0008473673790836,1
1.4799441388900263,-0.6897277740641741,1.0011596613824203,-1.1430520466413205,3.7367045165460135,0
0.0773683076476183,-0.493122822399772,-0.21729780806606264,-0.01412585165976249,-0.3751224018887398,0
-0.8612842013282637,1.4436320034688142,-1.090603519378806,1.7754048127180315,-3.7507698847565933,1
1.5231240772696573,-1.2565068942792563,1.9514753173909352,-1.7695473163770685,5.6938752694728585,0
0.5389100436846587,0.8132051867479773,1.3775985875874033,1.0039179955151483,3.934222149155752,1
-1.0372461543264564,-0.2789629303318085,-1.4398320301978944,0.2196698534976278,-4.167803918180657,0
-0.1903386780836082,-0.2797601684958344,0.348085394245232,0.3111848527836124,1.0151678708155503,0
-0.8756182533847574,0.7903718960517113,-1.9604569622476085,0.7571474083969834,-6.124278858676437,0
-1.3827997309643363,0.34005129456889044,-1.979894431510481,0.161011571479231,-5.501903108296943,0
0.9261775475316414,0.570612997219531,0.44678831943825403,1.1842499082601625,3.535567412852417,1
1.9094166404701305,0.9681846605328611,1.2331622957497694,0.36310440904241836,5.1046290076162615,1
-1.3985675738191412,-0.33130838318332273,-2.1903617687129313,-0.11201873772282003,-5.5310005921000895,0
0.5629692366905709,-0.6122367345077503,0.7694686927594696,-1.297250048189965,2.251810604524882,0
-0.6506425691218272,-1.085150526557798,-0.7576764179857578,-0.5524623904279967,-3.1775215584349095,0
-0.4871253837646962,-0.8254105299789551,-0.29742268496214136,-0.9544332877845358,-1.478349666774725,0
-0.5923939242388692,2.9490944253087252,-0.24715758117811265,3.58338604313246,-0.8588040648768911,1
-0.863990769679816,1.2446795807367868,-0.7311822730935493,1.4903859589145503,-3.1774389418725884,0
0.04852162794482699,-1.3510743662080213,0.37740321602001387,-1.9626844812389863,0.5274195444540246,0
-0.8309501164110378,-1.3224579567435701,-0.8657162595321725,-0.6101440907049485,-2.6810879775343057,0
0.2704568257798388,0.48186606171849145,-0.3230398683730336,1.257488694932356,-0.23886443970702254,1
-0.05023810944913695,0.5472647973779668,0.4786689809612611,0.9884080436775746,1.174292273992187,1
-0.23894804686640975,0.5488838353173644,-0.5335041132569732,0.16808990279925445,-1.306515526434393,0
-0.9075636620415979,-0.25495579355369785,-1.3753618114228108,-0.4079627707324023,-3.8722564561322317,0
-0.5767713305683327,-0.12545426000290022,-0.6657302684705318,-0.05274065130002052,-2.4127681256983333,0
0.755391225825756,0.3278795241593574,0.2989857661774995,-0.023975675506359262,1.8469238421088294,1
0.5009171876243808,0.08589300629333041,0.2922019966296646,0.9320662925249328,0.8720932718479335,1
-0.977555244798551,-2.219300372747535,-0.8055282840168179,-2.147137136884517,-2.433172623979768,0
0.09933230542922587,-0.22979963057519381,0.2735031750522894,-1.5814736541288723,0.37886744983976073,0
0.751387123371789,-0.8514064342603136,0.3024720901589742,-0.6817285278822034,2.296448609150327,1
-1.6694052811213718,0.17521141890851205,-1.9132579675957442,0.0011327204998554663,-6.447427337364978,0
0.543360192379935,2.98525900260341,1.080526694765057,2.947795724544186,3.077093183478677,1
-0.6626237589458467,0.3674816654743044,-0.41442370007887613,0.1831719825814545,-2.0702653140218725,0
0.5705986685931593,-0.3135296861723979,1.6081311882674303,0.08999352213094591,3.5641626638405848,1
-0.7632591565425169,0.9218015019772522,-0.17319506967175302,1.481645391253943,-2.363659067959932,1
-1.804882100664519,0.4826878872092127,-1.2327355663845494,0.6242144683385396,-5.700456363062107,0
-1.6275424378831627,0.4200944904518413,-2.3214767131110636,0.2504388968827618,-7.246221509654832,0
0.048084946661381994,0.606850593215671,0.43001512247809326,0.5861819908110859,1.0380972543627014,0
0.25972250172148187,2.056543564829542,0.23316910087302656,2.066343373118356,1.3611116109699077,0
-0.9043166251044086,-1.1308884353259159,-1.1798075268735333,-1.5321034552583344,-3.938968721302104,0
0.6385924587773739,0.47363207681145447,0.7226001290436381,0.7630964010970719,1.9621085641197502,1
-1.6615200622689599,-0.9263811299815384,-1.1889142949632183,-0.6963599680513053,-5.5914660763312325,0
-0.06607979864731657,0.5555126463422483,0.18433599685478919,1.325733266230585,0.5095841046906555,1
-1.2110161997624564,-0.9186865114860944,-1.6502531004334862,-0.2910116213418569,-4.425433242845985,0
-0.6518361078021592,-0.4173668136050844,-0.2806066510058491,-0.7602042724001494,-0.9058023297367928,0
0.047398671316414016,-0.2950899142379063,-0.2713950997215679,0.11505927301657604,-0.11672581839489604,1
-0.8604133652839524,0.975816719344709,-0.7520718058018093,0.5003400277974732,-2.4754920008957475,0
-0.38455554422982535,0.9184544439424138,-0.5362305779683925,1.2664204944128388,-0.8004825824268526,0
1.0062928092144405,-1.2457173764463845,0.8968596833466277,-1.5040244758264385,3.469199311223321,0
-0.5768918695231487,0.054934110999848726,-0.19377038200289398,-0.4566925006879435,-0.9298137302784253,0
0.8356921120651418,-0.7095798547491726,0.31559525215719286,-0.5695571834004705,1.7243367414860988,0
-1.129706854657618,-1.2585049106753345,-0.15710931751915158,-2.595788474752405,-2.689800602452109,0
0.5298041779152828,-0.21701705042437042,-0.3807388567319654,-1.0925048376269844,-0.3086958968407948,0
1.4415686206579004,-0.3084827884558197,1.1427347790304718,-0.3972287303429613,4.443242969780467,1
-2.4716445001272893,2.4267164863455224,-2.286538555156419,2.4679373696629434,-8.25015117425312,0
-0.7968952554704768,0.43295982536069616,-0.5047381722528219,0.24830044028160173,-1.2416763002836622,1
0.57707212718054,-1.3776175007542373,0.526834266894687,-2.1673356501130367,1.9599153083557184,0
-0.2030453860429927,-0.5647740041709423,-0.23174073754376412,-0.973719925240195,-0.1786278321391953,0
0.37114587337130883,1.0213832954293984,0.5764209160351171,1.2169879590480954,1.4920220213390394,1
-0.6039851867158206,2.088442772869925,-0.7195199254446607,2.3793336581841062,-2.5008555738456693,1
0.08658978747289992,-1.5859833122379583,0.7831804164403529,-1.5940948710359288,1.0317416954783316,0
-0.15567723539207948,-1.879924385139045,0.2639973217237216,-1.3015074946205507,-0.07668521607896195,0
1.1677820616598074,1.8709651753717822,1.6041942371626248,2.069663687101399,5.223552262496837,1
0.2544208433012131,0.38961417737090387,-0.22865751838399545,0.015886350391797754,-0.07190368161910463,1
0.3376026620752022,-0.8682927318763665,0.29790844987235077,-1.0085437585821753,1.5736902028061217,0
-0.4118769661224674,0.5346290861224353,-0.5621099404828193,-0.16680399248149202,-1.6514083559768145,1
-0.48760622407249354,-2.6357477390168778,-0.9904069119172264,-2.6898172342125863,-2.888450025762064,0
-0.4325581878196209,0.003375506597160999,-0.25247609584673747,0.5594258162078303,-0.07964104152942708,0
0.39445214237829684,0.3278211728430852,0.1256292634883886,0.6704662151985692,0.7959849561876988,1
-0.42098448082026296,0.9242701395378297,-0.09328256589514444,1.6252748024973906,-0.23654136816803129,1
0.28977485689641286,-1.0138959522925377,-0.245320924550753,-1.1653385741920343,-0.2565841670292256,0
2.0754007986454384,0.08568716140335904,2.9349211050663486,0.7587370586604879,9.337743147792638,1
0.8711247034316923,-0.9254246260595873,0.42295837413566145,-1.0220767392835723,2.6166116329947045,0
-0.32602353216784113,0.2553837556743171,-0.2163723635676231,0.9911762969592641,-0.8175340400992175,1
1.2012139221639448,-0.8953463223630241,1.5971435773579787,-0.906274696084086,3.8188665766135736,1
-0.4080753730215514,-0.4081008391602206,-0.6933955881216078,-0.05448515225808226,-1.9897780053474863,0
-2.038124535177854,-0.9958153947902291,-1.6118902134613786,-0.25825921263530127,-5.665737205809551,0
-1.008086310917404,0.651136241823657,-1.6226781098176122,0.5544224275330543,-4.493745269497465,1
-1.8707919210258557,0.8584511166566653,-1.1447330714345756,0.9676456104287524,-4.872734586793312,0
-0.35151348404130867,-0.2346205699574138,-0.3444388515584295,0.40981114264573737,-2.0772763961575818,0
0.0184183791895517,0.03823799496002834,-0.27978732479488827,-0.028263587005003456,-0.8921746161429784,1
1.6764373122752827,-1.4485914146335441,1.5268464260615655,-2.1090375558866246,5.774027636111775,1
0.32692737376416264,-0.29967664800678706,0.7313870084605223,0.7718268792856678,2.1583567159607346,1
-0.21910052880886424,-0.05020461704174478,-0.5113281747340833,-0.2850868492103132,-0.7439737526150115,0
0.8294055811834892,2.620793091029975,0.4547267364721004,2.7001711164987463,2.0811284671463874,1
-2.211135309007885,-1.1119670257741636,-2.3219036077997544,-0.5339636910486001,-7.75759813577443,0
0.23561455810856594,1.4641772387524374,-0.35286649827641814,1.1599302868868366,-0.34412403842434053,1
0.7708651938869668,0.996858773465808,1.6811371478578745,0.4929248168547429,4.025100718295421,1
-1.4785862457798415,0.2806364044901364,-1.7617835413872032,0.40750505287755295,-6.869342116991543,0
1.143754043206929,1.7586204841951334,1.559562436297131,0.8620822852389386,5.050260783469694,1
0.3384964074944141,0.3721054726068629,0.4432314493183004,0.22815243417290276,1.4811811140846278,0
-0.4152879139008013,0.3891591956679287,-0.9075549391417853,0.5116785278256317,-2.747129270184857,0
0.6327818661062848,-0.053120653017545344,0.6298045114999201,-0.18809660143012744,1.399195293901335,1
2.270692857804396,1.2235688824186275,2.66269424745977,0.45184341082575386,9.046297538830503,1
0.18186625505849516,1.0964692338108837,0.08773558751534187,1.8935582119128898,0.31531052052065045,1
0.24822058630033608,-0.6256772874962124,0.8447770592258501,-0.5739082105216248,2.340322359086277,0
-0.4593608995402441,-1.3192471945987674,0.05139679685068782,-0.6036711357178969,0.34577650959688866,0
-0.8498443694647918,-0.20298063739565708,-0.39038694213562714,-0.33299876248587945,-3.1262558786282946,0
0.8303358165442456,-0.8000385643976464,0.6005074304077471,-1.2400445552430284,2.0967181812806808,0
-0.8560838259088672,-0.0635245746153551,-1.3960050497996108,0.07106588551222484,-4.180823645118479,0
0.07156623721939247,1.2374381346841392,-0.23522756546200474,1.1295445715200294,0.3643073119784045,1
-0.4776574467651167,-0.45730165508679,-0.37953697643175643,-1.0461823840824689,-2.29376163261443,0
0.47897982574639203,-0.04282338131157488,0.7518731825125697,0.6920687480821729,3.1901466164850296,1
0.33366210528694845,0.058022734808395225,-0.7521235970932754,-0.2531123766386028,-0.9358260854729828,0
1.0375399442578994,0.8484308822052846,1.0334833434520243,-0.0717023101924994,3.575276272423969,1
-0.5100163988547471,-2.246889333984605,-0.4309717861931549,-1.582806307005939,-1.7259980522778837,0
-0.26987493529337125,-0.6067002947652964,-0.40864706345114704,-0.858849302671608,-1.4402380459323654,0
-0.9787637157823074,0.2112836922794726,-0.3331267962743679,-0.09262825402833955,-1.6103407865876198,1
-0.44429326007611136,1.2000789564268612,-0.23340322295067592,0.31738516291187424,-1.6675067130567385,0
0.37730049304485197,-0.49190244750620515,1.0323964470853004,0.37856829579229023,2.8034507245598057,0
0.7569886166453519,-1.876552706041874,0.6490083564702358,-2.5212929996467177,2.241408805055012,0
-0.9221653241776254,0.6197114459661363,-0.45342657792416297,0.6489361863189612,-2.6711678663718135,1
0.8696059201056602,-0.6353623888256293,1.68713911736942,-0.17905222755540912,5.971674702739278,1
1.355637858804951,-1.1896666590903613,2.0114845834412813,-0.9788081925888128,6.265951322466719,0
0.41343490322370086,-0.6243453897132241,-0.13263589349066568,-0.6541725457093198,0.6615133401847919,0
1.876795812558066,-0.18452535765584954,1.7499577737868754,-1.0353582867995577,6.883997656745182,1
-0.773789199103573,-0.6047446645382127,-0.9463715518284713,-1.0096070824218546,-3.764101874971576,0
-1.244654703311417,-2.205566057099069,-1.000027435773253,-2.111665888077808,-2.990890971952616,0
-1.7787202489042786,0.8970661968871322,-1.435543471397012,0.5034791618936341,-6.793645905397979,0
1.496044311489183,1.2748750412787222,1.0765979744763148,1.376554771278106,4.012879211167144,1
0.6543656563540577,0.6515219913395057,0.6882849133125266,0.9923936957470766,2.12860247456669,1
-0.05558467091045507,-1.1376856704248166,-1.0655483369885232,-0.6564342275247658,-1.9236119978574762,0
0.2799686263198203,-0.20149153394751798,1.0009411292207653,-0.8145812128538596,2.5311943309920046,0
-1.1254890472983765,-0.006521315229458062,-1.3816761676367233,1.091801712260019,-4.534993276570208,0
2.4457519796168263,0.5987943895619102,2.4736839495390748,0.9825340618389755,8.609997196189529,1
0.1292211819752275,0.6683404887180808,-0.025603675018802924,0.6674834118835489,-0.3463870888360487,1
0.10939479460489293,-0.7341737987784958,0.6824085821116004,-0.18940550724017546,0.7802931588884536,0
0.7257666238986923,0.08199555641356042,-0.6929865967999972,1.2646994424135471,0.06593255341607412,0
0.4810092317367132,0.4572804046152411,0.47270406057375874,-0.26207964591319366,2.01377502502068,1
0.22388402427913137,1.4558223221467665,0.17097464553028244,1.3431910009010897,1.4700225150577912,1
-0.7904744554453119,0.704506539824723,-1.0172926492411534,-0.4847092901119412,-3.6153055300578787,0
0.4714683571359957,0.7890566873755188,1.334581629953812,0.8853824536995312,3.722773400762079,1
1.8820244964750337,0.08382662792936095,1.4383597670471482,0.2665237488919313,5.5579029146244805,1
1.3454200461549777,1.410459145203504,1.7313181347728084,1.3908780874821243,6.076003831374825,1
1.5931866266393973,0.4097627959594974,1.771313020992439,0.08249601046034244,6.443387370283045,1
-0.5112156764311853,-0.8610879101735704,0.11954394983657268,-1.885845168267733,-0.4221309153614042,0
-0.9896048202585809,1.4033699701251907,-1.3231993626473335,1.590136811831075,-4.300571034015531,1
-0.12578692009964815,0.6979032725390276,-0.4922713696615276,1.42562051449669,-0.6927570301683968,1
0.055724912288694604,-0.4430440211284823,0.6037598660273938,-0.7385532489951983,1.6145593621161125,1
1.0941915184709485,-0.47949296739924335,1.3068521726360038,-0.2594630028876709,3.912771421935339,0
-1.6924646297148194,0.2965755451407616,-2.464933303053199,-0.48749661156926366,-8.132462887418342,0
1.5295503194606137,0.46318479526758444,1.2598978122289786,0.6917913271138414,4.66985465330798,1
-0.15800789857898942,0.19729226563120666,0.03518342834504107,0.0006011167588781396,0.5910619164957025,0
-0.42688106994742003,0.31130867344288515,-0.007998959174125464,-0.06990030185857204,-0.08307594390286177,0
-1.0121043752601677,1.6999573745763805,-1.3517197018566454,1.3197755539683151,-4.777759701438833,0
-1.6548566718657698,1.0715431522348857,-3.1119846667742403,0.8747373612183807,-9.290133049297095,0
0.8231705839619146,0.19063559126502438,1.084782176830431,0.3818522491112921,4.041662154443477,1
0.07331796718840389,0.9413105807674834,-0.536842377783584,0.28522898016972453,-1.5315257571634766,1
-1.2899608997410539,-1.0325239035275395,-2.2986302988022596,-1.231081569311466,-6.277554285395096,0
-1.295078772063616,0.39792704994680894,-2.7112417345556867,0.3771911609472351,-7.67313723487496,0
-0.3357846992901282,1.80930634973311,0.07120573080874237,1.2597867374671805,0.4472568749431337,0
1.669021525289393,-0.21804589539237385,1.7333302504918762,0.6802867054451347,5.584980389348902,1
-0.2595913513636048,-0.8476339286190848,-0.3724195417197306,-1.2743816686497556,-0.5625453453819542,0
-1.5031429531181062,-0.6520888885930607,-0.8086307716367254,-0.9868073454098059,-3.779546645920428,0
-0.24574306408594407,-1.0896330373423884,0.0729192774255922,-1.5787870122536374,-0.09667861416058832,0
-0.2727235697476702,-0.7847619081277034,0.5354264516132881,0.11447813544135532,-0.3233867420706299,0
-2.6968866429415717,-0.370508098590029,-3.3932543790250698,-0.0940554842902882,-11.933295399065356,0
-0.05429486651781221,-1.405567019178642,-0.07157017849479397,-1.873863022300463,-0.33486562689996324,0
-0.23093453020867796,0.015618333949603047,-1.0392912176826852,0.5687341133795873,-2.3015311989700815,0
0.6962063648134184,0.9022771737866472,0.5815151988856847,1.0026265209310863,1.6447410311226351,1
1.8489560949453452,-0.9077561801469204,1.7246481680620065,-0.7791294695911695,5.67838377330386,0
1.1265650295477574,1.5192839236417688,1.4398718481792927,1.3470453192655423,4.850327555593288,1
-0.2688886905548305,0.5107920885275947,-0.24610674998388135,0.13608409504910807,-0.6141192955714432,0
-1.1065259087416701,1.0305805856240573,-0.7948223396017123,1.199463635151358,-3.318304072509893,0
2.5733598032498604,-0.6578345538521371,2.9250798698193075,-0.9303781688499322,10.100300305106442,1
0.05921843401448826,0.8545252270666157,1.1366827727060593,1.762903041854168,1.7750920485737778,1
0.013929291912946203,-1.091933900395313,-0.143719035730116,-1.726579453016865,-0.44451159213429803,0
-0.024125087110003277,0.8902475008365087,-0.4946364374431928,1.6583258872639814,-0.20152170265955394,1
0.19808476076785533,0.1718393397935313,0.32112656842605974,0.11617991539463096,0.9735413429738113,0
-0.14436041192394275,0.553251219984784,-0.5455004254937145,0.702794086995337,-1.244385211579843,1
-0.5736620068802363,-1.1755946056248516,0.16731837733803168,-0.7590157223101344,0.6271170373395788,0
-0.5468589412403921,-0.8950698422766047,-0.6884679607130084,-1.2101944897788228,-2.8968954162109903,0
-0.03275327021599839,0.5972282182533848,-0.31554145415299345,1.029352410602703,-0.2819976303089293,1
-0.543424771133765,-0.9483480042242007,-0.7790826317093239,-2.302119931914789,-1.5413092802152453,0
-0.7128457826771644,0.46320629209912306,-0.3536370709413439,0.10321152548815349,-1.9389717791477072,0
0.10643022769189683,-1.3671378064602457,0.027556736076154206,-1.8291692101307784,0.6445742071175767,0
-0.2549772174208552,0.8481742126666681,-0.5758106274860464,0.22142120648078734,-2.025096829708828,0
1.5039929885826884,-1.232523314768509,2.336668947394454,-1.3400007338079847,6.5859611798792645,1
-2.650969808393012,0.5522999376795235,-3.079054728723887,0.7451749217703709,-9.942080962013474,0
1.0915068519224618,0.6256309336460011,1.1092898889389586,0.976960932895654,4.255123392316905,1
1.246085192497629,-0.6967718184295749,1.5722382683027443,-0.5763334398293711,5.574072581555055,1
-2.0733902324081495,0.5820265670847269,-2.889057787616686,0.24917983463795335,-8.103386630375848,0
-0.34268759408034877,0.26044226333355597,-0.10255734337738631,0.44495048224613953,-0.7528693571528869,1
-0.37144086599579146,-0.5388418561927383,-0.8989947037360162,-0.4766990087673129,-1.758344828879426,0
-1.4075116947178212,-1.008554684076208,-0.99612030430082,-0.5405266001082,-4.274660572402946,0
-0.7778166875908753,-1.962625691672579,-1.2591421935503635,-1.5741573402068207,-3.233963762692906,0
-1.1105758454658288,0.3496500472996937,-0.7641913295413985,0.3648882542600081,-3.0905020283554494,0
1.7522704434236227,-1.5648027713620551,2.305186976570979,-2.0134292744426836,7.461618571818355,0
0.9356783931474612,0.0953441994413082,1.3663966559638636,-0.2311308784747322,4.348064838659938,1
1.2715550949941588,-0.2634482160822491,1.39721341911321,-0.5383428959012657,3.8994069758187524,1
0.7216720640432349,0.6791427754381955,0.6060215925783852,0.5215096084800676,1.732490351791236,1
-1.129051771217229,-0.3020454994898642,-1.417261559384651,-0.16802028569498756,-4.476830055686384,0
-0.5245202662797737,-0.32944778634709126,0.2109970791287783,0.02813940871693793,-1.2084257809826882,1
0.48937456122791806,0.7318707042882954,0.13962695114409646,0.7063113577806065,1.428921295729948,1
-1.2221278088919454,0.3350580290841175,-1.7406608456769435,0.3431204230343538,-4.878735421547734,0
0.7129984301723881,0.3161559571827783,1.045682897688803,0.38780910968278054,3.324448717075083,1
-0.24032539815813486,0.46926758980852623,-0.6383937997513827,0.21131493324235623,-2.197842703118929,0
-0.37482080754959723,-1.5355721232071058,-0.8498525562826609,-1.9982682520285837,-1.5718668544554601,0
0.7109599682034917,0.756788679986982,-0.010842162881390727,-0.12093026866837298,2.063360946401635,1
0.4442633114860399,0.6124687940136023,0.20280839175578108,0.26489411497516613,1.145550164463609,0
-0.3609661658190799,-1.0166831285764972,-0.4023236777673265,-0.7801104019426037,-1.0908289150376547,0
1.159329803364248,-0.2440804736742013,1.2808756671945976,-0.5955361926939851,4.401615366833589,1
-1.0810633275998973,-0.039307287627631186,-0.6054102054501556,-0.15821080634060103,-2.5672308078007573,0
0.6159356069442637,-0.1344967844017327,0.8793845687771606,0.09871885930442575,2.622893169657519,1
0.5931012579683838,0.33385996656853467,0.49766514819179386,0.594204714779869,1.8677000634142615,1
-0.3095464393139903,1.4313667818311835,-0.40864427750385024,0.891600355748164,-0.8287494137300033,1
0.326133022242118,1.0817667276728287,0.5812117566997097,1.5802964058996494,2.8244351277108164,1
-1.2511135763853032,-1.3122191934314063,-0.6148284949210184,-0.7485441487536636,-3.8063629716208607,0
0.924027019206901,0.6220699903060487,0.9871841189485011,0.057145061696768695,3.30850252450587,1
-0.18490213644298903,1.3289333195354096,-0.4194675635481935,0.9170148847148325,-1.7065185743769116,0
-0.5227230205190395,0.38680852068920263,-1.0191560210618122,0.9823538622622985,-2.026384123614142,1
1.0490092258368893,1.090980425185967,0.3264065936307765,1.0175536645583165,1.9324580413569377,1
-0.7043436905427592,2.012270445700765,-0.37120885452099767,0.9023814719748398,-2.520533641749031,1
-1.4084612963635597,1.0237095461069814,-1.1194720345437812,0.32386879374063826,-4.0325425142086155,0
-1.5566291735239037,0.24930859564172886,-1.267947410970573,0.12462378305548824,-3.9986830248554464,0
0.6060099513456396,1.0450884740847535,0.5416802281696117,0.46356714894245254,2.3241743176380645,1
-1.280429352496283,0.14488783309689118,-0.5769619795504077,-0.0618240522213295,-2.9721690492042816,0
1.7547941819843647,0.02390304328495547,1.5127349346919559,0.04010115012674484,5.862231603748456,1
-2.081929407883722,-0.3514142357137326,-1.6042947892801194,0.37971306630363183,-5.624063358973045,0
1.6964563682900382,1.5634133588321084,1.6770849207952667,1.418186400718214,5.461754759018516,1
0.2110174672026184,-0.8184286659420014,-0.09315791513705038,-0.28215776615562194,0.07428681848667038,0
-0.09671311187039239,1.532367724678116,0.1995520417884883,2.246747805696501,0.02768934151662114,1
-0.5449190868089495,0.49986412374037126,-0.34010102746695275,1.2170189584164093,-2.081513338793185,1
0.39913611435207075,-1.3993061748019413,0.5776224939855338,-1.2569288781091572,1.5897615297907723,0
-0.03763470242484838,0.3676492929914216,0.0030045086032510007,-0.6139952809280655,0.5034175115604538,0
1.103301882016522,-2.100026507651624,1.0843553411581064,-1.8696140749496915,4.106964579537358,0
0.11422764866203965,0.6255080168310357,1.308413645097259,1.1497079607378062,3.1103240132416774,1
0.1503017614618776,0.885231482988991,0.742430084059964,0.8446979302712825,1.7835506161394037,1
-0.36361221221385587,-0.5923559556520536,-0.0021987647210998107,0.2799359793855709,-0.2881539563986891,0
-0.056945623721067457,0.12354769595558233,-0.0010460446193733264,0.5534644766893112,-0.48780569599440055,0
0.3078017688920592,1.9541574337502863,0.8113803691903938,2.2382941223266783,1.9297084487552618,1
-1.7101683926566253,-0.5057467042619367,-1.4511710044608994,0.037443651340982265,-5.371592479422399,0
-1.348185422105713,-1.0589075870566005,-1.3350830457186953,-0.8922226614261615,-4.553686295155014,0
0.743264094022715,1.4816634024625988,0.5914819313897577,0.235258152764922,2.457953931274524,1
0.17086543812794186,1.9625871905307948,0.13040676929659775,1.713017714795612,0.4479440547769193,1
-0.18398333635267913,0.0036956718478473255,-1.7691962042917069,0.6022796854717741,-4.003079113677598,1
0.01843393306539316,1.0114630354083562,0.12373435271421405,0.6076673653592082,1.854005246548667,1
0.34758170536167105,1.341475915530881,0.1033436653064912,1.2297396629124115,1.1814535251216882,1
-0.5397596803093615,-0.742484232538384,0.2565753188320805,-1.2649023894899196,-0.08991514482357008,0
-0.7783047254023127,-0.4853058353678683,-0.7686326899964355,0.4066554622330164,-2.8213267171995366,0
0.19584525509768155,1.230874513154735,-0.39863645466979936,2.0716207418637427,-0.7291144401650145,1
-0.978372777615032,1.6850142787085094,-1.0033128546790908,1.2430798311381448,-3.5395851726442076,0
0.40825275571447184,0.5628808601743548,-0.11480778681678028,0.6365298603688968,0.5291779817314888,0
-1.7025836042378404,-0.8798143535020543,-1.465879896381607,-1.2200613773840783,-6.425852971151515,0
1.0291556373256436,1.9870611116994412,1.1746293194953863,2.29453343121513,3.1082972972918963,1
0.472597482413043,-0.5309708978119645,0.9515172979671769,-0.2761293591908,2.2934896250844394,0
0.25602973431387566,-0.33513778117145177,-0.13941116153340705,0.07071500463518099,0.20879199679328364,0
0.9826909839455139,0.34233783448962146,0.9996950320595873,0.5082970583435651,3.35378996646152,1
1.6654744444625766,1.5541604207147741,0.982963546749259,3.0218635239090084,5.203199373242125,1
1.0143700650181304,0.8539759765522237,1.3651174559804877,0.34001409404685423,3.5105916159902866,0
-1.8408742313316453,0.41486550036191056,-1.5814386411115842,-0.44043617685634656,-6.2998613640223216,0
-1.2795769667357015,0.4632885301181064,-1.031674456221916,0.26674342976737564,-3.2226684920518336,0
-0.6248185776956788,0.04351466864346608,-0.6240090620172083,-0.7404794641366675,-2.1196863282403613,0
0.026091050210833786,0.5581395145185063,0.23347749560522923,-0.18809162048449002,0.9485128579272883,0
0.517659020469123,-2.529560077694303,1.319828574623421,-3.0302174047932864,4.441769151585259,0
-0.7257438131534656,-0.29660745906979835,-0.8682909416744726,-0.7577019117856121,-3.172099812030055,0
0.18676676447707832,0.241321934916781,0.2560893563321206,-0.23598711605824907,0.7426716904838427,1
-0.7553829323533225,-1.151014083619507,-1.2984460819440273,-0.8919046083968013,-3.8661800128834742,0
-0.6115178029919482,0.38632331781156,-1.0456482837911145,0.13322878726889192,-3.985869774311789,0
-1.4066610968482223,-0.20447122098612153,-1.3577544503015686,-0.2942285084223616,-4.980698947753456,0
-0.9232332461109043,1.7554756983154902,-0.3712664727599507,2.2025920855659575,-1.686851720995925,0
-1.3516846056163336,1.5730197252148568,-1.47982501774212,1.1898584628241435,-4.71688217300262,0
-0.9758732529773327,-0.46580556911816284,-1.0938315176333946,-0.598078518470524,-3.341931330038783,0
1.0536417966078395,-0.15083771156669531,0.8501991743556522,0.03204228147976246,3.093106553303314,1
-0.949398888831943,-0.0739475656083926,-1.2167772242541046,-1.0447314659185032,-4.185701399758944,0
2.632382064837391,-0.4516594761596227,2.7798677926918014,-1.6441122306349139,10.142936518589,1
0.4933179008808892,0.19502498402812674,-0.25531092170843306,0.3680836484269881,-0.01930356527436705,0
0.1848361236948739,-0.7582820688875902,0.8253059120282377,-0.5122749286041409,2.0749070289953933,0
-0.8583577801812133,-1.1306153349375263,-1.1910689292459435,-0.09850526751132094,-3.588007188424938,0
0.7003098794089911,0.6227112239002686,1.0612616221280617,0.7017586618336735,3.9038465714981694,1
-0.5756378262377739,0.6295295842218108,-1.2106371249347119,1.0393994428508582,-2.7990248103899047,0
0.12200981464536144,-0.8043157596599924,0.4564298799184705,-0.9020520814529793,0.44824517147142284,0
2.5600845382687947,0.8953554307625996,2.8960568421760433,1.0439690415551428,9.03846390836776,1
-0.09605989972464987,-0.6315777291653314,0.09604113627829838,0.20205069170943557,0.3374473320041891,1
1.1492733262856758,0.2531652380379812,0.6520590653857796,-0.8088311710248366,2.9958592965104898,0
-0.7031764251258874,0.820344012612456,-0.5784023303268488,1.0271521413982962,-2.439155190319411,0
-0.0349884904969617,-0.03361256470371303,-0.6265165828641562,1.03418080033497,-0.7977019594765196,1
1.77080063563551,0.45474091214113466,1.6444190080874173,0.5957580217458059,6.038768660672554,1
-0.6269670577877674,-0.5164296438875717,-0.1122605073101044,0.3088568377288522,-1.1387429078571378,0
1.8124485579969287,-0.19646658342809717,2.2107995215322997,-0.5110726581928183,7.530186200437518,1
0.7077519354554754,-0.20585943088034037,0.715343406725692,-0.22188317796219711,2.304760219162815,1
-0.5624667758942676,-0.7465783465402389,-1.0498700638556886,-0.7298159953459451,-2.1591807988165015,0
0.6324077390555208,-0.1767741631157821,0.9552015951426176,-1.2855697027951676,2.4649909872520124,0
0.9725544496267297,-1.5486182988637467,0.9822450684757422,-2.132707212788847,3.751786344562623,0
0.6218099622171964,-0.4911537471421047,-0.5383478368980152,-1.0395912868340977,0.5729356888596867,1
-1.5702247198904564,-0.28487549336967083,-1.1789098067321975,0.12615754564659287,-5.40180443793613,0
-0.7271371758248686,-0.2561797524953804,-0.7392535927597147,0.17989680034664712,-2.7408805371829565,0
-0.24751863555150475,-0.24149744587077906,0.35370698844003123,-0.07947922451751241,0.9072397199955843,1
-0.07443342910004629,-0.061764199860128925,-0.6220686885214486,0.350287248567724,-0.777165246827454,0
0.620672097550678,0.4794415180860639,-0.9676798090473223,0.3973668117251769,-1.0900992719627474,1
0.17770100093325383,0.8745170741325226,0.3172429301058463,1.4754829089022943,0.5337018147731437,1
-1.3353443587101013,-0.6497652268482671,-1.189562520369115,-0.6453710055322311,-3.904173667638001,0
0.3801978510059632,-1.2032008553891445,-0.46513796279726277,-1.1742688316757661,0.23179540220522166,0
0.6105857452838231,-1.042044412243103,0.12133597235051996,-1.1748407288743086,0.5762188883705773,0
0.5597904479310398,-0.48720292119492714,1.9373993197909907,-0.1449776823767132,4.112527486995351,1
1.0807807255546218,-0.3519213178165091,0.9279754184777201,-0.5625207261229657,3.589750266279173,1
0.8339221545489041,-0.7699960661974573,1.1994016427370122,-0.2817803775984232,3.9643668340118263,1
0.4591800792284367,-1.2961166642498945,0.13385016554424478,-1.8621912346078977,0.8069359073161173,0
-0.070165711458647,-0.4561208274741882,-1.1153171608852253,-1.0055789548382852,-1.9962359789672464,0
-1.660960933515991,0.18142662011397137,-1.7460900569139437,0.5251399976772235,-6.338689817520565,0
0.42961821913258585,0.5950294658355647,0.2968159389895333,0.5507573585440584,0.1807124071410775,0
0.20768768716311115,-0.5574230531083212,0.007748567828925412,-0.7843687611848853,0.11507813023621952,0
0.2715788371953735,-0.41299782214343406,0.21425841944217727,0.0320310440942958,0.8675011679339654,1
-1.2767485758203097,-0.9266983088473107,-1.1446144399974914,-1.230329015890353,-4.342271723673676,0
-1.0810565404082624,-0.03143917037477642,-1.1561150160351656,-0.13153979752496134,-4.513116474512468,0
1.0531528533329035,-0.8484286341908146,0.42114976935922166,-0.14881465915523495,1.51420433077839,0
-0.03955515385665504,0.5731278132412001,0.2035372419243144,1.3426989861465253,0.09069735087969732,1
0.6815006973726244,-1.7858664919341112,-0.2931851802885872,-0.9996673867989476,0.884708571306634,0
0.02831837613045931,-0.3596296724524622,-0.9968603525116408,-0.5006925609194178,-1.3231444211207517,0
0.029756139495743236,0.3011073391917419,0.3993463868465272,0.916458791683977,1.4371836750058966,0
0.9382838059759977,0.18383451632250436,1.191793942043676,-0.2906418975618346,3.3830588254770726,1
-0.5160447282173739,2.6930336639804966,-0.5447424107543919,2.2395822266194663,-2.440405075650027,1
0.09612077694098344,0.3498000245679074,-0.6016034754365525,-0.8254279017442732,-0.8107084779716822,0
-0.46227528870504275,-1.0040545968420098,-0.8162307590420803,-0.16762049589274486,-2.0083244453427618,0
-0.4344962274323156,-0.09546424708907304,-0.5658696012755676,-0.5274541716271122,-1.58339874109936,0
-0.30917212346863937,-1.776246333466452,-1.107119107755696,-1.839512623339982,-3.685028037833233,0
0.22213377163371276,-0.08059974929676088,-0.1473805573779037,-0.5357619202609029,-0.3950027497469716,0
-0.4787486216634771,-0.8330560570007587,-0.15258345257513717,-0.48547343283568845,-1.0381342327884793,0
1.2557561255735208,0.9153902755601617,1.9694088077181289,0.7275734452014917,6.066060901111753,1
-0.8946073022195039,-0.5495402745955349,-1.1043246785487792,-1.2019487198120096,-3.166906629125571,0
-0.18687164416135904,-0.11676591579524663,0.19137253299669016,0.10406536629778369,0.17456436089236185,0
-0.4397310582741749,-0.6355578414044034,-1.3967610935679087,-1.3524228538095175,-3.2877268712779615,0
1.4469778843537329,1.7388513518533313,1.7767035049105386,1.3201484891955857,5.766306565532229,1
0.19655477651157463,-0.3212427661179117,-0.20541943085216588,-1.374687323430952,0.22680299017227168,0
1.0318445394686349,1.8325570434792018,1.18551734782262,1.1205779873803983,4.075234330593648,1
-1.485560373036972,0.8141517621182666,-1.6094365821568266,0.9034163469785055,-5.414344893845469,0
0.26705026586925884,0.48206672733538614,0.9272572707611759,-0.5002012917160762,2.1209055407575494,0
0.889630795623437,0.3687331473175197,0.452412971453478,-0.3718397149933381,2.2799178488633522,0
0.08228398927542419,0.39379729821625153,0.3960871380563397,0.3926128401498475,1.1578959494454533,1
1.0654803750653512,-1.92767257934561,0.9257266434170844,-2.1994760273921363,3.583411543881226,0
-0.5172884501003722,-0.2788833941507565,-0.596441189105204,0.717134923828898,-1.7784018441883394,0
1.40934744018558,0.8451579711843216,1.317420493605975,1.7621062441965094,5.420223078165912,1
2.2988981236192503,-0.04889718347410554,1.8760615713721938,-0.48285841484968234,7.333052289546557,1
-0.36283856043965906,-1.405189846803575,-0.36988804339299486,-1.1266210376018342,-1.608533187682057,0
-0.4455025214007718,-0.05240445057746945,-0.47682663246168255,0.3222368278622561,-1.180103654027438,0
1.453384477117701,1.7041055162554912,1.5740046013210656,1.4053660872432896,4.644986749484224,1
1.5795721457307124,1.2468917155347194,1.6218247185771437,0.4991209472856175,5.0723009653807125,1
-0.5228600271532683,-0.062004009366031745,-0.12386275234715005,-0.06815323402006056,-0.864091913064168,0
-0.42018681709585753,0.9514492770580866,0.0415674909278268,0.8650264396510311,-0.2889469098948433,1
-0.2817846088605074,-0.36650702036805183,-0.807096269774408,-0.5843892688533614,-2.6593950645915743,0
-1.344450511034277,-1.703871586826719,-0.9100642607388916,-1.4827131527444763,-4.028213028522574,0
-0.9186519464841982,-0.9244659881295544,-1.5118201600391254,-1.2998307916323537,-4.704660155914378,0
-1.0041407667520679,1.5628887685081978,-0.7102128226832003,0.9868899947186263,-3.169974956935301,0
-0.7677975651041284,-0.2739930818293042,-0.45792817275269404,-0.2194515966543883,-1.5957538050251077,0
-0.034684887386781105,-0.24338397937501807,-0.9903433332180331,-0.050398933090580134,-1.6794612657426113,0
0.23421473253652023,-0.29983819627488056,0.28070435580122505,-0.888160668224907,0.9031697204803767,0
1.5505004928140769,1.904136589573007,1.316252436133919,2.3681818950685476,4.6852746479314895,1
-0.998354040738791,1.6259589153620633,-1.3777366697064783,0.7407183464740242,-4.927829235631213,1
0.9843223984765838,2.218780233448134,1.6597485638260865,1.9297235040903122,5.506073194758023,1
-0.21398884422550896,-0.1590452104000513,-0.5408284145442184,-0.28804947849885576,-1.106583145284241,0
-0.049463709652432936,0.29562448874709507,-0.45265217421145787,-0.02248736757886982,-1.3328344649381354,0
0.6748194921666035,-1.5166425494207911,0.7126669621691503,-1.7991727861963873,2.7973629114006515,0
-1.1227220215622986,1.4769344261182744,-0.7799271484130904,2.4124716672723316,-3.2790491394569417,1
0.3824097461840506,-1.167779551267935,0.31158545317898717,-1.5932215957873843,1.0532307732028787,0
0.16645220821305598,0.2167755637626291,0.749637481047682,1.4373864249985862,1.9665590385597493,1
0.4924512640081488,-1.097302527632844,0.7579390949901941,-0.8787391377673182,1.8838059610362485,0
0.2891686439078181,-0.5888668267386961,-0.7999370159578971,-0.5428392580827001,-1.337999325809122,0
2.4553001399108942,-0.8372624310497003,2.19056665815739,-0.5991422543558673,8.124814058280895,1
-0.637739984251316,-0.6078752606758179,-0.9186610339271654,0.6570886139501583,-3.0436576406739113,0
-0.5309969550018176,-0.5391227031489786,-0.2913164782871066,-1.0359192051147026,-1.0445857839431776,0
-0.6231405264247644,-0.5482687949250771,-1.9355490546118204,-1.1084777543932718,-3.871275647021657,0
-0.5554771191602547,0.8333339117803071,0.7190277351986066,0.4559008134943466,0.22769072535325996,0
-0.6373871273065177,-1.10486279306252,-0.3718740798594127,-1.0887912195802396,-2.532391498830624,0
1.1890165311075518,0.22054142701386686,1.2634549330663973,-0.6423441353924197,3.3095645790559916,1
1.4205042479898549,1.2179591523055584,2.011288106199428,1.2291287719648625,6.078098513636147,1
-0.5707462937494763,-0.513196364513396,0.6010807326568361,0.33357720219344,0.014459729626366491,1
-0.8323555731042287,-0.7179188907476018,-0.3969822508100271,-0.6422151954352131,-1.938567610742857,0
0.4714155563864041,-0.23052462518025083,0.9458221046222142,-0.3768673546678891,2.665066379837085,1
-0.5522230442809716,1.1797252083607102,-0.48687803204878044,0.8706449840188965,-2.6036990538260665,1
0.6329318177555111,0.1941076309533577,0.562168941072037,0.6433634832291399,1.1662936940366375,1
0.2029230208512997,-0.5312142946075984,-0.034974701151150867,-0.9441306812266221,0.3824017491476954,0
-1.515744114997232,0.48387665118803963,-1.928800110854503,1.4070746114876633,-6.063501976844876,0
1.5475052013300616,-1.1022921498364233,1.203998151480313,-0.13561227597924475,4.5163451057724435,0
1.7958776730955217,0.681359510442948,1.1205996909240301,0.8097349097738418,4.1064440989251905,1
-0.612788690484386,0.40860730770176745,-0.6507244158268977,0.4028497636634449,-1.9849362359978788,0
-0.38770155993598404,-0.307808471138884,-1.2300353485491775,0.20752143298189574,-2.405673264290359,0
0.28586539072490513,-0.8385857984472311,0.3813236527967605,-0.29118654733356863,1.33043661179034,0
0.33445678998702516,-0.8866809222834574,0.31629148596585427,-1.289676787813165,0.710531211629714,0
0.6585442726728304,0.5348173363459102,0.7320119218661744,0.2715397697775592,2.47411633552717,1
2.0102045387663496,1.2289805024890619,1.7491387537563534,0.5678067851474141,5.830527275195389,1
-0.1769472274940494,-0.637307747028795,1.3614829575962024,-0.43277527786176645,2.986525430870727,0
-0.7982972445384537,0.4583867035514844,-0.11823929444829728,0.7917006452799298,-1.3930022884395057,0
-1.3793192280145272,-2.0870270186020687,-2.0015904780568885,-2.761989837532705,-6.956238254012184,0
-0.7309300399419191,-0.5846177306571996,-0.61449599622847,-0.8122171830652791,-2.47572423259166,0
-0.033126972873797095,-0.031058932870901952,-0.33713004434245886,-0.7046858916615768,-0.4922997928784979,0
1.7945578635177877,-0.9096834169818336,1.2873180001640807,-1.3590833221037526,5.099948985117082,1
-0.5176112990361714,-0.9365063747895958,-1.1876473345981389,-0.660997844676446,-3.2896594784706217,0
0.2237879516388985,-0.667779556468886,0.4398962970185255,-1.0345205898080256,0.6032734179717629,0
-0.016422896072752075,0.29219272832637316,-0.357113013607539,0.14177975031022383,-0.45558987778337806,0
1.188393273448084,-0.1873290184063747,1.672306285460686,-1.0009848823800325,4.802967881083929,0
2.5269324258736217,-2.238231233324972,3.0238235331388412,-2.14473612846264,8.7598230165856,1
-0.5308687729203206,-2.120700152635066,0.1560884196854041,-2.1428368125573907,-0.6697550053448698,0
-0.48943944251822213,-0.6068651778571752,-0.9156328255552739,-0.9713448028737564,-2.074849957102704,0
1.044160877069072,0.4576865860535519,1.2818436824150772,0.3631794372123148,3.9364639571337885,1
0.6818914896263114,-2.7475048427252347,0.9981185979474618,-2.6573574024735125,3.8880669228961513,0
1.8467073257360336,-0.4997301761516306,1.6096182381840511,-0.9071642506063027,6.20378143924641,1
0.5839281853259639,-0.5262478565174211,0.19804220662952637,-1.2643791285183108,1.4413557723881816,0
-0.35929209078705954,1.3883377782084478,0.4454682421009269,2.2911249945518555,0.2877992150624601,1
0.5906548306923093,-0.38502181171286365,0.7044027685583362,-0.701658164068,2.260644679272991,0
1.1087035805829077,0.38298898474092846,1.4266874559387768,0.3346089331474838,4.384718465192163,1
0.8204821811973643,0.14125714008746323,0.40944417528340055,0.64667700759762,1.8984769263215844,1
0.5072740311072979,-2.1305664798072006,-0.10236820215379905,-0.36603888602195855,0.8216082233869231,0
1.066674689589154,0.7682072166317373,0.7819498023430986,0.14596399168730445,2.6959960241746455,1
1.1692955904456728,0.21539650545628794,1.1072848967506743,0.44031011231954287,3.430566264807728,1
1.3821589910375272,0.5082686396745896,0.8500489876288527,0.15449249702753642,3.2117389363763076,1
0.6487098875896427,3.9262377064363267,0.6437874832644511,3.656842554147971,3.2834670717519434,1
-0.16711808031685435,-2.0841129394985884,-1.0113706743511044,-2.4442189500019835,-2.0082470183422,0
0.14671368643332283,1.7246966497611085,-0.4133100248016133,1.161869165860816,-0.45430341911316985,1
1.2065089665083568,-0.28744751940035557,1.5419645906467943,-0.3080932002926863,4.364935295909408,1
-0.8169356709872361,0.2873289044030093,-0.515040410848289,-0.4499224391211085,-1.9438131778400176,0
0.3686733088729012,-0.04551224530124217,0.17273492617946798,0.4278915379546931,0.8401941424416232,0
-0.3933388123273607,-0.4242363333980435,-0.9022209668658372,-0.3967348653813562,-2.28736568165684,0
0.028744822934817487,-0.5698329282387585,-0.48495695282818796,-0.3586154417880385,-1.4151068291859277,0
1.2784518626072987,0.329508735573009,1.0918177396366417,0.09641442959989743,4.1814477018930205,1
0.19109906801990334,-1.5171736966716791,0.513358313842549,-1.7007756637775533,1.1014484606117114,0
0.04643654815614881,0.7505791675217656,0.5105593938283111,0.8943611201054296,0.7079680313757515,1
-1.3598561409799192,-0.41619440488525394,-1.6081220087209038,-0.9982197210881667,-4.888975061008062,0
0.7462535660272207,-1.1300693390403578,0.16950735303482878,-1.3090645562470258,0.6895411508454873,0
0.6454841811410754,-0.4500128579958137,0.7794060000742421,-0.8798196149350408,2.8094264040171724,0
2.16325472330546,1.2571492168625729,1.7514872379925355,0.8118648115670657,7.090099627719759,1
-0.30777823495300055,-0.5353350870162233,-0.5669045543836018,-1.590254207329044,-2.0352982989723247,0
0.21915032766393877,0.3584536182096204,0.8817883728824576,1.0281169129496202,1.68213800669459,1
0.24938368371075526,-0.7309562757154733,0.6629413979936393,-1.0742256522923577,1.5884454809202104,0
1.5774532797634744,0.7579218499236196,1.6564404358892002,1.3396098775053946,5.820078896654722,1
-0.0952955323869521,0.6855077387902041,-0.7312550329433135,1.2199038994873503,-1.681880860374168,1
0.27902152577033923,1.8486088332964115,0.3847198095056687,1.2056089800381646,1.404753137762786,1
0.6078965097165392,-0.1755639454992155,1.1392251551103025,-0.7197695633356384,4.071784901064113,0
0.1866091231563581,0.6686548047579066,-0.0012077097264096837,1.9489062844357485,0.02363988070686085,1
-0.44643361455052827,0.09806753953894455,0.2291234304428293,0.9735305105025163,-1.068993546291844,0
0.19408999289830758,1.2958717818630143,0.8404626376574111,1.2801125251989622,2.3850220561776103,1
1.073631749859772,-0.7188323876087304,1.9054981659315087,-0.5901458344000556,6.26310124461644,0
-1.0265152994110602,0.7450053128772811,-0.8738937361453838,0.42958211140368674,-3.0911762398817957,0
0.132969674146876,-0.19469729611668168,0.4266655240498821,0.021479060983488285,0.5089112216432443,0
-0.7001208149391732,-0.06418817710849775,0.006972829226371768,-0.42277912746973345,-1.098181745573617,0
1.1950466289248425,0.09175248444837286,1.4187435974593303,-0.9244243977008195,4.070795396200108,1
-1.5231869047837747,0.2522403964266774,-1.7738039586788812,-0.4085374968288481,-5.51096052755195,0
-0.5589218472715883,-0.11622904312195795,-0.7831932655355189,-0.10568266919666433,-3.0804145033276376,0
0.37721187506452086,0.21471318317052593,0.4964893519513904,-0.35082043458076795,1.4087321230854621,0
1.5655240292343404,1.5781180575621845,0.9202433182612311,1.5444793251054172,3.686603767227019,1
-0.0657502610729878,0.9854496856152184,-0.13737971875508412,0.4481191658987871,-0.309972486552169,0
-0.5551995266931983,0.8691545924968965,-0.006925967578071401,0.47797763124589976,-1.029822063764819,0
1.88115706944059,-0.4555395260238707,0.7855301438579494,-0.028956872817274826,4.481176943501915,0
-1.448013900416244,-0.8892408282283245,-0.6807728495189865,-0.7655005544082721,-3.5223912721791564,0
-2.198805956620082,0.9553005582377531,-1.6376188472685023,0.9504683475810795,-7.066776143329183,0
0.4400144500533324,0.8760467925297942,0.21013214213809425,1.3155287790651198,1.393724491120698,1
-0.5020542243526112,1.472670675750982,-0.23035881041670636,1.7129749724246557,-1.2381817832838873,1
-1.0212328171307132,-0.6039806259692295,-1.01965895367755,0.11930101965645423,-4.06543163698412,0
0.7083564472993533,-0.22954865536034708,1.3233516315186948,-0.45947828651791717,4.829701212089316,0
0.24380071377119883,-1.6394841625254342,0.7351422851561694,-1.8543016517891886,2.0742007243276994,0
-0.5640786307367284,-0.39247110606087293,-1.264113992328233,-1.0430257392565456,-3.450976207461211,0
-1.2803043986708944,0.9965705105794472,-0.9866731919388061,0.7820801518932374,-3.186200718533042,0
0.8724573282801447,-0.46649537922819795,0.7696434014585208,0.015889567923024872,3.7688806000305624,1
0.650201177958661,0.6404797952008238,0.6916174632177109,1.2904734813318908,2.285861982216471,1
-0.09917586377938291,-0.19050310599781134,-0.4632618142642907,0.28964947804552266,-0.9015886809802749,1
1.8466369960476658,0.32405702822156063,2.7207055306080834,-0.5730389050531575,7.717365146286194,1
-1.0700847663261526,-1.1476913898156673,-0.5500538563748646,-0.6061187834853001,-2.7788312376229642,0
-1.5255251709247388,0.08520944963390106,-1.8954107529112225,-0.8340498620021343,-6.178640539089487,0
-0.6919080698812444,-2.9911359709007233,-1.3592133733363607,-2.5420773088395494,-3.663875334683761,0
-0.045586016355497805,-0.18689615816198485,-0.2384223318444219,-0.37078842144751245,-0.37884344890358534,0
0.24333944932269183,-1.6304732437151401,0.46059077236834467,-1.2792065867482123,1.5661049431347571,0
-0.24123605785632987,1.205994516546816,-0.12113313588321838,0.539770342599533,-0.485299030400952,0
0.3520553965142968,0.7774073527645112,0.9786218088984184,1.3629911691175844,1.8799553992537001,1
-1.2515394241904443,0.466670981966081,-0.8565795631000181,-0.2658163910863635,-4.059701815356245,0
1.4437646040732597,1.5210062271593798,1.928549116949713,1.186778771732791,5.749541330277479,1
-0.08215117839256883,-0.9489165208248372,0.08127652191264986,-1.4479638347093549,-0.10179401972516798,0
1.1172958315881278,1.7473631979155582,0.4226464664826326,0.8702207715043087,3.046623825583514,1
0.34272534637770413,0.9321915642603847,0.2448760808042534,0.9794553480546189,0.42237068774860653,1
0.4567532191537839,-0.23655528721894603,0.9867980891081167,0.6664892716995346,2.4800184828615595,1
0.5697672802322037,1.1356201471829441,0.5440058159698806,2.4690727583429486,2.419167301395092,1
0.4477085600173148,-1.1062935124116342,0.6992537443291882,-1.0577156188685104,1.9201315914360424,0
0.6427227598675439,-0.8245141615276735,0.48334860224447734,-0.26617352399391236,2.1609891692116827,1
1.3291525301324314,-0.6085897232397004,0.8142466058615089,-0.4925424042754318,3.552450985457713,0
0.19652116970147013,-0.5289777080640152,0.1348491376784149,-0.27953611067990886,0.6928716585713963,0
0.7090037575885123,-1.0565576427602528,0.8635274791048393,-1.2276319683238721,2.6763243226876767,0
-0.08973569428722672,1.223083067095325,-0.41757955401794855,1.3206215298066262,-0.6362299131025602,1
1.4401172154494728,-0.25885440036983165,1.3222615930211385,0.009884951933382624,4.032170805513269,1
-0.6763923020592697,0.35250496835687956,-1.146123923052261,0.06327510391871388,-3.488492303387699,0
1.8009404329108156,-0.5703513664136806,2.3605628916928634,-0.6090985163601745,7.570822771099105,0
-0.04015795064434341,-1.8206033005485172,-0.1873858294383604,-1.8498183600472613,-0.16816096084013943,0
-1.4307751021180481,0.2700573583914221,-0.7043973295549566,0.6832590170566843,-2.8084810009100716,0
0.12810441491078928,-1.9122549754197768,0.8924783401812435,-2.4452710612336173,1.7816009692958827,0
-0.6810516574748808,-0.06863404608546861,-0.7215746398357528,-0.09440515038929438,-1.7249858849533903,0
0.8406435489887243,-1.3683150388328105,0.33641918271504945,-0.4123123043064617,1.60429177558335,0
-0.6526239793023911,1.987275999230808,-1.6955729181690598,2.5693060755237767,-3.7057585995193842,1
-0.4461834332147797,0.9113627221747217,-1.1822019697281756,1.5859522466190743,-2.6249455259293346,1
-1.889540730945531,0.10575379127148042,-2.576458143394861,0.1179697113604975,-8.44395667302413,0
-0.4523063192490767,1.2637066776546686,0.23692849448167563,1.42420545949768,-0.05108287128435293,1
-2.4238793266289567,-0.8463159774657358,-2.3659670330154836,-0.34519789411427315,-8.393370973740499,0
-1.5839028234857233,0.543479378670093,-1.3891005614397294,1.3236071434355585,-4.841263061270544,0
0.7604146561442974,0.1998104337187135,-0.3497958483232656,-0.7759910227227298,0.3293944933532601,0
0.7858001586508322,0.26402008133367,0.1868169440422014,-0.3937005721912528,1.3987110132297853,0
0.42545756178496474,1.2723535001067678,0.8689974500081082,1.927075550808092,3.060728534075089,1
-0.966976143129213,0.7324921027798023,-0.8235890869379199,0.5940474248954004,-3.1470028357974957,0
-0.047711356141979855,0.28872366282502326,-0.12131399548477849,-0.0471367318040154,0.09901613691335642,0
-0.003602539090568403,-1.6548874362282961,0.2788186402094929,-2.281967929726098,0.4395577292610332,0
-1.1583646891925423,-0.9600462952794637,-0.34046578612463474,-1.2375546460515183,-1.5851469764243213,0
1.5033983017671506,-0.12270893359572414,1.3928770699986253,-0.8238935753076365,4.70168427798023,0
0.8773622905756714,0.09337237427665124,0.9120471919047061,1.1389195106428898,2.833066054049327,0
-0.22096417382966393,-1.1302037246739238,-0.12466571446401137,-1.1414217506642106,0.1814809008854329,0
0.02688583899453078,2.411676675578421,1.222940656631527,2.3827014046970625,2.263736876307224,1
0.20838280794755248,1.516394055253573,-0.8412953242619603,1.8104323928374888,-0.5694792835203957,1
-2.0417348684242906,0.6021183203924836,-1.7001233610298867,1.0832909050257682,-6.016928734898803,0
-0.24717738252059693,0.07203686128374492,-0.3045785069001288,0.5449809395610645,-1.0572479408615696,1
-0.6819842479977986,-0.21220896990115218,-0.39859838490570876,0.3246020020526336,-2.7268198778166948,0
-1.0016200098949155,-0.9519184600222356,-1.3303062868922777,-1.2673412354176636,-4.172701740762847,0
-0.2811002928859549,0.07748051851886253,-0.30558280831518003,-0.07145288395956809,-0.9820010291925799,0
1.7976865268495226,0.2577525401427507,2.1533918165822703,0.6422683678638884,7.58692229009101,1
0.6408428612670098,-1.2417605754816243,2.1972979617889306,-1.5054551063014343,6.150083803598433,0
-0.5711789897827968,0.33417641724489744,-0.16716089508176107,0.3316231012312849,-1.5335838644095912,0
0.5725827813561586,-0.15525904882474875,0.14854998234090427,0.04412283338765824,1.5565650187101379,1
1.3993554365860021,-1.907807557877391,1.1874755955746505,-1.515215016722203,4.856685424034979,1
0.9246336829127688,-0.8603850107795019,0.6979266287208419,-1.7492254919646024,3.3195101330160597,0
0.05963036992017413,-0.4136055334216442,-0.8381912163948334,-0.056232708477171656,-1.3375919218416332,0
-0.6469367777055739,1.88768765734019,-0.8119818735562925,1.7708256284143271,-3.5656177591518308,1
0.69822331361359,0.556553124533758,1.0646378545244626,0.9102819799659485,3.0988994632054303,1
0.3934853854217497,-1.335481569099891,-0.24363067411664785,-0.9470157229224765,-0.47488705755912874,0
0.8951932200277323,0.486036289417637,1.4194345455530284,1.2899938199772158,4.080356034688617,0
0.6351718016819695,-1.5473039889383655,0.8790592122241386,-0.870577165127764,3.2008782450381785,0
1.0495527153193351,1.0826910538870733,0.6824360543338162,1.7559768851922213,3.0917765995841218,1
-0.535235211560568,-0.4711246518178786,-0.6060000302294917,0.25071050776524056,-1.440807444601119,1
1.3173940656343257,-0.09363618873917087,2.1165549694548424,0.05205330366880209,6.380077997717944,1
0.19759960469239965,1.3257966475421905,0.5643735114453325,1.3418891910606103,0.7759834600948131,1
2.0752608726252655,-1.28716356858425,2.0796527000743392,-0.8507550269950828,6.01177320580021,0
-0.6891878180895679,-1.3971181851129912,-0.80802947657006,-1.03107770939648,-2.5754362994346764,0
1.7359638031652493,-0.5835993263460049,1.7742683383910791,-0.738132444715135,6.045519148354449,0
0.1979107834626478,1.0383788510193166,-0.05797099550850393,1.2407905554234506,-0.30754868551397724,1
-0.6514180036144483,-1.5193460754768426,-1.7037927564739557,-1.5368943088691398,-5.235026143195273,0
-0.48388583405432156,-2.8321555981105697,0.5372031212130439,-3.2591220523405977,-0.018794115391749133,0
-0.32034730819432017,-0.4511588584089988,-0.24268480859461944,0.19407151227917613,-1.0631363219131071,0
0.4241659464019164,0.5517407999109204,0.6232395789631849,0.579340421175965,2.2156669893824397,0
0.5228354880354996,1.2002617497388293,0.49388161309704526,2.2246158785882546,1.8663319990313298,1
-0.573700003938579,-0.463161362085399,-0.9412584043008732,-1.2759074971853153,-1.9390331909232505,0
-0.02435459226098284,-0.4114266071160025,-0.1173168327353682,-0.6898159935376856,-0.7889675818849078,0
2.1422703586118637,1.1539007342557475,1.342572977514708,1.1702201526011833,6.339080938975928,1
1.7275431701007113,-1.8697416996954206,2.8660864191273636,-1.3010511508809635,8.347136964970158,1
0.4363236696740321,-0.38852077518300926,-0.18093232953716593,-0.18878608888191672,0.6399554074960085,0
0.03800347816820029,0.19042388992505774,-0.4779796637553895,0.34566026701543345,-1.1172115418912503,1
0.1200313267182613,0.44921872128503426,-0.10009827547493891,-0.11441317499203929,0.515690626072809,0
0.6135179727304166,-0.5098066931908826,1.2575558351566054,-1.0882773918056183,3.583001008581457,1
-1.0227925651984056,0.03444101170584135,-1.0155380655670785,0.1956933418507937,-3.90498747139064,0
-0.25737653742334515,-2.4883273534129895,-0.8754444354385764,-3.170380350322169,-2.1429656914687647,0
-1.66858407387759,-0.6582484123338483,-1.0414148934989202,-0.9241872874785126,-4.705483827282775,0
0.39922312260527926,0.4535087125544674,0.76472343599802,0.7039673770973962,2.3728707312228554,0
0.647195939702741,-0.9822940342546795,0.9164134183109672,-1.4734561703930675,2.2137323714887915,0
-0.4831864622993739,0.05898422158959733,-0.1253193417139537,0.8616622027705007,-0.9900942279348156,1
1.5739867632900326,0.4468725008026977,2.7711677135812582,1.0588406729216429,8.10096919842223,1
-1.225765663002341,-0.34254920085776497,-0.13321821548428492,-1.1282592000269152,-2.088573271875565,0
-1.46437488020982,0.1704637709965709,-1.8077325517114677,-0.2957218505944227,-5.138556801543168,0
0.22445181855997198,-0.9627325652846123,1.0363943149655481,-2.1056211875320874,2.7964777448065803,0
1.0470983026121545,-0.20661127969604665,1.2386823974916048,-0.5979069609701133,4.044271850531068,0
1.6839276914578687,0.6102161695892225,1.9334755995267434,0.9934104078754222,6.501187284989126,1
-0.45888426286894,0.15697296096843422,-1.3050196786906043,-0.049974510168994235,-3.150532975943619,0
1.0786808334312956,-0.5865312695639355,0.9934879507371976,-0.35613264775595177,3.8066469537047505,1
-0.03850846950070721,0.224216404290793,-0.44492026466898965,-0.536950754850079,-1.8604322314213442,0
-0.17262729994081963,0.714609790636618,0.241402107505835,1.1135974179275707,0.07310011721576701,0
0.8836599374866724,-2.049941278577478,1.4192001876880749,-2.327495892541653,3.421670747509445,0
0.6523228784134196,1.1590740649558977,-0.3849202970947361,1.1651589060973504,0.8477841971604005,1
-1.5763921569842494,-0.336254738681072,-1.5874095889863846,-0.38269198937759835,-5.569832173450607,0
1.4765403497258958,0.42548993324023027,2.037471102123022,-0.21028432720591167,6.193082253995076,1
1.3800913541474515,1.197246923645228,1.286751872990729,0.6207047577753367,5.092039443219254,1
-0.6255627015095294,-1.371673697230466,-0.2610308790083472,-0.887776462728753,-1.2492434115560511,0
0.39580353343740904,-0.7094410024275466,0.5713862672509511,-0.5099449236766989,1.1721605774684123,0
0.4940301862827388,-0.2885486958757048,0.664860302259052,0.23647582490100855,2.035313202678528,1
0.2606737658239071,-0.7837535211244283,0.12501627678975838,-0.6214244033731692,0.4734597157021849,0
-0.5503051538454201,1.7349365758368085,-1.158595555913275,1.8064318932414167,-4.014915286897708,1
-0.6716233679380516,-0.8567720938267928,-1.2323884416505653,-1.719777403160176,-3.81735005182681,0
-0.025554070991445278,-0.5555467794868666,0.3291221862362133,-0.6907301278674515,0.5281431049770259,1
1.1727290192593647,0.20438903160297678,1.1824581470188062,0.19069687140110478,4.066534357180738,0
0.5436001545944323,-1.2021495260760888,0.47434403229081995,-0.2255959269398018,1.0229725846346338,1
-0.37061433208610595,-0.39568071175626385,-0.5825593532472823,-0.0522023957069252,-1.1452074130999856,0
0.7716987106483447,0.31745326125017487,0.6191042879079689,1.085483852104939,2.3447051123427354,1
-2.8485426206300755,-0.33286040438251097,-2.325086723386006,-0.03409155143514686,-8.904210839386844,0
1.1487657003721035,-0.09338685889994834,0.9811436594380901,-0.449038472374688,3.8857566886042534,1
-1.7397137787780996,-0.5293321124483711,-2.410246135428884,-0.4707700043734454,-7.824101065976754,0
-0.36244094140313216,-1.514470309180767,0.009384946366954472,-1.3963584860486504,-0.2967135328044411,0
-1.1196698946261439,0.32159321133923857,-1.2221082265585024,-0.14798457354610228,-4.307258618065313,0
-1.2946814757209055,1.7549330716472415,-1.2789835429545173,1.562739383350781,-4.948282069813988,1
1.1608267873785192,0.01840163078343813,1.9646159405782746,-0.08448186605514788,5.957195808902028,1
-0.46770120131189136,0.22526411724754958,-0.47798147998714496,1.0280740335301086,-0.9116778325412233,0
0.3465038817307158,0.6927227551168597,0.4910957182900785,-0.3476475075786295,1.8643619459191465,1
-0.04692057887918407,-1.2693304965466992,-0.6363823245283468,-0.6664212861886776,-0.8816567348052543,0
0.47704082722312147,1.7025146581296056,0.3672061010476414,1.2341170406499142,1.1896581396488157,1
0.07682189106025536,0.20232879642280202,0.38158491366455594,-0.48371079721200505,0.07959279933526675,0
-1.2829922241885696,1.631856899089109,-2.060679091109191,2.221827964108341,-5.300777757451315,1
0.99626681944714,-0.7330329955239894,1.0966893660049948,-0.36708396090679885,4.71503640588308,0
-0.4937565831613125,1.8180619225578247,-0.4433610468389093,2.44532127374842,-0.8559535815349463,1
-1.556581898659751,0.7751554940347829,-1.5359381708660313,1.1755064678075713,-5.574642159211565,0
-0.4281151609659125,0.5530400858523584,0.09046428836320908,1.5829625867210595,-1.0385613340868727,1
1.5007597906343109,0.23402445435314795,1.6679790480585717,0.5133863728253907,5.054256433158827,0
0.8502217421134929,-0.24852861807444937,1.589257691291715,-0.3267673061360286,3.611981711946645,0
-0.3486521344078592,1.2005316584738726,-0.8454468922048772,1.3719948471345438,-2.267561295226566,1
-0.3492577043184288,0.14035986984804696,-0.2812954207092548,0.7620944340210287,-0.2836384188549256,0
-0.3216350512173826,-1.9670697035871527,-0.2794016580224089,-2.356757366217211,-1.1120872088070133,0
2.076747983560841,-1.1171864617070026,1.5421207366833012,-1.443130752972693,6.350524898882001,1
0.38193545223155334,-0.1858457521927471,0.8600829532772264,-0.3403257594917008,2.980867567053887,0
0.43004164719106963,0.3099989831655548,1.5923783001174785,-0.7422924162171114,3.6277714151053617,0
1.0302834540318422,-0.05658848889989584,1.0217804167899267,0.01245071530887757,4.606751742987414,1
0.23878915902651351,1.2189707897936632,0.4912997031633969,0.2759064378181504,2.336830348615291,0
-0.2590421458207031,-1.9511018640386248,-0.2167829079130395,-1.9245722075723153,-0.8876847038973751,0
-0.19634984908497827,0.1435879365051602,-0.5531421840385661,0.5762328145727851,-1.689576273714206,1
-0.07160125941406395,-1.8179792253871547,-0.981981398315072,-2.0564174557090724,-1.7227456625560833,0
-0.03722223650984159,0.7597122954841684,-0.39010897805752415,1.598270230577604,-1.0098137821392397,1
0.7276295436369798,-0.09445871444200275,0.0316503531611142,-0.8247091641512466,0.5764674132440301,0
0.05194588580729943,0.41960997202411815,0.9039969248368583,1.0152403128400345,2.526532005146156,1
0.7326400772155792,-0.8638829605897661,0.6750852302539596,-0.5263144323863058,3.057354269969828,0
-0.08071658010858232,1.279464931657751,-0.25367624463216765,0.4214483075024068,-0.5506715575454283,1
0.07863519031609059,1.0417246640588513,0.5232121027099935,2.3971218135791177,0.5329446140300339,1
-1.9982006845321076,0.5835443030118876,-2.5590762359600516,0.5516716602599046,-8.730216624326957,0
0.9163276747024814,-0.12951724686344077,0.5328956557002053,-0.5682592579412566,2.493897467663709,0
0.3464884758979927,0.5798572852951321,0.38052461052230324,-0.1236863120968763,1.0308464176390792,0
0.9980101098596522,-0.7068925679873489,1.5123946055713924,-0.8169015818171859,4.3512579098614586,1
-2.8962553781936893,0.8555556590207121,-2.6454128556092953,0.7918522228257322,-9.124227200979123,0
2.0883747047807275,1.649480894323921,2.2125372760386686,1.7008036585937532,7.924226267959707,1
-0.13958962815517376,1.0706105599791862,-0.10053076053716559,0.9217124818672062,0.27862537694171463,0
1.1081828167375165,-0.7296024698074095,1.308300744500904,-0.41298981474986274,3.7835641024194544,0
-1.0399059271255309,0.3614173172731029,-0.9390794745609036,0.1676024009414797,-3.6096136241534595,0
0.6127739050625697,-1.2931415437586478,0.0977877676741018,-2.2606236023788835,1.4942272406721147,0
-1.0534155631736561,0.5723903111756757,-1.0303759523570806,0.49770956335085514,-3.4168360789681995,1
-0.6237689606958051,0.45060341286253885,-1.1606132901546813,-0.7331354138241002,-2.4906898300592593,0
1.9140313538667861,-1.869816339532164,1.954572625317198,-1.6929310240864694,6.99046063438661,0
-0.19068240076334658,-1.1617838439123638,-0.4310063715074673,-1.6514339590536815,-0.2239817921071784,0
0.21743287317972287,-0.28313889674376713,1.4871236845711535,-0.2014587192858669,3.5704055797734617,0
0.8700677306887539,-0.30085974714082625,0.850120538812898,0.35617774362147586,3.5364263974532566,0
0.4956818879726045,-1.2094769354188053,-0.2064378951581899,-1.6838512830528054,0.16888956825029833,0
0.15041890514357628,0.388978729352184,0.083328799805114,0.919606858608243,0.399429563267587,1
0.3649610024662251,0.25147360894051224,0.6246403752851691,0.03477882559743564,2.2521944561894136,0
2.403415585238275,-0.1942691319785193,3.240097558314537,0.6823282690542734,10.891807579783013,1
-0.05761879703358539,-0.7557915001583629,-0.35234499700294464,-0.9383678067574697,-0.42649971490089084,0
0.2010990467149675,1.0487071264165635,-0.5901149402968525,0.6284606336632178,-0.9201671964885635,0
1.050654396007612,1.6554071130882952,1.4590729017231026,1.9990263382859395,5.182794912221794,1
1.1055259329579838,-0.4835614838465371,0.41522658000815826,-0.701456348658355,1.3927527313133514,1
1.1870303055603801,-0.6121669171548207,0.9689525848066376,-1.032891674219325,3.0073333772004083,1
0.6387302220291846,0.49120766541199645,0.5099199792736876,0.2522877400601009,2.3187524034253464,1
-1.1430049127304835,-0.35802937974698634,-1.1778216393805376,-0.380332645838487,-4.0630964697302385,0
1.633431532301096,-0.13939720066323416,1.9780137608382637,0.5316928649591929,6.708931645690254,1
-1.146345393018688,0.7396531517246714,-1.4881625341618818,-0.22739072100511715,-4.6636393966358245,0
0.30263546523903323,-1.9093560875072928,0.16577083915565288,-1.8978157580320825,1.0709677234717918,0
-0.7542758500193579,1.3183023248526693,-0.7614110264940522,1.6307541221796908,-3.0614372385137365,0
-0.06413834659299263,0.07268052432934134,0.010660632166401396,0.1694048118252394,0.21035678748315922,1
0.32876241030348075,-0.4114931445621802,0.3776759976574421,0.24343944015458685,1.7457028748738974,0
0.32135721545027307,-0.08923415422144892,0.5393601030615629,-0.12640681910071094,2.171031331264152,1
0.42192075423528475,-0.03757064497948127,0.8438405090561534,-0.1298463660724536,3.3273392967895834,1
1.613711269058647,-1.7312013034449254,1.8100283268841308,-1.4350365299382537,6.162672779107425,1
0.45353430151397983,1.494938227453236,0.6803270632685889,1.5445951349289107,2.1779111222317367,1
-0.24415663529064877,0.041325632270618466,-1.0352682186638875,-0.15387873686961703,-3.198357622350672,1
0.9640871682883576,0.4430021304473752,0.9892010178711979,0.7010741502405651,3.1588270876057196,1
1.1894704889246406,0.9515497705740432,1.4292242629254448,0.6252856239657207,4.546113222234545,1
-1.2276078151369925,-1.0211624575603007,-0.8631372178517673,-1.326751033569964,-3.0425263822708457,0
0.597400069849858,0.47347189903522846,0.25122468273296095,0.20947488815242166,1.0930489081958945,1
0.7011727423108983,-0.26764109089879357,0.3716531048665758,0.4088934891844101,2.1932353330739156,1
-0.297563503359992,0.8467707752164937,-0.5846138410017911,-0.763737402776363,-1.6163837955252605,0
1.3757068133116197,-2.1272274203514954,1.6439137632572913,-1.9294280029700241,5.262803688924631,0
-0.15005558703252717,-0.099094300241269,0.3668849404295771,-0.08195839314115788,0.6331334848769916,0
0.12557645347154262,-0.6028206557839616,-0.07815360017425818,-1.4432558854030217,-0.16352070626762358,0
-0.1730718242838696,0.4322629506341556,0.2809093325296549,0.5871263402021567,0.08769230458717259,0
0.015579047581467534,0.47004418736820225,0.07731895216376464,0.7079201832839682,-0.6743864771953266,1
-1.0962750868952018,-0.7076258948220262,-1.15841797547642,-0.4128062791433262,-4.085225684959587,0
-1.4400508825942944,-0.7121738641760437,-1.5457429975032788,-2.038087895698518,-5.491546391972363,0
1.5945050632249722,-0.11066536855732945,1.9678107455260507,0.5725293373698898,6.06938859121502,1
-0.8469613483183278,-0.8966422273152082,-0.6841724399247928,-1.2655105796576285,-2.4303503710320573,0
-0.9913923494563072,0.8419836954521269,0.1465203643675116,1.1852675688287149,-0.8647318190541826,1
-2.153390113603715,-0.36920720044744615,-2.579502435102377,0.0013296898936968615,-8.272992788289164,0
-0.6389617476895023,-2.9069882193216414,-0.37991089667451444,-3.345336762131288,-1.2205568196585452,0
-1.3230897934074985,-0.3748220566218061,-1.587690298313255,-0.04459208044603097,-4.872234323822576,0
1.642015160136369,-1.0385438208439723,1.207371666642047,-1.2312904413001515,4.730237978585826,1
1.0098170893426341,-1.6312758154609455,1.0043835208251481,-2.6669644051300243,3.2920645328070575,0
-0.6881503451777238,-1.2374266382225725,-0.6194741054742058,-0.653555675458683,-2.1147626103315735,0
2.2524358053443088,0.10940847183297006,3.711522582874355,-0.2781140096751499,11.088582428716123,1
0.9817654869915943,1.3286408282482312,0.8896925791499932,0.901394096879204,3.950955542303127,1
-0.32483138350862245,0.31318447386498,-0.8899207482509641,0.11165153984661894,-1.6715020492948143,0
-2.4994057148735727,-0.6065033882157399,-2.3629003561263797,-0.47038502555204587,-8.745645787816702,0
2.2909425725907413,0.4559041951707029,1.2536225538175572,0.4272689897596518,5.892655826457596,1
-1.389572466763596,-0.45909031021899177,-1.435550858065729,-0.18505684786540655,-4.619951513817966,0
-1.6453987469568918,-0.6946003691631446,-1.6373861058093115,-1.364345052427474,-5.208871443024475,0
1.0225704320096403,-1.1543626682329844,1.419870623482246,-1.5255558534483518,4.843081629331349,0
2.439752406339273,-1.7518288067517191,2.9265635310531963,-1.8098273429124858,9.48081675519963,0
1.3842728185105182,-0.3899237065594453,1.1324880090566594,0.5590199397699075,3.7143739196648373,1
0.5639091200523596,0.15805348992013185,0.48860211273739307,0.10114722071325283,1.32359971743053,0
0.594754341665286,-0.09662367001488972,0.2116939263599505,0.4459874618159261,1.4518361223775371,0
0.8534155587803077,-0.4159669279473586,0.2893842813764608,-0.39668934355519975,2.0300046906355558,1
0.7589285897867651,-0.9457460606967811,0.9138759794770824,-1.1875753794155655,2.4168051569171203,0
0.2811914239693758,0.6082461916849685,-0.3556013503289238,0.48488397962774826,-0.26713075925914814,0
0.10420110395187607,-1.317131919946585,-0.10311234633405555,-1.4013417759610256,0.2656891417455945,0
-0.06259312789952241,0.7760279138434754,-0.5601801078491413,1.0778507833238447,-1.7898632363011382,1
-0.7539645888666763,-1.0022170189267248,-0.47912299572154643,-0.3149113851384475,-1.5366942738409002,0
-0.28067507686677406,-0.7524352373530351,0.6200399727664699,-0.5725948135098745,0.6303017559528662,0
-1.6929568141953855,-1.466785190615677,-2.343750805597051,-0.8732463512447993,-6.598130276198854,0
-0.09833962679474989,-0.5014021468856367,-1.0248488682435342,-0.9837970157004794,-2.4639333995671433,0
-0.9885911071509176,0.9753124584779789,-1.0510345498259512,0.7679972040709635,-4.098268501820368,0
-1.1035893172157711,0.5156280884439565,-1.095740419236892,0.15347682134012303,-4.075933309218301,0
0.17989415115347845,0.9784221120280351,0.28922380453212726,1.1356444074654612,0.8007147742558122,1
1.3920022863445993,0.5221425459339358,1.168842028727427,0.34266335334422904,4.231447533586013,1
0.9183166060023132,-1.1036698285303692,0.8179969565895973,-0.7387833600132715,2.905468111396108,0
-1.5705006036231774,-0.33078922432755736,-1.3867453983528761,-0.7962900801437781,-4.962259127302423,0
-0.9896281365703375,-0.7801991291174627,-0.4694126902479181,-0.758683642456822,-2.508857270249542,0
0.9407711879882159,1.3305749040390402,-0.03675319717092551,1.6740038595451683,1.3045941906644694,1
-0.9824873935383096,-1.1967886464263116,-1.1669571130540408,-2.2294400339466165,-4.662258516016844,0
-0.2246331499970246,0.8936976893891109,-0.11772875302649291,1.9545133430542128,-0.3765582230432863,1
0.5500520990245519,0.8929538701087693,0.09106404671918389,0.7513779276688314,0.9626045931293615,1
-0.9683444548636353,1.8296202017160872,-0.10275963897998552,0.8171002448780007,-0.8528894700139885,1
0.1053755061459599,-0.40968659262949736,-0.2123294339684086,-0.33063964334110435,-0.7363781923448564,0
-1.3340254949182044,0.7123221595801621,-1.354671838421846,0.7290438935667376,-5.614529583470755,0
-0.6013676439512138,2.2816518365388427,-0.3233565955300684,2.2407046467525964,-1.2397304100219366,1
0.319781934142537,-0.6176416769336966,0.024139539741589777,-0.1220461204703635,0.7012154898534853,0
-1.5929937335316693,-1.5350402475323597,-2.516280257433878,-1.161317761818832,-7.9262676254308335,0
0.440474737960399,-1.8800100339077637,0.22614747450213235,-1.731071938395841,0.3481325784428173,0
-0.019637798926681226,0.7127120288613313,0.49508247903683905,0.9377898458346552,1.7294066250258013,0
0.552489954417148,-1.8831502080585838,0.3840423910245787,-1.9353294327776271,2.3038749089782704,0
0.22391413406466143,-0.37231905293792283,-0.19930301666482786,0.5154263716821013,-1.3064632115857282,0
1.3641404299738442,0.4373131870389607,1.8269765347252052,-0.3022848221399226,5.4710521997829265,1
0.12522450264790727,0.18517553682991406,-0.040162945363619085,0.2550013739378624,0.9396068906365724,1
-0.429405541125253,0.42544486418417227,-0.6844859479503616,0.4579571797785623,-2.2511114864775363,0
0.12229750303228384,0.22228985580085406,0.1970255478639386,0.6289300588331506,0.33219123326297667,0
0.5432980290363882,1.2788658133133932,0.9286731338457819,0.8569388746009436,2.5309136474314617,1
0.04886007032570433,-0.952316380738797,1.2397168361919773,-1.824152681937065,1.9922752909884314,0
0.04059169120388238,-0.6769951384585313,0.4542097450325939,-0.5985836304094347,0.11691915475698933,0
-0.7019916878067556,-0.772659445270824,-0.12207170461258343,-0.6320441991615219,-0.7708572855679259,0
-0.6629009175509484,0.8301918118626102,-0.9158840170448761,1.5749915165864348,-3.7475878635400126,1
-1.4026052717996935,0.9003985883950636,-1.9155393247844317,0.2652175652325205,-5.8113508312140265,0
1.7495767431869393,0.4512253193185082,1.7807424179965008,1.0285722026768682,6.629139697152236,1
-1.243863235391285,1.1834936668899279,-1.1902782777614869,2.3672008489034884,-4.97196455806048,1
-0.6929051977959073,-1.1780408673763807,-1.232161568478206,-1.3669233111376193,-3.9658151349478086,0
-0.7184072655691974,1.6672241115511366,-0.8060545305212039,1.0217530018045244,-2.083130365200409,0
0.8949243769444413,1.5232386217122578,1.0945831778040067,1.3197514385255722,3.7979987811381952,1
-0.2949496782920278,0.7356219972457467,-0.11475298078298765,0.7426244809314371,-0.9805733324434607,1
1.2477420726737338,1.78179890877106,1.49988599936587,2.063692846274517,5.472509609422926,1
-0.6734906242438685,-1.6566232076777738,-0.528008259175147,-1.9523205725967976,-1.462984592988946,0
0.27899416222380197,-0.5244481362626519,0.025489832588774075,0.25315113081101914,0.6039972550211047,0
-0.8353470532597573,-0.7353034606819523,-1.0922973665841789,-1.2925696181859831,-3.8876954269948256,0
2.1451491277733883,0.7214793237573432,1.5456734287764502,-0.14812325232905676,6.102346197477085,1
-1.1875984190295128,-1.0501407396021456,-0.2952108994369653,-0.4967855274584869,-2.228626055440505,0
0.3098207102270275,0.7574951493374855,0.31654589253667403,-0.3798153662656143,1.0035254358401453,0
0.6337768809320985,1.3705361439967134,0.5213503530346726,1.2684712595603553,2.4628446165849187,1
0.41379909745149823,0.6952029000839993,-0.05059694327473113,2.2540434646880234,-0.24538228042688304,1
-0.1852876588777083,0.2837510236615011,1.2825412922861807,0.27772924718153535,1.5400193317226796,0
-0.12982069973342616,-0.9878733409007492,-0.6664847158448739,-1.548257166248874,-1.437264925548671,0
0.0438114719791096,-0.8468509661253646,-0.1706124908239271,-0.8755496980187615,-0.521279980582642,0
-0.14700200162848862,1.2496189052966666,0.06091641651454163,1.2242185109869,-0.4121944767625201,1
0.9638791167949097,0.7793490039053323,1.2639855996670486,0.8596739740818906,3.0897615149392634,1
2.2105230015913513,-0.03901951937754412,2.6894890291991933,0.2921119717022657,8.704535483184504,1
-0.5574917850078337,-0.41790954576589057,0.3463124688767979,-0.9374651299497602,-0.16999029375853764,0
-1.369802979579078,-2.025807873111377,-1.1167241518487219,-1.1820338454929802,-3.9614132820901906,0
-0.0882820483512548,-1.0708524186844388,-0.6162974483345887,-0.9482952764981298,-1.3305649026355735,0
2.579709337654318,1.9114190871397234,2.4512367750934274,2.2748161103406255,8.705735517548083,1
-0.8036745679697308,-1.2804555710024668,-0.6497583817127883,-1.594530270880288,-1.9165282969850042,0
1.6391168054440675,0.18947982122108065,2.6732298261969794,0.8326708897188474,7.148901208835785,1
1.6777008140764407,1.0074439731951985,0.9787980748642922,0.8789177687886662,4.7423419802670335,1
-0.5535882417079946,-1.2549226680022925,0.04770001090461917,-1.1161464112555266,-1.570555923150428,0
0.5689830791852754,0.1847104747810833,0.6589402639584837,-0.2818425638124713,1.7521742066944765,1
1.628396623128538,0.937915537510655,2.0473118907432784,0.4394497243095916,5.930890149867707,1
-0.3791277409874871,0.012499321907250335,-0.43012509930545306,0.35660197513369163,-1.0379705423661776,1
-0.20358036010236177,2.8684030556667683,-0.6247966751655248,2.6465996405630756,-1.5876690072822894,1
-0.5816809139486437,-1.6685992588781953,-0.20624452424797773,-2.095510802630384,-1.2917620417154094,0
-1.0147567306928669,1.0587285298838789,-0.6875412171400563,0.7371368588703637,-3.4505840241841383,0
-0.6492775450660071,-0.17280173739646437,-0.16324906219614616,0.1766747984622462,-1.4502611899577476,0
-1.2239402667622565,0.7719201548366751,-1.2305925844515742,0.4574012242348696,-4.678828220701089,0
0.03408346825922606,0.44130715169924584,-0.2658275434006986,0.3824796858981638,-0.2888023769854501,0
-0.7699732310586415,-0.7331561971099966,-1.5493667285705621,-0.7256423219664481,-4.749238871394893,0
0.2337859117907477,0.22899639245934025,0.6434725458604509,-0.7296780505458093,2.302521142009561,0
-1.5558956462036273,-1.8579014513982872,-1.3439509049816343,-2.593464654085046,-5.859535504080757,0
0.33088023221445706,0.6032475005713938,-0.15201108421752257,0.7713864451951751,-0.21096173634164023,0
0.8335289616089246,0.29815846599052565,0.5642421249606125,-0.07035621458582292,3.2173779473176602,1
-1.9937356425714554,0.6386601686431024,-2.2271150485471756,1.1670226242833115,-7.662402934932551,0
0.37405656984757213,1.0581183250871502,-0.36743564614363683,1.5415218772124224,-0.8312257697181215,1
1.2276689924732922,0.3676198402097109,0.8188277941707254,0.7272041733874295,3.588694858320223,1
-1.2096410186912054,0.1480894197982762,-1.7765561970943824,1.057975313454575,-5.605270043332844,0
1.6725723868377034,-0.8810683366612923,1.466332880893735,-0.9226130005328839,5.023589214234872,1
0.4190190093660452,-0.712220763649051,0.049670260201263805,-0.3877798006971314,0.17993362905223675,0
-0.7050118557584089,1.186734620177331,-1.5185143161917831,0.8945341318793154,-2.710359613208208,0
-0.05576907765770601,1.4363354057059785,0.9555260376270347,2.6625203621403406,1.7016225086754422,1
0.5583269125217224,-0.23811043631205406,1.1845972780363376,0.7537063899059556,2.2439012446888205,1
0.0760053914124115,0.04600274725327412,-0.3135043193475813,0.05194296451217009,0.23385432792622174,0
0.5387559924463692,-0.9046143749937661,0.6749666907731742,-0.71132126004117,2.463602822771188,0
-0.9206735930793662,1.1727568452674448,-0.7119410481687186,1.8524056449498478,-3.1881257014663804,0
0.169360824036078,0.6654168236917787,0.7649037514228164,0.5918470712847252,1.317289194556679,1
-1.4137144969049802,1.9412174364637491,-1.8230170102350196,1.6129054010638968,-5.4298693677483945,1
-0.11122606134870032,-0.8783230771797389,0.4348273306425127,-0.44132820167629766,0.5793564055172477,0
-0.9039076414647897,-0.3780078990182172,-1.1778602935682572,-0.33878827597638217,-4.67457095855625,0
-0.7355299425897666,0.23144592252557222,-1.4034611446740732,0.3229431473482024,-3.016597220930462,0
1.2360931752104374,0.6464895377257704,1.598161454867686,0.22935386619178771,4.833467441443049,1
1.091310120594269,-0.21566763754763232,1.736689332655483,-1.0745037117293306,5.858129714443583,0
0.609138120907177,-0.8729610904537004,1.9030926076725194,-0.7548898855141499,5.359109875688661,1
-1.092312764672579,0.8814075289235711,-1.6921753972176856,1.333888549670671,-5.523324713685647,0
-0.3164084496948019,0.7211353625455816,0.0330513928455925,0.6082319880075607,0.10808504333055602,0
1.2130976999791834,-0.9162741005637249,1.0081970780824168,-0.19805934078429155,3.510319431201768,1
0.14171691363990474,1.3554428011054958,0.5333962689019204,1.0034846383977234,0.346017614861727,1
2.319329539981694,1.1701987091966037,1.584084764366069,0.6428464817136438,6.434864755693607,1
0.39331783939437187,0.13429649724779288,-0.23806704845491017,0.10068134364972725,0.31266141306987694,1
0.1920491164900316,0.07959786237603639,-0.19588829509321032,0.03830157470039116,-0.33507123944954204,0
-0.3091164642025014,0.5540577711159071,-0.26963444136845915,0.9390421367835184,-1.1564677495032212,1
0.13354090478228192,-0.8617030702562581,-0.18699972848689578,-1.2491844822882505,0.39809492266393776,0
-0.15246983638054348,0.03003147916408217,0.17705733557616635,0.7140785975715312,0.17865690672656337,0
0.7081086766885905,-2.1523835446091804,1.2215559858175475,-1.1689250633550534,3.0836258310255045,1
0.9567023167945841,0.8764556455029355,1.256491087417262,0.8568836320187646,4.299050811860063,1
-0.7859894605079495,-1.5614932224418594,0.023404359322484525,-0.9366380123497001,-1.0333376886398327,0
-1.331232953557778,1.503419828428999,-1.1233196388301065,0.975171293116369,-5.504291108727902,0
-1.8362053731032966,-0.3301200939664503,-2.44465372827338,0.20749067662450765,-7.429439059315981,0
0.5079913269125437,-0.2116669819311769,1.1896795836817136,0.3119712223485544,3.337260511590294,0
-1.1033666061738736,-0.6277339060845056,-1.4059447239768723,-0.1960152659895663,-4.456878792424125,0
-2.152890592952483,-0.2880388739220764,-1.6976813431096978,-0.2958204183572234,-6.178848285113332,0
0.3885786045309641,1.4185313451480366,1.1754457128085172,-0.05859312547297901,2.5975625402502294,1
2.4929995174327906,-2.4878086565350794,2.7213435227979903,-2.8086722283611443,9.350436216155618,0
-0.006070911539893324,1.2769653860881878,-0.7541503181222182,0.9640073772458868,-2.3008866891379527,1
0.8384907744516419,0.33802348110170816,0.3793846911967461,-0.15110398792853053,2.220050735770371,1
0.08182935854756501,-1.2070216478572156,0.7432015919901328,-1.1459001455836824,2.5856770695715614,0
-0.09888965319114267,-1.0753123930492379,-0.18345099601255085,-1.2847941158098553,-1.012664648045586,0
0.9190764829877686,1.676393027208203,0.9588632504588515,1.2640870223256921,2.9164401594054685,1
-0.29027454418865134,-0.9455068799427312,0.08913766389315331,-1.474906954066641,-0.6121442099424463,0
0.26739231407190295,-1.1533505105959596,0.6155537451120647,-1.5111070033385738,1.6971950742327815,0
0.3216978061960136,1.1373145423647297,0.461097712388744,1.6980641482896939,0.8732239976446492,1
-0.6680904536430488,0.33855287628591424,-0.7724246392532816,0.008040348972167155,-2.3363612696256464,0
0.9920423495365228,-0.9379255765363989,0.8357081266703441,-1.195394929753035,3.5828997503800553,0
-0.17495975669540864,0.216624975404619,0.25398965595026285,-0.011723832107004173,0.5127132835843049,0
-0.7557451594928447,-1.0257526836402773,-0.47896039395894807,-0.8562559267355674,-2.9757462399761994,0
0.5365098435704035,1.1008213984226052,0.4078598432615088,1.3289461426868716,2.118068284457926,1
-0.8984679817910373,1.0613709648731335,-0.357411825294467,-0.46095730474844765,-1.59384191614865,0
0.028181157369128247,0.5320061988219431,-0.03633590019576364,1.0428238057357473,0.38468062183531726,0
-0.009118996644203544,0.3616610612470166,-0.4349500838114002,1.0798450783688935,-0.6971575382611933,1
1.085895565831578,1.7611881248673737,0.7064102163799058,1.236094856186539,3.151758438609745,1
0.4746982328799528,-0.0003136726117747121,-0.014672185274930083,-0.4864627949791921,1.1988976778332674,0
-0.025026958745143917,-1.1818741254208012,-0.1612319670469875,-1.4070008193099368,0.6017523715900364,0
0.8177662992002871,0.44947391283230687,1.4346284383683836,0.07147190310400447,3.6193860938547733,1
1.3902075490173134,2.0860470495371137,0.9876599585020589,2.198010486510417,4.599693938427473,1
0.5578103063518622,-1.0147594931858521,0.6520481868609137,-1.9880221363652844,2.0977032842458945,0
0.010352619843380607,-0.36146276669398564,-0.317992052970326,-0.9204265707123556,-0.6852917021898814,0
-1.3118362323501596,0.4164460381014525,-1.4419907529858784,1.1860446381889063,-5.620001199688016,0
-1.0651136630753726,-0.05390484900573917,-1.8201342690679987,-0.5180148326797481,-5.380333737506754,0
-0.30522470435466764,-0.9823035803773149,-0.41549381893293635,-0.36058944132585247,-1.7874571733820819,0
-0.6095122021592831,1.1218578562304709,-0.7063648920617642,1.2995269540255394,-2.558925302115426,1
-0.186971302985446,2.3200407220172594,0.08317266903240167,1.4154068647231304,-0.6632048083024406,1
0.056649924897107164,0.1961314590239074,0.16829038152479242,0.5137960566320106,0.19710145673874238,1
0.5296927543567308,-0.9040682897360006,-0.06950330811929173,-0.9629019408324273,0.45247733678481117,0
-0.07049877805909122,-1.548960525053475,0.47160034396268014,-1.7766940531783453,0.8858299800561236,0
0.4865016438262019,0.2579759812211809,0.5916531639371996,0.3804545278071828,1.1056838624680365,1
0.06447441481012024,1.1038773433162576,0.16367117339886358,1.3411940860996536,-0.29870510485975416,1
-1.9754665663538713,0.4751677464953816,-1.9800577430464408,0.8289636574826914,-6.742358200258425,0
-0.9393353938187543,-0.002403840918853844,-1.1982141174298642,0.5867225828551473,-4.204150384122909,1
-0.14408755572161547,-0.5892716517893062,-0.03518638584725242,-0.385203695400128,0.2507607898380375,0
-1.2096947428411076,-1.0921636327180897,-0.9719005248768163,-1.7799806771112707,-3.6457083030077704,0
0.5999287299962045,0.8347513263248821,-0.27351911567657294,0.5979285974992866,0.6562359387443645,1
1.5307508323436974,0.9137716213855857,1.2613704136706496,2.3852957890198963,5.524213236067292,1
1.2187618516973167,-1.5457297866907331,1.091288366495522,-1.1834842564998693,3.8558641046337323,1
-0.213442870930208,1.5898389781806839,-0.08535756808306896,2.7744826285864326,-0.7781227952695878,1
1.490726136849952,0.5740712208940013,2.0873816398135148,1.2717882619935938,6.8467037777013635,1
0.14866745720211172,1.3995946451457935,-0.23720295009627945,1.5204956809236678,0.003352067575451645,1
-0.3370859711180397,-1.342127748485115,-0.5860668945269607,-1.1914242135945563,-1.7714279006416314,0
-0.6134026635409398,-1.365824155415439,-0.8696697188642148,-1.3841141753538617,-1.9637144495618681,0
-0.30246968648812833,-0.14896930976729691,-0.7032334815403991,-1.0178716176905467,-1.966293647732956,0
-0.38817681854122876,0.5027844268951942,-0.56177006609736,0.5118080531293063,-1.6894185412286726,0
0.1704162223754877,1.7963608229269636,0.5558173323694733,2.4016980991980623,1.3778703237193073,1
0.1605739810498646,0.7060789138151315,-0.3663437666323082,0.4062589164045297,-0.9591235091390551,1
0.0030460201534144695,-0.24268127681203333,0.21695321772986606,-0.03670477728112856,0.4772681604330493,1
0.43693816974634986,-1.0263692076658921,-0.4140129452628179,-0.6005736847192935,0.5257614527931346,1
1.1906462747863413,1.23000057271915,0.9099772765652383,0.7751603530629123,3.8284081229980766,1
0.9495541354413237,-0.964705425750715,0.7848094853323306,-1.1903568579225472,3.0094818870261126,0
-1.4848979684499035,1.628468554772322,-0.6474681319928711,1.1195128095337425,-3.6031668572434326,0
-2.553921134901955,-0.2843846496065094,-2.691322287278299,-0.695467452951213,-9.048092762706354,0
0.9343199112392737,1.5905820726178506,-0.16630182548618544,0.9467794307913198,1.4437595301311323,1
-1.366878698415421,0.6789312900592783,-2.366323151846046,0.22870705937026492,-6.478344935870347,0
-0.22476540189268354,-0.13699548944245826,-0.20775060871934303,0.5727323509564612,-0.9185817511887009,0
-1.1701130260593595,-0.5193963718261266,-0.8632275981644052,-0.9771348863712729,-3.319233938362792,0
-1.8019804375800197,-0.3409078773460798,-1.6142525087663933,-0.2776782678157348,-5.691505803328677,0
0.541462728204788,0.4283166923752375,0.6252477811052832,0.17688231553975953,1.559092160754259,0
0.7591551603026468,0.07715649621771674,1.3402849590554804,0.6665894647361862,3.9034179291567783,1
-0.5765104007267194,-0.5938114080687051,-0.8463060110952852,0.06176974023310311,-3.6380295664318307,0
-2.59104229214491,-0.16563141031763223,-2.1435870141314974,0.26640358075184123,-7.932470611569767,0
-0.5462444482524828,0.0785770297191498,-1.3622518907656915,0.23164430627052734,-3.213698926628766,0
0.3918040054025465,-2.128734094414812,-0.060669911066486615,-2.244263862835261,0.8401392488640762,0
-1.4789115687741285,0.4581681147886987,-2.382432266240037,-0.13776923730692625,-7.180755311726051,0
0.1833599197791556,-0.9797212247168068,0.04593726944425949,-0.007956784155708219,0.5214378360692699,0
-0.015309849172995557,-1.153332403205745,-0.038440457806166825,-1.5331689120820218,0.6121312333987564,0
0.5792914996010884,-1.6873443471107104,0.6363422457143484,-1.3555211735942896,2.848506564975959,0
0.11958036841415326,-1.7938924978678903,0.15052204485772086,-1.2641097115561917,0.4658282927233913,0
-0.9730689408815555,-1.3554475031122892,-1.4368456062874195,-1.633087751564954,-4.263634808532393,0
1.1965715016644913,-0.7090209576304904,1.1014510794578836,-0.19001469397250936,4.553214983779721,0
-0.15852957302697002,1.9532591375265682,-0.9072529073298443,2.335365739195996,-2.8027011818312313,1
-0.02730453950993186,-0.5258796758952039,0.6543099480561934,0.3381022417956787,1.1061252155089767,0
-0.933267959073196,0.17775010626803134,-1.0850809955221965,-0.056923126945324254,-2.902278701885809,0
-0.4432822511915103,0.4004813865063287,-0.687725310713356,-0.24245062213352875,-1.5527737273715945,0
-0.8848027140269009,0.13106518621584873,-0.0903325498048595,-0.12167969150640684,-1.3232372818251181,0
-0.17294605992342302,-0.07744346072599365,-0.7940693266980378,0.026983310541172215,-2.6004739459465203,0
1.7117084801423437,-1.1952937635992447,1.1489149231263591,-1.1661874000567165,4.840437449945653,1
-1.3719011429313563,1.4509275482792119,-1.920011305365639,1.2542086001419366,-6.1928320232532785,0
-1.6135613978767411,1.8071966436378852,-1.6474970887264822,0.8525979141492638,-5.549816822859468,0
1.4711703274936085,-1.6826586941226858,1.6869861423124073,-1.4474171960581326,5.176054433467788,0
-0.20932367715186612,-1.0240285908863795,0.16051405690705073,-0.03785635134527954,-0.5058190994010014,0
-0.6690727386599166,-0.27981034237700614,0.6169249200875678,-0.04768472331550436,-0.8021919066565599,0
1.0399046873960764,-0.9645377949101914,-0.08481153970430544,-0.6599700353834346,2.0011362941738544,0
-0.6056155397368641,0.5059655534558652,-0.30124774517465563,0.7921882065334162,-1.7108040556761361,0
1.8260097135469362,-0.7282722024066131,1.5474444272608205,-0.5297488674654132,5.912476316693312,1
0.6779258713392691,2.1650560678066024,0.38471829689488235,2.6308890512406498,1.7852063425615776,1
-0.48791140814570266,1.190548594343596,-0.7977974722726415,1.388235434936429,-2.8611790232440866,1
2.1573082132655035,0.2125740306322149,1.702923377861517,0.056235445805576906,6.012276619897192,1
-0.6057149230033384,1.0269862633197322,0.2365474942983875,0.6289918083153552,-0.9381349589068504,0
0.742095372009307,1.105900424357309,1.1632440355162583,0.9814135967169714,3.0780469096317806,1
0.2992925804064919,-0.5639474880582432,0.31089056968517936,-0.40688273983291023,1.2540231334869991,0
1.301741289398798,-0.8162172445419648,1.9772491656422981,-0.9742587251034515,5.509251433622488,0
1.5615111967268527,0.07814306296964744,0.8052467140774149,0.23531240453536267,4.82600553904242,1
0.032004149065766624,0.861636124497944,-0.6333484165996964,1.0812111913481528,-0.7051150916541674,1
-0.7534178703461835,0.13906039865341766,-1.8424017364435272,0.5556501142885085,-4.4107505035734755,1
0.4599721429391164,-1.5769964821909972,0.11026487287747266,-0.935598997771507,0.8506585089270449,0
-0.6777153697521061,-0.8028244439508423,-0.5968661063997297,-0.7638207347114135,-1.4531648995673767,1
2.013387247526623,-0.07397286359437803,2.06481653649279,-0.7278611461682084,7.040711128714953,1
0.13653533108273744,-0.07566560432583026,0.21120628661267765,-0.2482176527354253,0.6115848627723385,1
-0.3653215513121087,1.9725421767898081,-1.0708499668451497,1.9945734604931078,-2.6046949907838277,1
0.1846803058649084,-1.385987942398998,0.5862576771719195,-2.3038723204875433,1.8004473334128734,0
-1.3471262895296965,0.5055892418358746,-1.2273125304101975,1.1999215018871157,-4.156860455613447,0
-0.9716140385106515,1.4891131083282896,-0.6050868977776522,1.5603020645835226,-2.9051574925435832,0
1.2004139079444254,2.271449745422796,0.25403281914939946,2.4621261627129383,2.04218964050246,1
-0.6568942789713957,-0.40439742318396127,-0.5011488495725008,0.2783658080791716,-1.667687639026053,0
-1.0469109826819396,0.4914294527201996,-1.640793602640703,0.17635803764902624,-4.494335387358699,0
0.5366527525272862,0.5697603571986468,0.3379911262516052,0.8567813226406618,1.284285818882703,1
1.185704154662997,0.19548173155329082,1.4528866039811885,0.140549670002323,3.8907354051176455,1
0.7189533106650667,-0.09884520123930605,0.7645001137930233,-0.19088863474726575,2.5037721455795245,1
0.9960476858058164,0.4359753895000459,0.570277695916157,0.04987919559785625,2.9463898199539678,1
-0.7567950885694608,-2.5322460852196853,-0.7536585104772516,-1.6994444783764218,-1.7398012305988044,0
-1.4218106667418438,0.6820694900626313,-2.187578324363665,0.49431947002484583,-7.106851630010427,0
1.5013336519554867,0.12617790366196718,2.0764673499046347,0.4759100271098182,6.191649551327213,1
-0.32267983884213575,-0.22247489677826537,-0.4253218485902614,-1.1599785905142337,-1.5293652362064147,0
-0.25083301645504735,2.046862195719558,0.30844195567261573,2.6368564605644513,0.9185370563784111,1
1.328194141849058,-0.6749340187905523,1.0649282983010364,-0.14882844081202296,4.1046770591463435,1
0.5562300094006599,-0.4030759890650308,0.29444201519736846,-0.3543589339163793,0.9695657648095939,0
0.45588777208160763,1.991553302204734,0.07379437876268441,1.8780820691357718,1.1107680571086898,1
2.165002344901084,-0.8320613048498566,2.6030893107476216,-0.6320613020430734,8.251362878826395,1
-0.643518230380143,-0.5501152829365389,-0.998233809044381,0.5942800475036057,-3.5739386003379536,1
0.9278401280812372,-0.14702542343084998,1.2501378442888256,-1.0286437728825926,3.445649227061432,0
0.05701312489708459,0.8407344821295493,-0.13421307393756052,1.2317481759166131,0.6841145166818154,1
0.26859227886325737,0.2078025073533134,-0.7193893710825525,-0.24800614372363788,-0.8437857130454878,0
1.5284684264125317,-1.2926253471522626,1.2433113925192987,-1.3025845453021283,4.833205452383666,1
0.5078357562896237,-0.5321685631271895,-0.08171835089180046,-0.656108622666521,0.4733700647448116,0
0.538296079049633,-0.6073544332122114,0.5552474408908017,-0.8215135621110892,2.064013421415452,0
1.0725073373098022,-0.07722104522304557,0.4773034694725571,-0.08245360974941024,2.7034859179110646,1
-0.3649527295428853,0.4258436586298291,0.09803482081442305,-0.14124191400906616,-0.2052750385818188,1
-0.8392096673390064,0.4182057558879721,-0.88474759751552,0.9327959739519556,-2.970887150900673,0
-1.0448091940210336,-1.7760117540484022,-1.1336071914004031,-2.6730835096477024,-3.400029004679582,0
-1.9663565893760018,1.063940987560856,-1.6384105204822106,1.333823243975027,-6.214803752028058,1
2.056207129940322,0.2525688459966235,2.5381605969782535,0.08930091972933793,7.671662471090672,1
-1.1032083657216831,1.3845320475939062,-1.113257741606509,0.7990696006901794,-4.187539477245977,0
-0.221253623585772,0.4441983272906719,-0.6068537733604173,0.5453900125900195,-2.5350973288443486,0
-0.27681329988892067,1.1013229577357622,-1.1637981079449853,0.3228474143825232,-1.7294076077021552,1
0.3074066978091007,0.46654531145012695,-0.03561818070848932,0.4864022223099443,0.8212509812730158,0
0.8157372125392965,1.3462257562027482,0.5071310892153158,0.634787302296971,1.8228327496749577,0
0.8604734883597454,0.5222506360177785,0.9140022148558937,0.7528866781766941,2.9777922375528556,1
-0.5830774385689385,-0.09791524644290406,-0.755650879137952,-0.5600939132580918,-2.7043561532325286,0
-0.1671217137864115,2.2724347204468818,0.17684477223930256,2.046937711932227,0.8742805794860464,1
0.28257995048829965,0.8890371222798921,-0.023911685147045114,1.036011816251473,-0.3338920266971052,1
-0.24869112618354708,0.5737444210044131,-0.27721170961001795,0.1874733650832952,-0.8702220790859669,1
1.6073455760199926,-1.276304416538336,2.199339297618437,-1.305286416372487,6.755433037984439,0
0.49097495163825133,-1.2883076174635377,0.6618875586157346,-2.0452228680859648,2.4736568600434032,0
0.7348777860498175,0.2927154821418534,0.7048590152055352,0.6081532839399312,2.4600300956234493,1
0.6628812686674127,0.1455211977682408,0.3619090476998242,1.0279781005436264,0.8390355600730497,1
1.173473857485325,-0.6141225650083162,0.8568581591278364,0.7819818689466644,3.3483681871624396,1
0.18102155870370695,0.14098269961205998,-0.24428506777226694,0.18656677294527957,-0.703118906460636,1
-1.2968319479558466,1.5886269280435956,-1.5673353808472963,1.982728998442189,-5.040128910350082,0
0.3996879517526416,0.6954024745502987,0.777520871124799,-0.1949103619034459,2.8716621881387234,0
-0.651356893791829,-1.1410085097527383,-0.7623010294379634,-0.3896413465999442,-3.3713500216798096,0
-0.5286166817497568,-0.1115088271429437,-1.2035032164403723,0.27660542521910936,-3.6000428232053316,0
0.5863640187550933,-0.8049664808525608,1.470448665284985,-1.0469332033281773,3.5440968818108614,0
1.2382830714336357,-0.38769991640856116,1.3982656670062172,0.23089048373594345,4.463140393456282,1
0.02127157673606165,-0.41361566562964275,-0.6822001235205231,-0.5408537039523135,-0.9624300498843317,0
0.3088330125989638,-0.4776455826040052,0.08790854897855185,-0.7066581741112834,0.5522944080748557,1
1.702214944635238,-1.2551353719733949,1.7576581360494468,-1.0174679092596493,6.276540051911973,1
0.24075317948856825,-0.12765468151819004,1.0930492261372569,-0.6593319314333493,2.234341699641478,0
2.601683114180395,-0.5606076368473096,2.0476268850509602,-0.049795254647335585,8.112740614081481,1
0.5655096456315442,-2.929448690002268,1.0535300053095176,-3.4574435959656897,3.3442232945052086,0
-1.7607627591558177,2.052972024501663,-1.0610195456696463,1.5279446295900698,-5.1293330049415635,0
0.7533416211045325,1.088769654216672,0.4390144685672474,0.6339247600125049,2.398720428694551,1
0.38115838488277776,-0.37630072492499606,0.24240157545266103,0.003449293833065026,1.082727112593273,1
1.2897527540827458,0.018819049740598424,0.7715981303958607,-0.2895686310192554,4.000555512156967,1
0.6731813512699585,-1.1716543473175618,0.571450780729806,-1.8456522395011463,2.0519636383260633,0
-0.13845598398377382,1.6957228778108653,-0.1567509711552394,1.3928828778429663,-0.33056359070509017,1
-1.2242982362893657,1.8972886947731116,-0.8944732372481805,1.8812675094328681,-3.6456969447696745,1
-0.2090232572860252,0.1566937282465246,0.33606847822419816,-0.43379251358566817,0.31049593949906906,0
-0.8505204542092998,1.0235306441853447,-1.2245684865201234,0.4476900896681729,-3.5954524402413512,0
-0.5805234498047227,0.17528677893392386,-1.56418598191772,1.230934945983716,-3.730753403930072,1
0.5885784044206096,-1.3367254388759306,0.5779560147824886,-1.7670081407828742,1.4139971802338889,0
1.6699045043514062,-0.4118233689636573,1.8166732693357266,-0.5733445533501607,6.855020099607502,1
0.3946715298229811,0.13192796677195706,0.5193803736655019,-0.05169053362768586,0.7009365217905763,0
-1.1958830620351844,-0.4545477187434442,-1.3592196857897063,-0.6652261226286651,-4.854670019501637,0
0.4446026682201407,-0.218653277435036,0.5069787180521079,0.09202009254951504,1.6337269030519765,1
1.196631486645651,-0.09139955750911515,1.9543538908217748,0.3826719177269096,5.909832996155,1
-0.6097829043193822,-0.08087849786546193,-0.41891581983812753,-0.23385571363125796,-0.9644197322846392,0
-0.1340171666729177,0.05225849049748321,-0.32070137917445984,-0.5659806527986913,-1.7715742524708498,0
0.014688194729197093,-1.060605066396601,-0.2354107138188007,-0.42338495247214925,-0.702636199738661,0
-0.78489831308224,-0.7170161491279362,-0.8698244919211053,-0.7646866947262775,-3.9804131973652033,0
0.648280433843859,-1.2845842656999693,1.466650414759179,-0.419423358271385,3.9215324672392704,0
-0.12094814860778157,0.9778155496862003,-0.2125985033708802,-0.14497739909638108,-0.4707774374034174,0
0.41953244390702776,-2.1056469418403245,0.4096352716466738,-2.0079453311986644,2.2439670802395155,0
-0.8874921778021001,1.153590343316926,-1.1286489632702517,2.11289351025503,-3.5282188127969265,1
-0.43745830032341043,1.3863493972628438,0.11203337839757194,1.2097173295437647,0.0898918710312181,1
0.7223813578277714,-0.3021805869826214,1.7022999852001088,-0.41492729864993944,4.780090547911405,0
-0.372833152091767,-2.6031370878272986,-0.14752662737607283,-2.455381242032129,-1.0719270813923802,0
1.7269638512334051,-0.3613105619672905,1.768350303126118,-0.6407084714097692,5.422666009706324,1
-0.39963618561460235,-0.06418416128881928,-0.38124476902748494,-0.2202201273151857,-1.224442667330968,0
0.22468472575188592,-1.0105982199289136,-0.9674686686409869,-1.1795057670246152,-2.3439612572268267,0
0.9325908318730899,-0.5152183938082429,1.3051662640154986,-0.8289287610214295,4.656822312175454,0
-1.4183657329330317,1.5301951988633513,-1.35128252493511,2.144623473963631,-4.91114470028818,0
-1.7608088119807759,0.664927162301741,-1.5466377866504133,0.8954661784499586,-5.136900085516283,0
-1.5256563145700948,-0.9245641143780997,-1.8813874116119471,-0.7992499983264487,-6.2913665121452365,0
1.262584103427182,-1.597599169595432,1.0703556639386362,-1.1933136661503736,4.169012876218542,0
-0.5518581458924467,-0.3270173176097708,-0.7573706141440333,-0.45919523421150427,-2.2378540184593922,0
2.5581992856682523,-0.21345677935043805,3.0690107777047717,-0.6005586885268883,9.95279842490646,1
-0.5642475986573886,0.4961991873633163,-0.7536275169589353,0.1948870350560376,-2.5699561886022497,0
0.18455130319703697,-0.535316712567659,1.2258814642519358,-0.5344251920153545,2.924817892534687,0
1.5421099525678756,0.5114995753618613,1.7575411620753942,-0.018106278824589706,5.365165621260998,1
2.006092888159123,1.935154040060229,1.368251558161257,1.6850235317668911,5.14092478408167,1
2.061503576636398,0.8155010224442626,1.9972304300104193,0.5574427015085452,7.708129671638849,1
1.2083662305931424,-0.048088507330772585,0.8825286695149346,1.0141896075837342,3.941190679365633,1
1.0240625258114624,-0.18315047105329468,-0.07312870909854974,-1.570057941020253,1.422782174821214,0
0.5925269492011831,-0.35667313417987123,1.3922624192580777,-0.44648299488268783,4.505886453589821,1
0.7783610761666377,1.1806409124521444,1.1299323472766396,2.04348780885953,3.2935235494408133,1
-0.5511857163285334,-0.6273134459513027,-0.28458205737887715,-0.5663912138850757,-0.7345910792560647,0
-0.8181988834223072,0.04522270899998256,-0.7354970532724551,0.42193144571052893,-2.6105053892154597,0
-0.0033744574109520514,0.05119790188108534,-0.6943832417571709,0.10111105943096929,-1.9062035446689651,0
-0.17018462252492844,-0.5017841928115321,-0.4119931923026468,-0.8354508834197722,-0.1552432225072614,0
-0.4532280493272752,-1.372465547884101,-0.032337661935268824,-2.4934235151385575,-0.24916197454940786,0
0.6963874474567154,0.32297450361766855,0.17077743256546418,0.42570234713582,1.3256255208112195,0
0.9553052085705108,-0.06100397185538362,-0.3105794495548958,-0.44880727415657923,1.175384543512949,0
0.08840688629184734,0.5002404694365699,-0.025146117598615847,0.10007276635391799,-0.11953362275841412,0
1.4775300810552616,-0.5336003064391669,1.4066513040414923,-0.7830939344287229,5.444172247195648,1
-1.141689114133505,1.2208212988130478,-1.0739074059261504,2.0932520021247947,-5.055887765694538,1
-0.19365945927971812,-0.8767737812118448,0.17059986247755,0.3256449899151417,-0.45919013081177407,0
-0.7168223206028049,1.7120402840178925,-0.39801941448720063,1.820644252782093,-1.3816424377351275,1
-1.86653661707306,-1.7476365098282616,-1.737151714451099,-1.9800201217841253,-6.398936123621247,0
-0.08268068584269925,0.43477006455689116,0.5150850082006554,-0.15384314416871414,1.009920135081633,1
-0.12174750838328353,0.47543068252662346,-0.8812323987899409,0.709700763299658,-2.6184788912125243,1
1.513449743242131,-0.7955570679408823,1.7657406504808262,0.09589573209168967,6.725589413675901,1
0.6308116845547775,0.4243939378610126,0.9440808662232487,0.3007237443484342,3.4296440811375017,1
-1.024186824329205,1.2795186697601588,-1.6439679673693246,0.0900206493835467,-4.924558780420122,0
1.8540925663341883,-2.2168188393540644,1.1026572619929937,-1.8817940034463025,4.784105445055608,1
1.221033695525353,0.5027448074908146,0.8480626322875522,0.9954446632158395,4.04247798857298,1
0.5820977034686158,-2.4932708203300775,0.2513269822109697,-3.2861936405230012,2.3670357447093267,0
-0.22648409884983187,-0.965664803523208,0.1502256329013836,-0.8774227116917317,0.4376052454336963,0
-0.9594392367234795,1.6291663649009451,-1.266708628569027,1.8547793729689945,-2.8866747785249727,1
-0.3722067760710529,-0.581782033392054,-0.8003810352116549,-0.6183356843965233,-2.620247899060848,0
1.0887486197041858,-1.1738799644089726,0.7829317513569063,-1.5692654239516495,2.789293017020696,0
1.8845863059346086,-0.19793772898468187,2.4439024730117147,0.31003088279709623,7.120213845898668,1
1.5432435282721888,2.067906338163552,1.549765215460665,1.8662164651792108,5.635276048154353,1
-0.4888494217862741,-1.8316822472060261,-0.5784749344647302,-2.5742753285559923,-1.8024222267066867,0
-1.1196174332890112,-1.0513099116393445,-1.174620182639537,-2.076047154474185,-4.104642076948584,0
0.14088624691120394,1.4974316831796264,0.7869164140744653,2.1278564431792812,2.189791512577386,1
-1.7684393655628516,1.8577023435377324,-2.1430252288644724,2.1660343317732917,-6.322545203465889,1
0.32316771418478146,-0.10343122429028392,0.9809218596548335,-0.059444450725699476,1.6837640859434182,0
-0.14760258629866868,-1.2390527025266425,-0.04235443683791687,-1.459190020952044,-0.6045987670743945,0
-0.46603650186824225,2.095843501809159,-0.5462461928559161,1.8313442947075955,-1.3814753414526657,1
-1.5947030672667954,1.5944423917491968,-0.3442528182996547,1.0565740675283912,-3.3144295794287935,0
0.5136001065697166,0.678946987762233,-0.014219638329581619,0.46321916548229053,0.3428578450163346,0
-0.5327008396619114,-0.81240234893742,-0.7095437194454144,-1.8724459564975073,-1.7088699845584987,0
-1.169916835710288,-0.04902934083803654,-1.7861324552922881,-0.41706116757229367,-5.971890199011998,0
-2.8722622132816493,-0.16036008104483013,-2.3960312280135647,-0.3158288392203771,-9.251245679845155,0
-0.027514905050636255,0.3308513046155777,0.817079561775203,0.6357913282107872,1.757208778876856,0
1.772251596669744,1.4510014381313359,2.6072129873720633,1.431038206444654,7.585893412793683,1
1.66125921454787,0.8794170411374032,2.2732335911208725,1.2768785980751827,7.429933832070137,1
-0.45709625658627184,-1.0773760769847582,-0.5559064904842547,-0.4028085244280435,-2.0818958534466017,1
-0.6022120603617805,1.3764964500195378,-0.7848325491067039,1.9055814969315885,-1.7686734420331187,1
0.46877425607502377,0.3131321400131553,-0.36681063017200877,0.5483870637024337,-0.09333302497936814,0
-0.9983854391882915,0.6870657958589163,0.019551328402604873,0.6929971354493083,-1.1228404336245508,0
0.30179189981946597,1.466540859278603,0.5362809388936998,0.9761468550718233,1.8982617040080068,1
0.7660802783846903,-1.1115802495135512,0.5201018259499488,-0.741608223823893,1.8755540681048968,0
1.2269332238843076,-0.035825578706462934,1.8909616683777912,0.8040481124043016,4.5955798982541,1
-0.10015407647995278,-0.531454551359215,-0.5865363348599533,-0.36040153153400595,-1.1429259071079183,0
-0.20367375017696587,-1.5678594253654559,-0.00036273306562883967,-0.6092298511523944,-0.2700919178342717,0
-0.877982586756561,0.3467099776049199,-0.9642971539019783,-0.416075876425622,-2.9676551741512345,0
-0.82688035403986,2.5115565515844236,-0.5075417840997096,1.934474859194653,-2.368667835450628,0
-0.22647889190152676,-1.8400777445057528,-0.2582656614945875,-1.4124769906316215,-1.071463510241823,0
0.3673655068161781,-0.032280611049470324,-0.35809843873943414,0.09986449402715519,0.8390878882362486,1
0.9135846262332494,0.6405429350747734,0.9513728125682683,1.2974340233606774,2.536945533731022,1
-0.8031789506803448,0.12307820165618115,-0.278746879742664,0.11534238129281137,-1.3952869463237259,0
1.4926885689595217,-0.1131280525157404,1.478080366032529,-0.5471157637799063,4.9078926564126455,1
-0.2711236010425688,-1.2992163634458243,0.11643395975197424,-1.4060129845483456,-0.3417067909301157,0
-0.021367294348436157,0.23278674294016363,-0.5441320371854628,-0.5335552425217034,-1.2788664321805627,0
-0.7472116791478234,-0.7567639770159263,-0.7603420757827495,-1.3210593135644437,-3.0432188073728628,0
-2.4242402602729416,-2.1899217049785533,-2.7364954878172303,-1.7036997060195482,-8.823739260925754,0
0.8840453963610497,1.1945922205137307,1.2575358164134047,1.6309859277485357,4.536461525343363,1
0.7368438970924334,0.9583858198420424,0.7525896782234313,1.1398879622450808,2.845452032708843,1
-0.2813275571182134,0.0516609768510798,0.06370928105009288,-0.808877783629155,-0.24288177547108675,0
0.06699071722487192,0.22907468820570262,0.610845930303805,0.04987290044925835,0.8289576868952945,1
0.5159392177040995,1.0743180127155618,0.8617485052647936,0.4618180683855365,2.755818469997962,0
-1.5625458568865427,0.2243396567780826,-1.4259866397397205,0.8126062836719654,-4.117617248944606,1
-0.5290526773462948,0.9040175547613144,-1.0281588066019975,0.6121564879800137,-3.040243941120983,0
0.7942646796218271,-0.29748220087385013,0.7928716242883765,-0.8403560562646248,2.589148478333561,0
-1.2542894231692494,1.3119837385739466,-1.5208346241771658,1.3268818211346587,-5.203647948598705,0
0.2935579321666293,0.3207857259326839,0.121525953814516,0.0007084975153779927,0.4386816886317657,1
-1.356581804623405,0.19405194360587402,-1.5438488799985306,0.9359238987077274,-6.495220243768362,1
0.46642998243352635,-1.270061088712032,-0.02353280495759591,-1.6374665374791275,0.8550970566629541,0
-0.03564148229748357,0.2869558543017087,-1.0143107768644786,-0.4126582753106069,-2.5048598653524894,0
-1.6151318159055095,-0.8319549174944512,-1.9492033400693929,-1.908411675373209,-7.126235963392951,0
1.1647393544571714,-0.6382827265284942,1.261429080419251,-0.6536759777352018,4.646562167390534,1
-0.734591576798049,-0.8153756283161213,-1.408680099511794,-1.0963406852450845,-4.46025645674163,0
-0.8102524370143808,-1.0662349318992252,-0.8024113187785686,-1.7806872351550886,-2.989535820020587,0
0.20056919723094285,2.1247714030169615,1.1507034093864252,2.719384633644854,3.3354818102135546,1
1.1486373494287152,1.3313390619884031,1.6601656270548348,1.6649616357030241,4.338679379240486,0
-1.015821818978397,1.9203675021442612,-0.19405106441813236,1.9062585626756463,-2.6781339746027415,1
0.06167984984797165,-1.222895019555564,0.25724378831433475,-0.5407318974701306,0.741660446181796,0
0.42881650033057295,0.07125374991089249,1.0125714118237958,0.402521766610199,3.243111256148635,1
0.6931056072631441,-1.2935076252040958,0.33112324202925036,-1.704935575963312,0.9147340360872355,0
0.1764415552772252,-0.695694877197064,-0.14572857823376692,-1.215304959192447,0.1770500448668925,0
-0.3670278390833223,-0.9181269834165748,-1.7365979421520588,-0.5091362111896441,-3.733237872948255,0
-0.8275902206487197,1.2395840064415615,-0.2345174836275702,1.437767484675237,-2.74000054007438,1
0.08614388304637476,-0.39622967810175985,0.8563058729563178,-0.311355794116429,2.2410782394358075,1
-1.072139011985607,1.0683793336940164,-1.3487276346592418,0.6451304322595627,-3.867360847375804,0
-2.9213504834946074,0.604120889588518,-3.0483263366932247,0.908094673091395,-10.634571185256373,0
0.4365598041576678,2.303638752104789,0.05962874731218709,1.9258893105378143,1.40027038200988,1
0.9039348410861953,-1.479444223139724,1.0952616168249412,-1.530437550436563,4.114653282441598,0
-2.3629324355418384,1.259233239786799,-1.8004661628902179,1.982705312980289,-7.093772016234591,0
-1.0097307047099375,1.1464408704007276,-1.881116691650458,0.8160237524956547,-5.502552135528289,1
0.6191542610051978,-0.9733788380270346,0.8238735263263239,-1.759873466563465,2.0900644978689655,0
2.0574954697116987,1.0071333364731596,1.919159583852126,0.48085974053810443,6.9057806175887055,1
0.020793707675407887,0.3361449630262288,0.07749090365875257,0.8332943763700404,0.47105182868270645,0
-0.7280029412291342,-0.22747625995340778,-0.49850594039198876,-0.10011069126330305,-2.2511047231479995,0
-0.18289644110484016,-0.8239354869719998,-0.27699766049125074,-0.8883741763163766,-1.9270904852707766,0
1.3748764191481848,-0.7191094514491861,1.3230829924452945,-0.973656354104971,5.342837560901152,0
-0.6459641791245353,2.049812095785926,-0.7529017629018547,2.292492049562521,-2.3796381835680656,1
-0.7991920066502536,0.000682818957482628,-0.3140339057561129,-0.4238696065376291,-2.0166680698260233,0
-0.4827435221820324,0.7821300015314592,-0.2733635421182842,0.9349627858527572,-0.8422631732979728,0
-0.9533286082587124,-0.7908993816675531,-0.8430368393900319,-1.1565266660740317,-2.353747292926754,0
0.12267031599479553,-0.7798529462216388,-0.5128055445513459,-1.2286826388591658,-2.242561399854444,0
1.6246784584695606,1.0819848092499422,1.4353885868629834,0.7632410918374364,5.5249266863913435,1
0.3230792731160291,-1.3495762115515322,0.7724138532856162,-1.537279934793513,1.3161220108401026,0
-0.2523535021262876,-0.41521376790527154,-0.23350521556432616,-0.4396286858721231,-0.5959854309186131,0
-0.2918112689155441,0.03402741107223205,0.03795446587902507,0.15175530862778921,-0.2978443704279764,1
-1.563190808696657,0.11137260184005242,-0.6799349085328402,-1.7328100438741696,-3.386792766890391,0
0.883109777147159,-0.1790932850161564,1.4024128117515673,-0.5829185638895389,3.879866481976545,1
-0.07783719701280203,0.3958197810959234,-0.03125802816293086,0.20003479241790378,-1.1158919077546408,0
-0.18047991359062565,0.6928557558178116,-0.4359744986884892,1.4453867751219764,-1.3678529633912508,1
3.193107567844861,0.73463754545933,1.9163327698169117,0.19463624126826395,8.825750708971007,1
0.29875290836568624,-0.9858038086678267,0.21456044712925998,-0.9044054996178704,1.384946421144661,0
-0.7517910500951843,-0.2841550979287972,-0.9147972980036089,0.4633600569391216,-3.543196821386257,0
-0.4263575962055433,1.1947628618769377,-0.23117449900785547,0.5382785969033013,-0.5883551788875172,0
1.1484457091967548,0.8946471875738723,1.071493095709411,1.0916348005060734,3.541718610390694,1
0.11327041053776446,-1.372859451481064,-0.046922119180632715,-1.773995368448324,0.25728631824264453,0
-1.4382779783173667,0.35147990035220167,-2.327977443570977,0.09916302920758441,-7.068318831050821,0
0.9192289345752035,-1.9782252493748103,0.44924502000017025,-2.3797806663514676,2.3684187557191967,0
-0.668144085538994,0.04693490206036963,-0.4298185651387152,-0.3189937521475733,-1.415914441300784,0
1.8732977762175456,1.897767016745977,2.731251591783893,3.2587230906992235,7.6589428092498375,1
1.0800480657146485,-0.9478927172689863,1.0312853738418368,-0.5256647812331534,3.342689897882231,1
-0.4473218956587511,-0.8343230454915821,-0.2834163588716894,-0.2834541145984776,-1.1453342675604623,0
1.2810163617351127,0.7640297815728595,1.7572554402115155,1.0100265249911076,6.6368272535408765,1
0.06785551052740331,-1.542801515209646,-0.33759145757272147,-2.345929909410625,-1.004994505437752,0
0.8527736751222197,-0.6327550298850391,1.0361806967649407,-0.4352760447233855,4.371588849211671,0
0.48473281729447476,0.5964411375817527,0.1144877641283954,1.132905944835426,1.9582864060360885,1
-0.8463566549908735,-0.6342858476894031,-0.4139444357453677,-1.0609855847089589,-2.146079429327841,0
-0.6435498323174619,-0.23596998721097162,-0.5678483083415956,0.24669334636959167,-2.250097628259334,0
1.0299608175811612,0.7441857103150346,1.179186724571881,1.096353815242074,3.5572820761831583,1
-0.33477533210654087,0.42154608353656126,-0.7260746308158355,1.3475661059433963,-1.9884135249578168,1
-0.4036484632419967,0.2668183962954019,-0.05013228343660425,0.05792689003859247,-1.4090969780159825,0
-0.955122579349353,-0.33912227927003896,0.08723388126615506,-0.8879277704079023,-1.2963356151520182,0
0.42359906559346105,0.3700611152689556,-0.08035678212064201,0.18924706058268276,1.2231251710743356,0
2.062524919243145,-0.1237326800997567,1.892645415419383,0.594052816482055,6.573535678465124,1
-1.0675329142542729,0.45780560992578506,-0.951729177170227,-0.45639733049519643,-3.6251198777163887,0
0.02421945667275807,-0.49693202511797824,0.4174225626706663,-1.5311198828334944,0.02060407321684876,0
1.4122205554154292,-0.18256897437954112,1.1324474127706947,-0.1378713349137345,4.570256702730056,1
-0.0796413912457152,-0.9899577925520139,-1.4961565363170852,-1.211252438939092,-2.9795343170270563,0
0.4523717962497342,-0.0350076100062359,1.1319665433317467,-0.03114366341839358,2.9743419609209805,0
-1.0623935281468797,-0.8110008636288447,-0.6821404683548083,-0.3383449780109121,-3.066284754041008,0
0.4283070972076486,-1.114046450161993,-0.44316666803568405,-1.3903311232214193,-0.3902516496461226,0
-0.18714426500454878,0.25866114785538813,-0.49092866089432674,-0.6778417676099222,-1.0116236024451406,0
0.985729995679863,0.21273977585766032,1.769821210443526,1.2349805544576324,5.003829113612535,1
1.187386051564751,0.7828737349485725,1.911284260793684,0.2842595912291844,5.761133534712161,1
2.5895636420186134,-0.43112556957509907,3.0588836533580857,-0.9606441305811478,10.109604178471365,1
0.5796331732135757,0.40805284683675586,0.49157695623364434,0.9599128536980541,2.414317315835533,1
0.32579631658216646,0.5507975722736633,0.3672900259884214,0.3585530117529043,1.5617715755376196,1
0.19438430157733602,0.44477380783159476,0.1289213990142728,0.4130788818141894,0.645850171969645,1
-0.35316629281068834,-0.8256536828021421,0.21095359882373022,-0.5842586207719831,0.6513687737575178,0
0.33848384346169114,0.1493634822711889,-0.09943735978586393,0.6911550338261867,0.5189853101490896,1
-0.29540141013902943,0.36414029605466136,-0.6983012375811317,0.19740994946377538,-1.187223245975598,0
0.1684609762696143,0.007178466907941942,0.6735982696876222,0.7671544698650916,1.9033593079729845,0
1.3175975356079597,-2.0864776583710847,1.2954168078521788,-3.1543775827384875,3.6462703796505256,0
-1.0065425652796411,0.16048962397348007,-0.3173088875527371,0.5403832424500187,-1.4920142413652708,0
1.1398785611290454,2.2125310393972426,0.8041224576387725,1.792767260388414,3.3856508776424477,1
1.3171150673398653,-0.3600392687569827,1.2897258871704527,0.326096389547013,4.529146989900314,1
-0.11806852699107874,-0.7280770978553212,-0.5792750194130554,-0.6570548584400485,-1.1949786555679403,0
-2.1218548990085946,0.3733485597113982,-2.118173558296811,0.03689589370669738,-7.591621046085048,0
-0.6078219870944325,0.3123782104665717,-1.347095455593832,0.643798756977388,-3.4924094616348396,0
1.2969945465611092,1.1927351654164147,1.053177836083628,1.6393293390200405,3.7559094588373734,1
-0.022868062298882122,-1.257868155908888,-0.7409949947629411,-0.936921094479569,-0.8791559536070203,0
-0.9993022322949108,0.7313802525749924,-0.6523406156992816,0.21653213275846217,-2.860428636651455,0
-0.5047749212282174,0.5904220612514635,-0.1464802513483915,0.3484134994404211,-1.2414148059003258,1
0.840620026504553,-0.14214653694054596,-0.02451133873761946,-0.14418295550126348,0.7494444544219536,1
0.5467335682013793,0.3386873179216896,1.2136764409516658,0.3180574915966594,3.381841128779721,0
-0.23893209916969452,1.0294574815983573,1.0097754640402323,1.404330219317531,1.7547063293884688,1
-0.36682441181468783,0.8723153800284503,-0.34382121844651736,-0.1351352362248538,-1.0436667477763133,0
-0.3917581490438219,-1.1430193120737286,-0.7123152791561442,-0.9758557847969769,-2.525893725630586,0
-0.9224101844985025,0.8201581867554845,0.4897551110030206,0.6751675095371645,-1.2046956541474991,0
1.6153756894694418,-0.06468860503251772,0.9558914403181864,-0.48393891322449395,4.647642066093816,1
-0.3223204692113399,0.07287409801551453,-0.3122672357767907,-0.2983692908692854,-0.36569424443233756,1
1.2171585208254965,0.0731969910016942,1.3069696571414582,-0.03407184125728761,3.926500284326213,0
1.5213160519224513,-0.1502429887982594,2.1938898621486587,-1.9507855410280188,7.464474443961844,0
0.9983108981479604,1.191707497107065,1.1781803857113546,0.8410627117112901,3.99578264801284,1
-0.4316203127180484,-0.08371795984921201,-0.6809372606122741,-0.5216253721723586,-2.012836442577036,0
0.40373009033660945,-1.1195461283831687,-0.07186209485736861,-0.8531545237218565,0.263096597517288,0
-0.024195606390916165,-0.39352985596972884,-0.19510651651398395,-0.7962931972249891,-1.1187654523268404,0
-0.9037018607301281,0.1786947168104756,-1.4071655412027002,0.07113781672523066,-3.6760196155382934,0
0.324359281721603,1.2292147842970504,0.3482719416139445,2.0003530981277016,0.7952796250914917,1
-1.1790397911598025,0.6030946849488336,-1.4611378810900457,1.1002704448565452,-5.080738786788595,0
1.1876793884615637,-0.8505352787470439,0.4406604918166884,-0.3993995787753176,3.1588032212692,1
-0.4646172972983931,2.4851899166788916,0.1629555968890588,2.2352537014734657,-1.3125064755053353,1
0.2011596558728393,0.2647753109779796,-0.0476766058416804,0.5362914506228058,-0.5554126332081852,1
0.28328787154614216,1.2753907379990148,-0.3507805309415141,1.1584418377722179,-0.28569637631785594,0
-0.25890497370407733,-0.15171443357722914,-0.34303454094784813,-0.24976103891569806,-0.9277843279493863,0
0.5866938014752747,0.5333592447054494,0.6208795844591041,0.7382019165787241,2.3641671951155825,0
-0.47490365662252443,0.8394685045184047,-1.3481370194120412,0.5409717103079386,-3.5595287704559953,1
0.8712972974572442,1.218194711754256,1.0371211310201256,1.9646962639758576,4.646373042546962,1
-1.3459796802467485,1.057368305378225,-1.8695584645918808,0.9773032355792565,-5.8720327289368015,0
0.12637957954641182,0.8721970000729778,0.9818939841418057,1.1813772832028104,2.037964261551868,1
1.9389289990582848,-0.3150867311941086,2.200909255096652,0.4127135084345404,6.911718674373792,1
-1.0003313246055747,-0.5717460419560616,-1.2002813196602329,-0.05591915466847408,-3.8391062179682924,0
-0.6777449705248515,0.3326075103241977,-1.0503288556835266,-0.37185204102106456,-2.8097945511309432,0
0.513907849658915,0.9331280723410693,0.46142399587710303,1.1555760198460114,2.2954987935093087,0
0.17958178193959795,-0.22272070077660705,0.4859771527312428,0.2026389964537164,0.49668484615177355,1
0.3506300992735592,1.0651719657143865,0.3378830349809594,1.5111034767947609,1.0787135496944071,0
0.4891871301476635,1.4526167454861794,0.3806077265792352,0.8959693284288638,1.7183479537845376,1
0.6347214685617699,-0.9163209190734197,0.6639066139707177,-1.2448385375820816,2.573424198081358,0
1.1096998419562232,-0.8369207037962799,0.8077703763377458,-0.3396415859254691,3.283364844512096,0
0.40981865692851255,-0.1403750589053363,0.2382156935069937,-0.5212552442466591,1.3623713571728073,0
-0.24125765461854246,0.30761266818919614,-1.2841538740710445,0.157764639857039,-3.334676176532803,0
0.6725737012027311,-0.524567013767051,1.159436816628915,0.26337089098393374,4.106686901221105,0
1.899881934895215,1.3522026788671444,2.049280825056096,1.3283030536747495,7.444698603944729,1
-0.13263374638257355,0.4240668615184512,-0.5193616683992887,0.06067979260152967,-1.9101378499050239,1
-0.9745293046706415,0.03944704824073949,-0.025161813993022086,-0.3993616301907131,-2.049669109050384,0
1.1070806692869728,-1.4359095238685273,1.150588909483166,-1.2695498590759333,3.4383379478433382,0
-0.12038116395359824,-1.315815816427507,-0.6384529499411967,-1.982389820666111,-1.1184926603645264,0
-2.172669546014036,0.2810092502818063,-1.744300835278807,0.1573412683335972,-7.389969872787401,0
0.8474216771504216,-2.132595626154836,1.0464457854050528,-1.9659803586598255,3.1985119194316978,0
-0.5353281859539227,1.0126374096440718,-0.33803819321181305,1.6622123199179055,-1.2517164671461232,1
-0.09053328230416077,-0.1581538443723203,-0.30341108462995603,0.17562019581267754,-0.7757050599893706,0
0.3319803305690149,3.2430929695947324,0.5572281924580322,2.886060410603643,1.7418706386259397,1
0.1904996797790666,2.30791625061611,0.059620534668519326,2.89712590939797,-0.12791076666874057,1
0.7094518171390395,-0.18144906924751675,0.9874225429619605,-0.3312065880212555,3.3364499983311027,1
-0.43548637056984335,-0.10633700253131496,-1.3879585975751627,-0.7241885135560194,-3.735752697243089,0
0.5131057981760827,0.9955815140020298,0.2961690666864881,0.9095608343692935,1.1996869934381298,1
-0.2595466775839172,1.7031726099180378,0.6015308713201801,2.422257210490889,0.9326075902174775,1
0.738810480887503,-1.6380290574360168,0.3552767531873529,-1.555409032403554,1.8703083384713846,0
0.6153674840130534,-1.7863754653546866,0.3134483352664602,-1.7801145331897934,1.5619379060602971,0
-0.9354387020445952,-0.6220348055543814,-1.1594193712695828,0.19657101679704536,-4.097310206594436,0
1.085982116175032,0.5827375831738644,0.4785790482307104,-0.13293984035334927,2.436356565124373,1
-0.535963445114048,0.4968735905075971,-1.640103833228174,-0.14592596651878903,-4.083061038708902,0
0.8080577982811451,1.0697714549838502,0.6927645990193387,0.26184821950043413,1.9100732788768524,1
0.3672873134013406,-1.1996975283653082,0.435217025442169,-1.0133734351252806,1.1900985378296594,1
1.8381836767951223,-2.3161438629688766,1.8119311425257962,-2.2328972994113143,6.574977739760699,0
-0.22346598237185214,0.8580141953021454,-0.2959052633457956,1.6293823789420334,-1.5657278021720407,1
-0.3493167961181975,-0.8281962729652346,-0.32779636069300366,-0.7064587343968495,-0.6012770897661835,0
-0.019419605887732585,-2.018487864388638,0.4920011298876495,-2.2205664441282895,1.5896794822436215,0
-0.30317978283427505,0.14506374595938162,-0.39840287579888345,0.14596118239843517,-1.8741507138292222,0
0.7999419019420501,0.7931756882186773,0.5129006133984153,0.8520293974491564,2.9045238962349753,1
-1.616310608436588,-0.12205713212127726,-1.7568733508806311,-0.9579377687853607,-6.010003408772212,0
-1.0536824191463543,-0.45784838618248924,-0.7640090392679664,0.8973174359849573,-2.8992844276769367,0
-1.067802921579193,-0.15936223214590656,-0.36178948230756836,0.10057327690504919,-2.57360887304805,0
0.9503075919735757,-0.37058276240078286,0.6362357223889865,-0.2655786083894883,3.1594552463517176,1
1.7106133725819253,-1.3480471119401671,1.760080266096367,-1.040465119800877,6.289127600489956,0
-0.1044492185374715,-0.7146806769904318,0.06472950243050832,-0.3599751866971293,-0.4342914512439924,0
-0.16882172319001063,0.5212799050138145,-0.665110726554422,0.4510031622625986,-2.166055037876504,0
0.07005216311318137,0.3216785413765001,0.08026074671964044,0.006057973256149818,-0.4645514794955584,0
1.1618783026081902,0.16805980596682024,0.4290413739371427,0.4677851491276722,2.694871090002949,1
-0.9273531341905741,-0.9951484818533795,-1.8118782860602733,-0.8022930615876532,-4.72855056751654,0
0.23836898273478513,-0.18150316213566714,0.4217421866809136,-0.5864482116803712,1.5265206868537256,0
0.9751976297824295,-2.1770650464428547,0.7832602591170381,-1.4675472407592227,2.970326415604031,0
0.501094169939845,0.17847666388538974,0.6022343737504545,0.3251526820468814,1.3776117745784946,1
0.1895816165987434,1.4288577078135674,0.18063412809456836,1.7937673889473826,0.3046032820753603,1
1.0010460925671412,-1.4741321320421057,0.5128460682352425,-0.7781716882021462,3.1034355948021597,0
-2.703232292999237,-0.5859276733177553,-2.7258594439814052,-0.574983262735338,-9.748881609761709,0
0.6778753195309076,0.32910677871012955,0.06132466702348005,0.4875827822021872,1.2111711286840596,1
-0.6540756831274238,1.252842634427484,0.0414104958732765,1.6578562536805421,-1.4361177747320264,0
-1.830632896856457,-0.4482246163001495,-2.508618069286439,-0.8106551582001755,-7.594893961128046,0
0.5112025995249807,-0.6922503292658964,0.4133099640406901,-0.6652244978428957,1.3645815465293123,0
1.3736585451629577,-1.9689231424160831,0.8525227511393336,-1.9061488490905085,4.288889676910986,0
-0.13744851462769184,0.10343812930810638,0.14776207205270595,-0.3745911465335908,0.4761302252672808,0
0.9528745472029384,2.042076040143744,0.787158861562187,3.2008944344806833,2.7557765706413315,1
1.6122782579886454,0.2773584619646759,1.3529448981780403,-0.42628825978152535,5.060975169665217,1
1.3149144535840473,-0.022278979183713316,1.7415152261098246,-0.6713309310272922,5.179844012575406,1
1.639964529371393,0.32208231076698546,1.654679825210169,0.979195598618775,5.059589846204923,1
0.7421274910718922,-0.01109200394860206,1.0004497140398758,0.34554112144966914,2.6853694499139817,1
0.0754336389015928,-0.8130143722601298,-0.41522932935713963,-1.3259967810005189,-0.61819953650148,1
-1.6019658118971685,0.8232799156777053,-2.304374283860922,1.1269244232285518,-6.849067536452806,1
-0.24606248812994846,0.2257615231117544,-0.19245850710988163,0.9596867456104092,-0.6797367946183664,1
-0.8432465953161914,0.017613251933657315,-1.002669773063557,0.002481723135164437,-3.4210759660807186,0
2.1709427174978138,-0.97536602727825,2.4841600537247857,0.32404542275904114,8.691267486556784,1
-0.1758858124323366,1.3035079319347591,-0.21584003876361146,0.4414770265007414,-0.6637378438952591,0
0.12320480678448571,0.6647027453331099,0.22574247640180067,1.011614472262661,0.9879190770283036,1
0.5514853760404677,-0.552920837367302,-0.2602058889301543,0.030343330743199504,-0.5800712799008664,1
0.043602446372453724,1.0018248536819372,0.987820916179582,1.4474968044845604,0.07984537610867348,1
1.695051040430753,-0.49757083838520716,1.612930047914737,-0.5997487017080313,5.910330670394644,1
-0.622649361734452,-0.782003492511037,-0.27385587656485244,-0.9272242335166117,-2.1940686225921273,0
0.1946074552372427,-0.7597031174802871,-0.22343837987257054,-0.5376305319366583,-0.26119142824580505,0
-0.7424705856980482,-1.7710685530880912,-0.5884656345893777,-1.3631913097620565,-2.4416856682381307,0
-1.3200225112207058,0.47154238041820573,-1.9714448929830786,0.7727790985593874,-5.129223251589448,0
-0.6117690909052854,-1.8311448783383502,-0.3857351717754499,-1.3111159329416555,-1.4891257034370249,0
-0.03703679704841202,-1.2284438312657626,-0.2150238392413284,-1.7378788097991302,-0.40267336065593845,0
-0.42930222451725997,-2.0755880090785332,-0.41470697254947625,-2.189473498640351,-1.0548717045580056,0
-0.692420979873856,-0.08606969279089306,-0.3434339648088072,-0.5560776588527702,-1.541250606008879,0
-1.4063174636718339,-0.15032046027187207,-2.022587619281974,-0.34337684831494286,-6.383489930565916,0
-0.08310557262869477,-0.32669621318636405,-0.4253514379350933,0.1809142327207886,-0.4396232696859488,1
-1.5047203740310022,-1.0425776946705763,-1.2760582334876194,-0.9885857343079618,-5.3640720919658795,0
0.7600559636896026,-1.17223375343664,1.809166700962976,0.13119582813824482,4.920040941227136,1
0.08243975293450329,0.46436986354657417,0.013398585603762406,0.5610730471414327,-0.6233280964588759,1
-1.4575514994649306,-0.5505519317084877,-1.1619834405029643,-0.5207059914186196,-4.408322201445327,0
-0.30920907704986345,0.31635832153614474,-0.36269481197910347,0.3694497812562529,-1.0927084186465374,0
-0.7521564055905832,-0.8852486861242225,0.2189663917875666,-1.2041530325541905,0.1479256561465897,0
0.31917451041918043,0.18106274277108234,-0.5544363230634474,0.15214443658228546,-1.4125978272190138,0
1.3404504460231446,1.3032780373160637,1.3877609683578236,1.8671720508718868,4.485754017823458,1
-1.8751724696457446,0.5861658003927833,-2.687944486426775,0.6431511344566695,-7.777306464035096,0
0.11502607914741717,-0.4124138182164804,-1.1382597061209412,-0.809143683158216,-1.9363216653221027,0
-0.16013279556664034,0.25719897035592737,-0.011401769007731904,-0.2053433398833902,-0.17285020569667275,1
0.6713400764504653,-0.24066517453021302,0.7410889745241949,-0.4657661203631347,2.011120212244818,1
0.21319662823768915,0.00788018469472816,0.07077815936658846,0.04481190190016835,0.16594208704399604,0
-0.7519693317388191,-0.325611052148504,-0.8050663767586956,0.271182215589627,-2.1155662470139918,0
-0.31905393566661816,-0.1643352058853914,1.2300957813690105,-0.8345795265686098,1.9558560623611299,1
-0.796025856803489,0.21209335307417554,-0.9251134258192062,0.052180214129797425,-2.8565857887714095,0
1.0760071385985983,-0.9933586995819507,1.3310693192236358,-0.9212036898644113,4.21855518195693,0
0.02131164867194222,-1.0158788269899783,-0.3033707611349982,-1.932731710804696,-1.1663168068869658,0
1.9011906857530074,-1.388542553831211,2.048806973273309,-1.8053416953144144,7.416305188213627,0
-0.060660813814620775,-1.60027110450371,-0.17977765134242954,-1.9402153743718031,-0.1989303311405421,0
-0.7084067669104628,-1.2172826922204794,-0.9136660082753278,-1.6152678791457284,-1.737123748232755,0
-1.5137143926128271,0.15946250680412918,-0.6042651265126647,0.2554072793149529,-3.9868925317698425,1
-1.803139676255945,-0.8927875154918841,-1.2145471946637756,-0.9730673202427828,-4.7225174431112285,0
-1.5841359430054898,0.5136144642310962,-1.5157626193058744,0.2359714129305781,-6.063501136138485,0
0.2671266510114834,0.03471374875256186,-0.8849793169605,0.24869506202887937,-1.290595373567236,1
0.5087250232299338,-1.9685042134380537,0.328220411603649,-1.106966854614929,1.907781652583781,0
-1.5811907020321334,0.6549755842216898,-0.2296769198295916,1.4746038425925658,-3.867207450755627,1
0.8950383140761154,0.8107986455917099,0.7797074807562614,-0.15058724043945826,2.799506195505892,0
-0.4830610516834395,-0.9938626748348534,0.06854773434338957,-0.7053265829172836,-0.8691009758596902,0
0.14679301198554937,0.4201915428949916,0.8677642129618498,0.3311798978630724,1.6047392947544628,0
1.6122206282554243,-0.856498237409199,1.7217025861834119,-0.7789205659765208,6.054342440879638,1
0.8968393158655319,0.0976703767483354,0.47592849993145575,-0.10147114002293889,2.8574588268725067,1
-0.2685306479058323,-1.2644984069549656,-1.4861868137972765,-1.2057040920113644,-3.4418089570678787,0
-0.8911922254152874,-1.7931064525345768,-0.5491106211108101,-1.7174027544985675,-2.332266366564541,0
-2.151815401329305,-0.3828171896129687,-2.559193402741079,-0.6722930682874302,-8.288955530946492,0
-0.7191533192424201,-0.12372894627483615,-0.631078093298574,-0.5719127201874266,-2.339984412282571,0
-0.21113023882769438,-0.39767969361460404,-0.8360404086223765,-0.6220275349243461,-2.5334474943423477,0
-0.9871795271511837,-1.1840305582225594,-1.1197982973862848,-1.0669009259941766,-3.166143584637899,0
-0.13125696709230472,-0.3998990621311371,-0.11439743964177809,-0.10040089128900503,-0.27808264584259523,0
0.07685188295876821,0.269294752580734,0.21114867348091715,0.6959692412508073,0.7350159164012754,1
-0.22485598180807856,-0.04489303012253698,-0.7822670754842856,-0.29198804165599335,-2.3050729381934802,0
-0.6500025808234597,0.1825010305992134,-0.0515471064427836,0.3244233142505818,-1.307708283115377,0
0.16865467196672768,-0.670115200454233,-0.12979272039925793,-0.18886390447758378,-0.09467053170381355,0
0.44194064956940904,1.1717179147161598,-0.3952940806572135,1.754515362288224,-0.8947395336847394,1
-1.090399077442846,-1.1761733365547806,-1.1449107874245779,-1.2055897636205417,-4.769437353612264,0
1.41093237974627,0.4875602970867186,1.4281200342595002,0.37709443461691255,4.672264672819122,1
-0.09858813228426173,1.1818910929599615,-0.01829341569838186,1.2774532098781577,0.07679135339803878,1
0.018849622944847662,0.4809080927488954,0.6999158247873872,-0.09394564369980746,1.1015373890270754,0
0.7082144232565574,-0.20252422706482995,0.5899900048886277,-0.299328982582584,1.7328990458667348,0
0.23321613126350177,-0.5282970466629789,0.1734063190791161,-0.15600384742641388,0.28929400843464975,0
0.9531366339132451,1.036087651046256,0.40154444329669836,1.3570612157681066,2.005122625890608,1
0.2871241652018242,-1.422974925261673,0.6974009166457726,-1.5581087274436176,1.6485585996842296,0
-0.6124373746404379,-0.9701242603796436,-0.5202828426013861,-0.8612651598360603,-0.8764610210601509,0
0.36150352520610163,-0.3975577654917214,0.15148966155902022,-0.8098829356370651,1.372544925170852,0
-1.1437262073206618,1.2376537575119981,-2.0960635540533934,1.5893998316245106,-5.3953293629469155,0
0.10855970577652314,0.37976763604089603,0.8307658033040669,0.3408569179726595,2.4086613474096095,0
-0.0332299906444608,-0.9680457585102453,-0.6470699728724894,-1.1060214843583143,-1.8433953663786946,0
-0.2081168572725397,-0.31030770538490365,-0.5037558619573925,-0.49116962343159687,-1.9308693173172142,0
-0.12853751143893075,-0.6143231440962944,0.05063474409907087,-0.6457700775462235,-0.6449719247272827,1
-1.881849045497639,-0.7097889922335351,-2.4801280098059824,-0.9337278146995145,-7.115776521189504,0
-0.5487249077409615,0.9788895585567791,-1.2954797968675331,1.3079610765580607,-3.687642849787754,0
0.09284490114111471,-1.3717431292635054,-0.9691288902092177,-1.5693849032715956,-2.424668519826407,0
0.15985639199740037,1.6087808557343735,0.5203548684502182,2.405262903748064,1.0649962247866303,1
-1.0276751409259581,0.8282296901846228,-1.300268263289119,1.5608349419253131,-4.261352003824489,1
1.2657078408647005,1.090861670603698,2.7293428871013656,0.6450899256764456,7.491454172347064,1
-0.8661748482145006,-0.4629395120252583,-1.3633523810299373,-0.4280873773106182,-3.9004915240256044,0
0.9694572005267368,-0.14994071907910939,0.5087316888122762,-0.47526902974720675,2.0575588964779032,0
0.42719436187168486,-1.4331518145247122,0.14449787672898412,-1.5964755961190178,1.272615492522351,0
-0.6462273098438029,-0.524662407066803,-0.5246599822745583,0.47655132675559553,-2.3382576961899004,1
1.7753108926095116,0.4936548476431509,1.5402092232168558,0.3398691390852513,5.665246616995458,1
-1.19363683175648,1.2960630617813962,-0.887470724755224,1.4761760803201105,-3.2220096618934906,1
0.9191541736100015,-1.1071568168024517,0.4298599786156743,-0.8364961697983125,1.91754051567418,1
1.0005823180429783,-0.36550593698526584,0.3097864588111877,-0.8658206232268861,1.8357706828962739,1
-0.6706202090766449,-0.15129922023252232,-1.5697275787811986,-0.5788469574371248,-3.8495514463307994,0
1.3924653000643288,-1.3957892021924851,0.2806782160957304,-1.9988003878965448,2.2211877939854445,0
-0.2500465145989528,0.5913492417584003,-0.5090810243364812,0.14836387480951174,-1.5856278323734267,0
0.28869362927985703,-0.7239903317426091,0.13820347308324607,-2.1490053864012,0.9873184791077239,0
0.2603218387712207,-0.19539035117702397,-0.05539667497037093,0.07690084921979007,1.3067356289340768,0
-0.1343087414705478,-0.4519493719118777,0.48739415712303313,0.5751475487161573,1.076027454421618,1
0.8108082731597821,-0.7893385057196743,1.4248233779638495,-0.7154281362014109,4.302179047162378,0
0.793488720552213,-0.0070449854805546995,0.626087226829962,-0.7151794151508584,2.707808326324608,0
-1.7485319732381808,-0.21560957856802238,-2.6454925298341623,-0.5369977700179964,-8.45037815655912,0
1.3043402428781525,-0.37185788227866556,1.0209876888506262,-0.601296304791164,4.056284111358435,1
-1.6624919880356743,-0.7284616216803428,-1.9624026849942051,-1.2372540102870306,-6.433426596210123,0
1.0325462043416573,0.31952467078295543,0.7039787232026283,0.7496159899805338,3.117569023104121,1
1.1267051368275833,1.653617268492285,0.777845684878461,2.058747290679952,3.3040031012362325,1
-1.0909664302151982,0.13988723283912738,-1.4176978780776017,-0.4378386640697025,-4.281995562769445,0
-0.4108142879545848,0.996118214911129,-0.6040850959034647,1.358658737134883,-1.9801252211884075,1
-1.1057046684859357,-1.3902219251534627,-1.423475217893714,-0.6268155933648301,-4.476202979830435,0
-0.21492103028873533,0.15776143929376948,-0.11075977597593925,1.1090405419085494,-1.1578153804134774,1
-0.30803428418574125,-1.0973683189710666,-0.1278499262333107,0.3352376925719147,-0.8777049177466902,0
0.7796605322693398,-1.4769249275319014,0.32433798867809494,-1.9279212522535,2.5135835498485215,0
1.3103087461196088,-0.7393714074590362,1.9458414091231253,0.6727388057385654,6.016550107239791,1
1.3956838107899563,1.1918993344135727,0.9056526598696494,1.0147961401591785,3.894370517232695,1
-0.5621680265783021,0.9500158286696456,-1.3710683334859706,0.6537831009793884,-2.637327068712221,0
-0.20922187374452778,0.24300472205439969,-0.018832838062001922,0.40654090949332233,-1.031915975891335,0
-1.68343819222095,-1.5327005598899308,-2.09214225942812,-1.823731226936437,-7.264169584910774,0
-0.8058700664961886,-0.1962806513879368,-0.6452243311174947,0.003241418935326257,-1.6428980563411357,0
0.9648516330974576,0.30170000890173554,-0.2369826674528076,-0.3583385849669153,0.9962925827650382,0
1.6155828235482317,0.1755362295785979,2.3118107942897654,0.05615992854688075,6.925704305756981,1
-1.234348871879922,-1.8437935834807457,-0.898202167859721,-1.2010024662999061,-4.2475298060871465,0
-0.5924642591528942,-0.8903178480198718,-1.342702533734395,-0.9188484937354497,-3.3502533230006257,0
-0.026405756958926992,-0.06407776414871663,-0.7657943188820698,0.006720129221224738,-1.298967338438799,1
0.28016115881960635,0.5362909095171899,1.1162941108683702,0.7739202118758456,2.1055827795487017,0
-0.8096035199216461,-2.1961278210999464,-1.1782934716706255,-1.6107970064411163,-3.641130015998934,0
0.4240610444640897,-0.16212397547985843,0.006968620097777711,-0.989736331574575,0.48227089087515695,0
-0.47383934707091613,0.14304876987895235,-1.6068653941455575,0.43531079579766974,-3.796501235688104,0
-0.014452270878279104,0.8496119885162131,-0.18984137367905618,0.7155424188953314,-0.9609862747858529,1
0.5462842480036996,0.6928575842374367,0.43242444058582313,0.776176531893356,2.3102489804337742,1
0.0064222698109378164,0.5825713188088052,0.3641688181956804,1.1125464036899932,1.1958829319065698,1
-0.4363858905265686,-0.7999405067019342,-1.1359251046188064,-1.3970338324078564,-3.108016824393874,0
-0.10960980392583083,-1.9080021371233076,-0.8697532000461357,-2.414324357844852,-2.012130461800203,0
-0.08836295920533539,-0.39305275706140097,0.13711835818290302,-1.3607677369183042,0.07348120241899493,0
-0.37001102988212803,1.00163182520856,0.13335400573140438,0.7270523543266718,-0.677462809863635,1
-0.25879606266710237,1.3934545275244314,-1.0443722382260439,2.0586706997138395,-2.698653279570259,1
1.598647170504717,0.7105491022977853,2.1394042136545877,0.6502555080610506,6.541643999228946,1
0.5609194479412387,0.42934082280173436,0.5796903686846494,-0.24072162502565853,2.807194094634721,1
-0.29548031802916036,0.3796396483859655,0.25042235150816256,0.13680027609844198,0.5309333801378029,1
0.6969544045107356,-0.5561187467607805,0.6618442237519273,-1.300049598506092,2.8364474079382695,0
-0.33381948975600995,-0.13006029355362003,-1.5949584484999852,-0.6926533444192009,-3.5056833251317903,0
1.1731246375866413,1.6690695258263315,1.097140946428622,1.8634789809581882,3.395305344771588,1
0.3696421921980939,-0.9425580057918765,0.8997141015337289,-1.5294946689448912,2.333145939075909,0
-0.10730214400422883,1.6147787907098514,-0.5541751535460859,2.1710959433115025,-0.7840592932918249,1
0.44771692581027733,-0.3220281544920584,0.2537344413565512,-0.3575882999072264,0.5499119567448744,1
-1.5708761520684993,1.3254321090950785,-1.6589429038439885,1.3682294610673411,-5.355923432354094,0
-1.1267674689098053,-1.4068150094975382,-2.576524408844046,-1.5460014933014852,-5.681895408421417,0
-1.1939250063990554,0.5859042011646491,-0.3582512186803173,0.9723281204365107,-1.9764816239643517,1
0.14294309476370676,-0.736770135947622,-0.3077447451848805,-0.3451901920591166,0.3059397195567929,0
1.732514999485092,-1.4152671919241875,1.9853827157214914,-1.2477400159681018,6.678707305891701,0
2.2313001461926323,0.21853404241094568,2.187949578118528,0.5009285953647696,8.2068153499085,1
0.6380511014407572,1.0094717885959688,1.2668606296204372,0.903426953635756,3.1318713042249926,1
0.5008444749444569,-0.8449414385934964,0.7038725361584974,-0.573839935138972,2.5569436909042933,0
-1.801057734152739,-1.4990159604584012,-1.9185198699132262,-1.6679548481953046,-6.21143227402518,0
-0.5426737997340217,-0.09184476433495513,-0.9894313459936619,-0.09072895325375413,-2.6479178045695253,0
-0.7877837519082389,-0.08743532877718112,-0.38885840121716947,-0.22475720346032985,-1.3013887204374481,0
-0.620847598251116,0.548319627554499,-1.5575682502284245,0.3197103578949011,-4.315800316757218,0
-0.16814381858478955,0.9495945713644882,0.1548013915531567,0.6050386725035931,-0.03614170300770199,1
-0.4720905776971272,-0.059415181272494094,-1.0216129534745635,0.17442987065694865,-2.7036307528156693,0
-1.9792998103757877,1.855503314794263,-1.3531579793974677,2.5108062712009946,-6.190071159903317,0
0.7479102561175338,0.22423474453529177,0.8285600274488814,0.8097857303700715,2.8924514109741875,1
-1.0727430257398065,-0.3464265060068996,-0.7506811418147521,-0.9747091739796173,-3.9699420287161375,0
0.23924686411114954,-1.611567359102828,0.2802412710235092,-0.9669658333993912,1.4428301054278472,1
2.0740826697499735,-0.26265952031616774,1.1978941221794752,-0.42173877112513214,5.530230932266893,1
-0.9193845915864234,-0.33638694541113623,-1.3497491732840925,-0.03602043783834041,-4.339021685899702,0
-2.5302875227463297,0.9603047962814704,-2.1940928539406386,0.5071971302578648,-8.600803798148332,0
-0.2860042218801108,0.46248362406685406,-0.2026763132001888,0.5334735810038567,-0.9516484740301376,1
1.100959634998571,-1.1793691216326172,1.691454587651407,-1.0225075301841637,5.3784784831868775,1
1.9583474542205939,0.1722543864110375,2.15998473573918,-0.5700480095487889,7.531360142178031,0
-1.2295495944524168,0.6715311717290534,-1.7129005398037467,0.9756647549011481,-5.6228944449253495,0
0.4966992232365217,1.5280313593878327,0.09866715437620471,2.2009988633069906,0.5193633072933749,0
-0.46531045678005334,0.8875039674140593,-0.4138517615184347,0.8001799945732454,-1.1972198550471256,0
-0.10594835430413566,0.7608466543114778,-1.2629703873041884,1.4409307197254841,-3.046037008372095,1
2.6443433470170348,0.06008599461516361,3.4810642898285273,-0.03476075211104015,10.958598487222359,1
-1.5029703283951532,0.3883120054234496,-1.2820969602063745,0.8131042709467582,-4.756772091743341,0
0.25373966149457344,1.2495049007061587,0.8672569600190096,0.14021991773060893,2.2711544781432482,1
0.4676931717654332,-1.3327773974796497,-0.3226087986391513,-0.12338850782291799,0.48545737546078305,1
1.0857863249393471,-0.349439327216956,1.708068905116975,0.39828979540452253,4.413335829209309,1
0.09798315347089544,-0.7725687487562409,1.2137326089847698,-0.9148815008830804,1.6188602855456389,0
0.30805053950410216,0.3791531187261241,-0.3523886381845566,-0.6068913945957849,-0.5264251077271358,0
-0.3916485674217908,1.2302221756507876,-0.005947669969907532,1.374236359803532,0.30139601284359174,1
0.26912694124510733,-0.5969742867210739,0.26968191358875393,-1.3189370602579524,1.954141289088858,0
-0.3431922754974105,-2.390304367469438,-1.1154091996215325,-2.167877598690694,-1.830018244706237,0
0.6215718898560508,-0.41222074502447015,0.8680138757819857,-0.2064378854423292,2.5718949024677027,1
-0.36961033604363397,0.9134737320174066,0.04719126637504023,0.44277214751639415,-1.3510905123077848,0
0.37710039390218647,0.5376299029498797,0.07653711756776305,1.0981134147570684,-0.4527947248371146,1
-0.029262813684978354,0.4281862478105761,0.553695446442633,0.8309735992136629,0.756477591583093,0
1.1260502507721681,-0.27999330187447974,0.2926685473775693,0.20791836676980197,2.1753756558387107,1
-0.05139372358848624,-1.2790307362197864,-0.7987717968133083,-1.2746018843853386,-1.0243214784813666,0
-1.7730324682068814,0.5152943216244674,-1.7047337704125052,-0.19246771183238587,-5.635113513364109,0
1.2619215007139917,-0.8342818100346248,1.2746141397001276,-0.34534567392905596,4.555813069967053,1
-0.9057323008626189,2.184096733380456,-1.2640190450746716,2.0489110338125607,-4.331558926913843,0
-0.6537663386488198,0.570507208354516,-0.2489691206628769,-0.12438286324181858,-1.9589775284214288,0
-0.5956612940434921,-0.5806483025539507,-0.33021413693551743,0.09537138043321225,-1.4268563714005553,0
1.3744380931708173,-0.6113852473886279,1.8035076286378253,0.4383185128626268,6.01719788645174,1
-2.135674213978696,-0.09294420661358828,-2.19724243165483,-0.11356827110318979,-7.402055553154911,0
3.1377485336599946,-0.23950192202174977,3.439038667649165,0.8400586552798961,11.067401155984994,1
1.0560568090660518,1.1168337755299542,0.8332316575510545,1.162491139835629,3.57588234309723,1
0.22323891412915967,0.18641616974404632,1.250148259172458,-0.003811782339129266,3.048110373089361,0
-0.05489400061628639,-0.7316317389085281,-0.4611668856772792,-1.0468609660012669,-1.5400079753740772,0
0.28555407485765694,1.8904406851557827,1.3382027895868127,2.7089818891521538,2.712576206309983,1
0.5211224283793385,0.049308331520222654,0.5385664019240428,-0.3407636091736632,2.2030644336978766,1
0.6452155859500572,0.7688396759688971,-0.042539858834314104,1.136474330956391,0.7654898936835122,1
0.5556044660034485,-0.6082265074447593,1.239644141247749,-0.8878084249743634,4.107268632318899,0
0.08958068125524882,0.3631156277445234,0.15253137545272832,0.13296224645734184,0.6899984108206181,1
-0.1973384203073261,0.31110999114319526,0.22822362888279288,0.8262348381279787,-0.08287596679003797,0
-0.1512732836535117,-1.8896492920961532,0.46065467561778495,-2.07966771524083,0.689296625559836,0
-0.194908280352681,2.01527511046064,-0.025930503280168382,1.8128774207504934,-0.31253173077049917,1
1.1337700968670645,1.2906444609225471,0.8376496744606572,1.8570468095099506,3.011759337601056,1
0.5935567222808619,-0.39719531614598763,1.081413411115487,0.40150333046482395,2.5968678065634534,1
-2.9403886346642802,-1.1022697404558555,-2.9400108809369825,-0.7799248388137388,-9.939909766965636,0
0.655900776529761,0.34756161380355205,0.9988296858339705,0.020176725991577438,3.4041471849836302,1
0.19473619471877485,0.08669769941439659,-0.8821290921769558,-0.16860655023439314,-1.17026315749927,1
-0.018708756445897416,0.3556689485632294,0.20478210205902853,0.39562658043324817,1.1391601166111118,1
-0.38851845308888583,0.19157739619408962,-0.7078113656614009,0.35204242715691836,-2.269287028961932,0
1.1241127199860135,0.5062409893059261,1.9507675385752787,0.012308034236040155,6.424839540165142,0
0.9475264621228578,1.4473056993918065,1.2590701360674055,1.8088246691817385,3.4889694060420213,1
-0.7728776678236091,0.5681032051286461,-0.6529487948989608,0.6108598699484457,-2.9715568732175814,1
0.4070522871245351,-1.0496554989099411,0.6502072837996459,-1.907509658229006,1.0310135572114694,0
-0.9716567345412859,1.3625628527124518,-1.470877160979645,0.8980996114820866,-4.622137080684627,1
-1.3796181647889303,1.6406145634882872,-0.5679898195249033,1.3885502266624554,-3.4572680546479293,0
-0.6267172245899651,3.152056734512085,0.3689679846184871,3.1156278900915573,0.0608287724793517,1
0.8623934723827588,-1.123494033239598,1.058850227656867,-0.17885463548759994,3.5332361346980976,1
0.9531250453760867,0.24288201315027502,1.748326829662906,0.36196766622008913,4.3298545418803736,1
0.513085420097293,-2.0820987031889877,0.22851132076102604,-2.5024846481383003,1.0302876524550828,0
0.7250957868479971,0.5531491563792091,0.32653900373550676,0.6634645585327907,1.5549906771991666,1
0.5161782871149584,-0.5482002981667726,0.5366406614794198,-0.7242441718937132,0.9595576301503308,1
-0.6414815952229522,1.9234457948249533,-0.4240110760390029,2.0858249145917243,-2.300717908419119,1
0.43192254467394064,-0.7746149700185819,0.23492920405238044,-0.48433112650077437,0.732335409808627,0
0.8004095252276825,-1.6891830379672617,1.0692936204119243,-1.0845677143552925,4.056014038575846,0
0.7542913298135745,-0.47126374070251964,0.9074860708502815,-0.48340698853753256,3.042134494399601,1
1.188913371474643,-1.9754877712171375,0.6897599838291155,-1.156007507417221,3.4939744018439454,1
0.7083038472010638,0.7510994545073101,0.9677003559269244,1.2051107857754058,2.2485387340808383,1
0.3514482075415829,-2.0650830462563206,0.7832123288023435,-2.4188028186624146,2.690704210424057,0
1.0701502383164274,0.02845758118315888,1.155884897111623,1.133385414057391,4.5675461832099336,1
-0.026521259249060073,-2.077811819856197,0.5498027923817861,-1.9143145632211478,0.06065121231766901,0
-0.8818746512277181,-0.3202978045366419,-1.490576547976194,-0.7378600565227597,-4.656623434751889,0
-0.16306696394376388,1.643378155804534,0.07090824712216198,2.4698346814197447,0.1450988348364333,1
-0.7449026448064491,0.36064789143579495,-1.3300429980048365,1.3995366840350172,-3.4552457364502556,1
