W_C,W_Z,W_X,W_B,Y,RW_X
0.4967141530112327,-0.6784947304872218,0.6708572768446419,-1.6687807142674251,1.8508570090554322,0
-0.13826430117118466,-0.3054994630536529,0.0033974950966485784,-0.8329922865220889,0.30574977394432024,0
0.6476885381006925,-0.5973810610451429,0.1794286151979469,-0.8908952641914358,1.2312966138957737,1
1.5230298564080254,0.11041804694611956,1.8128219672898944,0.1852525024084653,5.955473351550647,0
-0.23415337472333597,1.1971785314619128,-0.979194712511645,1.7092596947653518,-1.950924183789435,1
-0.23413695694918055,-0.7710421571412046,-0.5612291198293449,-0.4239741854553224,-1.5031453785069309,0
1.5792128155073915,1.000820497768414,0.5796689090584876,0.41115809854467134,2.6192331122131325,1
0.7674347291529088,-0.7816720723468876,1.546747987634316,-0.9675282034297138,4.7649418212747685,1
-0.4694743859349521,-0.8476272124968842,-0.5852491329075998,-0.8094394181456009,-1.247245429760102,0
0.5425600435859647,0.8185946183432132,1.6260020609941206,0.6874910561199635,3.150286141566967,1
-0.46341769281246226,0.9219363780076167,-0.06194272955271474,0.7872887650734696,-1.3406576011548919,0
-0.46572975357025687,0.8514099367626543,-0.24168064689474464,-0.009961725564481605,-0.17001611540211914,1
0.24196227156603412,-1.3157974082181412,-0.05115157557446548,-1.8921644837879614,0.37665759545207617,0
-1.913280244657798,-0.46595097807205077,-2.4364552625015077,-0.6674209026416874,-7.74105525535453,0
-1.7249178325130328,0.8229885920033214,-1.4634320455645602,-0.7236242454692597,-5.727432543423455,0
-0.5622875292409727,0.04154184056389461,-0.5980445338774638,0.36186400056882184,-2.5548716870447037,0
-1.0128311203344238,-1.0736928461974642,-1.6824662780770743,-1.760032396052999,-4.981388057808976,0
0.3142473325952739,0.4583179391254417,-0.4441818756588854,0.8017370057580107,0.07021861715799554,1
-0.9080240755212111,-0.7148072589914702,-1.387375940093003,-0.41534925675601525,-4.1446269731583225,0
-1.4123037013352917,1.7945248483922118,-0.5018200887021764,1.5226783268360196,-2.8169536864607663,1
1.465648768921554,1.5448414624182587,2.572287727927206,2.0451156252690277,8.225902183490025,1
-0.22577630048653566,0.6040974263555674,-0.12328172683208075,0.975696098818034,-0.8754669946170615,1
0.06752820468792384,1.3610067047697736,0.14199960280856805,1.2065259693524533,0.5367289629782427,1
-1.4247481862134568,0.0647913501233811,-1.5929083721282173,-0.14608845747246807,-4.820742243108781,0
-0.5443827245251827,0.7654374943750158,-1.0116253986799337,1.3140538872071943,-3.30627670088094,0
0.11092258970986608,1.477720295302075,0.7985121185134881,1.593727215005907,1.8524345356246779,1
-1.1509935774223028,0.2454986817943127,-0.21420538047373483,0.7678472659783838,-1.2187388647677437,0
0.37569801834567196,-0.25518717151428366,-0.07101152457397081,-1.4496742086906522,0.2513987881406585,0
-0.600638689918805,-1.7046219581771158,-0.6420578791311058,-1.6553794096673848,-1.6509005241385244,0
-0.2916937497932768,-0.08313352572149399,-0.5166269001483608,-0.8718380692061805,-1.5413628635915226,0
-0.6017066122293969,0.8234231845623112,-0.8118261496618855,0.8105289308189296,-1.626418709009371,0
1.8522781845089378,0.9456334275676296,2.445232312223869,1.3025435317405716,6.846147956792591,1
-0.013497224737933914,0.5043650657184098,-0.6694779974209948,1.373935138592961,-1.3267237364437485,1
-1.0577109289559,-0.5412990949622398,-0.8244760834877468,-1.0103824591808328,-3.9749459079822884,0
0.822544912103189,-1.9768215689475905,1.1866639657561218,-2.239673971598582,3.2567068915265804,0
-1.2208436499710222,-0.4952150980047351,-1.2919192367719319,-0.5429815515425039,-4.768513341147994,0
0.2088635950047554,-0.3043448710539514,0.6553975084981418,-0.7916104217848967,1.4906122559364896,0
-1.9596701238797756,-0.3129289671900141,-1.8858442036110505,0.17635089720461444,-7.3053392683894245,0
-1.3281860488984305,0.6185563569779244,-0.7196210883203744,0.5835090842951127,-3.4673910287681506,0
0.19686123586912352,1.9856764110148395,-0.5642414165938036,2.0466549227028623,-0.6029577271433328,1
0.7384665799954104,0.12352920184109302,0.5640789494919758,0.43361576522817236,1.4699062026662841,1
0.1713682811899705,-0.21673178915646166,0.1354617097644532,-0.25258754734416633,0.2105095962991264,0
-0.11564828238824053,-0.25922181300409286,-1.4517519746239151,-0.6679913770920254,-1.8064803064486794,0
-0.3011036955892888,0.12438476690771437,-0.8440800623785563,0.09287464775848088,-1.9751970987081213,0
-1.4785219903674274,-0.828293760348399,-1.8853216175468206,-1.2563844401050934,-6.897296822735665,0
-0.7198442083947086,0.12019855874605508,-0.2457412109830338,0.1741890033042982,-2.2714816669380244,0
-0.4606387709597875,0.4508123363317998,-0.8140604441170878,0.9492811967326981,-2.2061269219874267,0
1.0571222262189157,0.20968606357448813,0.6480827325659271,-0.3778030825616776,2.9321818237473467,0
0.3436182895684614,0.4575419340047812,0.7523611798965573,-0.30864356671626497,1.7264283932953668,0
-1.763040155362734,0.4337476093485353,-2.571995478257761,0.45837257730837233,-6.691893711115635,0
0.324083969394795,-1.7718966822464437,-0.7115380643269911,-2.1557964906183966,0.3724142358725371,0
-0.38508228041631654,0.6368701583954032,-0.5658784304509897,0.6527427956013876,-1.841571961451316,0
-0.6769220003059587,-0.6710148456624536,-1.4007753843451365,-0.5108130853576033,-3.380455336185842,0
0.6116762888408679,-1.095839163003958,-0.09316335848895663,-2.1676822774682276,1.1927708019438898,0
1.030999522495951,-1.1044518278549962,1.317716418339942,-0.7595271140257251,4.709868690162599,1
0.9312801191161986,0.4335416104725293,1.369267038072488,-0.15129264100509515,3.8154115939323225,0
-0.8392175232226385,-0.22257492722485292,-0.444785415296576,-0.23374890250719788,-1.178672506816841,0
-0.3092123758512146,-1.6819687839854105,0.24517595430240186,-2.0116599517046256,-0.007765253289222736,0
0.33126343140356396,0.4780378151922834,0.9518305914109648,0.2020593078001362,2.6115523704398313,0
0.9755451271223592,-1.439608130798827,-0.08874997729110623,-0.5926291609898331,1.2868394912154815,0
-0.47917423784528995,0.13982135851821087,-0.25396825788055666,0.2994551189160414,-1.2965409586784278,0
-0.18565897666381712,0.23849892567305414,-0.4504630764485965,0.6908431271498496,-1.0402123879239886,1
-1.1063349740060282,0.8855770816950449,-1.4800470970012463,0.9610477587964164,-5.212539441908293,0
-1.1962066240806708,1.7816847864668515,-0.9159993079763181,2.0916915737943285,-4.611885061660467,1
0.812525822394198,-1.3646763259005417,-0.052621917553677844,-1.1559871448288157,1.006854660477078,0
1.356240028570823,-0.05247385606304944,0.48068572563466294,0.07475421628036344,2.5555176756639257,1
-0.07201012158033385,-0.27633529504421733,0.24477625046052473,0.2772426595381226,0.6552891575438688,0
1.0035328978920242,0.43374968596096225,1.247425906647473,0.5120024128830973,4.217046239488806,1
0.36163602504763415,0.21566877093361872,0.4300023529833893,1.3582430570424713,1.4091987533865808,1
-0.6451197546051243,-0.35254624273662016,-1.0850764569666926,0.12771954366959876,-2.397045150563879,0
0.36139560550841393,-0.44090218861085556,0.733310422799476,-1.0106725374807004,2.0056004144300883,0
1.5380365664659692,-1.1164508551840477,1.8781880124962071,-1.2047257096755388,5.3343554532184205,0
-0.03582603910995153,0.9878615824065096,0.006826218413775564,1.1864003821518436,-0.15190874266458404,1
1.564643655814006,0.45920418159952936,0.9759831351791203,0.4814525994555478,4.884415637506754,1
-2.6197451040897444,0.9177681977951373,-2.832369276954498,1.2612049072812213,-10.536483546523884,0
0.8219025043752238,-0.3103961364755137,1.2408193431374452,0.0881122159414231,3.667474279312738,1
0.08704706823817134,-0.6568354686944304,0.7506426796390647,-1.3366289615939126,1.919586978914864,0
-0.29900735046586785,-1.0783150666292278,-0.4622756521540321,-0.4377762942709805,-0.04694116274297411,0
0.0917607765355023,0.3589175837406595,-0.03307570736862889,0.11050885099763733,0.6756185685297986,0
-1.9875689146008928,-1.0397932245282346,-2.0684134686134232,-1.3377454774606132,-7.051872117445943,0
-0.21967188783751193,1.8486630689665502,-0.08222538338202592,1.54910187261378,-0.2335789853468463,1
0.3571125715117464,-1.3076425810934404,0.06657892148173461,-0.903354378098149,-0.2800209799113741,0
1.477894044741516,0.2736601192125019,0.030801515955724224,0.14012627013860887,1.7535830060707411,1
-0.5182702182736474,1.5668547072137862,0.07811428254990094,1.2350788850449326,-0.295698926755354,1
-0.8084936028931876,0.599089759263809,0.08885087068808706,0.3871101805420404,-0.9544549646354482,0
-0.5017570435845365,0.17567371249177932,-0.8079569733873928,-0.7216721169661592,-2.224178918852894,0
0.9154021177020741,-0.9684836469618956,0.3820754332426871,-1.389565528937639,2.1543113698771656,0
0.32875110965968446,-1.381769188567704,0.26020084846457336,-2.0015609628942537,1.0109829126279162,0
-0.5297602037670388,0.7700501089175859,-0.6235121456314252,0.6354654436696403,-1.9901992726740096,1
0.5132674331133561,1.5061472407749465,1.0110267216948357,1.8382438759117428,2.263937000927303,1
0.09707754934804039,-0.43884999047817147,0.12439727017055932,-0.16191204001155796,0.279947378190713,0
0.9686449905328892,-1.139061507616351,0.5723335753472976,-0.5106862588430595,1.975582320779508,1
-0.7020530938773524,-2.4581694305490185,-1.361257819156377,-1.9411815219007083,-4.085393507497903,0
-0.3276621465977682,-0.9807648436625377,0.10515494581206852,-1.2450632011217262,0.3167691763297513,0
-0.39210815313215763,-0.11365684249904019,-0.0923525325500329,-0.1041211421221836,-0.863243450047084,0
-1.4635149481321186,1.5991232408367342,-0.9332350090862092,1.5828451937260248,-3.7638227027301916,1
0.29612027706457605,0.6731336922329685,-0.18797309829597092,-0.402392649127975,0.12588149606119728,0
0.26105527217988933,0.305085404706753,1.180273721944054,-0.30354436374811916,2.559684518711305,0
0.0051134566424609,-0.40011966130113097,-0.8667337968861576,-0.48376299987668714,-2.2300817621128353,0
-0.23458713337514742,-0.5831657172559563,0.1202133773255924,-0.6696139348263606,-0.3114817716162153,0
-1.4153707420504142,1.4056475975079636,-2.370162125648865,1.6618101246105472,-6.77179114138309,0
-0.42064532276535904,0.20073854075838948,-0.8158110136145929,0.43255935552631347,-1.9725132893150945,1
-0.3427145165267695,-2.102600691921022,0.43779694869721003,-2.98794694297089,0.42269055488290896,0
-0.8022772692216189,-0.6735396478972429,-0.38659514198362416,-0.4142412806684778,-1.651866028826821,0
-0.16128571166600914,-0.8582160317716268,-0.4343959194096001,-0.7689224285447449,-1.870805457598067,0
0.4040508568145384,-0.5462640091774649,0.1446323354036943,-0.23457741835515034,1.328672234820947,0
1.8861859012105302,0.5629106602850852,1.9364969566282513,1.0963434541058799,6.138144594721322,1
0.17457781283183896,-0.10744488179424941,0.43164830821220035,-0.17888636818823528,1.6169156442511696,1
0.257550390722764,-0.07686540700366203,0.8833400820641123,0.5459287114863778,2.4042086719187923,1
-0.0744459157661671,1.3134731613252366,-0.30256291807041436,0.8687729343787134,-1.6518894908625623,1
-1.9187712152990415,-0.6964610897866884,-2.7246637470426425,-1.1693301499727977,-7.959002904941381,0
-0.026513875449216878,1.8641995258873496,0.05197043807516313,2.07858562095512,0.5617187328929567,1
0.06023020994102644,-0.6713075913710861,-0.16848520881317097,-0.855691364023676,0.3823141274581504,0
2.463242112485286,0.08919819661257138,1.8129252601110624,0.2200144789220561,6.936414546897042,1
-0.19236096478112252,-0.28120359540276724,-0.04352650712472533,0.7152874645194784,-0.2858890403858714,0
0.30154734233361247,0.1234191335009612,0.1949904652872179,0.32016667025294904,1.1895266355992087,1
-0.03471176970524331,0.4445919950731292,0.11854433352965388,0.550676764505189,0.5531844462074823,1
-1.168678037619532,0.43383524008887675,-1.6159001377131221,-0.0007749492370469624,-4.780056950924058,0
1.1428228145150205,-0.75311733062058,1.3861780796777698,-1.6031072339327532,4.27327225939976,0
0.7519330326867741,-1.1229146774475707,0.09338393430928482,-1.159187985084326,1.8086392947033043,1
0.7910319470430469,2.5031717909057107,0.37716625219475536,3.036606914209809,2.4377904083613395,1
-0.9093874547947389,-0.4839843396005531,-1.0308445703383777,-0.6454533431308901,-3.5029094759171655,0
1.4027943109360992,0.6992124386719866,2.273703518415956,0.8999436882746711,6.25982110121553,1
-1.4018510627922809,-1.6076413105231968,-1.009438378518034,-0.8943926741639057,-4.485605020823562,0
0.5868570938002703,-0.2796127199046768,1.1254533459341651,0.42114543671050325,3.8136011902348415,1
2.1904556258099785,-0.12719938398244293,2.8989941424815506,0.0872085598184483,9.559010916137282,1
-0.9905363251306883,0.4728150699278325,0.8108797427747484,0.557868309256504,0.1259351064934495,1
-0.5662977296027719,-2.722454140991939,-0.5455031958235549,-3.481770665493477,-2.040039589811766,0
0.09965136508764122,0.16614061307833064,0.8098518266525692,-0.1489567090101396,0.8850873205087612,0
-0.5034756541161992,-1.1497414553678929,0.0028419730847714098,-1.2901193593769293,-0.7917300871938019,0
-1.5506634310661327,0.32434571119492384,-1.0526471794123697,-0.10182009452215224,-5.026847082701026,0
0.06856297480602733,-1.036329196838163,0.9556827838261179,-0.9121025653617808,2.093709768107156,0
-1.0623037137261049,-0.8554826959255813,-1.2719602292183432,0.10034139581746915,-3.544752405645123,0
0.4735924306351816,-0.27362761039326816,0.22424991866699184,0.48525318593754013,0.6686627068005355,1
-0.9194242342338034,-1.0523294696031953,-0.7595414774928726,-0.9303895386875918,-2.7789259261424335,0
1.5499344050175399,-0.47553444673535483,1.4585845190565963,-0.08581741072294069,5.740960526644466,1
-0.7832532923362371,-1.1933757685433153,-0.6240028658371506,-1.5576779262213747,-2.3127379725425308,0
-0.3220615162056756,-1.8331704516987275,0.4593128763208302,-1.1011257763643267,0.1735419974080185,0
0.8135172173696698,1.0179570524293595,0.5744438560165306,0.23697375445676927,2.3743567407236226,1
-1.2308643164339552,-1.2960486928239283,-1.3832037977308205,-0.8396346122808471,-4.134079713998636,0
0.22745993460412942,-0.17868088760798354,0.31461543636741807,0.06911396749190382,1.1017097045897513,1
1.307142754282428,0.7528910814937849,1.1929835412698433,0.3749613881165727,4.344995922683157,1
-1.6074832345612275,-0.6149441025160431,-2.5644861485679713,-0.719337480885012,-6.962125585871971,0
0.1846338585323042,-0.8251658997455379,-0.10542996281716557,-1.3922922513235676,0.3235497971393368,0
0.2598827942484235,0.22623808866742148,0.6035694153671757,-0.3195819352336946,0.9955118076320132,1
0.78182287177731,1.117933822727152,1.5005962472436334,0.32240682241518703,4.489633133144229,1
-1.236950710878082,-1.1693152650864689,-1.8142599946469453,-0.785558313986113,-5.009166678219881,0
-1.3204566130842763,-0.15014783201743892,-1.900097812699698,0.45252465269590175,-6.399538738569554,0
0.5219415656168976,-1.7324945949673274,0.5370584669755655,-2.8133985268740407,0.7226595344431663,0
0.29698467323318606,-0.39320100368219,-0.7408128592057324,0.525951754393563,-1.5571150429508613,0
0.25049285034587665,0.034204684538075444,0.02800774885231294,0.028200566219655564,0.38050492938163344,0
0.34644820949697586,-0.8546246417550657,-0.5215728202787209,-0.7096980393166467,-0.01857915378801045,0
-0.6800247215784908,-0.45699183382523145,0.004505928342741772,-1.1931982516177695,-1.456501242773817,0
0.23225369716100355,-1.40822676830745,-0.15241188001419867,-0.7478138932250176,0.32111691904034173,0
0.29307247329868125,0.0770786113814936,1.1194895664681948,0.17720365796491067,1.2323972754935055,1
-0.7143514180263678,1.0556942488831496,-0.1575907412971983,1.6251073687687991,-1.296555249453908,1
1.8657745111447566,-1.0971438697704636,1.5426158622960482,-0.4867147094465919,5.680523264366516,1
0.4738329209117875,-0.6226717665523829,-0.06214689751125124,0.044765444808252175,1.6357549771648783,1
-1.1913034972026486,0.5025462464541818,-1.288076371786443,0.17840585852808039,-5.309151132993186,0
0.6565536086338297,1.2120907193227362,0.6042302965047281,1.108109715376134,2.1860402645580863,1
-0.9746816702273214,-1.4931898122089313,-0.8016081982511207,-1.7990408495736887,-4.014349577655429,0
0.787084603742452,-0.16878473741594932,0.3988129589773626,0.27876349395469224,1.703398956987178,1
1.158595579007404,0.283130822319525,1.5317930157685056,0.44957543700139535,3.9509019172461377,1
-0.8206823183517105,-0.10205639062884797,-0.6880182908517607,0.432516041377771,-1.4566656891856735,0
0.9633761292443218,-2.476792066877087,0.7931785508863898,-1.9204226653484708,2.8536473616087683,0
0.4127809269364983,0.5010900093087719,0.056760599227486774,-0.362539736160682,0.6271778422047123,0
0.82206015999449,1.5193363510906441,0.7296176684451471,2.1947214163675803,2.670958714329377,1
1.8967929826539474,0.11666175116950343,1.4883423567401628,0.592092230052362,5.255735791067455,1
-0.2453881160028705,-1.0311060532942633,-0.2161687685610767,-1.215718494887012,-0.27280034429607125,0
-0.7537361643574896,-0.5131272463642831,-0.7110168217475347,-0.33823086309946876,-2.2325408172881325,0
-0.8895144296255233,1.769913067655593,-0.7586607878873536,1.708078281864241,-2.3926240388771016,1
-0.8158102849654383,0.9099625408605586,0.06731091987048865,1.2179903801761465,-1.698074528725325,0
-0.07710170941410412,0.6400266183843293,-0.14332406926389035,0.4543284280318911,0.16535690497308864,0
0.3411519748166435,0.35641258353437605,0.8434509083788847,0.5958762041189298,2.7085504186458884,1
0.27669079933001905,-0.6611371121909724,0.39148449781786987,-0.6274844598612964,1.0818086771353597,0
0.8271832490360238,-0.20057118065576857,0.7080610980867967,-0.41666813240342115,3.1044076074994114,1
0.01300189187790702,-0.0779227356785159,-0.04657774309771,0.017145386772513496,0.06268316326858424,0
1.4535340771573169,0.5495743160644443,1.4241208725732917,1.9028091028088232,4.231543094812071,1
-0.2646568332379561,1.5089188942669034,-0.12477297937384799,1.1661505793540625,-0.7379341595606502,1
2.720169166589619,1.118338136793128,2.240508783980134,0.9933663411623433,8.320516298954873,1
0.6256673477650062,-1.4193843557960406,-0.10700284395747728,-1.7534405556125559,0.767204977756502,0
-0.8571575564162826,0.22399496890104872,-0.5300088596791448,-0.057613223862743174,-1.8351909101160593,0
-1.0708924980611123,0.736763345167897,-0.6218305817704828,1.144650521860576,-3.670670578397907,0
0.4824724152431853,0.6188603301446354,0.8552903316445868,0.9768015599626694,2.2125003321337333,1
-0.22346278532585084,-0.6292337633874194,-0.14597677604761453,-0.6321655150480743,-1.0380664465646754,0
0.7140004940920919,2.9141092157683617,1.0976128078187362,3.4272575084029175,2.876780704120257,1
0.47323762457354485,-1.2770845623311189,0.829952137582116,-0.8803629145839638,1.9582061876077652,0
-0.07282891265687277,-1.08318844666605,0.32098576682060453,-1.164355539679157,0.5668133423961184,0
-0.846793718068405,0.2335950812615763,-1.2765641287394618,-0.5333372896355268,-3.5617311081628613,0
-1.5148472246858646,2.1168030549638535,-2.06332312326318,2.531694558938355,-6.2247546041103945,0
-0.4465149520670211,-0.8361948507041709,-0.6407995754431564,-0.7513625402031834,-1.858537475207266,0
0.8563987943234723,-0.2658283656469923,0.8477067395521446,-0.2547166337966963,3.2908839145023197,0
0.21409374413020396,1.0772936730156928,0.0931331805640592,0.8442696630108351,1.6975700440786183,1
-1.245738778711988,-0.0178621548877335,-2.1840839443809257,0.35446231967042446,-6.16883034967289,0
0.173180925851182,-0.33460385453029556,1.0340272319187531,-0.1603557283160451,2.8383950540209164,0
0.3853173797288368,0.5656329018867198,0.24829438528596903,0.4472188804855714,1.5566565574507867,1
-0.883857436201133,0.2725179902295931,-0.7975052279126562,-0.34020928337986267,-2.0318995286117034,0
0.1537251059455279,1.0304387856367914,0.7759996013270573,1.5644033365768295,2.0628462940474424,1
0.058208718445999896,1.2914688890653634,-1.1142774163146028,1.5939215006433018,-2.563399845447173,1
-1.142970297830623,0.3070030600053617,-1.3988172337864793,0.43470450997815957,-4.3596489538079535,0
0.3577873603482833,0.291732725378309,0.16422872355838095,-1.0366542721786898,0.9907078593479606,0
0.5607845263682344,0.21411098228613354,0.392629503642912,0.1951638537281036,2.0340271012320637,0
1.083051243175277,0.4891305566492876,0.9963079478183006,0.36852870491145595,3.1804944256498064,1
1.053802052034903,0.05517063787146392,1.7773694512573253,-0.2540772046557064,5.768602517546815,1
-1.377669367957091,-0.0006084823222894505,-1.0409399300934798,0.3765091569598527,-4.145765337552536,0
-0.9378250399151228,1.1966271208272423,-0.45880740560070804,1.554057137910881,-1.9046627441082342,0
0.5150352672086598,1.5161161803550431,0.5385954031141217,1.734528538951237,2.0045802860780495,1
0.5137859509122088,-1.5075529446334208,-0.1859005721605418,-0.9886074872495497,0.46017317120723067,0
0.5150476863060478,0.010021151740569072,-0.5248008312669556,-0.5011281052763522,-0.16010192783295435,1
3.8527314906547208,-0.6886944334452347,3.0880276290389053,-0.915521461829888,12.291148499750504,1
0.570890510693167,-0.3109714664860723,0.7507733627761768,-0.27357533489316943,3.3372098886278136,1
1.135565640180599,0.40251620973532143,1.1514504965294163,0.09151520012136383,2.9975607609152544,1
0.9540017634932023,0.6694383715424684,0.8489199397151985,1.0330229823942396,3.398843999132228,1
0.651391251305798,-0.1121264436113449,0.4671027979357297,-0.3732268676771925,1.9332763708305298,1
-0.31526924464034556,-1.9133403347228028,0.6905915430810279,-1.2641553324994255,0.8197259355992352,1
0.7589692204932672,-0.9650455805761796,0.34751742500503,-1.4306252814512745,0.6518495691861939,0
-0.7728252145375718,0.896499670200166,-0.30891548647954237,1.9624914949504746,-1.4869649541379337,1
-0.23681860674000887,-2.7404264220349313,-0.2358621387295119,-1.7257777442337199,-0.889437506009694,0
-0.48536354782910346,1.1874271516819999,-0.5158333037221019,1.1400505785243276,-2.1769261630260455,1
0.08187413938632256,0.5212299906445413,0.6701929136946946,1.0943152161074154,1.4844370228276156,1
2.3146585666735087,1.316176081530022,3.045923758019231,1.1159620512757185,9.417440250516284,1
-1.8672651925917483,-0.19856918688096045,-1.9870399210341674,0.308074062234712,-7.646174214465036,0
0.6862601903745136,-2.061405424022905,1.0858615499955846,-2.1493945897512905,3.245205745132002,0
-1.6127158711896519,0.430362641506498,-1.430770190114625,-0.21235730774774392,-4.990577422163721,0
-0.4719318657894335,1.2746531240383412,-0.46821329638447623,-0.49175596980110825,-1.918941098793466,0
1.0889505969673663,0.924721805513421,1.1910780682958793,0.7903650824781158,4.14643844838537,1
0.06428001909546277,-0.6626914834880354,-0.27972438832695606,-0.5231602291453891,-0.408972760730636,0
-1.0777447779293061,0.0867610754626467,-1.2307944745948485,0.751919288480755,-3.5554600047982685,0
-0.7153037092599682,-0.5328362687799237,-1.0056213491363215,-0.5145237527042285,-3.1360444589969325,0
0.6795977489346758,-0.8192664641893718,1.1302861071491357,-0.31781139683057735,3.6805147572804007,0
-0.7303666317171367,0.955388571179851,-0.777967189487668,0.7284177975690878,-2.8081607044604704,0
0.21645858958197486,-1.1975323112651621,-0.4323984227255443,-1.3661717960308846,0.4435520196694681,0
0.04557183990381377,-0.8938164305816126,-0.3161467716777302,-0.3667985893173199,-0.7823565828196835,1
-0.6516003476058169,-1.1040256334723855,-2.251232670211906,-2.3363628758070214,-5.822365423998688,0
2.1439440893253257,-1.4902475232990466,1.8966977883842513,-1.4837556088475887,6.959065651034522,1
0.6339190223180112,0.14641429184260343,0.652741554866586,-0.05356638293532903,1.8923521904549028,1
-2.025142586657607,1.161503048481976,-2.093210511091094,1.841808650908118,-7.848463119115516,0
0.18645431476942764,-0.18487675624526564,1.1765314905351238,-0.4489999037351756,2.9965456303533267,0
-0.661786464768388,-1.5057478005641665,-0.37433344431086957,-1.2474553157791193,-3.2726709426166702,0
0.852433334796224,0.8399445397420275,1.1176592613407994,1.3007030244093745,3.1552018468762375,1
-0.7925207384327007,1.6857017540349715,-1.6141552557178396,0.9394037569697663,-5.087973576360607,1
-0.11473644146689901,-0.6462423241465945,-0.29705746852546533,-0.7159274782835452,-0.6951348991543483,1
0.5049872789804571,-0.4785542667177183,0.26165587531860934,-0.6943724837606873,0.1862348342423037,0
0.8657551941701215,0.5156606300833942,0.47271459476611755,0.9888072534981914,2.5179874032598777,1
-1.2002964070557762,1.6218737477850513,-1.6002367398124495,1.9594146681911482,-4.672873126794801,0
-0.3345012358409484,-0.5198341457252261,-1.23856271281176,-0.6364351607548172,-3.79518630200248,0
-0.4749453111609562,-1.332449780998205,-1.1128719135016203,-1.856153806206231,-2.8428604423282158,0
-0.6533292325737119,0.6314186062724064,-0.21628253119123736,1.1504919542824514,-1.1545292693329448,1
1.7654542402810969,0.7990680731422993,1.6939968942845058,0.7652416848429086,6.506325336198751,1
0.40498171096095553,0.006131450435226853,0.15178050182378855,-0.8030568323985042,0.17656890178077955,0
-1.2608839543350452,-0.5581332596574506,-1.2635896216613993,-1.3243234591424127,-5.223302496076989,0
0.9178619470547761,0.9943787309920463,1.5015572864053515,1.2131954460285346,5.131232104227913,1
2.1221561970126332,0.5280360045479643,2.124261457450526,-0.10986709183479504,7.020812357760192,1
1.0324652605511468,-0.7684355169034929,1.302652326016666,0.16138822989831392,3.890300455355775,1
-1.5193699659540134,0.04909473130567151,-1.9426723871481422,-0.4194404108739938,-5.8478524613508664,0
-0.48423407286625136,-1.3517075320246468,-0.7935490482396109,-1.3518878947032849,-2.8980497174133393,0
1.2669111491866227,0.6858904564379199,1.4438995917184605,0.7654464395180727,4.655241200673792,1
-0.7076694656187807,-0.2622335693828558,0.23865738854977614,-0.6269224390012786,-0.13831727495208979,0
0.44381942814622843,-0.4357108323847371,1.1587068579036655,-1.5556243476737215,2.272591749355413,0
0.7746340534293368,-0.03287448515243416,1.0660480881574061,0.06257306365567956,3.0440450917610633,1
-0.926930471578083,0.040307699330247825,-0.8512135914977238,-0.3363122957208813,-3.6561847003571195,0
-0.05952535606180008,0.8949300615655605,0.6410093217517856,0.9531992753737821,0.8057628999650035,1
-3.2412673400690726,0.5910905313252215,-2.8439281785465105,0.529925005205867,-9.956933077131294,0
-1.0243876413342898,-0.1564092787928027,-2.17121865251962,-0.02476365475690101,-5.176486950057641,0
-0.2525681513931603,0.7636681497189952,-0.7795335753207713,1.544603210047025,-1.8090023130185515,1
-1.2477831819648495,0.40073725369161306,-1.0787130192858836,0.12764574732805184,-3.7629959692053054,0
1.6324113039316352,-0.4265996362860371,0.7389275211561491,-0.6610219634572851,4.178899448826797,1
-1.4301413779606327,-0.1247181582364859,-1.8789358803390637,-0.9576168096134309,-6.239251815663665,0
-0.44004448669698376,-0.1482228888431208,-0.7899519585259709,-0.24581486439276812,-2.120895395005663,0
0.13074057728609134,0.5052613431742017,0.002657624163174499,0.7101963378116848,-0.4462280808148104,1
1.4412732890661155,-0.367022614721642,1.2975581849530118,-0.6087700535071554,4.277741558547888,1
-1.4358621511794394,-0.3904091864216335,-1.5804223647628528,-0.18219393621888796,-5.358038729500251,0
1.1631637521549596,1.9687573094339588,1.5758175107751164,1.8800030466893631,4.365895152958992,1
0.010233061019587049,0.9397354817471042,-0.1223788717056801,0.2886023627626093,-0.8657716934665788,1
-0.9815086510479509,-0.7606006644251391,-1.173823717083568,-0.6046081288335867,-4.175859324467537,0
0.46210347426327075,0.5709409939421983,-0.2124825778084874,0.46802492715968974,0.8413569183738786,0
0.19905969557347003,0.11835006565517724,0.7112327965663824,0.1797289763598562,2.499624713439828,1
-0.6002168771587947,0.3915511752600938,-0.9359656341325377,0.10807623365488572,-2.7885365974803995,0
0.06980208499001886,0.13734132456510456,-0.47371307901061876,-0.19035993693034287,-0.5516235682638,0
-0.3853135968617599,1.1896426454852358,-0.27876830942727443,1.2683480492617183,-1.4172540752195584,1
0.11351734525124799,0.34562034465144587,-0.26995328594028345,0.23032038863037846,-1.4024539506134701,1
0.6621306745210463,-0.062088698214287405,0.3991543046238993,0.8000504263703452,1.3447433807118403,0
1.586016816145352,1.0421905769830173,1.7152469033048865,1.4415558330635996,5.6553470144907,1
-1.237815498826849,0.233285041087872,-1.401056810716627,0.5057871708217161,-4.588352228673795,0
2.1330333746562666,0.12147857932905769,3.288838062306584,0.03273817857835046,9.726738134138476,1
-1.9520877995225019,0.31402260248611413,-1.989502071182101,-0.6989891217521405,-7.047958648906689,0
-0.15178509503558324,-0.0936090233663665,0.15713401440402774,-0.49740648717520597,-0.2007261297480642,0
0.5883172064845762,0.009226992995468902,-0.3825298172618964,-0.31441973329669015,0.2893474475592041,0
0.2809918677350327,-0.5866945887618727,-0.1493326982223323,-0.7241867819068297,-0.5591234840289351,0
-0.6226995198205939,-0.7511672196238788,-1.16615636727895,-0.7678469693188557,-2.8653306586230465,0
-0.20812225035727533,-0.9985703864824396,-0.6853121120085897,-0.6705329037396919,-1.9759830439362944,1
-0.4930009346588331,-1.391983286797076,-0.28523193774033184,-1.2554105062620435,-0.2764161511219403,0
-0.5893647569442118,-0.8797173613845565,-0.07158222305550688,-0.30011576564960407,-1.1848693514071897,0
0.849602097021025,-0.17426703446692562,1.0219173493382803,-0.3302180212265504,3.078149982521408,0
0.35701548596504734,0.10311758244563701,0.24369317418189285,0.23169905453071785,0.7415664827569043,0
-0.6929095952606542,-0.2712965631476405,-1.008337114616864,-0.09937444925824004,-3.2911399267357746,0
0.8995998754332507,-2.355703490127358,1.4563997510265052,-2.232840347948063,4.565813344415253,0
0.30729952087660933,1.5745863577623422,1.3429272479540404,2.2155314817324134,3.125665676527759,1
0.8128621188389601,1.0864801228903818,0.8803899712308055,1.4883672842639781,3.4736139537007977,1
0.6296288419236122,0.4457598512171287,1.0993103739593983,-0.21394175853358255,3.375274744271105,1
-0.8289950109220725,1.907490672553268,-0.657309836024335,1.8503251230235982,-2.5423659586898038,1
-0.5601810401969697,-0.9773641174837107,-0.18242858696417497,-0.9843509585986082,-1.0186515664244755,0
0.7472936051232618,1.887625120626005,0.1650202160682036,2.963395652473508,2.0491542839031602,1
0.6103702654334648,-0.965214076750548,0.3663021253624028,-1.130109667373283,1.9765076304005005,0
-0.020901593964148132,0.23873792529135657,0.17683312605864387,-0.25250402637673436,0.4625923578913387,0
0.117327383308782,-1.2738373251342043,0.7235728553497717,-1.0546746103958824,1.8345080631670125,0
1.277664895788425,0.014694095544366792,0.8685977849695875,0.26318695535625636,3.077350495795902,1
-0.5915713888358299,0.3861664979983887,-1.6082209443558932,0.3492800661335427,-2.81795087883805,0
0.5470973811700377,-0.1546903311345547,0.29796516794941313,-0.26482083261999967,1.680639267969455,0
-0.20219265243389398,0.7138774440901375,0.3028727047402311,1.1883294221211802,0.6164137771071232,1
-0.21768120322722037,0.09901444948725731,-1.009628998771145,-0.3277846276426529,-2.3601259964054306,0
1.0987768519871903,-0.5224147283775092,0.5103169059213981,-0.6928913998117773,1.5200150379813555,1
0.8254163489880298,-0.5668133178023393,0.9033756420135857,-0.8278882488590331,2.9122040148771866,0
0.8135096360006385,0.8109137726156966,0.7555240096199067,1.3578610714259907,2.7692860412714286,1
1.305478807154329,-0.6537420298069675,1.6027120479309427,-0.5109949281637957,4.752223395650289,1
0.02100384163275905,0.9154029704849369,-0.5933595385900305,0.3829059218243017,-1.5709899187979923,1
0.6819529712949639,1.222711792831931,0.51946367421063,0.7404585962005467,1.8922308240840644,1
-0.31026675659345604,-1.6687138623461302,0.2873259446080928,-0.7320063005400546,0.4950161761000257,0
0.3241663524884421,1.1329263873010347,-0.2722817443299497,1.6745352613545545,0.5695631775931732,1
-0.13014305436768459,2.060422698444699,0.6083130937874497,2.4811978392064384,1.1068930834932185,1
0.09699596499271819,0.25200376120192847,-0.43671252795162624,0.2581272316885997,-1.0116204713646442,1
0.5951570254369136,0.5990841852948223,1.0198478141257192,1.3533208053550267,2.75123889633392,1
-0.8182206832334725,1.0370053243691586,-1.0046999383400352,0.48530293138002933,-3.186963900400257,0
2.0923872756854602,-0.2754823151790223,1.5199331468659718,0.101001440923223,6.287462269431404,1
-1.006017381499702,0.1822802235378697,-1.2544669050760011,-0.039356529724911965,-3.800480289314506,0
-1.2141886127877322,-1.3141995296231093,-0.941724018698235,-1.438646189450724,-3.9244108985363018,0
1.1581108735000678,0.13863502853045098,1.1546838760493223,0.5015296609466445,4.3111796286011455,1
0.7916626939629359,0.4981119956445415,1.3508973996846076,0.4263332413037877,4.114407457692791,1
0.6241198170521551,0.5161630229264693,1.3419898475195957,0.2988130931958404,3.422613042347866,0
0.6283455092642799,1.0654247235975804,0.0368301766053547,0.8178458995536178,0.15643310598563398,1
-0.012246772846914623,-0.7748021781355291,-0.6403813453020871,-1.7679750508910912,-1.7416011906405162,0
-0.8972543714858315,-0.5326067566734964,-1.5496512582962523,-0.15100494703566836,-3.6613864107575504,1
0.07580455819372633,1.8955073459913552,-0.37379348983028327,1.3921923095919584,-1.4806659388942218,1
-0.6771617115121117,-0.15032837376370992,-0.12505445110223945,0.7788763290659291,-0.6070903484860354,0
0.9751197334177512,0.200033787312328,1.2553007087511185,0.05622751240483159,3.1089905676124063,1
-0.14705738150213865,-0.06701004172522106,-0.41957116796335436,0.5877098569977577,-1.4463035217246576,1
-0.8254971967925115,-0.8216808263050224,-0.8310484921039287,-1.7261963426463627,-3.0877022725192336,0
-0.32138584165299344,1.6235292108918062,0.38076691092997594,1.9892707214911056,1.1706066008570148,1
0.4129314542756245,-0.5277014119206057,1.3669368797651842,-0.033423545664699905,3.366336419793895,1
-0.5637245528039749,-1.12728552370693,-0.4340323860825739,-0.4755037065247131,-1.8206541817519586,0
-0.8222203955664315,-0.45074027730275157,-2.1518609875901307,-1.2147596636960583,-6.004725585143412,0
0.2436872114919123,-2.0017060017255335,0.39233075887189883,-2.353065320268998,1.4111728083596247,0
0.24496657110872277,-0.6512874649831818,0.7123406358793966,-0.3630324886051417,1.5357719061363917,0
-0.5069431753711298,-0.9681285978523266,-0.39462701744309225,-0.8939076084302718,-1.6641707441646638,0
-0.4710383056183228,0.6174286309273244,-0.10778084625093093,0.7641084522092417,-1.1012964034219521,0
0.2320499373576363,-0.6734142395598725,0.41058262458782835,-0.8535575424645385,1.5291712425050505,0
-1.4480843414973241,0.8878039355788485,-2.0654070502382567,1.663203243106694,-5.922046836482207,1
-1.4074637743765552,1.3984839930693214,-1.8505829910582867,2.7027167172092277,-6.257555886763574,1
-0.718444221252436,0.7811753362875989,-0.8790203148175142,0.8331652982921436,-3.149335957217292,1
-0.21344715171184725,-0.21538828886007655,0.31926023740732856,0.011322333892549469,-0.044589565425169064,0
0.3109075655980046,0.14111449670559295,-0.07203446856230572,0.16923636951700172,0.4139684301494372,1
1.475356216949552,-1.5249849401440596,1.7033075335333754,-0.8829582406203412,6.07299681872019,1
0.8576596232020194,-0.13377937252123967,1.0095059201626178,0.28077876960716597,3.4038339381733165,0
-0.1599385299634271,-0.8604384680668331,0.633160102576138,-1.393628753385255,-0.0689114370392061,0
-0.01901620790268883,0.6943263811492989,-0.03985609696739611,0.38797537590197634,0.27164008734465117,1
-1.0025293646378088,2.572752389244474,-1.8799085737759382,2.0681039927415306,-5.938106628452145,1
-0.018513135992389903,0.49982163597380935,0.3049220964559991,1.8472328020715647,0.2244542936964331,1
-0.2886586389201379,-1.9911401489546665,0.7803689668968644,-1.6734842571636321,1.2269656579387325,0
0.3227185603380895,-0.36123019291437297,0.6789102327713177,-0.6590733059692642,1.799955377431823,1
-0.827230943552323,0.12249092537445466,-1.2210617394575265,-0.21528509493796538,-3.2466022938964736,0
0.5193465142411723,0.0873574252602637,-0.021626425348310163,0.4899730617437189,0.43039060451567424,0
1.5327389130025777,-0.7308131256087531,1.056254496248875,-0.2783530507791863,3.9283104705565948,1
-0.1087601484568576,0.24529174263693532,0.8928957917341654,0.6443455991791405,1.4668299982401696,1
0.40171172209894146,-1.2425008369193875,0.23804800183822347,-1.4552795162442473,1.567173254646266,0
0.6901439917111125,-0.944908722685067,0.3588222947970987,-0.7919869004779783,2.0676970127019434,1
-0.40122047188583626,0.6457976416037114,-0.48043879394945294,0.7012551904204035,-1.5191342917664519,0
0.22409248181041677,-1.015663230879826,0.06563895750756588,-1.4837934170990394,1.1303982317321855,0
0.01259240078179486,0.5382116054922572,0.7964175806755467,0.07496468405424628,2.1841518839263645,0
0.09767609854883172,-1.369463774656058,-0.40956264695931976,-1.1634812523844904,-0.2783700280240088,0
-0.7730097838554665,1.764825883791736,-0.18268816802524313,1.8630514243135654,-2.1138829235079784,1
0.024510174258942696,-0.7742699224040547,0.08555622248448505,-0.49759406698294895,0.5994972250113197,0
0.4979982912454495,-0.22366657180344413,1.101511547959292,0.17184494754341495,2.848841409557669,1
1.4511436077950417,0.3306132610904059,2.242453129662067,1.0803045723391702,6.464149555662154,1
0.9592708260852069,-0.5653499525010943,1.0016696430417544,-0.9533021455591177,3.1009697895727157,1
2.1531824575115563,0.14340596107130443,1.9956506527119735,0.4585240604339954,7.13521670974911,1
-0.7673475628880495,0.5753567245201257,-0.734258146955498,0.9499561327844681,-2.932414515818428,0
0.8723206367206782,0.9606132325034853,0.8249353007181124,0.804548026240763,3.043228706492778,1
0.18334200573835174,0.7914974359729572,-0.6451412221310122,0.8524290277575914,-1.101741016160499,0
2.1898029332176723,-0.171810463802674,2.966043120110209,-0.31508974215071095,9.327059886369458,1
-0.8082982853551515,-0.14663177404360228,-0.6854057766645563,0.9076634176349851,-2.3066232123678057,0
-0.8397218421807761,2.3491085580250326,-1.4212714347063031,2.4015349032455857,-4.249308218444678,0
-0.5993926454440222,0.9498890682492921,-1.6331543055432265,1.1756416226049886,-4.53404419327717,1
-2.123895724309807,-0.9218236563202137,-3.2876953407749814,-1.0538158047788193,-10.764435583546584,0
-0.525755021680761,0.0999881637655518,-0.1405148033370094,-0.13982911935984305,-0.6843352809114093,0
-0.759132661553698,-0.3351431387781925,-1.0686214457572456,-0.9861444696290311,-3.236559252304795,0
0.15039378647620763,-0.1353342339231097,-0.07705654757635905,0.4146000784395567,-0.016610605644214363,1
0.34175597577715944,-1.229495157708088,0.5858331080465713,-0.8452764090097875,2.270258371022536,1
1.8761708392158862,-0.41192323438595313,1.618146761164997,-0.5624714566058456,5.40628918446116,1
0.9504238381860503,1.8115557731939131,1.2236860462128067,1.3613708216619418,3.9011277306604164,1
-0.5769036556624031,0.579076300875503,-0.5292716234740454,0.6690305640855746,-2.4059280506769944,0
-0.898414671348358,-2.49116140815146,-0.940479462922976,-2.7400098112999447,-2.900578005780381,0
0.4919191715065057,1.2167234924979469,-0.29445603133923876,1.1057022081818861,-0.9641039449732758,1
-1.3202332070206422,1.0896295229091613,-1.730098885240072,0.45784955060771926,-5.038539749643174,0
1.8314587658543537,-0.35928530430641653,2.132726448647787,-0.25075051398240156,7.393971139660241,1
1.179440120721287,0.7172635437832151,0.8384292132892613,0.8357651447775898,2.984512391092748,1
-0.4691756521047048,-0.8593992108172007,0.1335091257875406,-0.31203776869735855,-0.40357537204725724,0
-1.713134529090878,-0.47025571626635737,-0.5399338670941787,-0.5456265005826607,-4.100331197834537,0
1.3538723741654133,1.4985463606698537,1.6820650245860747,1.3317651220679356,5.608736840726303,1
-0.11453984525261789,-0.2717300398697084,0.631876100429961,-1.050110472928321,1.5020569868373295,0
1.2378163119734618,-1.869731661954991,1.598179931121496,-1.3192511877736766,4.550594497284383,0
-1.594427658794367,-0.06330322278133675,-1.861558670130461,0.38310833549714285,-6.763133156890883,0
-0.5993750229537729,-0.0785883929143568,-0.49929919055006056,-0.06421917221095588,-1.3494423401806617,0
0.005243699718183166,1.1983685693734596,1.011904172766904,0.5337530421082735,3.002259190866813,0
0.046980593764742055,0.014336422175760023,-0.2147962775489835,-0.5929270933683108,-0.11189813614980784,0
-0.45006547147924364,-0.42158231144029273,-0.9697291209182806,-0.6951352758224376,-2.3303357048093662,0
0.6228499323474987,1.045056145231206,0.05575272078986404,1.5276689996645376,0.8797600505215519,1
-1.0676204293825944,0.12079023250111028,-1.176385121299369,0.26595905012192894,-3.864186883732533,0
-0.1423794850212935,-0.750022681565717,-0.6441155293428246,-1.4967012760066047,-1.3264396435978048,0
0.12029563171189886,1.1549975605416176,0.9573053454305175,1.3571035178417281,2.003767670531475,1
0.514438834058749,0.19366176451679923,0.6226171013543929,-0.22591152506862938,2.691822714804162,1
0.7116148780888896,0.0029259666794376887,1.197478032969141,-0.2581801465766351,3.5507507610888642,1
-1.124642091837869,0.17790839141165377,-1.273974787127718,0.6637773976725064,-4.082112706938094,1
-1.5341141707356223,-1.070668371416597,-2.1042127696136816,-0.6879163295261811,-6.59057832050072,0
1.277676821898509,-0.5276537761783373,0.6229798491818704,0.018896165234374318,3.1323052934944497,1
0.33231401197959165,0.0035826018327832724,-0.12168185910946877,-0.007984157709322847,0.8644624353216006,1
-0.7484865365565536,-0.19466369502467937,-0.574723789543198,0.24684858390841416,-2.199224368407116,0
1.551151975522523,1.2724283828165954,1.8110934414064968,0.9793602509350667,6.033562372352748,1
0.11567463429285867,0.21740585272700344,0.4172726708222011,0.08862288542435662,1.0991583320300624,0
1.1792971840638264,0.8549039226364025,0.4349608421728979,0.6917573104340071,2.456611141984449,1
0.06751848141010895,0.009395354575849457,0.06731388846097386,0.021327863688096436,-0.46806450878983274,0
2.060747924881987,1.056288483746123,1.5477170094357908,0.41304294059008384,6.97284297975037,1
1.7553408424432044,0.3975277565731539,1.9560738262354684,0.2850253050114731,7.079305922085758,1
-0.2489641484790735,0.013420485388464291,-0.009425620730347445,0.7392491361478337,0.2322243619631394,0
0.9715709509543554,-0.013283088959023663,0.3854844274411363,-0.5595471698647406,1.692065846787533,0
0.6453759495851475,-0.9544386262909633,1.1293907531833214,-1.6190992672484796,3.949305558065665,0
1.3686315575323487,0.5069157201363107,2.538043028296471,-0.11742844369480332,8.112468786404104,1
-0.9649234605801045,-0.04020473453637896,-0.5475055917877734,1.2907249875009417,-2.019985167309308,1
0.6860514599984393,-0.5019919601812046,0.6046344402228869,-0.2695659697460159,3.0622572767035896,0
1.0584244868495878,1.1064617708120719,0.9001516352447169,0.9713290786413807,3.786864304893701,1
-1.7587394864231143,-1.2502160258948014,-1.8632714772593684,-1.2160558193907332,-6.787955985843382,0
-1.183258512665775,-0.422495895432434,-1.5636254360542803,-0.30867619580902517,-4.648322705891119,0
-2.0392321777601006,1.0277187487795334,-1.913033074434076,0.7074937609148433,-7.39508576539592,0
-0.26940683444455765,0.31552294092025324,-0.8386381300217098,0.05691456656570182,-2.3800735809601132,1
0.7175422557959621,-0.04785892765275731,-0.22730663750298807,-0.1267004937537723,0.7798403229826014,0
1.502357052096028,0.25100354315014656,1.6121578930028024,-0.11137400096730654,5.568860599589696,1
0.07409478041977519,0.1794141710488413,0.08471131330768576,-0.01905313246175297,0.5121025004130657,0
1.6286155455712918,-1.5166625462859213,1.3430305373526947,-1.3401167576207484,4.232939896200088,1
-1.3801014582148914,-0.3492618853479615,-2.021449769520075,-0.8478384751580113,-6.1901706997412544,0
-1.7033824393551547,1.6165216545137489,-1.5585104258981373,2.921496364987675,-5.397595261996238,1
-0.05554769889661878,-0.6593241347771676,-0.5506352181818441,-0.2827458293340678,-0.8104051484289954,0
0.3840654489393073,-0.31830101410433403,0.31459327350664,-0.9533433833606599,1.6121712107138748,0
-0.03269474809409311,-0.5416207633091875,0.8497911789691291,-1.7805725178594933,1.7761693663254305,0
-2.0674421000398766,-0.08701522331813741,-1.7418472152521844,-0.43076686588702673,-6.774469655552911,0
-0.08912003951278841,-0.5831228313242981,-0.7736863707036368,-0.2409425065206744,-1.4303173580884372,0
-1.3044695005048532,0.48674150215806,-1.9418952860110044,0.7319764493831125,-5.990351380424397,0
0.6696725488300385,0.19731341229026655,0.7455820952019179,0.1418891571159602,2.946201207098351,0
0.36659824609684827,0.7735476151070181,-0.3210620949326622,0.4728263845354754,0.12142715592718081,1
-0.9398797863273552,-1.0509411661889605,-1.9407425269444984,-1.5030068531849254,-5.322165806773866,0
-0.5138669173366935,-0.3403404828829029,-0.24768091168833184,-0.5416320184376565,-1.650659758260463,0
-1.0592135218889516,-0.2257226316121348,-0.8987456447285177,-0.7319126185259359,-2.8265738520214185,0
-0.06267909727317188,0.45564691008859476,0.1626200683663943,0.25620803198437003,0.5107462139939609,0
0.9551423205012383,-0.7932211972070344,1.0866599114101902,-0.12774572929562344,4.657518141869099,1
-0.9857260463355437,0.9156538042583441,-1.0183814021717412,0.5300339046336443,-3.252242241850326,0
0.5040465155178444,1.1864155905176088,0.17295224167951406,1.4918562320436028,1.4069327020275053,1
-0.5302576183724408,-0.9888723476355838,-0.27219013532846925,-0.6071604411434823,-2.0724011059140994,0
-0.7928728322623442,-0.4908728948935657,-0.02793108805976896,-1.0306735541615237,-1.089929234749024,0
-0.10703035995455783,-0.5319315082920923,-0.35764486367628484,-0.9536174455718441,-1.034099393946636,0
-1.035242322419374,2.6323862046774984,-1.5456124275235235,3.1668579231708933,-4.230872194471552,1
-0.553649305347182,-0.4299001052078867,-1.1212090150528016,-0.8927821250332356,-2.905549766546835,0
-1.1978778925888485,1.6776254421561345,-1.6312430092557073,1.6488825675507328,-4.566666266881726,0
1.9647251329163893,-1.2666319951066096,2.066024395154426,-0.24664008402234683,8.145434046664409,1
0.03526355197172861,-0.9896509661643634,-1.0345502298050517,-0.4997348376336815,-2.4153862843786262,0
-0.6997255079925854,-0.6866045318482008,-0.4801402957764225,-0.6439893059804178,-1.5365155737790293,0
0.21397991073422196,-0.8456893114465224,0.5359364158822999,-0.4253240241808953,1.7346392812711124,0
-0.11232804969082963,-0.26789873415849874,-1.0113672296622696,-0.2958597768155079,-1.201579139919685,0
-0.2209695995332226,-0.7087782027214982,-0.7105598176720223,-0.19966228611976122,-1.3998817496280767,0
0.6141667000434252,-0.8193415927345735,0.6540071899661322,-1.842474308407809,2.5299696273692724,0
0.7575077100473051,1.1584719964733277,0.6857728448951061,1.088838998285855,2.9335338703756615,1
-0.5305011476105275,1.2237936225131651,-0.27068241347623223,0.1806236692167542,-0.8764834938847555,0
-0.57581824064468,0.9492964983753157,-0.646386651402863,1.0299740924912302,-1.429315587642328,1
-0.275051697151644,0.5239989555843281,0.3573330662358386,0.40591000644797876,-0.10760067794903244,0
-2.301921164735585,0.09274306577955228,-2.462505864257426,0.7731079891007172,-8.574062864480892,0
-1.515191062198552,-0.4970306906659087,-2.006707555558429,-0.14111700636707508,-5.418558644674435,0
1.3668742674445244,-0.953157504755092,0.8351533343136462,-1.216201348525125,2.741260597096038,0
1.6449677135012837,0.36299570343268733,2.012701968142128,0.15988757514225488,6.4504908844371185,1
-0.24903603955637832,-1.1736303925467975,-0.23422546857792015,-0.9832821274319072,-0.7672250032983242,0
0.5765569630557664,-0.9939209291753935,0.8934149134183639,-1.2802012254520299,2.563209331551462,0
0.3112501545435361,1.1529132562048099,0.6178114041581283,1.1367268630125373,2.4929720567017206,1
3.0788808084552377,1.900649041722087,2.0689558820733174,2.5589980739795215,8.99420186783028,1
1.1195749114345768,0.39329513816648076,0.549533610922855,-0.02126995359870848,2.5847725366749565,1
-0.12791759148076653,1.1064571522946443,-0.6382301117326769,0.8826199693164464,-1.785541266185111,1
-0.9555404406004258,-0.24584831744398336,-1.363572534846307,-0.3995644901686416,-4.0195429413467085,0
-1.6064463202575725,-1.3376741860876842,-1.8166239835458355,0.24136252700512761,-5.459940428876647,0
0.2034636358672231,0.612171618618584,0.703038433175816,0.9162929498721677,1.780476375836256,1
-0.7563507452843033,0.5692893232700639,-0.15710956909235374,1.1353234927939848,-1.5159554232400787,0
-1.4222537095976742,0.07166855388024412,-1.5686991246991726,0.45573140981943633,-5.618420658217204,1
-0.6465728842425267,-0.24237545810511135,-0.772213314904899,0.17532147488753824,-2.3272665371289376,0
-1.0815480036143952,0.9622105785810979,-1.4342648656430383,1.1989973472472422,-4.331566475522208,0
1.6871416350725648,-0.9857330334274745,1.7317354836918368,-0.8030984333979285,5.632074136944428,1
0.8816397569494505,-0.7737805788906579,0.9829001983164188,-1.4991529061249262,3.801468120053574,0
-0.007972641316617375,-1.008106506760428,0.39526513618451525,-0.8291742285889583,1.6315929650209942,0
1.4799441388900263,0.08497296263582721,1.8791635018813029,0.03080116643934823,6.002742196030334,1
0.0773683076476183,-1.0878930121092585,-1.0736907178869073,-0.8151645606845108,-1.8802601527460605,0
-0.8612842013282637,-0.6842421805152437,-0.9375566751468227,-0.7196717638354672,-3.7195069626431434,0
1.5231240772696573,-0.7057555622271979,2.215174092714709,-0.324173415863202,7.083629064020783,1
0.5389100436846587,-0.2606083323339582,0.3198525800322002,0.20935795324063194,1.6801573340551197,0
-1.0372461543264564,-1.4873744464039769,-0.4676252451448121,-2.943454458726859,-2.6541719615188044,0
-0.1903386780836082,0.087204992037267,-0.34356457808920265,-0.1297414170457121,-1.3443834327798176,0
-0.8756182533847574,1.2473036506646777,-0.7881565196637754,0.3186101977206144,-1.9659552975938566,0
-1.3827997309643363,0.13549137231676192,-1.951245077163911,0.2549636496377591,-5.785304632737827,0
0.9261775475316414,1.5413211448013207,0.376553268748384,1.3909669558743205,1.6835372108538653,1
1.9094166404701305,1.3339981858769252,2.272162426601638,2.011912421170228,7.836221960116124,1
-1.3985675738191412,0.7777350472478546,-0.9576584337188088,0.8813573781482932,-3.8983395717624307,1
0.5629692366905709,0.07468584263688564,0.5761836897908172,-0.168079145594971,2.02626739978102,1
-0.6506425691218272,0.02250038824543957,-1.2644046904410229,0.49178615816823185,-3.0154945867959357,0
-0.4871253837646962,0.7637997723632599,-0.4652231054610889,0.6046985434495384,-2.9675158305601688,0
-0.5923939242388692,-0.39167060950403243,0.03622355609826966,-0.6406693874508667,-1.7196635797206064,0
-0.863990769679816,-1.8825207514674638,0.0074424653460641865,-1.685708044146536,-0.591491861559282,0
0.04852162794482699,0.49200405410295983,-0.10983233821813022,1.2984897490726954,-0.21134329274252064,1
-0.8309501164110378,-1.1310686299349713,-1.6608840415399329,-0.70429267581506,-4.781579398135755,0
0.2704568257798388,-0.9621412281903847,0.6906386255572281,-0.6786757455496466,1.1180839956178772,0
-0.05023810944913695,0.00022394799578804667,-0.18821965767663737,1.37569821475662,-0.35487180495232806,1
-0.23894804686640975,-0.09512487755346981,0.23257227391411012,-0.46132989573321603,0.26535038036688546,0
-0.9075636620415979,-1.4120756063156303,-0.7670275495327882,-1.7894345247866836,-2.1749932711303916,0
-0.5767713305683327,0.16549156413314028,-1.0184933834492578,0.23827630435301167,-2.7159211751563586,0
0.755391225825756,0.9661396608610484,0.7845134061554465,1.7236528529134056,2.55070970119032,1
0.5009171876243808,-1.1283415702657829,1.1550863711515447,-1.5991845584130842,3.2643868996744696,0
-0.977555244798551,1.2724833308487593,-1.052132239282173,2.1497696296302893,-3.0158530646398685,1
0.09933230542922587,-1.560170825129944,-0.41807027629346294,-2.279732069834138,-0.24153225418356106,0
0.751387123371789,2.1173241443709534,-0.042934960926539256,2.0567151190103643,1.3519281588654772,1
-1.6694052811213718,-0.4112604304834836,-2.0554876245536975,-0.3245275976491588,-6.477792246133176,0
0.543360192379935,0.14561699682689136,0.33829206149444413,-0.29569896133205953,1.200960805483565,0
-0.6626237589458467,-1.89203357248567,-0.25262419098721717,-2.2026507549517707,-2.0155834266407817,0
0.5705986685931593,-0.06213606646930852,0.010174034687348454,0.3361791731985242,0.28074303607559237,1
-0.7632591565425169,0.22848217771819174,0.013616786322301011,0.9492600489738086,-0.9206720182316444,1
-1.804882100664519,-0.08616210409949455,-2.4734582060851147,-1.1434672853475054,-7.40509952819947,0
-1.6275424378831627,-0.5630810770523736,-0.46179939160474426,-0.4729628843227164,-2.8177601987322833,0
0.048084946661381994,-0.9465645185278149,0.9108442250386175,-1.0032189703357164,2.1746817961942386,0
0.25972250172148187,1.130526619537311,0.3303056264154779,1.184224797349286,1.5756307299861576,1
-0.9043166251044086,0.03080713499795014,-1.7281633924892046,-0.1275761028101508,-4.878075037955982,0
0.6385924587773739,1.5407523765167723,0.610880427786163,0.8955088917386086,2.565070775456547,1
-1.6615200622689599,-0.526482354794923,-1.8549405412622126,0.24466613422738748,-6.70289643189304,0
-0.06607979864731657,-0.434794693372217,-0.7032234101727786,0.14487010579313286,-1.5356594442544944,1
-1.2110161997624564,0.815594244596163,-1.0655113861387353,0.7635996501477218,-4.863289874040429,1
-0.6518361078021592,-1.622974962003564,-1.0636576727299811,-1.8671315682402354,-3.089277179110366,0
0.047398671316414016,-1.213463360152923,-0.3100542522083767,-1.518183674655863,0.06338274457838344,0
-0.8604133652839524,1.0974849713531636,-0.9622526825701301,-0.19534164105407648,-3.1800200880248024,0
-0.38455554422982535,-1.1719339292231947,-0.6720099585826771,-0.995023891921989,-1.5599407374234802,0
1.0062928092144405,-1.8190510153025476,2.045371117769455,-1.4288892201511256,5.736774056406231,0
-0.5768918695231487,1.868527188073091,-0.8447491860229236,1.9374782461279751,-2.8400490826502507,1
0.8356921120651418,-1.3938176478742055,1.0561326177623795,-1.4369858651740819,3.272479498446853,0
-1.129706854657618,0.18411939832816962,-1.0569456085524371,0.2508111525714619,-3.2186092522658756,0
0.5298041779152828,0.06908519272427113,0.7061792905447188,-0.35752779765451714,2.5654018758662978,0
1.4415686206579004,-2.810628316618083,1.6561128224633663,-3.060405930303249,5.165780675686892,0
-2.4716445001272893,-0.2673170231678089,-2.030963756824228,-0.350483537283888,-8.463130036788648,0
-0.7968952554704768,0.44841324947910954,-0.6636722176611556,0.7967515368615574,-2.4192640267457897,0
0.57707212718054,0.35430938151886054,0.6895200246237,1.0437385681664164,1.9537083281333334,1
-0.2030453860429927,0.9035206838035014,-0.173806851808923,0.7889467623170232,-0.7408992875639763,0
0.37114587337130883,-0.38749131490543404,0.30193694720132164,-0.9098840836881419,0.4333814129123673,0
-0.6039851867158206,0.7125044420921607,-1.0598841275461592,0.7303278374738758,-2.5053696064104023,1
0.08658978747289992,-0.6893290680800719,0.05615559876279926,0.3164164882143887,0.19370697510135926,1
-0.15567723539207948,-1.410467416412775,-0.03504354775931297,-1.8893706339796421,-0.27627296303936744,0
1.1677820616598074,-1.2977283756812326,1.3688643399462048,-0.8548080021148263,4.072936664684537,0
0.2544208433012131,-1.4621104551954147,0.3445632297963313,-0.794130177135112,0.932065371614673,0
0.3376026620752022,1.0095859678911938,0.22112515535093527,0.8295785379784508,1.0098841919783077,1
-0.4118769661224674,-1.5145735090585566,-0.44041691772041625,-1.8649357979180767,-1.8052778978630397,0
-0.48760622407249354,0.27403884064930323,-0.7644294663478896,0.5615171820659295,-2.3681991438378542,1
-0.4325581878196209,-0.265924194072433,-0.275946192316339,-0.08931580767035052,-0.5075839540854469,0
0.39445214237829684,-0.1026485734506316,0.2838880284212359,0.2447385122098119,0.2844332855922611,1
-0.42098448082026296,1.3636072951996998,-0.33070401172152797,2.400462010944602,-1.2006038941427832,1
0.28977485689641286,-0.4384273672152734,0.790176378587689,-0.35490409052699157,1.6222820090442518,0
2.0754007986454384,0.6116015615496833,1.7207213438242284,0.01548913707163213,7.222788880533805,1
0.8711247034316923,0.037563351381111706,1.1694723938869345,0.07088335246532382,3.5552681925027687,1
-0.32602353216784113,-0.15201890563269788,-0.30941844222515474,-0.031240508530007385,-1.6314494698978403,0
1.2012139221639448,2.2999691243864735,2.2118107219543224,2.933553442930598,6.11763730831173,1
-0.4080753730215514,-1.4413417457153697,-0.5162255372533062,-1.5397239434292211,-1.4697470051712826,0
-2.038124535177854,1.2891318354374448,-1.6905422436023207,1.0845979185897523,-5.050460061182944,0
-1.008086310917404,0.6564065654899721,-1.0004095850394155,-0.02919043259332299,-4.567853652119739,0
-1.8707919210258557,-0.47952499463178405,-2.5649441751826023,-0.20581859859971902,-8.535634299396206,0
-0.35151348404130867,1.629318517441612,-0.6118580318008808,3.3034221102110997,-1.0983768494297006,1
0.0184183791895517,-1.8481101123885366,0.4586539319037485,-1.959405604390506,0.1904556112754624,0
1.6764373122752827,-0.5217666572990717,1.4600900819711462,-0.2957891800380973,5.4396520937797765,1
0.32692737376416264,-1.2084822042690762,-0.7832007836556443,-1.4823986309265578,-1.3176929461841702,0
-0.21910052880886424,0.41208346487146014,-0.23480203727111615,-0.2285589951264601,-1.118466891142948,0
0.8294055811834892,-1.1130641011871776,0.2832374322079839,-0.8959461315869122,1.7244869283869577,0
-2.211135309007885,0.4330639467413191,-2.1452264427095256,0.4471580884599151,-7.773497209510491,0
0.23561455810856594,-0.18643641582155404,1.0111880988075752,-1.379213487354466,2.9043288418879576,0
0.7708651938869668,-0.47935394265608433,1.1555938492884186,0.32566041521397515,4.131632843128804,1
-1.4785862457798415,0.38864724603331074,-0.7102583314098527,0.5966294342018686,-3.4252440496590917,0
1.143754043206929,-0.2686216239380642,0.8629980324846833,-0.23167384888626213,3.323590860860577,1
0.3384964074944141,-1.0886348430590387,0.266913240676648,-1.299623275105193,1.170806027999126,0
-0.4152879139008013,2.8013729896349786,-0.937506012304691,3.004020044881525,-2.0954311120883666,1
0.6327818661062848,-0.4871671830291446,0.2907601435862373,-0.26146920682112706,2.0315422395339917,0
2.270692857804396,-2.2176090801520147,1.8072504416613058,-2.0169483932886587,7.2055635935217115,0
0.18186625505849516,-0.8420986897213886,-0.47149522954748346,-0.3081021674696439,0.09363969951411832,0
0.24822058630033608,-1.2672766883727302,0.9311488989660063,-0.6196410714560575,1.926372650420094,0
-0.4593608995402441,0.8261456160405156,-1.5053410470534552,1.8289421478497139,-3.1297452955248994,1
-0.8498443694647918,0.321652659591586,-0.16477491706251346,-0.09676843163277488,-1.2521364569418958,0
0.8303358165442456,0.3987128017903442,1.4533652790043612,0.11200204490673554,3.8472340944574057,0
-0.8560838259088672,-0.3700224658372443,-0.6061874881693683,-0.18943138231642526,-2.38015777386305,0
0.07156623721939247,-0.2793502470569217,-0.48568739682764217,-0.6688956764258142,-0.7133106486775291,0
-0.4776574467651167,-0.3709311036076685,-1.2687450024867202,-0.6799386397937788,-3.3249923952994567,0
0.47897982574639203,-0.08119318413546972,0.20477798511460987,0.1564216066178452,1.0515579588798718,0
0.33366210528694845,0.8353334353648353,0.6462223334569104,1.2857546128547603,1.0305240090014456,1
1.0375399442578994,0.33607541250534645,1.0390717629782364,0.974039388894778,3.2898198358427537,1
-0.5100163988547471,0.5001128296208667,-1.031766146402126,0.40380562274206633,-2.9477429571811355,1
-0.26987493529337125,0.49955890824920274,0.30422745703487386,0.7311353900181881,-0.08264168370200947,1
-0.9787637157823074,0.8844424373817379,-0.1365720516915383,1.005821305328623,-2.169121711267904,0
-0.44429326007611136,0.28815004154025464,-0.5575928420834101,0.29697876413024765,-1.2510798977214799,0
0.37730049304485197,0.3588480726789188,0.4319689448435248,-0.04915650992508985,1.3779260859319877,0
0.7569886166453519,1.1888062411931566,0.002564274830603952,0.7172006965918958,2.2239823348974523,0
-0.9221653241776254,-0.6650459180031121,-1.129358682232143,-0.33170852802513384,-3.530591601197593,0
0.8696059201056602,-0.8557425799515072,1.124825909106157,-1.272152269893608,4.074138294713153,1
1.355637858804951,-1.185921599186856,1.5330661289338396,-2.0743810116003694,4.995528023590973,0
0.41343490322370086,0.18291456362025593,0.15960097861884748,0.16703390197516202,0.6085169291122599,1
1.876795812558066,-1.8537322412191233,1.7396740583198425,-1.1261120901442485,6.42596643804468,0
-0.773789199103573,0.46215409605967733,-0.997394567375849,-0.9352711231414437,-2.5077148980264834,0
-1.244654703311417,-0.10919309450055267,-1.3838870601706095,-0.2533582310773087,-4.679292393035541,0
-1.7787202489042786,1.1346396998210568,-1.5671028476452151,1.4722471324841733,-5.578896976756252,1
1.496044311489183,-0.6719173104649906,0.5122757688046218,-1.5836655270723914,3.3973982205692144,1
0.6543656563540577,-0.20331828541750677,0.6171908989500967,-0.3099847435180478,2.1669298213013746,1
-0.05558467091045507,1.1222033332933687,0.11940309690238948,0.5524747110170977,0.13201695473347852,1
0.2799686263198203,1.3831356467781524,-0.0052737165007183395,0.8795465897747095,-0.08983180788182699,0
-1.1254890472983765,-0.68015236575182,-1.3651555692808173,-0.8813614696028302,-4.424088976260822,0
2.4457519796168263,0.1817812325871601,2.2205547592091017,-0.37979271247892493,8.436384469540608,1
0.1292211819752275,0.2944189776840481,-0.1103038047933525,-0.3087313738918581,0.12108022244798591,0
0.10939479460489293,0.3736534056211483,0.11233668353007967,0.3440375298501462,0.4808558227857258,1
0.7257666238986923,-0.26257565931562216,0.7902680029055842,0.8509938709522209,3.031691664769638,1
0.4810092317367132,1.2813833981236349,-0.5692479263801866,1.660255056847563,-0.3195145499793618,1
0.22388402427913137,-1.8897034836215454,0.5503242100152754,-1.3844371001023679,1.443432425875158,0
-0.7904744554453119,-0.421130234801084,-0.9354738976187915,-0.02249901559166162,-2.689079274925035,1
0.4714683571359957,0.4479307327729469,1.4379499448702626,0.09917392643333833,3.651402234619003,0
1.8820244964750337,0.45722481194934367,1.2862002270256796,0.6126409265074239,5.277139551692689,1
1.3454200461549777,1.3527590306147632,0.9117627917778119,1.9016061610859303,4.075790780361558,1
1.5931866266393973,1.198225393201287,1.4917321373477668,1.6123941270921827,5.355635011871019,1
-0.5112156764311853,-0.28554162530722377,-0.3046029515881675,-0.18826612162303116,-1.5167861464167143,0
-0.9896048202585809,1.2998712435306046,-1.9649884839443317,1.5598944906275514,-5.336673085676163,1
-0.12578692009964815,-0.7140417437774549,-0.5403369461577014,0.5173952388071212,-1.1858088495045096,0
0.055724912288694604,0.9308873827918375,0.3513849925756163,1.3506089913700103,0.23454499161678222,1
1.0941915184709485,1.8105224784209932,0.6201295452546773,1.6529427998221689,3.0481616018658393,1
-1.6924646297148194,1.2149441068549691,-1.0074514415267055,1.1779256037226706,-3.6303434030830553,0
1.5295503194606137,0.10577038352412323,1.3026085200360775,-0.4213053147716002,4.409736923358824,1
-0.15800789857898942,-0.3317787717721222,-0.6076944992499377,0.841739202201026,-1.7036887081876033,1
-0.42688106994742003,-1.5285912962592862,-0.12175894105266027,-0.7266564335375144,0.5061736245930233,0
-1.0121043752601677,0.310539637914204,-0.20829568184794456,0.3521461560502611,-2.3458142707469056,0
-1.6548566718657698,-1.1152172279709192,-1.4466585424938216,-0.024807168587530848,-4.732407054204798,0
0.8231705839619146,-0.7931346636139368,1.4533852835735437,-0.4769346411364481,4.027173365244592,1
0.07331796718840389,-1.1907458007366716,0.9116356375068857,-1.4061690095445805,1.9633182219512384,0
-1.2899608997410539,-0.46039233265665513,-1.7508902397048431,-0.0071660623967562675,-5.502305732548014,0
-1.295078772063616,-0.027969414486982293,-0.8258831050338229,0.1713523214113434,-3.381534057422737,0
-0.3357846992901282,0.27361458116570514,-1.097519953941902,0.6925429703039048,-3.4885935450684844,1
1.669021525289393,-0.6005066354139633,1.8814727911825855,-1.285052565242072,6.359608098998356,1
-0.2595913513636048,1.0692837063951832,-0.2952502966210144,0.6641266277965484,-1.181568544969718,1
-1.5031429531181062,-0.20820525798996595,-0.8816678515970751,0.5360301570716216,-4.949587080343307,0
-0.24574306408594407,-0.7877224332655192,0.34038269240647645,0.05884631251650918,0.8725953025286478,0
-0.2727235697476702,0.22629226724343637,0.012168105519531014,0.9338486307274636,-1.4385005269133422,0
-2.6968866429415717,1.963552833543816,-2.5476726932001625,3.0728762853372444,-8.066452235616326,0
-0.05429486651781221,0.33516056653511783,0.19988947184316316,0.6238447156420495,0.626813236486712,0
-0.23093453020867796,-0.3628556273736071,-0.20004909452040517,-0.10931394595839172,-1.4269978787426858,0
0.6962063648134184,-1.527461356118704,0.6656084942594666,-1.9840648067306104,3.0445733597476634,0
1.8489560949453452,-0.21941232097207036,2.5702451810715665,-0.5096780413952229,7.538734770715269,1
1.1265650295477574,0.23492812508811559,1.9080099393868455,-0.7592023360666602,5.153455481655244,1
-0.2688886905548305,-0.38758089125557005,-0.339718289405934,-0.5483238974394234,-1.9832547710287418,0
-1.1065259087416701,-1.6653846382409996,-0.9877077072362977,-2.6946476826576236,-4.067185727531637,0
2.5733598032498604,-0.8505653895034339,2.6141874156362475,-0.31008230407158677,8.715330150198055,1
0.05921843401448826,1.4545384608877576,-0.7466307869541089,1.6487378951629839,-0.9953608800738809,1
0.013929291912946203,1.434001003730461,-0.15428849689305701,0.42091638053241587,0.29591387714793393,0
-0.024125087110003277,-0.8866391692045981,0.7757270134140483,-0.981571015286339,0.8948720068409698,0
0.19808476076785533,0.6727567871994219,-0.1768031767480501,1.656584598373672,0.07879077233462206,1
-0.14436041192394275,-1.1785727847701737,0.9129113192267082,-1.2414058601880456,0.6891546939387497,0
-0.5736620068802363,1.4043162819949524,0.012401147914454902,0.9051308101759562,-0.6985183270470986,1
-0.5468589412403921,0.24523584789423636,-0.34610986596728766,-0.647515286758384,-0.43146805342470396,0
-0.03275327021599839,0.949641498616534,0.24766837277221188,0.07181819239458964,-0.44369937418167266,0
-0.543424771133765,-1.7150933471825391,-1.0020281193012777,-1.4473033632545382,-3.3265266663866195,0
-0.7128457826771644,0.6776371019248881,-0.8454601587895154,0.4607007907625159,-2.3965513843079664,0
0.10643022769189683,-0.007674063684503472,0.8271297828527765,-0.18317113448422265,2.2365021447284787,0
-0.2549772174208552,0.8519290707908426,-0.562241887007622,0.6370557390688578,-1.9775079726835294,1
1.5039929885826884,0.9148677980978497,2.034558867057088,0.8447478233654778,7.0618980846672565,1
-2.650969808393012,0.06578468947474944,-3.3394899031115415,-0.5477968098767745,-11.063223735048938,0
1.0915068519224618,-0.6008296390959147,0.49242764568495634,-0.4427771422512255,3.4588493730551044,0
1.246085192497629,0.7796961821794943,2.196777525290787,0.06834306030114712,6.497008683348478,1
-2.0733902324081495,-0.06015449940512768,-2.0793088055283118,-0.43807572842575454,-6.6330954336503325,0
-0.34268759408034877,-0.8727849535276425,-0.6119375375775192,-0.3673711046950806,-1.552492403142831,0
-0.37144086599579146,-0.9201522314576858,0.3099295475036898,-0.7320497315950913,0.3911798481908571,0
-1.4075116947178212,-1.4771644163123816,-0.7846009172360692,-1.1343234932116903,-3.3254031132592514,0
-0.7778166875908753,-0.5102911595630633,-0.31743940496225603,0.5649030368458798,-1.229210569994128,1
-1.1105758454658288,1.1026920460743783,-1.3955248051718816,1.0728650409221296,-4.4733272786212215,1
1.7522704434236227,0.17782979970543425,1.6088116554547849,0.1885599297179231,5.3960770585022795,1
0.9356783931474612,-0.5297677059230407,1.0914928050098263,-0.661928183848211,3.547033636239346,0
1.2715550949941588,0.8048559381800797,1.6187547660677775,0.583148864484006,4.811098259006327,1
0.7216720640432349,-0.8324766217233888,0.46743027703396633,-1.337772035420282,1.7163325962140028,0
-1.129051771217229,0.09535027433277855,-1.0436832159068807,0.1373826799307047,-2.953555468739401,0
-0.5245202662797737,-0.17963037272551535,-0.39082461588107065,-0.002106069427437185,-1.2570656858036287,0
0.48937456122791806,0.7791306255883524,1.1327594394155447,0.9845157951848005,3.287949461789424,0
-1.2221278088919454,-1.5772283709195007,-0.8448948944243859,-1.5450464574859617,-2.986659730976127,0
0.7129984301723881,-0.8501977458146558,-0.040402392245257324,-0.387112343404665,1.2974481071507644,0
-0.24032539815813486,-1.6382456590945336,-0.3471405524008277,-1.62352731372334,-0.12123045462197013,0
-0.37482080754959723,-0.25959672180927,-0.8392124925413054,-0.464247665926251,-3.2879783605633985,0
0.7109599682034917,1.2114275036324305,0.9950036785093285,0.7479334126451715,2.557651003425506,1
0.4442633114860399,-0.5054472096535272,0.905839986738562,-1.2799348154424917,2.1277390166195986,0
-0.3609661658190799,-0.5106839381956507,-0.3101881730139577,0.21952365077259195,-1.8496838334919838,1
1.159329803364248,0.8717244241841364,1.025266288050323,0.5221971114404711,3.8459886668076644,1
-1.0810633275998973,1.0685495584552998,-1.0464784310819057,0.6057159868116533,-3.6345855058486745,0
0.6159356069442637,-0.08857106726878992,0.7203952436831412,-0.2973401814322764,3.352362017092118,0
0.5931012579683838,0.6847148540498922,0.2730514321099303,0.545520460782994,1.887649322098789,1
-0.3095464393139903,-1.0769545408779464,-0.918901989698673,-0.2576983229265596,-2.5558868541123694,0
0.326133022242118,1.3779743339254138,-0.6989364990355587,1.2139007823798282,-0.6614937244592332,1
-1.2511135763853032,2.1487062939370514,-0.6175225105158613,3.4653980766378734,-4.025205445824,1
0.924027019206901,0.5212157911887249,1.172210141024384,0.5530643935153161,3.8015884241071536,1
-0.18490213644298903,-2.0843316213428005,-0.0036466307709028256,-1.0558174968571719,-0.24025280890030293,0
-0.5227230205190395,-0.5582302623977843,0.10987642345743531,-0.11126562168242371,-1.0153803825461727,0
1.0490092258368893,0.6128253216693214,0.4212752209906806,0.7933440315917022,2.3154655963722175,1
-0.7043436905427592,-0.4214829971663628,-1.5721591284702687,0.3674410694523809,-4.547102537392935,0
-1.4084612963635597,1.2721985542500975,-1.2163453381040148,1.8333134512202474,-5.0116552798645,1
-1.5566291735239037,0.5881572644358649,-1.4099934858021885,0.9054968065289093,-4.817681161626294,0
0.6060099513456396,-0.7064755007657962,-0.25964345349073714,0.45232150412004957,0.9066836169444871,0
-1.280429352496283,0.032264810771252796,-1.1006688214260472,-0.21693154520555866,-3.866983901105779,0
1.7547941819843647,-0.8938332206390901,1.5546827057845807,-1.3912900586199561,5.522504349835916,1
-2.081929407883722,-0.1825848784124418,-2.4854734377525127,-0.5207002493184187,-8.42511778562995,0
1.6964563682900382,-0.5545932404325518,1.5297445141488317,0.32154335460922556,5.400673589389505,1
0.2110174672026184,1.1747618002330384,-1.0097468182566165,1.9001418107760863,-1.8129713828036516,1
-0.09671311187039239,2.1160120568309955,-0.39240022356636134,1.8533811070908028,-1.3659152440342064,1
-0.5449190868089495,-1.431188333235752,-0.8970663715510518,-2.6085139770326853,-2.0845993797275173,0
0.39913611435207075,-1.9232162862097522,0.6776873378201409,-2.026138804399113,1.8529419814731791,0
-0.03763470242484838,-0.24517242185138566,-0.11674977068029141,-0.7518045761470217,0.09248882999134739,0
1.103301882016522,-1.518415698828682,1.4227363188559627,-1.765383684573409,3.800465039533914,0
0.11422764866203965,0.04621160367091715,-1.1605420237063007,-0.480992920202042,-2.4939128200835365,0
0.1503017614618776,0.7489361138059267,-0.2692473498236464,-0.05583292468358503,0.11665464112180784,0
-0.36361221221385587,1.494141897266825,-0.08561368642813383,2.4357440814322757,-0.2798727029683707,1
-0.056945623721067457,0.20139455871528109,-0.211377939007645,-0.14043954325642807,-1.109439286001313,0
0.3078017688920592,-0.193155224849579,0.7305320353792428,0.5131786767800045,2.0743011620952974,0
-1.7101683926566253,-1.9783849165730842,-2.612469847351237,-2.0890703714965126,-7.625535144411507,0
-1.348185422105713,0.026185149185798437,-0.9826300022609759,-0.5392169530904236,-4.341644827032079,0
0.743264094022715,0.07128726054946169,0.4236944851301948,0.32582145551396313,2.1407841078092376,0
0.17086543812794186,0.6389568142127453,-0.19723310406339534,0.44342838574628063,-0.9283939007804782,1
-0.18398333635267913,-0.7084881015290911,0.3115401871110468,-0.8120386543607148,-0.11634055679224209,0
0.01843393306539316,-0.4350526002358597,0.5993844980436461,-0.36259963306597565,1.525898868513461,1
0.34758170536167105,-1.4780022553041843,0.8649315534053119,-1.8841086731785288,2.265985794203275,0
-0.5397596803093615,-2.2912928068840652,0.47956128221477134,-3.1018609839442446,0.1901932077581593,0
-0.7783047254023127,-1.108497090796783,-0.14490292118064563,-1.1341318981639519,-1.5448042728575724,0
0.19584525509768155,-1.5703258142530165,-0.20187303676846793,-1.0883669629360988,0.15847309987579467,0
-0.978372777615032,0.3367122954206112,-0.9075537135472068,-0.11408333403526644,-2.9901181468104547,0
0.40825275571447184,-0.5181340566668575,0.22815380147200426,-0.4411529235340399,1.4644357928937057,1
-1.7025836042378404,-0.5382371300747893,-0.6880386742633076,0.2145164441998091,-3.867118154752454,0
1.0291556373256436,-0.9844130461752121,1.5815906146749983,-1.0292954898121356,4.512708765123197,0
0.472597482413043,-3.2325654325124336,0.3781574140563151,-3.1895182466145044,1.1867028469723664,0
0.25602973431387566,1.5083107487475504,0.6949846331903766,1.5359169255477434,1.245590538823421,1
0.9826909839455139,-1.0002705227767883,0.36659175078896167,-1.341442735723318,2.005825066811934,0
1.6654744444625766,-0.412420069849907,1.790605313285313,-0.909097329066595,5.776230131743076,0
1.0143700650181304,-1.4548921652893105,0.5454088187165883,-1.9495233499498479,3.4131621120892888,0
-1.8408742313316453,0.9719303434406339,-2.685170331645349,1.1560219419442705,-8.655120805878667,0
-1.2795769667357015,0.14342893703732443,-0.8873088479707847,0.5223651180036964,-3.1753020873034234,0
-0.6248185776956788,-0.8263652852658683,-0.17052303010190312,-0.42382416604694234,-1.4121428984097353,0
0.026091050210833786,-0.3922296113440237,0.2546973683168268,-0.5815010382217549,0.4452948349046498,0
0.517659020469123,1.67817992212487,0.4261755001858725,2.224834192590193,1.8294335763811256,1
-0.7257438131534656,-0.07296943188127829,-1.3589231405766702,0.08071247787393497,-4.515730776945093,1
0.18676676447707832,-0.18173353761590594,-0.3939066708815455,-0.1463624267203964,-0.9076507291875459,0
-0.7553829323533225,-0.9413814861392655,-1.2400229222227213,-2.611059817441058,-4.2336896329510685,0
-0.6115178029919482,-1.894581150472303,-0.72835444885441,-2.3032859562754946,-2.564114753618514,0
-1.4066610968482223,-0.16003867357934443,-0.8685717300457649,-0.9205876246979822,-4.3017326762537875,0
-0.9232332461109043,0.32548511232461763,-0.39303114057157795,0.6390218658566724,-1.512340561656616,0
-1.3516846056163336,1.0995844643276695,-2.175968405422772,1.147101130292686,-6.671135456270425,0
-0.9758732529773327,-2.2484965344996555,-1.3224899213358063,-2.78448972769221,-5.29803764225184,0
1.0536417966078395,-1.125096327023029,0.6935612868219201,-0.9729150477891981,2.800368873256579,0
-0.949398888831943,-0.5807410905564503,-2.215190453082566,-1.292487273659624,-5.450751528449655,0
2.632382064837391,-0.0034808485732018284,2.9154425383123446,-0.525362397706994,10.59459239960887,1
0.4933179008808892,-0.14503369152842294,0.37023798872162844,-0.5001443569608931,1.3657062186215712,0
0.1848361236948739,-0.12168868568726995,0.12826485537938595,0.14837947523516257,0.27533386228280793,0
-0.8583577801812133,0.40809605856994446,-0.18542225099339416,1.107816898171896,-1.6656071530588719,0
0.7003098794089911,-0.9032931107791091,0.7444643860511697,-1.1962973349510766,2.7469216609833778,0
-0.5756378262377739,0.9341414422336946,-0.7910030587207828,1.595370763037833,-3.0099048604012917,1
0.12200981464536144,0.4334524416994807,0.4080486251478331,0.45715421700521086,0.8768867915214659,1
2.5600845382687947,-0.31983226412807936,3.0895204615565754,-0.2017631836654678,9.994400448673739,1
-0.09605989972464987,1.6009079918889153,0.052173883299962864,1.5690057130251933,-0.01684045504068478,1
1.1492733262856758,1.5564160355717669,1.4938681256347501,1.4577591588787342,4.639374748348648,1
-0.7031764251258874,0.9328953551938086,-0.7759602499973296,1.1525453735632711,-3.074576140431417,1
-0.0349884904969617,-3.0185567705677925,-0.07591736367679305,-2.64839617747677,-0.03494613388052664,0
1.77080063563551,1.5789450927179753,1.827310990784924,1.1366394409000486,6.288536551999011,1
-0.6269670577877674,0.7947585224719341,-1.0035275330040982,0.7001082876871809,-2.9710079277376122,0
1.8124485579969287,2.0064086377129366,1.5284177508121284,2.841046186324569,5.234244265674987,1
0.7077519354554754,1.2374645917335385,1.3966917563647123,1.3260589188928,4.1751053271577945,1
-0.5624667758942676,1.5783426774972855,0.441511272036893,1.7216896047118597,-0.4346452645264916,1
0.6324077390555208,0.878654850180379,1.428506696074611,1.4622891196640926,4.6138439510812,1
0.9725544496267297,1.3486931986455122,0.3109257712424559,1.0980709490031813,1.4910559320053607,1
0.6218099622171964,1.9941237407344399,-0.08811880507528991,1.977143429783814,1.1375853049353042,1
-1.5702247198904564,0.21655473837820582,-2.165579435863037,0.6249771866774957,-7.640587588834129,0
-0.7271371758248686,-1.5722305440781297,-0.6599434548851282,-0.9527794284389586,-3.5397460345385716,0
-0.24751863555150475,-0.30746090001514215,-1.6518809317303365,-1.490032546767849,-3.952423363958642,0
-0.07443342910004629,0.3899455993834367,-0.36883421240979664,0.021611203935750056,-1.9791688548733528,0
0.620672097550678,0.07488758437155775,1.3242217421312346,-0.42429506880307966,3.944313205878867,0
0.17770100093325383,-1.2465619661594265,0.6689204162977077,-1.3084745178554504,1.593490604439617,0
-1.3353443587101013,-1.631067625194979,-1.5898916839968549,-2.092404013491713,-4.482284592033285,0
0.3801978510059632,-0.7411626686348293,0.16352013042064437,-0.4091099188798748,0.8137403383376003,0
0.6105857452838231,0.807739555984151,0.8942065986872751,0.8939447265086017,2.8258669391335904,1
0.5597904479310398,1.5803397708229694,1.0274248255531393,2.0249348555000517,2.760438049628299,1
1.0807807255546218,0.9165676137777012,0.8142120916847417,1.3930715924644852,2.8126299997132578,1
0.8339221545489041,1.0574272871141361,0.7167391436891852,1.3969702963220605,2.4809743437648657,1
0.4591800792284367,-0.08081557316355767,0.1761752149684251,-0.24871084871857,0.43914428615861434,0
-0.070165711458647,-1.742082457705964,-0.7358404321462539,-1.6899436883276524,-1.383220136327375,0
-1.660960933515991,-0.4552205808827054,-1.770832807526898,-0.6856575335426063,-6.18703072362912,0
0.42961821913258585,-0.2587644118723789,0.28165444902820413,-0.9411320688572742,1.1576124318059695,0
0.20768768716311115,-0.49705248683568254,-0.4226343708312167,-0.02015856329182497,0.8781279262216779,0
0.2715788371953735,0.05469486537462616,0.5946193060142382,0.012662551739977532,1.3950819733943098,0
-1.2767485758203097,0.4414197598929505,-1.035088236507365,-0.30988622216935585,-3.828419940775299,0
-1.0810565404082624,0.8530151882434975,-0.7331966899857242,1.1214899737872979,-3.11504587885929,0
1.0531528533329035,-0.27811986436633407,0.6691176756007196,-0.390094323177708,3.4967617595189715,0
-0.03955515385665504,-1.9037594056445934,-1.0313429929139788,-2.9336613919550327,-2.0027895499739916,0
0.6815006973726244,-0.4828777192911349,0.9151662621954489,-1.169742355523474,2.71687221485334,0
0.02831837613045931,0.04371039699198384,-0.30373798118439743,-0.3065951823385643,0.5812598887252425,0
0.029756139495743236,1.2228079221334083,-0.4155779271271073,1.3280639513553512,-1.2163639676332245,1
0.9382838059759977,-0.5678078421841054,0.30975726865427644,-0.17379784965882494,1.930020659650335,1
-0.5160447282173739,0.5125436283994018,-0.6537059922609508,0.8894280937481801,-1.6232378601347124,1
0.09612077694098344,0.29008789963543236,0.8847844254662199,0.5915193771005836,1.504683023220494,0
-0.46227528870504275,0.043900533123388444,-0.7150000493828,0.026719347277398865,-1.7406069858554636,0
-0.4344962274323156,0.9305333193245915,-0.9793977495157824,1.7916494746237,-2.8502755812646705,1
-0.30917212346863937,-0.6608411967525808,0.01679457704637477,-0.3109055747526377,0.07144909946231448,0
0.22213377163371276,-0.5751864496435164,0.3085399115193547,-0.46413376502237147,1.4387862419119057,1
-0.4787486216634771,-0.011900823094228097,-1.5383993055075809,0.2713932297709521,-3.839963307506138,0
1.2557561255735208,-0.6401465050936997,1.586929285450164,-0.8396640066715013,4.557256134659162,1
-0.8946073022195039,0.5080122910545997,0.169626582031296,0.47939049053712257,-1.1983956151488095,0
-0.18687164416135904,-0.7131923043661326,-1.487139607875871,-1.7541693241419134,-3.261994828224028,0
-0.4397310582741749,0.22630420774513435,-1.0575840702852368,0.03293037650633324,-2.3306291221342192,0
1.4469778843537329,-0.10017276878675659,0.022714340027929714,0.7797712390966303,2.376185545392174,1
0.19655477651157463,0.2149259647767057,0.15890256614115722,0.2891136034202537,0.8815910680486088,0
1.0318445394686349,-0.4597413950630392,1.5270376577743112,-0.4063715063822333,4.776506579490823,1
-1.485560373036972,-0.33908829452682704,-1.4328099981388323,0.16021375304781338,-4.670851048314201,0
0.26705026586925884,0.0960092679970502,0.9630481149255936,0.27492197580823885,2.22646613739449,1
0.889630795623437,0.20207450616131314,1.3049059407885042,-0.19116739596698426,4.026703055299158,1
0.08228398927542419,-0.004201915391156093,0.9333576510265127,0.0076268407040057115,2.00432881699932,0
1.0654803750653512,1.705362356513084,1.6455857591188985,1.1377527941738266,4.670414263062199,1
-0.5172884501003722,-0.9907369187412842,-0.7187599844051245,-0.8989308334311423,-1.7075989900207902,0
1.40934744018558,-0.06420379495271358,1.4427106683029998,-0.4830787711546841,5.494763483894122,1
2.2988981236192503,-1.5736290221169846,1.8645596658787638,-1.1094817161001127,7.780360919177903,1
-0.36283856043965906,0.3720814786673863,-0.47816664487368343,0.11696116778172211,-1.8824408583750722,0
-0.4455025214007718,-1.115246536376814,-0.4145866853917119,-1.5275984909440865,-1.3220225773458163,0
1.453384477117701,-0.27831025587657626,1.410930815350024,-0.33472625003231554,5.548121868585146,1
1.5795721457307124,-0.3720643253313259,2.2506989088825176,-0.18936841576646926,7.622204247988221,1
-0.5228600271532683,0.2808911266011715,-0.6879440584066837,-0.3227748718187495,-2.9144939484800574,0
-0.42018681709585753,-0.5527909175451801,-0.886230023874536,-0.8134242162069734,-2.4041833634626397,0
-0.2817846088605074,-0.5953056976939823,-0.716590126312101,-0.5427245448472808,-1.9504652778321112,0
-1.344450511034277,1.435856464085898,-1.0169003752230117,2.1050407388541617,-3.255056232292339,1
-0.9186519464841982,0.28456679047452627,-1.620221150528698,-0.9797910916723612,-5.723095129820022,0
-1.0041407667520679,-0.561050852022268,-1.1047338518275265,-0.25346925018064903,-4.239337167464798,0
-0.7677975651041284,-0.25083367181123084,-0.10404744237641794,-0.4426164540142845,-0.6432749223608443,0
-0.034684887386781105,1.645354952270745,0.11161433548363406,1.398049778822911,-0.06365861271762455,1
0.23421473253652023,-0.235164878251097,0.196912037977143,-0.5757283583189762,0.09441623491254858,1
1.5505004928140769,-0.6892766231523877,1.532545290994862,-0.8712244149695157,6.146859891976916,0
-0.998354040738791,-0.6849961501263927,-1.5131363368523774,-0.3745875496703955,-5.23971108342566,0
0.9843223984765838,-0.5491264809895774,0.5557550432593132,-0.817519716567215,3.099011712061626,0
-0.21398884422550896,-0.5944977224267224,-0.31157968068279757,0.23479828548008896,-1.7242706924582576,0
-0.049463709652432936,-1.279647848349243,0.08617280540221364,-0.9677144562030408,-0.6231156087094107,0
0.6748194921666035,-1.124200096946978,1.148894498067659,-1.025214034370543,3.4100888958750115,0
-1.1227220215622986,-0.82932037436137,-1.0764417129765813,-0.9123484332696817,-4.261120983411825,0
0.3824097461840506,0.5915710184530977,1.0587968340611746,1.186498120367149,2.827375820779321,1
0.16645220821305598,-0.3812372872728735,0.9690512158178187,0.2867725561062841,3.0888031980977146,1
0.4924512640081488,-0.20716168909404023,0.8900848702492508,-0.7878527627211624,2.4413396911289076,0
0.2891686439078181,1.270088025254897,0.9016593479357604,0.9191389725553519,3.0509653219302386,1
2.4553001399108942,1.2950071499384181,1.959943379216847,1.612322253134432,7.764982845460416,1
-0.637739984251316,-0.28212494313773495,-1.2123394515953472,0.18621552908427624,-2.9033526673556502,0
-0.5309969550018176,-0.630863510683409,-0.2720102668567349,-0.7810337848380432,-2.517132379859599,0
-0.6231405264247644,-0.8644303136735378,-1.293745432358288,-1.2356527435297893,-3.2040493061792983,0
-0.5554771191602547,0.6927757697082377,-0.7006630411682213,0.7320820826915099,-1.9931599683438774,1
-0.6373871273065177,-0.20470723352228773,-0.2517911746416481,0.5336394818507044,-1.6396976662359504,0
1.1890165311075518,-0.3864948903227902,1.8957029934501552,-0.36597776029671913,6.522696236669265,1
1.4205042479898549,-0.8136645751375527,1.2933964228458221,-1.4456349600501184,4.470945025516526,0
-0.5707462937494763,-0.7696664090113885,-0.8957184414033215,-0.7148747952226782,-3.4519934343585224,0
-0.8323555731042287,0.32005819149324455,-0.6721247623484374,0.7114322271081714,-2.2018043624798476,0
0.4714155563864041,-1.315438265887262,-0.06535616537554079,-1.3661269215621412,-0.13542715238896852,0
-0.5522230442809716,0.9948686937879387,-0.6388623684276851,1.6239521000298938,-2.0677658996199075,1
0.6329318177555111,-0.5338446438149187,0.6289317936173704,-0.10092012605617584,2.877193445326549,0
0.2029230208512997,-0.14963594425179252,0.18893102451590224,-0.18051540609997008,0.9314857376087562,0
-1.515744114997232,-1.3369779581405543,-1.4714923780882911,-1.3154059483203235,-5.340295019692522,0
1.5475052013300616,-0.012365938242364536,1.1302477735439909,-0.9332457908339764,4.406190226590627,0
1.7958776730955217,-0.32832094269055984,1.4323811767863133,0.27679241976552166,6.191250177547898,1
-0.612788690484386,-0.05008059885646663,-0.986346821000696,-0.21483927319162205,-3.5018341661734844,0
-0.38770155993598404,1.4717088983618902,-1.1977487295335125,1.2717305287237157,-2.5895222625970034,1
0.28586539072490513,0.17769804579023982,0.4567805516479581,-0.09722875747346874,2.439163575682125,0
0.33445678998702516,-0.7946591841458039,0.7817855158330276,-0.566310402900756,2.3369745941069513,0
0.6585442726728304,-0.7113199105465681,1.0566993140995984,-1.2756664109278977,2.9822058476158517,0
2.0102045387663496,0.5951311859137685,1.8789561085359723,0.10304479505749642,6.693186323448877,1
-0.1769472274940494,1.298693290993424,-0.5824498472259932,1.2724307401437474,-1.670510725000311,0
-0.7982972445384537,0.28191802075105005,-0.42613992335710904,-0.031338645041384006,-2.375248246478417,0
-1.3793192280145272,0.6887127445547695,-1.0598577168272514,0.8563295312413104,-4.129806426946598,0
-0.7309300399419191,0.6097377233367051,-0.6222197187237711,0.3147930836536137,-2.0010922303637573,0
-0.033126972873797095,1.419064413357521,0.8390286533378394,2.2165825455453145,2.433753593497676,1
1.7945578635177877,-1.9495901727260327,1.7813451028342562,-1.6028614193338306,5.27625701365108,0
-0.5176112990361714,0.6672189393045282,-0.6460562909986158,1.0076620454940026,-3.288052825427294,0
0.2237879516388985,0.9837360439035638,0.023879286101598368,0.6812551669929098,1.1984802157083023,1
-0.016422896072752075,-1.3387237061355735,-0.7968617493131557,-0.13588386891584925,-1.5897894624437257,0
1.188393273448084,-0.885668184006416,1.5190632555192303,-1.1051736911435799,4.875470802638014,0
2.5269324258736217,-0.8507827486281534,2.474189742294733,-1.2076878872732115,8.989426017719126,1
-0.5308687729203206,-0.7287901963773834,-0.275903152241923,-0.3754188978997095,-1.4415393047728597,0
-0.48943944251822213,-0.48171705093552597,0.43149955852739796,-0.38410298446536045,1.1164182477672204,1
1.044160877069072,0.24260281305494147,0.8487849921167634,-0.16658934156564725,3.5097256586487746,1
0.6818914896263114,0.8656746511673697,-0.48711286876946425,1.9635982322116603,-0.175188611799849,1
1.8467073257360336,1.0813169577685364,2.0872425104914196,1.5691167068649554,6.7654547070678515,1
0.5839281853259639,-0.8378230611677818,0.6673578802723017,-0.8358204105338124,2.1388425212901123,0
-0.35929209078705954,-0.8447029987029827,-0.7255190287727196,0.3558520668386479,-2.378529099599782,0
0.5906548306923093,1.315821840016223,0.7892879985030582,1.7212119121603493,3.309301928280269,1
1.1087035805829077,0.6467439354186445,1.5017517406350953,0.6407934505221978,4.728538055221843,1
0.8204821811973643,0.08286484186899609,0.3471772260915906,1.2235836644574598,1.3398274238649064,1
0.5072740311072979,0.47333667555496695,0.35660810040560664,0.8028290422920702,1.676728279587534,1
1.066674689589154,-0.029803781851440635,1.8050515545136179,0.27781884930874423,5.9296366357005805,1
1.1692955904456728,0.5245846830476146,0.8084844948309902,0.3314108694673635,3.901320562191654,1
1.3821589910375272,-0.3360666965057408,1.4154938687444198,-0.31135995365591723,4.524320981291075,0
0.6487098875896427,0.268804934439231,-0.6634956954322997,0.06345843650712346,-0.9084622075494443,0
-0.16711808031685435,-1.5105460503694963,-0.9080408308575019,-0.79067817734877,-1.353097639601267,0
0.14671368643332283,-0.687784294825431,0.2254724350997227,-1.4924913665341626,-0.14113977905469255,0
1.2065089665083568,-0.6770111767903435,1.8205028713011573,0.005924039742080556,5.636227971991216,1
-0.8169356709872361,-0.3743900332069141,-1.4979505119877365,-0.8130612975558859,-4.505567178852809,0
0.3686733088729012,-0.9265132547797481,0.40595533990314947,-0.9554738563615042,2.0217421660506356,0
-0.3933388123273607,-0.5335436258230818,-0.5811977668542191,-0.6811518197351968,-2.2797708660983598,0
0.028744822934817487,-1.5144140623981206,0.5052888504310643,-1.774490305645724,0.6554604653787759,0
1.2784518626072987,0.5487004763949003,0.6695502099460061,0.8935925504626469,3.5652924622377125,1
0.19109906801990334,-0.08251351891139448,0.40613789220364593,-0.08510812557579896,1.4966823185755491,1
0.04643654815614881,-1.7052076077760168,-0.2804087953419796,-2.03905698785046,0.18863563180257997,0
-1.3598561409799192,-0.8348299105466731,-1.2483371285666818,-0.7578321454577762,-4.299994900218435,0
0.7462535660272207,0.3366014275621669,0.7807190921814571,-0.011441935771088096,2.8555608372100814,1
0.6454841811410754,-0.5430219463857897,0.5195946440697665,-0.8119096958865006,2.531973629498088,0
2.16325472330546,-0.6969414601380967,2.4021606464401524,-1.4455730046574993,7.3638987388106,1
-0.30777823495300055,-0.07459267700807634,-0.28595186780152,-0.2997471737504579,-1.4733967872130167,0
0.21915032766393877,0.3435975351782162,0.15274717662559129,0.5906997983754834,-0.009178429945116973,1
0.24938368371075526,-1.4363524570391606,0.07117541669938374,-1.4177899980601418,-0.8264177450577912,0
1.5774532797634744,0.5501284812178794,1.6162524746361429,1.4576603157044508,6.019763737693121,1
-0.0952955323869521,-0.8002932816073767,0.015726241686083886,0.5061154552532761,0.6033517424904882,1
0.27902152577033923,-0.01792796824979873,-0.21554951426997127,-0.2500371664101603,0.2654307423040042,1
0.6078965097165392,-0.035420140691509526,0.4331608907578509,-0.45207901954365376,1.968203616340337,0
0.1866091231563581,-0.5270661182397741,-0.3409838491592282,0.03784215493969789,-0.3595727943792416,1
-0.44643361455052827,-1.0236597461307144,-0.46635632594092113,-0.8560556251144417,-1.5747911507222287,0
0.19408999289830758,-0.28568654809226357,-0.10207610952870644,0.28225059041522305,0.9345944861786696,1
1.073631749859772,1.625330309075195,1.4590233238504,1.8247456746774495,5.303086755430251,1
-1.0265152994110602,-1.361675030463631,-0.6901518105327153,-1.4588539538015182,-3.2125918583584885,0
0.132969674146876,1.6923130191048756,-0.3284046076353088,1.5979704949954863,0.0970464672748288,1
-0.7001208149391732,-0.2597211710765324,-0.7012744876384106,-0.04333278189350723,-1.838016462919434,0
1.1950466289248425,0.03537141708863912,1.5143049185490245,-0.0701855307687907,5.146376445358131,0
-1.5231869047837747,-1.0867108113847272,-1.6108410648657892,-0.47696018978579247,-5.312672130515797,0
-0.5589218472715883,-0.7712694166774808,-0.9230306096743608,-1.4224380364280789,-2.5078075135119855,0
0.37721187506452086,-0.5029096500380191,-0.16898988895787698,0.1041621679925292,-0.5131691461035179,1
1.5655240292343404,-1.0456949708779122,1.9926578100235215,-1.9823953448359304,5.548259991078235,0
-0.0657502610729878,-0.20891795737087174,0.3856063130694971,-0.1363668141902607,1.0642329284346923,0
-0.5551995266931983,-0.40701589180677117,-0.6591733261302226,-0.5725372571185455,-2.7013355840143904,0
1.88115706944059,1.8507811424357337,2.2642258617039284,1.092603290610143,6.655544644389401,1
-1.448013900416244,-1.165974185680461,-2.930619165358914,-2.1959838940198297,-9.070994433186861,0
-2.198805956620082,0.10269051674858726,-1.535028631265464,-0.446066818303997,-6.606119728327083,0
0.4400144500533324,0.24784628190182476,0.36154204741474305,0.2706884451819944,1.5702738582657496,1
-0.5020542243526112,-1.0703205486518375,-0.43116594395286656,-1.3714126130416966,-1.3879528177777027,0
-1.0212328171307132,0.6868274954528385,-1.181491678963698,0.16635304486724944,-3.469535029843915,0
0.7083564472993533,-0.3983270128816281,1.4062101882331062,0.27781352857956465,3.6792057108185956,1
0.24380071377119883,-2.4923896515830672,-0.28656509820656806,-3.108481990547348,-0.15378956929710802,0
-0.5640786307367284,0.659849612104565,0.17315153256668947,0.9994082778792883,-0.07690585336005457,1
-1.2803043986708944,-1.1169408841023638,-1.0821689381983388,-1.561439388293466,-3.8528054594898906,0
0.8724573282801447,-1.047774946139099,1.1837894362392236,-1.6091779127183798,3.3838303118945277,0
0.650201177958661,0.6879020828923982,0.48559889629420283,0.3859827694309528,2.096322047854754,1
-0.09917586377938291,-0.3471614824184498,-0.7532854627275682,-0.03720345881639425,-2.647450425287845,0
1.8466369960476658,0.9177721505515003,2.3118923788157164,0.23203927225246024,7.393801779138399,1
-1.0700847663261526,1.2101660953653188,-0.9143805907314871,1.3538937256186696,-3.743089336319697,0
-1.5255251709247388,-0.6449284603222979,-0.84471344177033,-1.1253084591579912,-3.2184262834357398,0
-0.6919080698812444,0.7932624959550306,-0.7887962299890935,0.4028790608320048,-3.1040666223537206,1
-0.045586016355497805,-0.7554608013928819,-0.2552017058049552,-0.5551400068723493,-0.520443143437236,0
0.24333944932269183,2.2331159171321766,0.9373835676428428,3.3198573321044154,2.025359933450779,1
-0.24123605785632987,-0.6929570045312151,0.7147110243923922,-1.1484654995250145,0.7884554222564084,0
0.3520553965142968,1.026087440960004,0.3567289846971618,1.3860277327885047,1.4302070019265136,1
-1.2515394241904443,0.8437900258815753,-1.6279181726189973,0.6874338372650952,-5.342247144676102,0
1.4437646040732597,0.3160878221089337,1.849029985468034,0.0787160947105354,6.789702129371924,1
-0.08215117839256883,-0.6705431614166831,-0.20916146147790599,-0.13485515654160618,-1.528846145237655,0
1.1172958315881278,-0.1513974919414092,1.416927244288527,-0.5731588973713543,4.825383632040302,1
0.34272534637770413,-2.153588112944552,0.21308735918832744,-2.7306447263419296,0.8978653581151622,0
0.4567532191537839,0.22442003838225033,1.2387602282596906,0.4545079359917932,3.137492362452189,1
0.5697672802322037,0.34961533102838555,0.22002252770685388,1.147007229271759,1.4457572297268861,1
0.4477085600173148,0.13349941906137158,0.6879733912782948,0.5084967717069474,2.54638599782636,1
0.6427227598675439,-2.9733061712925575,0.398371774751482,-3.6768148616608243,1.8933642146704208,0
1.3291525301324314,-1.265636445089811,1.1883992494220468,-1.57330296707427,4.87119227889675,0
0.19652116970147013,-0.7480909828486626,-0.009506657678818198,-0.25829186206025806,0.29896945442040823,0
0.7090037575885123,0.2916589331890461,1.07830779063522,1.0822140421433462,2.703066367506649,1
-0.08973569428722672,0.2893389056429845,0.36944586317970873,0.40369456828019523,0.5597162290580125,1
1.4401172154494728,-0.17022379197117923,1.7189866299156584,-0.4598100590250759,6.174612060250173,1
-0.6763923020592697,0.6352455366039567,-0.7303840354319049,1.458254956288266,-2.680697138066846,0
1.8009404329108156,-1.0262423753028997,1.871030448411612,-1.0635391678804837,5.902069742734557,1
-0.04015795064434341,0.6102350056939962,0.40870283358536896,0.307330718616816,1.0668959863875869,1
-1.4307751021180481,0.47474210483989104,-0.9661193085142454,0.08727583575237458,-3.910095509804286,0
0.12810441491078928,0.3775547328379105,-1.2170334007659782,-0.21995444065651704,-2.6273470235448078,1
-0.6810516574748808,-0.18204043108565582,-0.8171627433612287,1.2347497836426438,-2.772431794354346,0
0.8406435489887243,1.8307438248312617,0.7285141532689815,2.5412227575615565,2.627158166163451,1
-0.6526239793023911,0.4931956884898786,-0.31799769723931015,0.16504903046473973,-1.6117403956394318,0
-0.4461834332147797,-0.9683358632535589,-0.4795688420701526,-0.10242289989260067,-1.3051299790528679,0
-1.889540730945531,0.2483054757359842,-1.5299490404708873,0.5149565624375597,-6.096810809962406,0
-0.4523063192490767,0.7524833770742185,-0.9916367047643528,0.9895373777337926,-2.3126107412195496,0
-2.4238793266289567,-0.5881085989243096,-2.2938520688985666,-0.9470671139823239,-8.490267757956026,0
-1.5839028234857233,1.089272246931099,-1.1337999967604762,0.832208657858126,-3.8103005222260347,0
0.7604146561442974,0.3820337057160107,0.023223221485223267,0.36082168842439033,2.0309953199024333,1
0.7858001586508322,-2.342478337665347,2.0426218927552835,-3.3252528348854087,4.835740861166331,0
0.42545756178496474,0.29967197733792633,1.0209005282182244,0.05626190563839162,2.067236368370975,0
-0.966976143129213,-0.40602915441271537,-0.9662994918963921,-0.4037843387960019,-2.8939592915704417,0
-0.047711356141979855,0.537179814541736,-0.461915409761364,1.1919392677753546,-0.8664561188432879,1
-0.003602539090568403,0.9442148402518143,-0.09114511422742132,0.6359410672175287,0.08814006646014536,1
-1.1583646891925423,0.195162047141818,-1.116463509386872,0.6012311026990547,-4.297851651160949,0
1.5033983017671506,1.6652522339446956,1.7237295801731745,0.6350053239091114,5.636329619918942,1
0.8773622905756714,-0.17870688456349573,1.6276927153056868,0.4048082031728718,4.399011780069687,1
-0.22096417382966393,0.6248178230538752,-0.45901340855108697,0.17464433949799302,-1.0973725850709326,0
0.02688583899453078,0.8049425736373473,0.3082407577808114,0.8700790581747274,0.03395026655657074,1
0.20838280794755248,-0.09734596889273273,-0.437831773352504,0.10582559069687672,-0.6127565577957502,1
-2.0417348684242906,0.7787743079777819,-2.248535225586924,0.8838640866557117,-8.187561971231176,0
-0.24717738252059693,-0.5946729871621685,-0.05881895858591765,-0.6480628664891511,-0.7461858795031018,1
-0.6819842479977986,-0.4225684190212183,-0.3363530024933962,-1.043326561707863,-1.744356283118611,0
-1.0016200098949155,-1.3124886903363124,-1.3782362482272252,-1.7572591494810588,-4.005185646408063,0
-0.2811002928859549,0.24140911637004694,-0.5014961408919119,0.7396250879808489,-1.1294825952750802,1
1.7976865268495226,0.32525167585434406,2.5279648446412954,0.026562946457637238,8.132916888137306,1
0.6408428612670098,1.1792631585792293,1.2217971710810325,1.1276153618974831,2.66346360264066,1
-0.5711789897827968,0.7911400043558836,-0.4669503812566136,0.04509687581059263,-1.158626049125723,0
0.5725827813561586,-0.28479555664743317,-0.5457397952541991,0.14449112411502973,-0.5550051447194783,0
1.3993554365860021,-1.178179687334277,2.6549217104310063,-1.8379212074043219,7.122980776654768,0
0.9246336829127688,0.432850402519974,0.9146679020841463,0.8908318068210276,3.3506601028210503,1
0.05963036992017413,1.110753172414642,-0.09665315909048927,0.5793972920929242,-0.2723614904808212,1
-0.6469367777055739,0.7551849738039433,-0.9081167406326311,1.2624389889678307,-2.605725737966125,0
0.69822331361359,1.0844775248572875,0.8864068322131444,1.0895739825104505,3.093844917850101,1
0.3934853854217497,-0.21188953119824255,0.5867766800072146,-0.49126822942178777,1.3821936065623124,0
0.8951932200277323,-0.4666189681756455,1.3705071565909885,0.3335819095484164,3.991941117149375,1
0.6351718016819695,-0.736901352231799,0.17214071950746296,-0.7713288486409153,1.2199806636486445,1
1.0495527153193351,-0.05589646661359551,0.8933052762487046,-0.2368026132415851,3.840075916633826,1
-0.535235211560568,-0.0785907959688194,0.4800376500515332,0.37596816783018533,-0.07535895084049585,0
1.3173940656343257,0.20667762853911578,1.4296893822593215,-0.5335509272208823,4.581122129571383,0
0.19759960469239965,-0.12929745703550774,0.11133741802902644,-1.3928802590438043,0.00826526584357512,0
2.0752608726252655,-0.13362772972677125,1.6044519898334146,0.445362257091667,5.867038292328496,0
-0.6891878180895679,-0.7766940529721439,-0.43622066517919206,-1.1948450922981597,-2.5815259291699624,0
1.7359638031652493,0.9416190135514908,2.2514729116864713,1.3739302262447404,6.755359626864322,1
0.1979107834626478,0.0765180622437113,0.6352046063675515,0.09959924813272164,2.3640578936084315,1
-0.6514180036144483,-0.17444393428528215,-0.7808184354189066,-0.7564386663490212,-2.1933102050073074,0
-0.48388583405432156,-0.7474292532492047,-0.30325969237255357,-0.4437880434121064,-0.69367496470398,0
-0.32034730819432017,-1.3319131103910864,0.5154824101299855,-1.5369982055066251,0.07536848943310698,0
0.4241659464019164,1.3079641925493442,0.9596070924876509,0.7692940243960883,1.5815977204326899,1
0.5228354880354996,0.5546387081318072,0.13075411693883982,0.028990522033430777,1.203952465420558,1
-0.573700003938579,-1.6239178425699672,-1.846702536249314,-2.4903372196558315,-3.627156131314716,0
-0.02435459226098284,0.7631423007096569,0.12403166128113464,0.9646547418010258,-0.031136428496919777,1
2.1422703586118637,0.9224811702331092,2.54155442198608,0.45478079801051285,8.347422559531122,1
1.7275431701007113,0.12437612230092951,1.1829309241640802,0.10701505844850198,4.172409025367607,1
0.4363236696740321,1.598110895751759,0.4319289086126432,1.5072496484955722,1.5324465336064106,1
0.03800347816820029,0.21671964212288297,-0.09384605476833904,-0.25405869846695234,-0.1931807849413063,0
0.1200313267182613,-1.4168235279491899,0.1721744878343607,-2.1782733850186,-0.5221262124589271,0
0.6135179727304166,0.365169001048321,0.34116982917056043,1.6320244156133856,1.083948437287439,1
-1.0227925651984056,0.24489730171272925,-0.37753706638440887,0.22063103872360493,-2.8476280468996613,0
-0.25737653742334515,-0.6032968487781549,-0.18339209710696386,0.30839462760199376,-1.5427122589154771,0
-1.66858407387759,0.573558836877425,-2.1080925169599647,1.15602722874082,-7.081488486516357,0
0.39922312260527926,-1.667665266190862,0.8579541994021394,-1.8282479169360664,2.569128266044582,0
0.647195939702741,0.9905668274427895,0.015102141706888506,1.0810491461126939,0.6844069638512502,1
-0.4831864622993739,-0.8781217036054526,0.15906072646819247,-0.8021638126218785,0.16758639451149582,0
1.5739867632900326,-0.9849461251170324,2.0695164754013144,-0.06284578065081248,6.3186332642114715,1
-1.225765663002341,-0.11382477230747697,-0.530878015341948,0.3010920735142294,-2.7372954410394534,0
-1.46437488020982,0.43297292804363574,-1.543498066430628,0.02933655503050031,-5.034818612154534,0
0.22445181855997198,0.16392406359342962,-0.02360517133171633,0.339733481870792,1.0564073657895108,0
1.0470983026121545,-0.7426591657723782,1.0891091830787012,-0.34050199506225176,3.3908108475354637,0
1.6839276914578687,-0.5060892911918885,1.641709298280103,-1.0937488156444257,6.0304898874911705,1
-0.45888426286894,-1.133042347377462,-0.7852524056506962,-0.8859676749747862,-2.732144581883272,0
1.0786808334312956,-0.22467990162987012,0.8018691763684744,0.44806457647269,4.082807446931096,1
-0.03850846950070721,1.0750212145109097,-0.2216948931339393,0.6462848886983368,-1.0209969625894297,0
-0.17262729994081963,-0.004262937643876165,-0.757629143160751,-0.36392222143613084,-1.5823611216544078,0
0.8836599374866724,0.8594142547594533,1.2226415822863397,1.439650507433123,4.550503254168464,1
0.6523228784134196,1.4554013377261916,0.6261743096279164,1.2782831812729454,1.6325720887911133,1
-1.5763921569842494,-0.588018519036967,-1.7305813916010726,-1.0790227257465164,-5.528202415308251,0
1.4765403497258958,-0.18657325305536468,0.9213632692550571,0.2545632684616731,3.561147079417759,1
1.3800913541474515,2.171192861062495,0.7999048653137191,2.459619979425415,4.8341289877180555,1
-0.6255627015095294,1.4443434119799452,0.3423943238516767,1.4915403657279842,-1.1992409663918795,1
0.39580353343740904,-1.6724045258123525,0.08217480200662425,-1.1101132115880006,-0.000599767616094038,0
0.4940301862827388,0.38714831606090655,0.7992943833874021,0.9849659376581843,1.7788732712242434,1
0.2606737658239071,0.0005599923396953997,0.3419910007739957,-0.04085146207169451,0.530332825912832,1
-0.5503051538454201,0.8264531108587624,-1.9378993843994712,1.8136163046351141,-4.440821516527091,1
-0.6716233679380516,-0.7449787674850553,0.22460204363124459,0.04671620922844355,0.3416091717768732,0
-0.025554070991445278,-0.8396083720406722,0.3164879183966127,-1.8317575969859767,1.1722092730610303,0
1.1727290192593647,-0.6760707152936095,0.7888939421069603,-1.1911294270102002,3.4538325564800427,0
0.5436001545944323,-0.5719285461984328,0.5294169023796347,-1.699574456019552,1.8790254844891132,0
-0.37061433208610595,0.8153241668090142,-0.9452060157879388,0.6529666694466372,-2.7495146740401566,0
0.7716987106483447,-1.18120117314888,1.6848089498789116,-1.7868102722989119,4.722702460998059,0
-2.8485426206300755,-0.6226138999593189,-3.3023714747508075,-1.0297730993291563,-10.981958792071488,0
1.1487657003721035,-1.7890123905014415,0.8872237020247737,-1.2437283171100053,3.5923014076100785,0
-1.7397137787780996,1.0071178234123732,-2.1044943178518953,0.12970329354483312,-7.189011769580818,0
-0.36244094140313216,1.2710300994311405,-0.32225124129854704,1.335897969946547,-1.7890781958373911,0
-1.1196698946261439,-0.3270734308637865,-0.43451164455648694,-0.2652352096235792,-2.5357934591537616,0
-1.2946814757209055,-0.297949364813223,-0.39999425117332665,-0.33914400858929494,-2.740325803169852,0
1.1608267873785192,0.45322190228289727,0.9613287152673708,0.5186112432727837,3.365931180426486,1
-0.46770120131189136,1.4744820073782556,-0.27857171015293014,0.358341152170375,-1.6419502686821434,0
0.3465038817307158,0.40861074756391724,0.3874565880327524,0.0038334896650712436,1.5738721431986467,1
-0.04692057887918407,-0.6975419424751146,-0.5377252111012131,0.07395849015358025,-0.9183571926440148,1
0.47704082722312147,-1.6188225719864404,1.6883186145210936,-2.2172581147412807,5.030473548196781,0
0.07682189106025536,-1.1151262626634877,0.7582016722083832,-0.28182085588138794,2.322101094234579,0
-1.2829922241885696,0.07321945031246505,-1.1884342993330523,-0.6301917555767381,-4.898278173239604,0
0.99626681944714,-0.6553275232007943,1.787204866196634,-1.418847839406955,4.973397048619044,0
-0.4937565831613125,0.1949677059907586,0.11229677319758985,-0.2809217026412896,-1.198425686415694,0
-1.556581898659751,-0.552924016236234,-1.5156512281188732,0.011617467907225287,-6.285793238762136,0
-0.4281151609659125,-1.0581464312944115,-0.2651333583019159,-1.3312068461691005,-0.07469491423100671,0
1.5007597906343109,-1.177031631453071,2.256822861822638,-1.0043281372334998,7.504933661485985,0
0.8502217421134929,1.5623545093732296,0.37714495154865263,1.5991729703818316,1.7147205585528043,1
-0.3486521344078592,0.8889877491836429,0.4881932142528104,0.8617566578184831,1.0750962963701376,1
-0.3492577043184288,1.730517951827958,-0.4618139846609869,2.367576998131745,-0.7516543694770628,1
-0.3216350512173826,0.539950900755103,0.44070332020640096,0.9257098712486225,-0.5612780214793754,1
2.076747983560841,-0.42999140861483914,2.074134684829431,-1.0014430071960272,7.6886931735087485,1
0.38193545223155334,1.323340922489938,0.5507385634680393,1.185555530694106,1.428553504704117,1
0.43004164719106963,-0.033068001361767865,0.4128874689048401,0.8386519086536481,1.6623849227851073,1
1.0302834540318422,0.22084177029035282,0.7643616426262285,0.3806226648743206,4.579079564194178,1
0.23878915902651351,-0.042824379075519094,0.10376170995435749,-0.796747361121179,1.358388361159201,1
-0.2590421458207031,-2.9469042192840145,0.43051355576358036,-3.6654236704724097,0.4083578282912726,0
-0.19634984908497827,1.6047350122948532,-1.3534318404212125,2.049807666577965,-2.290551702472106,1
-0.07160125941406395,0.49100394595775343,-0.6910842318164825,0.8422226045457852,-2.450625922073222,1
-0.03722223650984159,0.32982306086851004,-0.3999580911888927,-0.13085972670015578,-0.6039631216042214,0
0.7276295436369798,-0.0617760622705607,0.18845714741896924,0.31203902721661264,1.7320969718077395,1
0.05194588580729943,0.163427820386131,0.8069356910150439,0.9631238887457556,2.0446367263862912,1
0.7326400772155792,-0.5972789358462477,1.3614785661421813,0.13165048398405288,3.5676738751791293,1
-0.08071658010858232,0.6165793523072711,0.21529932458872544,1.4187183707184996,0.5005106640753855,1
0.07863519031609059,-1.3070983443991324,-0.24026684342267698,-1.0293539568677301,0.06540544702599721,0
-1.9982006845321076,0.18606843247054689,-1.3306747511350392,0.09723852290560299,-6.820131468226126,0
0.9163276747024814,0.5615734705711045,0.12226271170470937,0.36033343033768656,1.4609285493979527,0
0.3464884758979927,-0.198669133822903,1.4174797959719607,-0.20736257812932465,2.903036172116149,0
0.9980101098596522,0.37086779247102475,0.6556952112708768,-0.06714385975740822,3.1394753625780583,1
-2.8962553781936893,-0.9913343922342502,-3.0272729891144086,-1.1709837544937656,-9.710009885766949,0
2.0883747047807275,-0.9658267708959641,1.8737027795333705,-0.3282668967471636,6.574041268329809,1
-0.13958962815517376,0.23671712102639317,-0.6761433352045122,-0.5678183831923534,-2.106017880203683,1
1.1081828167375165,0.6785496546210517,2.070739378705976,-0.09178520822465752,5.862334955235382,1
-1.0399059271255309,-1.874865655501711,-0.6454586117332874,-1.4596003532924966,-3.4273816200515266,0
0.6127739050625697,0.5220206351107666,1.2205091761024636,0.3469341727690292,3.2469627212919,0
-1.0534155631736561,-0.5432015003763371,-1.6652501992040416,-1.5060230126555039,-5.076564855030852,0
-0.6237689606958051,-0.19280608730741247,-0.5333000471938054,-0.22347316547763268,-1.7122021621304757,0
1.9140313538667861,-1.3395179235650372,2.174545698532488,-1.441578715971841,7.377736220242756,0
-0.19068240076334658,-0.8516172401867079,-0.0553041389884249,-1.0671594784323748,-0.31593342233264643,0
0.21743287317972287,0.966125325530311,-0.3627538523542771,1.3089783387710532,0.41906686070626176,1
0.8700677306887539,0.03286337398021315,1.4078177412540724,-0.6337344104155854,4.255601842085007,1
0.4956818879726045,-0.38277840170955824,0.5564569293651817,-0.3762856942797609,1.6475178026331774,0
0.15041890514357628,-0.11648835263103476,-0.3270631126779252,-0.2219745999372534,-0.5760930733587059,1
0.3649610024662251,0.4892118246643012,-0.5626642673101067,0.5081244386201532,-0.960039406133764,0
2.403415585238275,0.44049449616333775,2.706748841983215,-0.42559858290502245,8.50930291749181,1
-0.05761879703358539,-0.07502700039680087,1.1676090700321653,-0.3363514444668052,1.554118734271376,0
0.2010990467149675,1.0929591108966683,-0.30652808995817327,1.102843706415282,0.2557086135094757,1
1.050654396007612,0.970462636906666,1.135877921214095,1.2410424550556143,3.488583907796216,1
1.1055259329579838,0.4133720291303957,1.6607745725037724,1.3365702818366454,5.137795782031155,1
1.1870303055603801,0.05461178291007045,0.5522041725097295,0.4575859772795808,2.7350206863829856,0
0.6387302220291846,0.6573210951195391,0.3987518374866723,0.8878986954362467,1.7409870103891725,1
-1.1430049127304835,0.3142674218011834,-1.5730843023611845,0.9500048179413719,-4.283775414786133,0
1.633431532301096,1.0608000718059476,2.125769879713369,0.9088888485343306,6.7900152720594065,1
-1.146345393018688,0.8995613767383077,-0.4835841083416583,1.6765254585557354,-3.1480236811507645,1
0.30263546523903323,-1.0182539014177285,0.38215359760490075,-0.45861750638667087,0.936204123674856,0
-0.7542758500193579,-1.0859631707417063,-1.1751428845164085,-1.3089020660629374,-3.05172653008516,0
-0.06413834659299263,-0.7012495444040763,-0.2855338155569165,0.26072804346256917,-0.42568588228583637,0
0.32876241030348075,0.9761386900669211,0.013513153180104154,1.1996063475202603,0.9813765822183,1
0.32135721545027307,-1.5763089967712456,-0.16727721536123025,-0.4798245087403765,0.028230675730970684,0
0.42192075423528475,0.3947573891079933,0.3709016538260524,0.5463485162496463,0.6766625312978309,1
1.613711269058647,0.36254309109296134,1.901124511289578,0.0815781613376434,6.476139920512751,1
0.45353430151397983,1.1626480586861927,0.6986630237282395,0.7788797370094894,2.2040369521984395,1
-0.24415663529064877,0.18033869066388744,-0.24827281757540412,0.0024669632974178846,-0.723276144506549,0
0.9640871682883576,-1.3432093905839007,0.9926140867010396,-1.6288568615987338,2.740487105180219,0
1.1894704889246406,-0.9593549606481229,1.1486950913797511,-0.32366068216877597,3.7614876830293342,1
-1.2276078151369925,-1.1819955218978246,-1.8762135847201291,-1.1964826441729506,-6.063023017616372,0
0.597400069849858,-0.5379439663331403,0.6774675183412944,-1.3449553026143448,2.450718463002474,0
0.7011727423108983,-0.1829015674239269,0.4093599495835734,-0.0763994094880826,2.0873760497435674,1
-0.297563503359992,-1.165441526221057,-0.9712351129397108,-1.1026850046659138,-2.410559426535511,0
1.3757068133116197,1.4706619906522893,1.5610595968694116,1.236358180067784,5.669471773029834,1
-0.15005558703252717,-1.325281371952441,-0.45592060524179967,-1.1914853609603058,-0.39156876274741714,0
0.12557645347154262,1.3461034238624805,0.2394534141009605,1.3240487072980318,0.8437996947483035,1
-0.1730718242838696,1.1851630314393404,0.25074708325084394,1.5020457151276236,0.5774219450380291,1
0.015579047581467534,0.8983025496890353,-0.45954031299114834,1.1857920190306457,-1.1664870745224054,1
-1.0962750868952018,-0.6937666074967505,-1.0502144458587162,-0.5113151792972146,-4.1075557628700725,0
-1.4400508825942944,0.3424508791769014,-2.345262323459475,-0.306977072708131,-6.3457290279405765,0
1.5945050632249722,-1.2773711335506177,2.3607716085296104,-0.2178627694794617,6.675929683395861,1
-0.8469613483183278,0.9109070350337491,-1.5264945967627188,0.13291418336759375,-3.9748995390038324,0
-0.9913923494563072,-0.07398478153626888,-1.2488021806549945,-0.13833936994381402,-3.1249573022249777,0
-2.153390113603715,-0.4093202145866852,-1.4842001617217362,-0.9565368902610866,-5.87174455479728,0
-0.6389617476895023,-1.223744846656269,-0.7562232107299953,-1.0255757658262064,-2.511355272233573,0
-1.3230897934074985,-2.4775061186290164,-1.9217886365576486,-2.4083032562253623,-6.498374094421135,0
1.642015160136369,-1.038540857035756,1.9985517762796368,-1.1229238993458603,6.541777688336968,0
1.0098170893426341,1.1127981956129065,1.3550833204182267,1.8716845875818326,4.729440342046603,1
-0.6881503451777238,-0.402833428474804,-1.0047435148603405,0.15141453011375422,-3.1311925189251415,0
2.2524358053443088,-0.1693288571150473,1.9899725449541092,-0.33288652866081264,7.86934576185057,1
0.9817654869915943,0.6555543582884528,0.7640610016825511,1.0576216792465798,3.183282248467565,1
-0.32483138350862245,1.805668878116265,-0.42834336385163807,2.5880090070354917,-1.198263528672921,1
-2.4994057148735727,1.3250046549456385,-3.445891253334476,1.87567717471712,-10.799285209871321,0
2.2909425725907413,-0.9723350038161879,2.2002306420316917,-1.0404442965499399,7.108853227641242,1
-1.389572466763596,-1.9425705714374064,-0.49761536767202175,-2.7377210221521646,-3.29214485431991,0
-1.6453987469568918,2.3596142591001037,-2.093383730575244,2.521938211560034,-6.871392743655242,1
1.0225704320096403,2.2689916116594535,0.7308236352747584,2.6032967793564485,3.2832233316069965,1
2.439752406339273,0.1884535964292827,1.8479435747410748,-0.196354853712478,7.347903445955022,1
1.3842728185105182,-1.2704882455818216,1.690353781708195,-1.2592156120528009,5.998700801794618,0
0.5639091200523596,0.9632265338939392,1.1655077991235476,0.9217826295109272,3.317555790075384,1
0.594754341665286,-0.10798368601261019,1.1849132612540985,0.5858716318900112,3.0097831234365584,1
0.8534155587803077,-0.11298112310661049,0.22941026433347766,0.8139269646884343,1.331505978595722,1
0.7589285897867651,0.894458843105129,1.0088244550352452,1.48206607825548,2.854354449665956,1
0.2811914239693758,0.3343747468732986,0.9980664410764937,0.2915969052852435,2.498304486103485,0
0.10420110395187607,-1.1858149110149452,0.3590326578069376,-0.6119567875410368,0.6879703673814688,0
-0.06259312789952241,-0.32474193508197385,0.1766117137723659,-0.00034783216683903495,-0.27888590766839594,0
-0.7539645888666763,0.6611529286613463,-0.9897858781842556,0.623703140470476,-2.607160711657431,0
-0.28067507686677406,0.5102522224050183,-0.17062016496994226,1.556447366906668,-0.6860972663400474,1
-1.6929568141953855,0.2620165743584757,-1.074797724342183,-0.10699264558277466,-4.55167092249739,0
-0.09833962679474989,0.9334229544758639,0.06576485741963209,1.2353774422806352,-0.42729160763755414,1
-0.9885911071509176,-0.3617169878172646,-1.6127284851657808,0.058063334959697066,-5.229142500535831,0
-1.1035893172157711,0.17866977521907204,-1.3316101543587568,0.03492035545720534,-4.39972227945215,0
0.17989415115347845,-3.3755791001776,0.7845339205979753,-3.0960100062379294,0.8248013581968174,0
1.3920022863445993,-0.4496501938428139,1.554373946520147,0.023098431267758568,5.586657977539363,1
0.9183166060023132,0.7639029085756444,0.9778476451238514,0.8862201188396015,2.981158512312082,1
-1.5705006036231774,-0.39039446711714254,-1.8475083702465276,-0.15414668544575177,-6.184620017925678,0
-0.9896281365703375,-0.466227391717112,-0.3953285463031201,-0.4135118302426016,-2.0616396483354458,0
0.9407711879882159,-1.0414529517748186,1.7719774868993445,-0.6426928960114635,4.842794216977978,1
-0.9824873935383096,1.0033658927291456,-0.3508928320292931,0.8888765581322426,-2.7597039822519682,0
-0.2246331499970246,0.5484632735405707,0.49666266072566173,0.39256438184414333,1.4092257763611806,0
0.5500520990245519,0.8254145978230849,0.3706989786414686,0.8356946747476603,0.8001851015517508,0
-0.9683444548636353,-1.7262139619578896,-1.2184290035505871,-1.1343795248587347,-5.007647243088909,0
0.1053755061459599,-0.16045004326563395,0.02720291939636693,-1.0341316176011262,0.6497692660723678,0
-1.3340254949182044,-0.2801110077500062,-1.3147388739300776,-0.7347956661054147,-5.360231585511219,0
-0.6013676439512138,-0.28057170659855263,0.11414224611141399,0.8573133175441681,-0.04737553643691417,1
0.319781934142537,-0.6160275437179562,0.9027253038767453,-0.4784333353308064,2.473567611156457,0
-1.5929937335316693,-0.34610427178001524,-1.3237590399044221,-0.5496222952613662,-4.895506817185518,0
0.440474737960399,0.8496447827066518,-0.2751186449630448,1.2470707004507955,-0.17403933346764777,1
-0.019637798926681226,-1.9128513533478293,-0.8636487212251189,-2.3053648534488422,-2.169454366570994,0
0.552489954417148,1.7772947680304536,0.6727213268179996,0.7259003119329599,1.9860504990473762,1
0.22391413406466143,0.4838411250264615,0.6640457368650198,0.6612410989001559,1.2253537340745946,1
1.3641404299738442,-0.04233189566021276,1.3243569054807756,-0.40772381268262714,5.298758458385748,1
0.12522450264790727,0.906834146372926,1.0826767551371097,0.9575290354378759,1.9818158834884196,0
-0.429405541125253,-1.4518347451684348,-0.9706260630154708,-1.2871343502492,-2.3321868074332297,0
0.12229750303228384,-0.664700905151014,-0.4818784717155157,-0.5936428203681254,-0.277706824816915,0
0.5432980290363882,-0.12107543239055386,0.2111575417992278,-0.9755731384465451,0.7966698571429891,0
0.04886007032570433,1.3655603704321775,-0.30228853626991353,1.3787007917258816,-0.3429912578430202,1
0.04059169120388238,-0.046496581126557926,0.30373462554487207,0.1758043895556456,0.22141688034197682,1
-0.7019916878067556,0.45005467118514614,-0.912847613728507,-0.24997496042697637,-2.9654456210837066,0
-0.6629009175509484,-0.5895789959361276,-1.436821148190279,-1.3491657753593946,-4.097311140932296,0
-1.4026052717996935,0.486842068967491,-0.9568160434521351,-0.04767022395970727,-4.365260246840535,0
1.7495767431869393,1.6772395929744568,0.8696007801508745,2.050621962354575,4.442459861040031,1
-1.243863235391285,0.9955266916741141,-1.7794723468966396,-0.003631181569671238,-6.031797964525452,0
-0.6929051977959073,-0.08145598777787942,-1.5042584831678418,0.3334309377942976,-3.583261806891631,0
-0.7184072655691974,0.6754908472654697,-0.6148466270337607,0.8715187214105847,-2.848073003285501,0
0.8949243769444413,0.5775169546072118,0.9879482330200473,0.44876597934125445,2.684738753665685,1
-0.2949496782920278,0.5065876716972757,0.6632774822161488,-0.23372715950293066,0.7579821791867926,0
1.2477420726737338,1.1119533608604089,1.704655400746509,0.7137195884147998,5.094672733495125,1
-0.6734906242438685,1.1044777038374665,0.04733246742723174,1.4954297298427837,-0.7377923983833126,1
0.27899416222380197,-0.1271585968748843,0.42329898787304854,0.5012040040467961,1.3075054319102604,1
-0.8353470532597573,0.6418790614777692,-1.323812963805039,0.12619765265713734,-4.714326749314047,1
2.1451491277733883,-0.38309492115979377,2.2092029287701362,0.18783683398209555,8.129412961490667,1
-1.1875984190295128,-0.9230723963155776,-0.8913879153358594,-0.5801347799615133,-3.7028431874862235,0
0.3098207102270275,-0.2694937557039864,0.661724401352815,-0.27291235458637875,1.9089095173462223,1
0.6337768809320985,-0.07627815173958266,0.3975708088779274,-0.4452057165597836,2.8468845489884176,1
0.41379909745149823,-1.6615809891779918,0.6581923343426979,-1.9522759998179868,2.5803044547911673,0
-0.1852876588777083,0.8603325594167204,-0.6518016442983405,1.7717938674938702,-1.476270145307743,1
-0.12982069973342616,-2.767325422602398,-0.6514594967887847,-2.6781045154958694,-2.184184960032606,0
0.0438114719791096,2.7148169394863215,-0.5140808837136328,3.379751110491776,-1.6406120445106533,1
-0.14700200162848862,1.5018791337963189,-0.1346890073500901,1.6226581254403893,0.09114115161099656,0
0.9638791167949097,-0.2610087241723136,0.3749609392567579,-0.4873576869680301,1.994832680045784,0
2.2105230015913513,0.009426360563773238,1.9981508066558473,0.3014714507813412,7.227878686767687,1
-0.5574917850078337,0.30297187358728317,-0.1060335093008547,1.3818894096272292,-1.6210389301811134,1
-1.369802979579078,-0.589160387988942,-1.8843678186182307,-0.9112187182319904,-5.600514492670625,0
-0.0882820483512548,0.19261914758693635,-0.34043806510341323,0.6495535993106125,-0.24259279252056865,0
2.579709337654318,-0.1439999777016611,2.615524976042403,-0.04874548655784787,9.862389021476947,1
-0.8036745679697308,-0.09427271723096599,-0.6802311172035975,-0.8190317254171223,-2.7900489959770742,0
1.6391168054440675,0.18146106348063867,1.3894715100412869,-0.5544758579393196,5.560057461188243,1
1.6777008140764407,-1.3135277983539944,2.071130848444019,-1.5395196718232675,6.611269508609484,0
-0.5535882417079946,0.039569724133648135,-0.2583620913156323,0.21331401620410761,-0.9069672612702152,0
0.5689830791852754,0.16344774661747724,1.138911381366127,0.6026342314617337,3.129313781213285,1
1.628396623128538,0.1288496213559143,1.5875956609550081,-0.656606905634703,5.205723208511394,1
-0.3791277409874871,-0.21583075543615446,-0.6355371457156587,0.11051800464241404,-1.1796871064154195,0
-0.20358036010236177,1.1378577759693718,-0.5448963711084227,1.0786676482042692,-1.3458937052312738,1
-0.5816809139486437,-0.3536525548815509,-0.42816715498396235,-0.35199566411527666,-1.90458555726268,0
-1.0147567306928669,0.22732590682319015,-1.2033346220985033,0.5216318298396131,-3.8399142732903444,0
-0.6492775450660071,1.2972975339255457,-0.9338624339064017,2.1703501939842074,-3.2099613378522855,0
-1.2239402667622565,-0.07937614002031229,-1.4480838988849176,0.07244476018273668,-4.524452134636685,0
0.03408346825922606,0.21446326746755132,-0.30776177430289975,-0.463905223886969,-0.662548217615246,0
-0.7699732310586415,-0.0963846363148971,-0.6704626746772755,-0.18993089277950914,-2.893282649241869,0
0.2337859117907477,1.2373697935635992,-0.47250567948128275,1.66343680513684,0.5941171752017859,1
-1.5558956462036273,-0.25772456158629525,-1.4043874999661459,0.18479713687197813,-5.6462646331086574,0
0.33088023221445706,1.2833545772882056,0.6691546124159323,1.6162667643333593,2.0112714088613117,1
0.8335289616089246,-0.1035878946470647,0.5430893925202758,-0.3586034723165991,2.364870496889587,0
-1.9937356425714554,-0.8594597234480168,-1.0327171727681819,-1.543372372256664,-5.568836447566216,0
0.37405656984757213,0.679373170574121,0.38286722533599876,0.9741270484860854,1.1581539603958573,1
1.2276689924732922,-0.3046678337556559,0.4469975009233479,-0.9117862635546217,2.064222711316758,0
-1.2096410186912054,0.6205008990991626,-1.3502624718595406,0.9670064073117544,-3.4817418617860536,0
1.6725723868377034,-2.729404384923734,1.7039004593056017,-2.382759705576417,5.782680686449367,0
0.4190190093660452,0.005205261894946381,0.6435027871511522,-0.22864120647056882,1.8241274454660983,0
-0.7050118557584089,-0.4596052987574804,-0.8337271178138321,-0.5158369437495565,-1.7523705203343973,0
-0.05576907765770601,-1.063258686531278,-0.5615542155099014,-0.9639197529715016,-1.618750474710511,0
0.5583269125217224,-0.5532410018397994,0.010836603465581018,-0.860648338500354,1.5063680869941019,0
0.0760053914124115,-0.5737031442926516,-0.25079425117842413,-1.264543161347678,-0.091317175776778,0
0.5387559924463692,-0.04798579485058113,0.25986831118698767,-0.06759543337403348,0.33837799950441927,0
-0.9206735930793662,-1.3673264612849558,-1.4881606755289951,-1.334810156045033,-4.542877102529925,0
0.169360824036078,0.3162737802597137,-0.19704575651577155,0.9967974620862399,0.07825271865458278,0
-1.4137144969049802,1.366214785205788,-1.0839852346853027,0.9752187493918584,-4.27075630064017,0
-0.11122606134870032,0.28092849694782634,0.7129802424985431,0.815176583838382,1.2782514248619596,1
-0.9039076414647897,0.808988609229009,-0.5261767845293082,0.23545386976579097,-2.7117974023088065,0
-0.7355299425897666,1.0945624546137955,-0.08259939949636042,0.4222613547644103,-1.6249299595072588,0
1.2360931752104374,1.2364895121841768,1.7231524093272865,1.0860582898295392,5.146241219548723,0
1.091310120594269,1.8701386928213053,1.5078752847934411,1.3996841875164443,5.633370444250763,1
0.609138120907177,-0.49920199827593026,0.44023998937851283,-1.1785099019651522,1.340349374721674,0
-1.092312764672579,-0.7184839851611164,-1.0218573254791055,0.25368117274627033,-3.9232866379678013,1
-0.3164084496948019,0.7834656483247346,-0.5267181209228126,0.5576418301467636,-1.5136256817280633,0
1.2130976999791834,0.7082662196573998,1.1035441188123698,1.8639180130355242,3.295157957612365,1
0.14171691363990474,0.7756752996156893,0.17580046383319778,0.2783084001664012,0.7801504096957822,1
2.319329539981694,1.889282454250252,2.6761126157712076,1.0350091709337528,8.18721722901839,1
0.39331783939437187,0.011369908798494166,0.6049795301519337,0.6570147682626563,1.2563147135684656,1
0.1920491164900316,0.4261565596461849,0.11113448498285344,0.06282824351606037,-0.05728444777774111,0
-0.3091164642025014,-0.9803882514834749,-0.2813470937566683,-0.9109553523840652,-1.8466594034837818,0
0.13354090478228192,2.1353211239759577,0.35027274187904517,1.4575043814695163,1.5350208172217825,1
-0.15246983638054348,-0.336544921209111,0.18122738264837404,-0.3556014921741328,0.3945443926268626,0
0.7081086766885905,-0.30821592816082993,-0.051388904940010804,-0.9940289630893762,1.4205788211083967,0
0.9567023167945841,-0.3467498910082427,0.4180078348451156,-0.3837035898637249,2.6867006620717055,1
-0.7859894605079495,-0.644895858644338,-0.23233419353827833,-0.8818621283885781,-1.727707674924313,0
-1.331232953557778,-0.7294370488476495,-1.3616677385233071,-0.6143031836545976,-4.734945337703531,0
-1.8362053731032966,-0.5237042828895253,-2.048243669786786,-0.21085859733511947,-6.343939112236751,0
0.5079913269125437,-1.3657959280509449,0.37624159044952427,-1.2452559284513347,2.3336847259892024,0
-1.1033666061738736,-0.7853179202632383,-1.2352192589621507,-0.5597946491821638,-4.754533747596003,0
-2.152890592952483,1.9489631114476191,-1.873921702190296,1.8944467737478572,-5.717197518169328,1
0.3885786045309641,0.7356551436413686,-0.1654295924594194,0.5179957928585501,-0.4058168773651275,1
2.4929995174327906,0.925904176727718,2.5053883906811714,1.160963518122502,8.519298533073458,1
-0.006070911539893324,1.1772087874169148,0.11698795318530888,1.1214848794778227,0.2619036849481274,1
0.8384907744516419,1.8341345643623908,1.0366247327343936,1.7974796733053189,3.413937984328171,1
0.08182935854756501,-1.771422551443844,0.19326135665271155,-1.572550068720413,1.491182794496709,0
-0.09888965319114267,-1.2298831152865406,0.15906346196587146,-1.7464909142977993,0.6757459773912182,0
0.9190764829877686,-0.8037236608946853,0.6327284074586121,-0.08891811384746906,2.850488984827674,0
-0.29027454418865134,-0.4697297964895977,-0.7611759103511291,-0.5944080867677292,-1.4400169826366003,0
0.26739231407190295,-0.30056939058524895,1.4958945356971598,-0.23847858260021348,3.5657536774749623,0
0.3216978061960136,-0.4469775528060408,0.1710654639088954,-0.46923727677132976,0.48697008485892007,0
-0.6680904536430488,0.21930891313205408,-0.7603176889703327,0.545680490083114,-2.279951824650324,1
0.9920423495365228,0.0352953907452159,1.3309623983954648,0.20488622623063554,4.1837649506051955,1
-0.17495975669540864,-0.7228347951782497,0.6230848894017119,-0.7477967686129972,0.562302244857771,0
-0.7557451594928447,-2.17554877698757,-1.0280092179601925,-1.451171718919134,-2.5582410552338395,0
0.5365098435704035,-0.9928687053786982,0.037102209475640746,-2.594541509981041,0.8517414127467678,0
-0.8984679817910373,-0.5492386533125753,-1.5195446571868425,0.07209853692089818,-4.947041622465585,0
0.028181157369128247,-0.24707943680771946,0.824734268120591,0.21302826578776043,1.2104127075004842,0
-0.009118996644203544,-1.129667459310537,-0.5281724898747207,-2.0475757757117603,-0.8025254570299145,0
1.085895565831578,-0.4908064664964202,1.0721175975737947,-0.026164857637793915,4.297794688898798,0
0.4746982328799528,-1.1309873884855863,-0.01394418314153173,-0.601753665705817,0.9249851251151228,0
-0.025026958745143917,-0.125819351548333,-0.7492049177242959,0.15506239339219513,-1.2928345643904389,0
0.8177662992002871,-1.0730913283626153,0.6715786226534441,-1.8526350502033244,2.1646449766892775,0
1.3902075490173134,-0.8489046563704645,0.9213142158467331,-0.5075782975883516,3.9743820302169257,1
0.5578103063518622,-1.308684130989139,0.21199609364020583,-0.8050857029881748,1.0956524919927342,1
0.010352619843380607,-0.15350069556978385,1.0134051685520824,-0.43960394296021993,1.9448561770678614,0
-1.3118362323501596,-0.8664477699523984,-1.0993881802639582,-0.6458808419593701,-4.222426837414251,0
-1.0651136630753726,0.9067842666754293,-0.5993789032983781,0.7301803189157035,-3.126396172820546,0
-0.30522470435466764,0.405850266692899,0.10710507706995881,0.8485387619513202,0.13220637891687592,1
-0.6095122021592831,-0.069851868183643,-0.6599426636987955,-0.22660521079751467,-2.738711599013016,0
-0.186971302985446,-0.7974854973437886,-0.4068304826742579,-1.087544228766795,-1.7434318957493047,0
0.056649924897107164,0.38052030531630293,0.1811172308276655,0.36087203398144335,0.05460799371107733,0
0.5296927543567308,0.6907008893486373,0.613918139322978,0.01987482910695859,2.46407296319314,1
-0.07049877805909122,0.14268841220163028,-0.35490148664174515,0.07339742058544957,-0.645971859039761,0
0.4865016438262019,1.6037018554669304,0.5514255590596322,1.7847482241460497,0.9409826318602349,1
0.06447441481012024,0.45963731807481595,-0.2886904385380258,0.8946169527579915,-0.18203241121027236,0
-1.9754665663538713,0.9136072175680342,-2.0611955316742914,1.038085586887134,-7.109844952640459,0
-0.9393353938187543,0.13356541553597825,-1.1069771310774228,-0.5827354030072206,-3.8316486879469753,0
-0.14408755572161547,0.6756644532569768,-0.7785238520245049,1.351800022371858,-1.8941690491224592,1
-1.2096947428411076,-0.7967812326691752,-2.3852738493971923,-0.0787019794820557,-7.251904283535415,0
0.5999287299962045,-0.45839836321279376,0.13039710502635493,-0.4021147355774026,1.2473077050156633,0
1.5307508323436974,0.34936355348237974,2.432803164636848,-0.026607257091947667,6.52795682482378,1
1.2187618516973167,0.3420994815573816,1.0639209606789528,0.07629051332660891,3.780981683601803,1
-0.213442870930208,0.5076118229432475,0.17454120951799415,0.4058506240842049,-0.14543707695379335,1
1.490726136849952,1.1003928922787292,0.42850356530327294,1.239727120377559,3.478051048358507,1
0.14866745720211172,-1.424971171815412,-0.35547557678005215,-1.577213812570282,-0.46807784316352163,0
-0.3370859711180397,-0.9744525476102961,-1.014330779799215,-1.403646314560884,-2.1812949958541368,1
-0.6134026635409398,0.22957264107425313,-0.7145526685844972,0.7410775831824717,-2.947080631020264,0
-0.30246968648812833,-0.7243636318034608,0.9085080537794933,-0.5957206877664103,1.309411503531588,0
-0.38817681854122876,3.377768241289362,-0.1580573469272698,2.851582230071388,-0.6332216992043391,1
0.1704162223754877,0.515719619170136,1.0182224890145308,0.6613748473130312,2.913218881492259,1
0.1605739810498646,-0.07833084893015722,0.03335561720703284,0.00260456545938359,-0.26202053823375315,0
0.0030460201534144695,-0.5154692730838591,0.6854807070809504,-0.8744957290560547,0.9550547765601709,0
0.43693816974634986,-0.48016228319304444,1.4735665230877952,0.11736259661244886,3.855183790646716,1
1.1906462747863413,0.030140661315177376,1.1359617415811123,0.09758526452883523,4.863689543686051,1
0.9495541354413237,0.11198193262125772,0.6799217798276413,0.003671111580173844,2.9271146709304565,0
-1.4848979684499035,-0.45669914469351297,-2.14380343694498,-0.4984400187312237,-7.069934185467923,0
-2.553921134901955,-0.2731522465199018,-2.7084512641904395,-0.051193848592488544,-9.793006315968773,0
0.9343199112392737,1.3442845752345964,0.9752682488396693,1.3081928679695443,3.419438974730382,0
-1.366878698415421,1.3845049626510342,-0.35140188974084663,1.3442331261315965,-2.5743335128636193,1
-0.22476540189268354,0.25203397993487703,-0.8722523889407268,0.7850165140975667,-2.1922896793656044,1
-1.1701130260593595,-1.3412597272367377,-1.1402820792108703,-2.0504618909803707,-4.5752690439349815,0
-1.8019804375800197,0.5385031566390435,-2.709134498274828,-0.08727341315843717,-7.5705320358369494,0
0.541462728204788,1.554282441611026,0.328081313785504,1.9427641216069944,1.2939968131101454,1
0.7591551603026468,1.3697811019623787,0.9148528390086562,2.5777059955041954,3.2319210023553557,1
-0.5765104007267194,0.7344258528096671,-0.3202188243824404,1.172673577885693,-2.391787218760359,1
-2.59104229214491,1.4224229552858216,-2.296530752323949,2.354527353322184,-7.8790477399011145,1
-0.5462444482524828,0.053384272479021756,-0.3475424318090601,-0.16380153437884218,-1.8568566134450444,0
0.3918040054025465,0.628102969833705,0.682014975450667,0.3095623806647961,2.624078146728743,1
-1.4789115687741285,-0.6807755663251802,-1.4560420042727968,-0.45250897970215453,-4.82408259976795,0
0.1833599197791556,0.29226545615571214,-0.34057323321533023,0.7690899360692274,-1.1204765680253217,1
-0.015309849172995557,1.3295342439705244,-0.9411383310130237,0.673758793329347,-1.7824780629657087,1
0.5792914996010884,-0.589423411486891,0.30594758873247996,-0.6960325979018076,2.3090987996464425,0
0.11958036841415326,-0.8614434294642864,0.05227265188253839,-0.8749520132863131,-0.015042818468147201,0
-0.9730689408815555,0.09748893902369685,-0.34610304229381517,-0.24194616881899025,-1.322646724609819,0
1.1965715016644913,-0.22666220372399956,1.1462706640863978,-0.5077731169968714,4.280265352516267,1
-0.15852957302697002,0.6491477210704204,-0.25681409013531625,1.070682371600017,-0.08124366283675466,0
-0.02730453950993186,-0.45325952594704233,0.16545902391095785,-0.21841728540163058,0.3697041206560627,0
-0.933267959073196,1.7184396156027142,-1.068273952798797,2.117665326532441,-3.598437806022286,1
-0.4432822511915103,-1.2896760979610558,-0.038011251718041095,-1.1212387527746688,0.1776355364226968,0
-0.8848027140269009,1.2537347862197346,0.10486409516503825,0.8171064477934655,-0.7567749260977102,0
-0.17294605992342302,-0.7648492283081031,0.9224466971819273,-0.5532977023885175,1.467813288014095,0
1.7117084801423437,-1.7959827345840234,1.7602287937645882,-2.2720291857727775,6.299963766890998,0
-1.3719011429313563,0.23787515634886738,-1.2034549605836322,0.08199848683169647,-4.74718436077123,0
-1.6135613978767411,-0.25460798601388357,-0.8241333376899994,-0.7727323134229961,-4.014666818616773,0
1.4711703274936085,-1.1096093679030308,1.396189316045473,-1.4150532639384643,5.596945032936504,0
-0.20932367715186612,-1.681376891715264,0.13027239381022343,-1.6361374680380063,-0.13436754805771675,0
-0.6690727386599166,-0.008360787271456756,-1.236652803502829,-0.2371060895191175,-3.914175271761347,1
1.0399046873960764,0.9758368916238175,0.8844851132585774,0.5342556866115782,2.8453859234449266,1
-0.6056155397368641,0.5849534930864443,-0.027558231414210543,1.1538522288774842,-0.9267307273164284,1
1.8260097135469362,0.056706648839265496,1.4669118966531245,-0.0030892098496642026,5.269061807850233,1
0.6779258713392691,0.4788475732177351,0.6139002819744301,0.2148835500012729,1.5283188438285034,1
-0.48791140814570266,-0.027214132377857005,-1.2750162309467625,-0.568413687728845,-3.88119368795372,0
2.1573082132655035,-1.4297242430303712,3.160192360520322,-2.3657216856019456,10.143896892883921,0
-0.6057149230033384,-1.4208939852234432,0.025799111905113192,-1.531917492089004,-0.9281603619784932,0
0.742095372009307,-0.20316852898467888,0.8361451550856811,-0.8922778807446645,2.814315281511854,1
0.2992925804064919,-0.16065328636607445,0.553049016447656,0.19536494331440202,1.0717323016675293,0
1.301741289398798,0.8509826785067651,1.4996903428704824,0.8657282758060295,4.6612455964959585,1
1.5615111967268527,0.7573042237747472,2.2536670732422457,1.536484613343815,6.54272361982514,1
0.032004149065766624,0.6051330157589494,-0.22739587211991966,0.7166701523775152,-0.5451700891733673,0
-0.7534178703461835,-0.2802827130771807,-0.3872840603820675,-0.6436116117070054,-2.7338943432626333,0
0.4599721429391164,-1.3806521701101395,0.998680392365203,-2.3206559712943644,3.2321564823613613,0
-0.6777153697521061,0.41207113706602394,-0.07005238451387763,0.8153430689369021,-1.1648903958080892,0
2.013387247526623,0.5251693132621684,0.8837018056107742,-0.12430481700552665,4.888527524992503,1
0.13653533108273744,-2.388531462477686,-0.16310190804983485,-2.5926037238225668,0.3357683725567328,0
-0.3653215513121087,-0.8343381865826627,-0.8749068619630607,0.002705936694794131,-1.8789247772801416,0
0.1846803058649084,-0.691054377393896,0.2594744486502513,-0.3855627028695327,0.5084288933316334,0
-1.3471262895296965,0.11835020112343628,-2.3551413992868326,0.31328292839090655,-6.428738520487676,0
-0.9716140385106515,-0.8033604327656939,-1.994425483983453,-0.3311992112056394,-5.149182606779695,0
1.2004139079444254,-0.03813456882464047,2.2854614038825556,0.4153903406281234,6.529534135490382,1
-0.6568942789713957,-0.2105349403529925,-0.34804958483972553,0.5799382756240927,-1.150880249365242,0
-1.0469109826819396,-0.15914947153772793,-0.9864063610825338,-0.4602391467721624,-3.1434131156542793,0
0.5366527525272862,-0.7163942937007461,0.7184890764467773,-0.9047363704161286,2.605642088311028,0
1.185704154662997,-0.6389850540666776,1.2588746165375868,-1.1001773685975214,4.978946026562791,1
0.7189533106650667,-1.0802670597806927,1.2176286389408297,-1.0966158779726793,3.5280169725715913,0
0.9960476858058164,0.380067440573832,0.679825589773827,0.3139510759887349,2.882607157935252,1
-0.7567950885694608,0.5711026285913683,-0.6634876755326762,-0.3063734900764187,-2.052566224809227,0
-1.4218106667418438,-0.7706179501253388,-1.3081000327729861,-1.0975683286726121,-4.8381429781887535,0
1.5013336519554867,1.5206400960170445,0.9779046727263179,2.240198363116528,4.44861365945945,1
-0.32267983884213575,-0.3146014474420489,0.31581169068939047,-0.19249714999850623,-0.13245003039154335,0
-0.25083301645504735,1.5301856237965608,-0.47367138640575207,1.8878849328399172,-2.4633406501367734,0
1.328194141849058,-0.6421271738316033,1.8369049767535084,-0.7023995077569439,5.965038156388351,0
0.5562300094006599,-2.0265777765994355,0.6136863725864,-2.9701245386983564,1.2873775906455598,0
0.45588777208160763,0.4021978249123513,1.2726801882861367,0.33787986399758163,2.879633970993455,0
2.165002344901084,0.24854510511898723,1.6443128006403218,0.7693933838794766,6.946134987636656,1
-0.643518230380143,0.034393795307583075,-1.185897631135368,-0.5584481003143715,-2.9211913088835724,0
0.9278401280812372,-0.6422324784439893,0.47499233257908285,-0.2687130150721708,2.929380801124025,0
0.05701312489708459,-0.034572225485819015,0.12366090015427164,-0.8854880601321574,-0.677019491054005,0
0.26859227886325737,-0.5112594578695273,1.03932647675236,-0.5011638387533619,2.629548081037424,0
1.5284684264125317,-0.30234956633175064,2.3250152354951568,-0.03009034125843596,6.813890493635739,1
0.5078357562896237,0.841632255765075,-0.6471485439295962,0.6855759936303789,-0.03843547067743497,1
0.538296079049633,0.18421722953009348,0.6631496596609023,1.4204529997567685,2.871923398676559,1
1.0725073373098022,0.6099513873319773,-0.5339694679477092,0.36335616878767607,-0.11363541138184674,1
-0.3649527295428853,-0.23186850662578992,0.03256316734963205,-0.521076625464891,-0.4743614390214978,0
-0.8392096673390064,-0.34201734580477505,-0.28012495989140285,-0.23977132487727282,-1.4027483460480394,0
-1.0448091940210336,-1.1534825308886436,-1.0649313313671263,-1.530969098807248,-3.8660756263475315,0
-1.9663565893760018,-0.370036612568197,-1.9243658006286244,-1.0907054094758526,-5.925419125514444,0
2.056207129940322,-3.321114555589139,2.093026576410442,-3.8699494430502472,7.069629074670799,1
-1.1032083657216831,-0.5902219663056348,-1.4954293250923063,-0.2112285865316872,-4.795772067095587,0
-0.221253623585772,-0.08187417719083909,-0.005400730925031905,-0.23434395662851656,-0.8793356250551754,0
-0.27681329988892067,0.5636736542701563,-0.3925173007155493,1.4146841295211194,-1.1232942249310098,1
0.3074066978091007,-0.268677877524957,0.7725525524539099,-0.4892960000612244,0.4971159848402915,1
0.8157372125392965,0.34767354224499963,0.7589237452796816,0.7029287196111484,2.6175711356090257,1
0.8604734883597454,-2.1797886613902455,0.4299619351156159,-1.92436767165931,2.7851188457335514,0
-0.5830774385689385,-0.056836852206949735,-1.3510097740016938,-0.28491225579696033,-4.2750188804935725,0
-0.1671217137864115,-1.6795027929134034,-1.0991541263142675,-2.118907257496358,-3.2581421667825237,0
0.28257995048829965,-1.2083035156593327,0.9388346224655173,-2.0742053651223067,2.859650844457365,0
-0.24869112618354708,-0.18716554786386091,-0.4775858026130567,0.08939484197618547,-0.7023568665618426,0
1.6073455760199926,1.2762639878735544,1.776632671060817,1.875393854148627,5.286439945312422,1
0.49097495163825133,0.37120676347005876,1.3825898975105106,-0.4237585724070584,4.368015235010777,0
0.7348777860498175,0.01823099713711716,0.4534756204008718,-0.16699147036122,2.2254938022995003,1
0.6628812686674127,-0.019530389467102203,0.34914252647683586,-0.3529895545634766,2.216978887700172,0
1.173473857485325,-0.7136288932044673,1.107392981307663,-0.43794431804436346,3.579061833027566,0
0.18102155870370695,-0.5439834133726836,0.19573790891370335,-0.7083097573490175,1.4075376465040224,0
-1.2968319479558466,0.42737604547079716,-0.3530562728279233,1.0888663306797055,-2.7853685958795085,0
0.3996879517526416,-1.3853605184444944,1.1825982487996982,-1.5775571139279192,2.8087109639523047,0
-0.651356893791829,0.5930540502830212,-0.3409191858384555,-0.025137679484931064,-1.4176847527115235,0
-0.5286166817497568,-0.38850706711885274,0.19609020274867717,-0.622909729724259,-0.5967571805786888,0
0.5863640187550933,0.8255570748695653,0.49725451247116526,0.6462497747901886,1.1137019322321282,1
1.2382830714336357,0.9610934572320835,1.387865355027875,1.2241434299794145,4.69903906333563,1
0.02127157673606165,-1.6730840125057405,-0.1294852455332858,-1.8598435401884825,-0.3861846433551341,0
0.3088330125989638,-0.5815807632272181,-0.33635117869085596,-0.36153250652702923,-0.5934084787450531,0
1.702214944635238,-0.8555276879406237,2.3041523155320354,-1.2507698239851333,7.781890625491334,0
0.24075317948856825,-1.812727965073143,0.5066025464834986,-1.960066304970471,2.5704982026127174,0
2.601683114180395,-1.0325332762094106,2.610719850892227,-1.4250504145656713,8.664401778466814,1
0.5655096456315442,2.44125584526534,0.5642757209754564,2.017935050427271,2.0755364527816997,1
-1.7607627591558177,0.6095098962124401,-2.513870194609072,1.2469266748544463,-7.868104325479811,0
0.7533416211045325,1.917287968605754,0.2646039545281748,1.5597231828761196,2.8034200287136386,1
0.38115838488277776,0.8290984400183357,0.5492349699397902,0.655296048944453,1.9160749098964778,1
1.2897527540827458,-0.7418431610084755,1.0251964204454929,-0.2195409310337607,4.448499828235099,0
0.6731813512699585,-0.381771196674043,0.5643248306612134,-0.006770498538278158,2.7293379668038305,0
-0.13845598398377382,0.5884361802403073,-0.19078401637332465,1.4090397885710746,-0.524175081303965,1
-1.2242982362893657,0.4375062034730363,-1.5655326207979212,0.6789071357251254,-5.060704266379789,1
-0.2090232572860252,-0.5773420157083338,-0.6929824172980504,-0.8775417105513628,-0.9400335631991353,0
-0.8505204542092998,-1.509993170579207,-1.6566992696719867,-0.48142084610125724,-4.20023503256047,0
-0.5805234498047227,3.287761187388739,-0.6537825893104929,3.578801559666373,-2.601300107463044,1
0.5885784044206096,-0.14114967234280568,0.8978826782257514,-0.21849734174363872,2.316527281140457,0
1.6699045043514062,-0.32573889318261995,0.8480874332414311,-0.29700611833235985,4.006205036244753,1
0.3946715298229811,0.11333446390530184,0.38264761727306795,0.2029752536306595,1.9369118078888283,1
-1.1958830620351844,-0.24272858931102906,-1.055311435689404,-0.3611345267056914,-3.167723726148287,0
0.4446026682201407,0.12272890770548392,-0.050187533644431626,-0.5651988932530997,1.6423930845865569,1
1.196631486645651,1.2869472861164193,1.9077023924196952,2.10030781223971,5.2560003684767445,1
-0.6097829043193822,-0.12454847968642378,-0.8026405888385861,-0.1354655177738091,-2.4498522720531426,0
-0.1340171666729177,-1.1627104393277614,-0.18464701090117325,-1.0709621829764397,-0.770420663416505,0
0.014688194729197093,-0.16164379447861094,-0.06594655556979231,0.8774282352186289,-0.2010336572402695,1
-0.78489831308224,-0.4644017814099108,-1.6702855243777681,-0.8060444130187034,-4.052979091189033,0
0.648280433843859,1.4238989372468513,1.152656469685881,1.7516415996039034,3.2547940848766497,1
-0.12094814860778157,1.1711190647375707,-0.5987075328174003,0.7749697229525789,-0.7209084527600652,0
0.41953244390702776,0.10752500043079882,0.3012721862041596,0.26803558170351816,0.9736938146467797,1
-0.8874921778021001,-1.2787358548192564,-0.5886616771631024,-1.1779829816935774,-2.1378534456570946,0
-0.43745830032341043,-1.2258922634399458,0.29299341274885654,-0.8305917148697877,-0.29157893374857025,0
0.7223813578277714,0.015123261584553639,0.1824152168793517,0.6192076204297203,0.5297903202887474,1
-0.372833152091767,0.3363229693212808,-0.5960749448889806,0.04656242372144492,-2.262133851418999,0
1.7269638512334051,-0.3746228193260549,2.418173166236982,0.33371460103590433,7.488856974497332,1
-0.39963618561460235,-0.48016958420723416,-0.16777924597687888,0.26357088507342213,0.02573614027508586,0
0.22468472575188592,-0.5927992331786469,0.5602704052776901,-0.7177919255254017,1.227774126215079,0
0.9325908318730899,-0.023393960243946223,0.40702496398500587,-0.026685250945510955,2.128341961329906,0
-1.4183657329330317,-2.382762352073065,-1.6079704978963107,-2.6299374120477843,-5.09865471579475,0
-1.7608088119807759,-1.1013266287697099,-1.8447265281709913,-1.2540472356915289,-6.630376934149893,0
-1.5256563145700948,-0.6270508454473505,-1.9546036932415818,-1.2287886730723845,-6.439571394104401,0
1.262584103427182,1.2075031949519204,0.42529929059022853,1.5962710811165157,2.7805319752596533,1
-0.5518581458924467,-0.8138136419289291,-0.8071074252742447,-1.838960588191315,-2.6602852375096413,0
2.5581992856682523,0.18046814183120644,3.2353433854604674,-0.16807928355013665,9.416489248358298,1
-0.5642475986573886,0.22654275093099605,-0.5346608658771406,0.20346172539621232,-2.240778149667399,0
0.18455130319703697,1.2979165056607622,0.8716967599837251,1.947815170874732,2.327680318041994,1
1.5421099525678756,1.2625774069641502,1.6316204096826354,0.989955122313197,5.899407295281714,1
2.006092888159123,-0.05750296879491637,1.6237390233651416,0.15642286675637254,6.924734229148618,1
2.061503576636398,-0.47548474118944284,2.700313083252259,-0.5159767984145582,9.120649537451243,1
1.2083662305931424,-0.6638331028256903,1.314529300927092,-0.19127365258952334,3.991514135578346,1
1.0240625258114624,-0.2410632224657809,1.5049819420251611,-0.05327034798709546,4.173349448212068,1
0.5925269492011831,-0.43403335432359996,0.05836286364089738,-0.018928660303738798,0.6548756045024404,0
0.7783610761666377,0.553627409358232,1.2977392209738894,0.278309951780937,3.686989245938575,1
-0.5511857163285334,0.4203098174852043,-0.016741078556434252,-0.08670262959396363,-1.1718957896006703,0
-0.8181988834223072,0.5918011911450157,-0.6733153112440394,0.7753653506716971,-2.6611924642113136,0
-0.0033744574109520514,1.2592837114361684,-0.40683550031584326,1.0154197019165379,-1.254831182359376,1
-0.17018462252492844,1.862869121400177,-0.1931890368812344,1.8780310573251628,-0.24945229215726178,1
-0.4532280493272752,0.12466339340755687,-0.14758247570815308,0.28330086353960193,-1.4490388395868878,0
0.6963874474567154,1.0994637713956532,0.8136724574249823,1.7204175367230157,2.1731401277235287,1
0.9553052085705108,-0.35166018383421516,1.2558465776243928,0.04162513786078448,4.20476552770011,0
0.08840688629184734,1.185006983583016,0.5945298401182999,0.8445021471960308,1.682819994986396,1
1.4775300810552616,1.0615091571758444,1.153306754369301,0.4889980382970659,4.410347439394247,1
-1.141689114133505,1.0084159699429913,-1.7192269246135745,1.8621065223202151,-4.716493442800892,0
-0.19365945927971812,0.09406984119152385,-0.21242885996583905,-0.6972599947956486,-0.31695310565207613,0
-0.7168223206028049,-0.6683581639908888,-0.8816939000377388,-0.8946095878364142,-1.889051885917926,0
-1.86653661707306,-1.3945284378654765,-1.473613410494985,-1.0719060277044181,-5.380568679289924,0
-0.08268068584269925,-0.04003720752109928,-0.6199298806721033,0.7793434159539168,-0.510279247717524,0
-0.12174750838328353,1.533012542249183,0.38844342870555626,1.4381817796870855,0.625230180547672,1
1.513449743242131,-0.3098449013640731,2.1902557980155137,-0.2961734042286263,7.350499298948527,1
0.6308116845547775,0.7851265854600545,0.6309641666859225,0.347612874661342,2.918529050956957,1
-1.024186824329205,0.8439514005189311,-0.9938187615385528,0.9072594565865333,-3.595224629475981,0
1.8540925663341883,-0.28368622092717277,1.4703193157191117,-0.8587632105776125,5.377507290300377,1
1.221033695525353,1.3163448375195195,0.9497032460383197,0.941202360910193,3.474619121271996,1
0.5820977034686158,-2.9086607444805037,0.37792936314577397,-2.5267154674112633,1.8365673635424669,0
-0.22648409884983187,-1.222750278738175,0.4949859350691336,-1.4395386871691378,0.0753922177993126,0
-0.9594392367234795,-0.9156322963584598,-0.9953746296288665,-0.4570078353319248,-3.656773547171072,0
-0.3722067760710529,-0.8197150228673898,-1.0332932543910571,-0.8964685861919451,-2.0262815042480486,0
1.0887486197041858,0.3362629511858955,1.2164257907601876,-0.3481570952495118,4.3993914937993654,0
1.8845863059346086,0.29003780305390187,2.2977313682457465,0.8742204409095524,6.2460226902966225,1
1.5432435282721888,0.3939905721750079,1.5305378436113914,-0.2636724703509363,4.709617447387882,1
-0.4888494217862741,0.5960814941324868,0.24575729807722058,0.2951877397021794,0.837683653328714,0
-1.1196174332890112,-0.9501045691456491,-0.7308630996560622,-1.0499541101147207,-2.5513686452797795,0
0.14088624691120394,-1.218176066807319,-0.38367811803272284,-0.7152617564777153,-0.8474904730608366,0
-1.7684393655628516,0.39631968200786294,-2.044155771761053,0.13307727066274122,-7.485186676780601,0
0.32316771418478146,-0.6302320736464391,0.4362808548970859,-1.093590654881481,0.7325597498107563,0
-0.14760258629866868,-1.5704750453679706,-0.9806972053119722,-1.4891385095877725,-1.9282177686510935,0
-0.46603650186824225,0.9713442845414815,-0.29785813313293497,0.8643614229281719,-0.30630684058977875,0
-1.5947030672667954,1.3951019065022976,-2.47549428089412,1.161406606982717,-6.386414407574888,1
0.5136001065697166,1.5571608896986593,1.0253168343519714,1.665403567942582,2.0331910818139223,1
-0.5327008396619114,0.18700772147472028,-0.07906399726605723,-0.4147903862218458,-1.105064892485562,1
-1.169916835710288,0.6259320959729026,-0.9175261552527526,-0.2349881745099378,-4.0184514219565575,0
-2.8722622132816493,1.3698682233619108,-3.210201395457805,2.439233276996039,-10.660320957353472,0
-0.027514905050636255,-0.6414157900234342,0.05758650725613322,-0.5893227433426454,-0.5916297491839854,1
1.772251596669744,1.110677684054092,1.5155628529124194,1.1977681250352268,5.416593912240374,1
1.66125921454787,0.2753962341432087,1.145851575822837,-0.11559845619533027,4.349961414515963,1
-0.45709625658627184,0.913711652342591,-0.6264677624719772,1.3625610740895966,-1.6767776168632729,1
-0.6022120603617805,0.18609302087593527,-0.25307929211573277,-0.08064960919698799,-1.6669061104556082,0
0.46877425607502377,1.2962567097480018,0.4906813524909042,-0.09681713414226545,1.4989352417152964,0
-0.9983854391882915,0.22352376254153686,-0.27303047712107986,-0.0599929077127789,-1.7881798787387773,0
0.30179189981946597,-1.4839790594674176,0.6846821695596033,-1.6246855984296427,2.6433126079106124,0
0.7660802783846903,1.451926632314722,1.0954256853374995,1.3668848301474656,4.397859540607771,1
1.2269332238843076,-0.947530740972112,0.4224699491615056,-1.047036572344403,2.913346071839902,0
-0.10015407647995278,1.2530582102439143,-0.24273334155759196,0.9306009017557757,-0.6799847937397517,0
-0.20367375017696587,-0.09024288144032204,-0.7358599553940657,-0.461003411292006,-1.1191068826582402,0
-0.877982586756561,1.1760109851977065,-0.9694840265685131,1.0270216518016912,-2.6723596597660877,0
-0.82688035403986,1.134768614866765,-1.1735184160014385,0.31203057134880763,-3.1464518968082285,0
-0.22647889190152676,0.43014297431537113,-0.4152813684304961,-0.5486551725899,-1.959951290320343,0
0.3673655068161781,0.5085353176271306,0.8979468730031034,0.5575630625869498,2.9510297078154784,1
0.9135846262332494,0.42262861719256595,1.1512095907361664,0.47999605432506126,3.8518968001277285,0
-0.8031789506803448,-2.013824756281078,-0.29962173618952737,-1.5741244662540792,-2.250863053502279,0
1.4926885689595217,0.11833021889820218,0.6923470144515289,-0.009452436287183771,3.287788853604849,1
-0.2711236010425688,-1.116064176071895,-0.242136252734737,-1.7128777826256596,-0.5999417625969287,0
-0.021367294348436157,0.17118714374566293,0.4619851963498643,-0.7986362638533203,-0.36389987071657937,0
-0.7472116791478234,-1.1429425463832155,0.0059362782957544935,-1.5880405843616485,-1.1716815443150561,0
-2.4242402602729416,-1.184951941226075,-3.1982844551191882,-0.9736920691973153,-10.360460580238835,0
0.8840453963610497,1.6049345017539018,0.7083035782804648,2.325658953458363,2.3642047953227427,1
0.7368438970924334,1.0694473881241897,1.2539572340948149,1.0964900945099467,3.3845837510641754,1
-0.2813275571182134,-0.004142584944154457,-0.37746671352393607,-0.6109375301122103,-1.9166249484335767,0
0.06699071722487192,0.1847686502490239,-0.38821811985998994,-0.25519165100351104,-0.1497101419747352,1
0.5159392177040995,-0.24791602574300886,-0.2590603715439044,-0.6722689877751677,-0.8081593388442883,1
-1.5625458568865427,0.5698763759795226,-2.036896624218126,0.36688207519711724,-6.332968262865629,0
-0.5290526773462948,-0.6760543665488047,-1.3735035116281593,-0.11560665405136972,-3.9643649786340656,0
0.7942646796218271,0.9937402628679574,0.82349490803884,1.5931949879463483,3.830176175510649,1
-1.2542894231692494,-0.25308684101411083,-0.8061343302799195,-0.339214788401554,-3.4823595760716293,0
0.2935579321666293,-0.4198469958312289,-0.3369294472876727,-0.3283119407744302,-1.2951884015039283,0
-1.356581804623405,0.0217130184848427,-1.2277169340178786,-0.37706592795189015,-4.216896036711555,0
0.46642998243352635,-0.5911468299256105,0.8890654971564598,-1.4461010521024638,1.931487612440986,0
-0.03564148229748357,0.32868234949648295,-0.03699564572165839,1.2228515262278559,0.3649910156537089,1
-1.6151318159055095,-0.5373625893134,-2.420478963364132,-1.6986061146101696,-6.954794317819849,0
1.1647393544571714,0.4685236028188362,1.357845131788423,-0.44939655601344,5.1990970439556135,1
-0.734591576798049,1.2160065389114765,-0.7619150491802842,2.1142094664912996,-2.5322015883640114,1
-0.8102524370143808,-0.7193216868081737,-0.8885047613148085,-0.7110139844729503,-2.5828137817278862,0
0.20056919723094285,-0.1305754572951713,-0.07284942564928942,-0.6935329108391927,0.17653202276904242,0
1.1486373494287152,0.4613307130354217,1.1920310625657358,0.8026825285800774,3.81219125413935,1
-1.015821818978397,-0.43585735498140676,-0.760912864754917,-0.049330701958417766,-2.5126809920745936,0
0.06167984984797165,0.46432056082666495,1.257003917015896,-0.2020222617472074,1.9912856233410496,0
0.42881650033057295,0.5553988606517399,0.4849825345241754,0.2889761724169527,1.595036209207976,1
0.6931056072631441,1.083261776294304,1.4486761872694807,1.5213847081471643,3.6527279993441613,1
0.1764415552772252,-0.6059900460849119,0.3553190969906635,-1.0144429192701574,1.3963475603761255,0
-0.3670278390833223,-0.9427752402304745,-0.41679200290719903,-0.8016933709235583,-1.8574660869365422,0
-0.8275902206487197,-0.30757738956374386,-0.7533164567930735,0.40482870361939266,-2.952434540871721,1
0.08614388304637476,-0.9677523395471003,-0.5247243017998799,-2.1639947553176593,-0.89827602800895,0
-1.072139011985607,0.5644982040474971,-0.919208876609588,0.393874044383116,-2.7027647451900174,1
-2.9213504834946074,-1.1617513001764113,-3.9173830159052936,-1.0309333008926667,-12.483049910634072,0
0.4365598041576678,2.3330164182526882,0.005226625213401892,1.436991725280984,0.4648469191986383,1
0.9039348410861953,1.2959278615737506,0.9588563876531006,1.0311221664475165,2.5995141905839674,0
-2.3629324355418384,0.012575769600314235,-1.7659412989524164,0.5348250916712209,-7.567778633096373,0
-1.0097307047099375,0.8673944929979758,-0.2944185062107406,0.515236918626031,-1.8969424432787185,0
0.6191542610051978,-1.6368018643107916,0.5008809711847304,-2.378965082253671,1.9465275884766076,0
2.0574954697116987,2.523373331399558,2.1353541294769194,3.0887892429806882,7.381003037621451,1
0.020793707675407887,-0.5902146122004895,0.5129749424664218,-0.36796376543527354,1.9277479122174475,0
-0.7280029412291342,-0.12049741389935952,-1.3927497273255938,-0.15492555965166993,-4.713642823080206,0
-0.18289644110484016,-1.8559332871884366,0.01947731155291163,-1.9051292007424476,0.9235207831934011,0
1.3748764191481848,0.4862873047408947,0.9609299854652803,1.0004285402933655,4.573311939930221,1
-0.6459641791245353,-1.1063441570771089,-0.7318767014628946,-0.9590799945724943,-2.5955961720496967,0
-0.7991920066502536,0.1016557615660292,-1.0287036318974112,0.4244618347003003,-3.0605788803446137,1
-0.4827435221820324,-0.5442744329245381,-0.2650644586579587,-0.8905576303280807,-1.5956667427123232,0
-0.9533286082587124,-1.0777439349303435,-0.6781767712541673,-2.036421439333716,-2.62672985017513,0
0.12267031599479553,-0.8043615017626171,0.5682096546934942,-0.4934046516583897,2.395346482665399,0
1.6246784584695606,0.2257880340855212,1.7987778727017847,0.7762519949186122,5.711429328981895,1
0.3230792731160291,-1.2814909728688246,0.4089061581004773,-1.3937719567050666,1.1864284217658227,0
-0.2523535021262876,-0.7488116710235772,0.6746583980930131,-0.3049333791268204,0.592403432697655,0
-0.2918112689155441,0.6632733812644779,-1.0539908040141328,0.49566698467601933,-2.8437553172123806,1
-1.563190808696657,2.602479874874313,-0.7153858786320373,2.557130294215077,-3.9769049859768684,0
0.883109777147159,0.47758881955300486,0.7381988227129606,1.3538032137466411,2.2536195168096804,1
-0.07783719701280203,-0.9172616421772875,0.20760859617135044,-1.0630216690305028,0.16665536341659548,0
-0.18047991359062565,-0.367114170072311,-0.3433097538874262,-0.5423988663490082,-0.9302231802361013,0
3.193107567844861,0.03158900615257829,2.841836753069048,-0.9034007554510788,10.271759905252784,1
0.29875290836568624,-0.3494249506357074,0.5410415047628003,-0.004388370645211415,0.3806646974663852,0
-0.7517910500951843,0.903058166736933,-0.2307268957879629,0.5481374840097795,-1.6662992204039833,0
-0.4263575962055433,0.21747348301422456,-0.1898536187218408,0.2910859885205709,-1.042879442774242,0
1.1484457091967548,0.9078523849098702,0.8773878158553138,0.7503328411935112,4.426215042977505,1
0.11327041053776446,-0.31444379029762937,1.9189454419455991,-0.5373401480436008,4.021205859788064,0
-1.4382779783173667,1.3255002197212566,-0.8389911428842406,1.266635474790435,-3.3676062169782006,0
0.9192289345752035,-0.1664855842815459,1.3859000866788298,-0.18691175406124996,3.9377937210424276,0
-0.668144085538994,-0.9711898691379917,-0.8446262009100961,-0.38315033932037923,-2.042381360801683,0
1.8732977762175456,2.1773203810422213,1.5607148820730259,2.9374263093885107,5.459104854805392,1
1.0800480657146485,-1.8249777469611168,0.9401285277931788,-1.4996201957403228,3.752823754717706,0
-0.4473218956587511,-0.7387387253049276,0.0933813765374904,-0.10296076856949932,-0.06403739987232604,0
1.2810163617351127,-0.6270278518303946,0.7857141931971987,-0.19995411645703692,3.839755991747646,1
0.06785551052740331,2.5083062730565633,-0.4662464051997552,2.7556133240244733,0.25136536048184754,1
0.8527736751222197,1.8068588841465116,1.1225474418027288,2.534430351793234,3.232073067108863,1
0.48473281729447476,1.4939281436421976,0.644331039615535,0.8396908281795359,2.7226529603134453,1
-0.8463566549908735,-0.3306586623763318,-1.2315134239363215,-0.67288976300095,-3.1547392689961784,0
-0.6435498323174619,2.426178003841775,-1.1891516215250744,2.0157272404137285,-3.318894787519323,0
1.0299608175811612,0.3683520038409712,1.748909314265377,0.21765804552124202,5.962390374964941,1
-0.33477533210654087,0.9772633703031223,-0.1562731194567599,1.3202135493452696,-0.8879883140572653,1
-0.4036484632419967,0.17969538110620695,-1.085416395106013,-0.37785634498716714,-2.7651472067954015,0
-0.955122579349353,-0.04946657132325152,-1.6019353473905,0.20193302708230146,-4.6392963828296585,0
0.42359906559346105,-0.25177867392637926,0.2428430793682264,-0.5453091331284983,0.4844919115738433,1
2.062524919243145,-0.20963999341916223,2.4289458227419614,-0.3831720200126338,8.332436041479495,1
-1.0675329142542729,0.6084916486780788,-0.770028513200133,0.708699480395007,-2.838657326868871,0
0.02421945667275807,0.367199798775388,0.5900587251733669,1.2078238683061377,1.1641069754519429,1
1.4122205554154292,-0.031471370203683895,0.6670456516850305,-0.38764489633074756,4.333689410226882,1
-0.0796413912457152,1.5095239926988544,0.032281953644113154,1.4694772959521365,-0.2735082082779377,1
0.4523717962497342,-2.9667530687407306,1.1653269624104148,-3.505865681539259,2.1443129118898936,0
-1.0623935281468797,0.5098872479211952,-0.3959926629088303,0.14891338974883433,-1.4344726323372101,0
0.4283070972076486,0.7177387066589797,0.6077620879139916,0.17406798919674227,2.3635394752409478,1
-0.18714426500454878,1.1469628682551696,0.9868649893223893,1.2693554122384554,2.0060344123637477,0
0.985729995679863,-0.06487144105336112,1.2903725538877928,0.14778294369102812,3.889617417837952,1
1.187386051564751,0.2079200673839576,1.7087593679854225,0.5514447407458711,5.369643613853139,1
2.5895636420186134,0.9859483833147212,2.611787601406367,0.6091235278615508,8.477731519018032,1
0.5796331732135757,1.49116640428018,0.1891455267914321,1.745137943552693,1.1351693212418885,1
0.32579631658216646,-0.3005359851787682,-0.11180828380720659,-0.24398594605475923,-0.1867708643350537,0
0.19438430157733602,0.26697578312756015,0.2851919089745461,0.23809953450189622,0.9929009021722733,0
-0.35316629281068834,1.6785739643487572,-0.4589172962357918,1.0578625505949022,-0.9858498024347558,1
0.33848384346169114,-2.124027075878851,-0.5458089914950495,-2.0474003262197935,-1.107704810885048,0
-0.29540141013902943,-0.6900125998145852,-0.8082982026019,-0.5975342898590028,-1.6972421800281348,0
0.1684609762696143,1.4658359786029627,0.0092591892425678,1.5167002008740795,0.37108397308338525,1
1.3175975356079597,1.092537833608303,1.6812372235765394,1.2925632122469075,5.680796941377798,1
-1.0065425652796411,0.5224452109266943,-1.0145795083606783,0.8697430404614095,-3.660085247321429,0
1.1398785611290454,-0.44859687310912016,1.1038464558787884,-0.9976085275879798,4.269518454784532,0
1.3171150673398653,-0.8818184989854194,0.8236587538382072,-0.9901665421995954,3.275086826362241,0
-0.11806852699107874,-0.5912156192423738,-0.10648548696002932,-0.33333181846025195,-1.2311998126680723,0
-2.1218548990085946,1.5480082208186925,-1.4623043852856008,1.413810810381191,-6.834357121751767,0
-0.6078219870944325,-0.6284426891553463,-0.530034430715154,-0.14873091062442373,-2.2231850026573365,1
1.2969945465611092,0.10142296423965785,0.5433377558201783,0.14651221258594047,2.225905587595581,1
-0.022868062298882122,-0.7537076448617458,-0.6486294594511477,-1.7311689654235214,-0.5563747298236403,0
-0.9993022322949108,0.842774030099027,-0.7049077936833343,1.2624884896978739,-2.950184517183742,0
-0.5047749212282174,-0.5387262803464412,-0.6169326588395273,-0.5972778937741063,-1.5313914091548344,0
0.840620026504553,-0.09759389015441426,0.8033299114527959,-0.9824493067170574,3.261124040417043,0
0.5467335682013793,-1.6833821330428256,0.2403664806940008,-1.8095270631862244,1.30404188456856,0
-0.23893209916969452,-1.6133682362049397,0.012774006930261733,-2.2475504255122463,1.4354156925426644,0
-0.36682441181468783,0.007673193321506307,-0.5172832684373625,0.38423883611858284,-0.12098053666234132,0
-0.3917581490438219,-1.325157155197762,-0.4850647599081242,-1.3430776452708446,-0.8618205040135712,0
-0.9224101844985025,2.1050866393345022,-1.3480218803300656,1.6432139569336193,-4.532253340303775,1
1.6153756894694418,-2.0615231121122495,2.076221338540827,-1.6560990836308196,7.291989642586431,0
-0.3223204692113399,-0.8001752986641041,-0.43288686501955065,-0.5709124656659799,-2.2235206545836674,0
1.2171585208254965,0.01670086726755042,1.5210986873853765,-0.10118150124512862,5.566308365016565,1
1.5213160519224513,-0.3651329377957845,0.9245202699054424,-0.9879316575639648,2.8529537269857324,0
0.9983108981479604,-1.104145456663919,1.8652524673372644,-1.5253823534322157,5.068493013827912,0
-0.4316203127180484,-0.957927839495268,0.2070667065385628,-1.3866567943482875,0.37126506143121485,0
0.40373009033660945,-0.9906540774992385,-0.5511687444928539,-0.6174054758670442,-0.30414236438869435,0
-0.024195606390916165,-0.2867216948200629,-0.4251643439227737,-1.1271703376421764,-1.6259095986824728,1
-0.9037018607301281,1.9519290895174237,-0.6648846652251857,1.9283116812358823,-2.6001727800780166,1
0.324359281721603,0.0779372965582097,-0.335505046352899,-0.04720489882783367,0.008340786530338262,0
-1.1790397911598025,1.182900489387524,-1.2448368322414654,1.7006699982752322,-4.155840627830199,0
1.1876793884615637,0.5069763458281417,1.4009952814499622,0.6233446246658018,4.3798696176116145,0
-0.4646172972983931,1.1138623979822202,-0.5569802532881347,1.3814675405540546,-1.3833457278148404,1
0.2011596558728393,-2.7999643025935854,0.47057900764138727,-3.062644304458595,1.8153532927550158,0
0.28328787154614216,-0.30445802114822945,-0.06337708075479864,-0.9199571149008603,0.2210826118033612,0
-0.25890497370407733,1.3071354231507137,-1.3809957447881385,1.1443974352124675,-2.3905215331450074,1
0.5866938014752747,-0.5717358227493337,1.077751457557805,-0.18315462978611752,2.9574132534452318,1
-0.47490365662252443,1.7624731648696121,0.013003670178740656,2.1499184804454963,-0.9312553222129935,1
0.8712972974572442,1.4838901537677616,2.1231156186014104,1.2685963682099133,6.231632197100122,1
-1.3459796802467485,-0.4691307161274624,-2.4495729392139056,-0.8995026184517414,-6.257903887309319,0
0.12637957954641182,-0.5031635190463567,0.5017956342198195,-1.03150308149995,0.8831062374101586,0
1.9389289990582848,-1.0136058423544687,0.9545879300165913,-1.0819191437177493,4.434943910800976,1
-1.0003313246055747,-0.6295942318637977,-0.12208468376791515,-0.5613186460041314,-0.8624739043728779,1
-0.6777449705248515,-1.2325890641689152,-0.43381155367684676,-0.495993307681036,-1.9355715438533778,0
0.513907849658915,0.4288111804330056,0.03794342582078847,0.4904765592424429,0.8483914933379918,1
0.17958178193959795,-1.4560464933464334,0.5696930192403158,-1.1491634964428643,1.2826349927160605,0
0.3506300992735592,0.6037330161902218,0.07410759541509127,0.2134990222381124,1.3349657583625307,0
0.4891871301476635,0.6280786969002486,0.639395179923298,0.6489291993648106,3.0846568038293185,1
0.6347214685617699,-1.6612044051839225,0.7377018266663119,-1.5911651774154898,2.4624791708233222,0
1.1096998419562232,1.5498186063283395,1.9817839100298704,1.4795533424061504,6.836978611369651,1
0.40981865692851255,0.5136092944152219,1.3172816119717687,0.5026998959802588,2.97203743472705,0
-0.24125765461854246,0.749698021444869,-0.5398903412552954,0.812807255254922,-1.5830681826528792,1
0.6725737012027311,-0.758665201542772,1.2016265102007493,-0.5181467949956142,3.7486573689656835,0
1.899881934895215,0.6223791184731184,2.077302012680364,1.2069381401799992,6.595931562811881,1
-0.13263374638257355,1.1263934497220656,-0.8389747798860294,-0.006380446097789427,-1.5467940196212715,0
-0.9745293046706415,-0.09860839900467729,-1.3226434948567314,0.45826035806466653,-4.366328286704305,0
1.1070806692869728,2.001922459248361,2.2751537190867848,1.1465184010893728,5.438865652103085,1
-0.12038116395359824,0.04406463491293769,0.05854603659872931,0.19844604543131383,-0.9347311836281876,0
-2.172669546014036,1.1407858004524745,-1.6727797562552749,2.318600284996711,-6.7664589937222726,0
0.8474216771504216,0.293008807258655,0.7413995209669261,0.2717386630457641,2.9627374055750817,1
-0.5353281859539227,0.5855215328568677,-0.8052991433135936,0.6755311025641886,-3.094185438237297,1
-0.09053328230416077,-1.671332267634772,-0.07690102848692344,-1.826462124595006,-0.20030626918225025,0
0.3319803305690149,0.37105373821536314,0.1989283029459063,0.7046849118478316,0.9865379617759771,1
0.1904996797790666,-0.734975101257266,-0.5561267857367326,-0.5538708249373951,-0.9103250846829299,0
0.7094518171390395,-0.8463983057776877,0.2077890884120236,-1.1844219281672232,1.0166324116281047,0
-0.43548637056984335,1.7441031844659785,-0.08154411336372791,1.686926656873568,-0.6961993205070639,1
0.5131057981760827,-0.2137702480623489,0.32276045362487726,-0.7729884999509553,1.3440116853383388,1
-0.2595466775839172,-1.0033018309754966,-0.24669423656996364,-1.062772541591654,-0.3918368189000543,0
0.738810480887503,-0.3591316281088747,0.8562720061361083,-0.5688177215672432,2.1743564735709686,1
0.6153674840130534,-1.3004502289219138,0.7718925084224133,-1.2321797531265555,2.5238187095210884,0
-0.9354387020445952,1.43388446819627,-0.36214917138690994,1.0789275196253003,-2.7633779374964553,1
1.085982116175032,-0.695680744166515,0.536634208640766,-0.8028965892096149,2.5837045963947016,0
-0.535963445114048,0.5292999339436693,-0.25083708334223576,0.5336863215377412,-1.853159328539875,1
0.8080577982811451,1.3561067142103251,1.185571695040969,1.3953155631886531,3.124590470931593,1
0.3672873134013406,-0.5001526812147293,0.8602132029020934,-0.3630108233618082,2.2694343011868936,0
1.8381836767951223,0.532022432272786,1.1317248770876862,0.4449385996322928,4.737912119544665,1
-0.22346598237185214,-1.03008605490443,-0.09605637319835306,-1.4234328843702782,0.20603569681257106,0
-0.3493167961181975,2.445769569113684,0.5087211770810611,2.486806205438473,1.0830495582010045,1
-0.019419605887732585,0.9363801346166222,-0.06897986546604418,0.8469512218187407,0.23528699906322065,1
-0.30317978283427505,-0.19260643876080602,-0.06143243185212935,0.3197163822927989,-0.18515680750819402,0
0.7999419019420501,-0.7728337308889638,1.1901396992346425,-0.19746298043378407,3.6453242036145213,0
-1.616310608436588,-0.11399655283962636,-2.129045530635718,-0.8000367705581372,-6.030158960458092,0
-1.0536824191463543,-0.3399837223515192,-0.13677005464636705,-0.03140644814264365,-2.001085130098925,0
-1.067802921579193,1.9529445539995067,-0.8180525230947413,2.3618166345444607,-2.1781234603193043,1
0.9503075919735757,-1.2255347222149022,1.2100589990702888,-1.8984503701469722,3.3744836428628386,0
1.7106133725819253,0.13480142329020342,0.8795996835766577,0.42453783274656043,3.760706629597353,1
-0.1044492185374715,-0.01833806663370996,0.2928231805691849,0.4296393922494404,-0.2685145506398861,1
-0.16882172319001063,-0.11741030034486948,0.08438344749955792,-0.5922336192841646,-0.694899009405834,0
0.07005216311318137,-0.10861665493834241,0.8821478269742135,-0.22678746649886167,1.0546959825200586,0
1.1618783026081902,-0.11607081012048345,1.0062456954560135,-0.022910842210372623,3.8623571075139242,1
-0.9273531341905741,0.8730660663320997,-1.4211822989897949,1.1582950963817387,-3.806483356331006,1
0.23836898273478513,0.6089844464924351,-0.10275051465238144,0.11476474126863329,0.16912115035297223,0
0.9751976297824295,0.4189116113727865,0.7227085122787801,0.9974149602805926,2.2155680148421393,1
0.501094169939845,-3.033989362145269,-0.05832908912584189,-4.04866342717807,0.4001433352987022,0
0.1895816165987434,0.2997948741631638,0.83466162848174,0.9616676486259137,2.37443865700365,1
1.0010460925671412,-1.6556393601700825,1.6648950240329745,-1.3805056262751234,4.660394797734832,0
-2.703232292999237,0.6463201631358254,-2.8011281435692648,0.33543440756442333,-10.05629540832966,0
0.6778753195309076,1.4744973675705146,0.48149535848881064,1.9067002889240547,1.2229115311402334,1
-0.6540756831274238,-0.9262391125885509,-1.5618166397870799,-1.4501386343896159,-4.316118674472263,0
-1.830632896856457,-0.2617807223427068,-1.4826522692046546,-0.20431269514576916,-6.062535194171157,0
0.5112025995249807,-0.599355705052997,1.3379226539379023,-0.4801032681486994,3.3994626297410684,0
1.3736585451629577,1.2354317757568007,1.0550611865331794,1.3534991827363079,4.408799892150715,1
-0.13744851462769184,0.09502788527207305,-0.1958407775158909,-0.3248308932856002,-0.7390899831463227,0
0.9528745472029384,1.7283293805663333,1.1700202778608038,1.4802907943875447,3.861755974718849,1
1.6122782579886454,0.4137542029473876,2.474487438293598,0.4771266360227952,7.6033948383241325,1
1.3149144535840473,0.24245018063581938,1.4148025645015947,-0.12092169084746993,4.187072333646131,1
1.639964529371393,0.06820678260283634,1.7376794873846522,0.20393317974114045,6.878326417383866,1
0.7421274910718922,0.8179920992573367,0.8317867416517937,0.5109291151440474,2.4060509161528048,1
0.0754336389015928,-1.7376861982453433,-0.6370826145502437,-1.2376861852067216,-0.9027366458951744,0
-1.6019658118971685,0.08534395552050993,-2.325361138812101,0.8666864308059776,-7.621663128910068,0
-0.24606248812994846,-0.07004644372796487,-0.6500600726873847,-0.21877853105659445,-1.6141425707321972,0
-0.8432465953161914,0.7254188271577663,-0.3368013082975051,1.1855482076428188,-1.8651065322829088,0
2.1709427174978138,-0.18770160587403686,2.003264182224817,-0.2938538766623367,8.092492098381912,1
-0.1758858124323366,-1.03873443416267,-0.440687836833483,-1.506950032533342,-1.261513894794734,0
0.12320480678448571,0.007350674919699149,-0.15038249528739817,-0.20550819535788203,0.5337769941991124,1
0.5514853760404677,-1.0828405288683434,0.482656936804129,-1.040055658490237,1.9377710723675985,0
0.043602446372453724,-1.9252622125874854,0.8946564134232738,-2.8187410448010213,2.7807700055116005,0
1.695051040430753,0.727122481485493,1.6194523475821923,1.0399508622082412,4.891431605670357,1
-0.622649361734452,0.5790615726946706,-1.0157980644218811,0.6220719971628526,-2.7244855802734547,0
0.1946074552372427,0.4670909439935746,0.20723026977805917,0.9673629227281517,-0.6300756840103832,1
-0.7424705856980482,1.302928421945811,0.1350712171827202,1.6069971988314904,-0.8725981791436599,0
-1.3200225112207058,-0.6650318903039252,-1.5714348706885137,-0.605057731721981,-4.612407273017352,0
-0.6117690909052854,-1.431114142771255,-1.202271595120758,-1.6090316104459865,-2.5993883872491677,0
-0.03703679704841202,-0.07002977680804456,-0.28753243191362055,0.6914010840434491,-0.26130778259823256,1
-0.42930222451725997,-0.34750029970591045,-0.3649203563430435,0.7374360437121061,-1.5190751542378578,1
-0.692420979873856,-0.8422957167700686,-0.34830050446118604,-1.0118704192999743,-1.4626680599374384,0
-1.4063174636718339,-0.07984915348779596,-0.9028756743307109,0.4412975833634796,-2.657039616010362,0
-0.08310557262869477,-0.6116051462045847,-0.605964209609859,-0.9649799756872359,-1.298897432866393,0
-1.5047203740310022,-1.8360052833568312,-1.9801430412605372,-2.1298482602013613,-5.736848425755531,0
0.7600559636896026,-0.4411766907937603,0.5984248339958576,-0.6342991665430098,2.1222574687686016,1
0.08243975293450329,-1.1363751667038573,0.42468626528295134,-0.7940338229006825,1.508246061820606,0
-1.4575514994649306,0.2316480716109227,-2.0875554482910585,-0.3058085755586063,-5.9084101666069175,0
-0.30920907704986345,-0.6560347582406549,-0.6128725322587121,0.11894735526146227,-1.9948155134298915,0
-0.7521564055905832,1.1116314741410516,-1.0485282702965573,1.5805676028275664,-2.836638088177194,1
0.31917451041918043,1.6038660672678657,0.7900489381013658,1.9346236699823063,2.471251587975672,1
1.3404504460231446,0.6793813730119062,1.6045808263553634,0.5324740400105616,5.5898086798796145,1
-1.8751724696457446,-1.55102618198332,-1.4233132891207845,-1.1362823870549492,-5.679958253596693,0
0.11502607914741717,1.5051959988790395,0.7843650662639443,0.046514568227507214,2.355815380151379,1
-0.16013279556664034,1.575720450373765,-0.3129578431111806,1.7961711321200144,-1.3335775326806485,1
0.6713400764504653,0.018790511307940762,0.07763699902362442,0.09885154513931357,1.1671581361636487,0
0.21319662823768915,1.322926160335532,-0.37728518068582084,0.37981837772658467,-0.3790741647067439,1
-0.7519693317388191,-0.5516751380466781,-1.671023114268239,-0.3485486466805937,-3.8843137549316062,0
-0.31905393566661816,-1.8662459348495894,-0.5484373504997145,-1.570800071911553,-2.0586932179253576,0
-0.796025856803489,-0.7602844386215937,-0.9881371642193582,-1.6871508110386828,-3.049765542189732,0
1.0760071385985983,1.729300866044756,1.4697838420011222,1.1359151572187156,4.307411869870864,1
0.02131164867194222,-1.4910799236114731,0.029768757260244208,-0.45888534768599754,0.14623132156117688,0
1.9011906857530074,-0.0004787180685054915,1.6560264635817044,-0.09365549111973864,6.359985631348429,1
-0.060660813814620775,0.034143893340212214,-0.11866017689491369,0.5219569230894058,-0.9675247448508522,1
-0.7084067669104628,-0.5129742439678118,-1.2278935087678446,0.05042671817702582,-2.8863669379649894,0
-1.5137143926128271,-0.44352159983711503,-1.001011107237184,-0.24655319283948118,-4.058678131894099,0
-1.803139676255945,0.07224913423620272,-2.1960974576606995,0.5808698098308421,-7.526202439370811,0
-1.5841359430054898,-0.5621623419347272,-2.1541015789734375,-1.6186065210170864,-6.854996673871824,0
0.2671266510114834,-1.422058497167931,0.6760676343652184,-1.5373232030082598,2.4999234818282505,0
0.5087250232299338,0.215031942943456,0.7958071274118597,-1.3252674206435078,2.5626272578051976,0
-1.5811907020321334,1.0733665824449723,-2.4430333913116393,0.2003197501613483,-7.74029270742999,1
0.8950383140761154,0.8695725186534211,1.3225391314312267,0.5965652701609474,3.595883187061082,1
-0.4830610516834395,-0.8097354673898115,-0.8538573712304678,-1.142427686887902,-2.119910328753788,0
0.14679301198554937,-1.2512279153776757,-0.040259251796410545,-1.230522770806436,0.512068734951142,0
1.6122206282554243,-0.2841878821547786,1.7057306821023932,-0.2945131379562733,6.011225024740314,0
0.8968393158655319,1.567791509795664,1.1901517571739428,1.63466272478628,3.579830873073041,1
-0.2685306479058323,0.6455980789595456,-0.04579106056206905,0.7329529032748852,-0.08953633250204052,1
-0.8911922254152874,0.7039646767942336,-0.9161013908682887,0.870426039095719,-3.324936594091356,0
-2.151815401329305,0.8898569517854946,-2.3641370657872605,0.41033461307951374,-8.383342929540932,0
-0.7191533192424201,0.42076656251858635,-0.5130429724596963,0.0583704028366856,-1.3115086439177146,0
-0.21113023882769438,0.12060854761357863,-0.2703241574998084,0.1021695179662034,-0.6129456011257969,0
-0.9871795271511837,0.6623068966479679,-0.0845022975882217,0.6516354213115068,-2.0421693417748257,0
-0.13125696709230472,-0.5461661042180197,0.1619475378926462,-1.0871297868661691,0.19413724348592215,0
0.07685188295876821,-1.4144630113663208,-0.3848559295364092,-0.8736833208597952,-0.6407868131345268,0
-0.22485598180807856,0.7229969346243232,-0.4636559574949042,1.0853972733997361,-1.439554634375436,0
-0.6500025808234597,1.2377381057492252,-0.625906492193545,0.8078797630676608,-2.1100419169077895,0
0.16865467196672768,-1.1182319393560314,0.8183702795019551,-1.2224149458143743,1.4254587364752482,0
0.44194064956940904,0.8219214824159002,1.1474931541254767,1.826691307814458,3.3947173488891975,1
-1.090399077442846,1.68076571338819,-1.2884664376256283,1.7610542323053306,-4.215612077867353,1
1.41093237974627,-0.0022462017571209794,0.9441152714515486,0.19559677584291182,3.199901950958446,0
-0.09858813228426173,-0.8180021847417462,-0.6293369528873555,-1.1224699603073112,-1.5206322071608134,0
0.018849622944847662,0.12301867352675562,0.14506400155273771,-0.03353738073741512,0.010469198600019047,0
0.7082144232565574,-0.5505339682007013,1.860106577865304,0.20512902469099992,3.2873316383310343,1
0.23321613126350177,-0.6167301099564017,0.5027631833910529,-0.5600828963101335,1.2774434564858659,0
0.9531366339132451,0.4331840672715425,0.15618037057124157,0.3977199578351018,2.2604546143846016,1
0.2871241652018242,-1.603729475029895,-0.07587788642117638,-1.5999089320616622,0.225022981475992,0
-0.6124373746404379,-1.4439289224922272,-0.9243944755628943,-0.171237528284635,-2.4133729855244552,0
0.36150352520610163,0.019290880373942807,-0.04949773485135239,0.03919463194788514,0.4475073267947838,0
-1.1437262073206618,-0.02230853891243121,-1.3376731197877718,-0.43734688851923187,-4.619120945952555,0
0.10855970577652314,0.343554577039936,0.2932571362864941,0.01587912623231691,0.3835530916493801,1
-0.0332299906444608,1.8752253884833885,0.3077605940168625,2.2656033896774406,-0.07572117512633814,1
-0.2081168572725397,0.10451403607582113,0.3377648881857822,-0.6097265272475673,0.8262372035608254,0
-0.12853751143893075,0.5981721503347944,0.13356377508465814,0.8234636410669093,0.4396956376404946,1
-1.881849045497639,-0.9755329356146318,-2.8589241656620596,-1.3374416994393532,-8.679767744804325,0
-0.5487249077409615,0.7679376635165368,-1.0773772015066183,-0.16144711470946704,-3.9899744712280993,0
0.09284490114111471,-0.5263908651106776,0.013797882711519105,-1.016426973567475,0.4029050936554794,0
0.15985639199740037,0.07142083258109269,0.23349631988113984,0.08518773742042249,0.2543886878209388,1
-1.0276751409259581,-0.10884862506916096,-0.5969659609878296,0.5887350716772474,-2.6635034466169394,0
1.2657078408647005,1.032974234914031,1.2872999289730869,1.4896389408873498,3.702538158195329,1
-0.8661748482145006,-1.3099765543749995,-0.8408212212826635,-1.456821667460376,-2.9349052224051984,0
0.9694572005267368,-2.2832386346150395,1.0883558820962662,-1.7971450997059932,3.5652390244530494,0
0.42719436187168486,-0.2134326970879245,0.29968349248108406,-0.3918226117074518,0.03529993294365252,1
-0.6462273098438029,0.4685312569051241,-0.6027847399048971,-0.2647245354678206,-1.3659310973573,0
1.7753108926095116,0.15226937580750002,2.338226982115387,0.16281319362383834,7.1765730625224915,1
-1.19363683175648,1.2322042374139113,-1.235592281148481,0.4792372399105189,-4.39127585104195,0
0.9191541736100015,0.43737267417966835,0.9040478102178601,0.8330768279221994,3.454165366432376,0
1.0005823180429783,-0.5638483318598599,0.9837896156593835,-0.16090828735642115,3.443118909287767,0
-0.6706202090766449,-2.32542015413968,-0.02173330218106051,-2.765405123904811,-0.8674069246590206,0
1.3924653000643288,-0.23731223419521827,0.8384386366496076,-0.16451348078238726,3.1933839298870352,1
-0.2500465145989528,1.027959002257798,0.6378769327966449,1.0959836193535186,0.8295933142758701,1
0.28869362927985703,-0.3920477826671146,-0.29949729797789953,0.043933908216506,-1.1206127450831973,1
0.2603218387712207,0.028320263677764197,-0.06678829189265878,-0.5942138633141597,0.13808258977686977,1
-0.1343087414705478,0.42136025430670854,0.23806039338711196,0.7211040160907987,0.9971916177984015,1
0.8108082731597821,-1.0152923742498159,1.3259666208966174,-1.673676999752571,3.1151523910360113,0
0.793488720552213,0.6232358966388174,0.09173921205296898,1.0118302654752527,1.1983373621544444,1
-1.7485319732381808,1.6371217900017059,-2.2948829048617236,2.1684704906682786,-8.274529472778678,1
1.3043402428781525,-0.17281335189340627,1.4432616476140765,-0.5076090487133526,4.847007049764775,0
-1.6624919880356743,-1.1290644218323016,-0.49028229415377633,-0.5194999885615318,-3.241215272046416,0
1.0325462043416573,-0.06660102702197371,1.6556775948409976,-0.8536175085313678,5.051912367359285,1
1.1267051368275833,-2.2243841086088687,1.0026566120116782,-1.6745923860035945,3.394436891890829,0
-1.0909664302151982,0.336903263976616,-2.300530999253076,1.0561313830579364,-7.309596530705082,0
-0.4108142879545848,0.4522743776485788,-0.3699929207440052,0.6251819747243447,-1.9769867129474632,0
-1.1057046684859357,1.6756362938455622,-0.9245562666626588,1.5778734033308817,-2.879431771384762,1
-0.21492103028873533,-0.19399479256662508,-0.40626860083013716,-0.03778488251666359,-0.695429203041276,0
-0.30803428418574125,0.40848533814647014,-0.733396279459039,0.1066061537809066,-1.9745137091018572,0
0.7796605322693398,-0.8612881023859008,0.859243162430034,0.45102523719547116,2.96912373057636,1
1.3103087461196088,-0.3564271205250787,0.8391781491726285,-0.6496927657422245,3.1300100348684734,0
1.3956838107899563,-1.525185436662198,2.3319081411943183,-0.8664848518335386,7.402658450528914,0
-0.5621680265783021,-0.1947896212832356,0.19620437218860642,-0.5654033299953066,-0.8104180566207204,0
-0.20922187374452778,-0.30530915351856486,0.11973444205185274,0.4930949862332598,0.14427395494270903,0
-1.68343819222095,0.299199766088896,-1.6385829076612919,1.3053640569664808,-6.466273770622186,0
-0.8058700664961886,-0.6235968803326396,-1.1359521098029686,-0.43060147482296784,-3.569812673521697,0
0.9648516330974576,0.0833453509750919,0.9544580411520069,0.2266739852586671,3.9804121679407305,1
1.6155828235482317,-0.33338005560766565,2.43523139115187,-0.8116695679999549,6.820370468866145,1
-1.234348871879922,-0.33149938829951425,-0.8000218426616079,-0.8693331930836565,-3.0768882827912636,0
-0.5924642591528942,0.08036232596303014,-0.49061811991466453,0.22931962854584428,-2.410315714651253,0
-0.026405756958926992,0.04052294231700993,0.43558141012487067,0.7696191809075702,0.3805986691775133,1
0.28016115881960635,0.7611740390516388,0.5529664905100204,0.48707279447712365,1.5216870821379485,0
-0.8096035199216461,-0.12064303412983476,-0.6114647499782103,0.9833215747672581,-1.9515147236819228,0
0.4240610444640897,-0.34988534912300295,0.9143426739598574,-0.654958318937922,2.315684093450256,0
-0.47383934707091613,-0.18080744508722618,-0.21532552465853727,-0.0661114747122408,-0.8321224278527439,0
-0.014452270878279104,-0.7146641168409925,0.4148234641734101,-0.5986558836391647,1.3800361633976947,0
0.5462842480036996,-0.35991109356667156,0.6269777728209541,-0.41067828118443006,1.6878076256930752,0
0.0064222698109378164,2.031158713073231,-0.12064064178411395,1.0092449549101161,-0.9942306766818577,0
-0.4363858905265686,-0.9126787606958671,-0.7104673299966431,-1.2222153109113152,-2.253271241475689,0
-0.10960980392583083,-0.2786563338793094,-0.4432646066613102,-0.17883668772787326,-0.41439966884579627,0
-0.08836295920533539,-0.3874886632696904,-0.8909481804261017,-0.43548121125979733,-2.3207693560476206,0
-0.37001102988212803,-0.24717161224439949,-0.8259810032879602,0.07092971745699184,-1.6995036820787397,0
-0.25879606266710237,-0.33123930887839503,-0.7292228274581928,0.047178647117530836,-1.9778900142818352,1
1.598647170504717,0.27924010122099974,1.3449745725126991,0.1592008706315448,5.966025942394435,0
0.5609194479412387,-1.7101751013917943,1.3420415532603842,-2.1913902875495173,4.648173305176937,0
-0.29548031802916036,1.0371714725320045,-0.374261295806049,1.811330325223711,-0.676011811754839,1
0.6969544045107356,0.6325827996421973,0.8178378494528906,-0.04514836561562863,1.8578058999836085,0
-0.33381948975600995,-1.2428715860631347,-0.1971596675000464,-1.5405251977792092,-2.096662865573072,0
1.1731246375866413,-2.2690772729524014,1.9669150940078246,-2.6940572349393017,5.724105759225152,0
0.3696421921980939,-0.9770721461414011,0.08184946527544817,-0.6038433352403474,1.171487222909675,0
-0.10730214400422883,-0.24266646142712253,-0.21856318413325965,0.4158445258131729,-0.34757458144527004,0
0.44771692581027733,2.580291898690775,0.39461723992318565,2.4934452109353025,1.0990133973581513,1
-1.5708761520684993,0.5432569649742733,-1.0026087241811152,0.6581453451417295,-5.104524522499895,1
-1.1267674689098053,-1.8075896491814576,-0.45471462203257784,-1.593203738686883,-2.1346849667140404,0
-1.1939250063990554,-0.689655504900944,-0.9566330965520832,0.21234654439348655,-2.774854476218775,0
0.14294309476370676,-0.05321243627298323,0.7593977817946467,-0.939999157379572,1.3981822764712855,0
1.732514999485092,0.2536835542980969,1.8213454977195866,0.6257945038615612,6.654069818210117,1
2.2313001461926323,-1.314748860310423,2.144998522384221,-1.1264864863406712,8.938414284904669,1
0.6380511014407572,-0.1349902279770614,1.227413144733568,-0.3204099905999717,3.3170427403595486,0
0.5008444749444569,-0.7176391376105407,0.7446533125613558,-0.5545257697503927,2.1558305009903407,0
-1.801057734152739,-1.1037585626023165,-2.16882306710653,-0.7333440746873576,-6.759366715852964,0
-0.5426737997340217,0.2595956466989539,-0.04396333067184638,0.5511770029403553,-1.0441131108149209,1
-0.7877837519082389,0.773877173442822,-0.8920300674183788,1.8531274764009713,-2.2961192695795565,1
-0.620847598251116,0.8410412769616192,-0.7862593596132182,0.9047820708584619,-2.7057938295102346,0
-0.16814381858478955,0.574386351133876,0.27835836551506654,0.5878389427790393,0.28897648560250366,0
-0.4720905776971272,-0.49736953314026283,-0.5165066481195837,-0.5880189259751503,-2.4623713732344785,0
-1.9792998103757877,0.7145497614635058,-1.784820542355643,0.9910391800364499,-6.656382558586083,0
0.7479102561175338,0.3090544381042879,1.0788800481529335,0.29302530736131405,2.775835650764789,1
-1.0727430257398065,0.1339418829520131,-1.4642145653759986,0.14054645548439654,-4.364511670411675,1
0.23924686411114954,-0.6116931217017981,0.4316721464522505,-0.6027781916986698,0.3900984949771046,0
2.0740826697499735,-0.49687612734152825,2.7488192223807855,-0.5641804120865748,9.09870624667081,1
-0.9193845915864234,0.07388693612455402,-1.3976181634562286,-0.23044946495164984,-4.609899731502485,0
-2.5302875227463297,2.4398744669855015,-2.3053330783307158,2.648927736083957,-7.51403309068337,1
-0.2860042218801108,0.30124248009139015,-0.7007380891702546,0.15871869758308083,-1.1451038144679297,0
1.100959634998571,-0.611188502250286,1.61165847691877,-0.304348750840064,5.142579140746814,1
1.9583474542205939,-0.8323894449694428,2.4643002460954797,-0.7770056305054442,7.0971267578854675,0
-1.2295495944524168,-0.49176661265620286,-1.406710764576966,-0.6850540508207262,-4.971690349966323,0
0.4966992232365217,2.177293447549066,1.601513549331953,2.9597086500665983,3.499931286784909,1
-0.46531045678005334,-0.39925664594596205,0.08800219778858887,-0.4504129387194502,-0.9075245047540792,0
-0.10594835430413566,0.906870534610285,0.2475161382639489,1.2182820418911882,1.1245025130032686,1
2.6443433470170348,-0.3759282454713564,2.9696487950701025,-0.725919698467407,9.829490715150317,1
-1.5029703283951532,0.26118454127962865,-1.0110068737920415,-0.7515851242859611,-4.60540114935112,0
0.25373966149457344,0.7917452740087223,-0.2440815421275066,0.5082456901701988,-0.48150833214277466,0
0.4676931717654332,-0.571902849809924,0.5649969709959453,-1.6406272030098208,1.5656148226269493,0
1.0857863249393471,-0.6411116541527696,1.2773815176280108,-0.7595430875623937,4.449752269041237,1
0.09798315347089544,1.6588696944553298,-0.10208487818038463,2.3931932017248565,-0.8707402197015527,1
0.30805053950410216,0.9845928948957967,0.5404481742260848,0.5319503838574713,1.5920614626779686,0
-0.3916485674217908,0.7906723186907281,0.22419858279521204,-0.26234961010636604,0.07269773094028367,0
0.26912694124510733,0.787276293122914,0.058242397362154086,1.5374047886291775,-0.3475071236667343,1
-0.3431922754974105,0.4595754883110654,-0.3704044256830633,0.22189810664893955,-1.9643607271994936,0
0.6215718898560508,2.017775813175065,0.21127924192907854,2.009906622090721,1.331062646982746,1
-0.36961033604363397,0.043908301877156795,-1.2631048409490302,0.4380482864426954,-2.3601338622745613,0
0.37710039390218647,0.5772623672009194,0.766566484162442,0.838848749695494,2.7001476212511837,1
-0.029262813684978354,-1.4509129285940126,-0.04212971110460211,-1.0756567187880783,-0.43238853343699535,0
1.1260502507721681,-0.8249606865912409,1.149839959348562,-0.374746191818529,4.693399512022772,0
-0.05139372358848624,-1.2008189998350405,-0.5447805326752497,-2.073876316129768,-1.3264650009588441,0
-1.7730324682068814,1.2740635835161493,-1.8657842327249767,0.5668897134461396,-6.555220602777081,0
1.2619215007139917,-2.55254015202075,1.8102183953050535,-1.966955320706329,5.560326793037888,0
-0.9057323008626189,-0.40231002275272265,-0.9053216324728889,-0.7931795942985662,-2.7495092596701927,0
-0.6537663386488198,-2.993706602660623,-0.6391744596211134,-3.330029525142403,-2.563497524791514,0
-0.5956612940434921,-0.8312878954818901,-0.4918971551117808,-1.462709156564049,-2.0763109007050873,0
1.3744380931708173,-0.49094894973186637,0.7562470289675893,-0.6934228944056073,2.9500673926109475,0
-2.135674213978696,1.384871093794044,-1.8232139819275175,1.2102130619518086,-6.674426027651197,0
3.1377485336599946,0.39662793922145717,2.5101494762020793,-0.07210240462112161,10.19359134787561,1
1.0560568090660518,-0.8331415233289663,0.5862490184265385,-1.3596828957668385,3.253895637126679,0
0.22323891412915967,1.065963719731826,-0.3013684703744228,1.2252952658196787,-0.9511688140351896,1
-0.05489400061628639,0.01783225452975753,-0.1425064839315591,-0.3860023789144571,-0.5588022159278188,0
0.28555407485765694,0.03756685870725232,0.10932772308872829,-0.26558926978187847,1.2697205206335418,0
0.5211224283793385,-1.2026715077719918,0.5205099092252112,-2.295810681159032,1.9387880474335928,0
0.6452155859500572,-0.9900137139031391,0.1925875060618356,-0.02091359263762682,1.3700507665586685,1
0.5556044660034485,-0.8250972999455244,1.0583521261566378,-0.3541852852081741,2.955377547498157,0
0.08958068125524882,0.046461273154189575,0.5065944656184143,-0.20094175350928142,1.4182892265412042,1
-0.1973384203073261,0.07788572698067482,-0.2842451767531863,-0.37165474084818534,-0.7215400180653538,0
-0.1512732836535117,1.5440926635240455,-0.3904566419474807,1.549537062140608,-1.2955161710256853,0
-0.194908280352681,0.38505516793783434,-0.48458702702528067,0.3767883731390073,-0.8210067165366313,1
1.1337700968670645,-2.707565693672108,0.9786975993617248,-3.3455489784294317,3.05660781915566,0
0.5935567222808619,0.26264198787169046,-0.10656589209472644,-1.0126261265894896,1.3382655112878403,0
-2.9403886346642802,-1.4500163561675328,-3.4201922907702005,-1.7130543099258673,-11.698944639457133,0
0.655900776529761,-0.9659709246115362,1.085960972522244,-1.7476581900612929,3.4297180808596175,0
0.19473619471877485,-0.8121694717263297,0.3456424377567092,-0.7264794983645588,0.9010076921100759,0
-0.018708756445897416,-0.6633383235123018,0.798428486542368,-0.5742975401819645,1.3306049383460592,0
-0.38851845308888583,-1.375149392040303,-0.5381160281735465,-1.8617557412112573,-0.9802242746805111,0
1.1241127199860135,0.20348200345228765,0.9433561064325798,-0.06381013037543884,3.9443343483913536,1
0.9475264621228578,-1.4108022850909592,0.7435769998510339,-0.5292814391019174,2.8789680277703487,0
-0.7728776678236091,0.3566676072498469,-0.9324599094326934,0.7442318703853283,-2.151650630771922,1
0.4070522871245351,2.2369710770616296,0.07707528055123614,2.0108446917071774,1.2546035883138884,1
-0.9716567345412859,-1.3293590589340638,-0.8361626271976859,-0.1833793954660743,-3.532548988674522,0
-1.3796181647889303,-0.28451030433922214,-1.3650661312147245,-0.8829790103250446,-5.929733657152706,0
-0.6267172245899651,-2.52345736251247,-0.8816744755091014,-2.9298047249207473,-2.649994538794141,0
0.8623934723827588,-0.30093529297013316,1.48796792889221,-0.3561923783240967,4.9612750937697285,0
0.9531250453760867,0.642717152631484,1.90141650661924,-0.12278638005667375,5.53784591379998,1
0.513085420097293,0.7206392313572674,1.0963740228839933,1.6157938136711907,3.7493580366306536,1
0.7250957868479971,0.0773637302840967,1.0041577933896946,0.16893974963873698,2.7968028430244196,0
0.5161782871149584,0.8892634247589758,0.8970631502468454,0.49428899630907847,2.509781649221551,1
-0.6414815952229522,2.5460545359427917,0.2867261636902153,2.7699480116451722,-0.43524086888058977,1
0.43192254467394064,1.7123046874375993,0.8120822025536525,1.7853326115865449,2.392658836273539,1
0.8004095252276825,-0.5225209294096368,0.5078165989280401,-0.6748464714725602,2.5999688768756064,0
0.7542913298135745,-1.4511039864667383,0.9504275931388486,-2.0553615698774785,3.848477014795347,0
1.188913371474643,-0.40615141657380355,1.5020355045063019,-1.124257379338357,5.708788177059382,0
0.7083038472010638,-0.9469827656173482,0.21094521018310386,0.1464177331042651,2.317631575607701,1
0.3514482075415829,0.4513475478646326,0.20898279821999396,-0.22501989469036598,1.2796784638833119,0
1.0701502383164274,-1.181193539429498,1.6203461503441603,-0.3322107797538101,4.674806412889252,0
-0.026521259249060073,-0.07282243259034209,-0.9382676267738532,-0.49520200639831996,-1.8033679265338496,0
-0.8818746512277181,0.8380140545363105,-1.5070889237480152,1.2330303383064716,-4.009373444170775,0
-0.16306696394376388,-0.10069587281717703,-0.25127049075792773,0.13202067222321273,-0.6796073949253463,0
-0.7449026448064491,-0.9463138227477965,-0.5680628470535969,-0.6136044725995882,-2.7103768211873835,0
-0.6751782749743815,1.1748140575856918,-1.3539944974488352,1.540821193705787,-3.951942231749352,1
-0.14451867071551783,-1.8789809447538273,-0.20791329654848847,-2.6847637559225825,-0.19858359909523354,0
-0.7924199209999613,-0.3277950558774631,-0.215535651455678,-0.6659680521145517,-1.742951495826191,0
-0.3079615296390403,-0.04166002338133474,-0.27363580110189845,-0.7256840029901919,-0.9971273056581581,0
-1.8936146669537857,0.01590865839963108,-1.4240701951382204,0.11055918882342967,-5.727773079932182,0
0.21329370737293857,0.1804960560780812,-0.08276335329456308,-0.48117610998403193,-0.2916858211769723,0
0.0012054753622242368,0.6104398198094931,-0.4037529530323666,-0.38008376872711747,-0.8913330566699581,0
-0.8170886310681906,-0.03540743904535086,-0.3926517159256669,-0.15414610731713815,-2.239845007239367,0
0.6592456684324051,-0.3680582821436807,0.8438784357605,-1.4725978083874036,2.3307217771331974,0
0.9375701376265584,-0.4075893446596956,0.3447721337393288,-0.2782202472992173,1.5667449843114511,0
-1.6075598643689741,-0.6115158020383546,-2.0079803224503685,-1.2403305637272255,-6.47760205566684,0
-0.7627247785662142,0.7875433243268652,0.019565841962493113,0.36725345028675127,-0.7958704331888578,0
-0.7691423497872981,-0.6465284794765146,-1.2314199595219564,-1.7867364660553648,-3.0562633961283785,0
-0.9399031011088645,0.8467711090082444,-0.4727387277458657,1.6718222159125173,-3.052405953310071,0
0.8294748419317485,0.018999082259871004,0.5903814933148986,-0.7124583612291684,3.2281771463294002,0
-0.19382613877280352,-0.5212548068561296,-0.1954140671563692,-0.703255424130077,-0.5350945979816084,0
-0.26451484131061076,0.6184072157441346,-0.11721853083892464,-0.27746208048648846,-1.1947236856531616,0
-2.0038623644067535,-0.7274539247231179,-3.054352969656553,-1.145287828913504,-9.316348402651014,0
0.6354180302092264,0.6381840407282129,-0.09594063750442317,1.514094931240318,-0.17744711363746657,1
-1.2392583948534726,0.21272612119178486,-1.1960918854598912,0.36146448882445875,-5.061950564967556,0
0.059932630266328335,-0.5963246890919207,-0.3022211516256118,-0.9581401872472105,0.3461691531602422,0
0.27737693795819207,0.5286348153345591,0.7756675855955032,0.5115480755068275,1.617750106308555,1
1.360658595838651,0.5465897256886387,0.5575981554045887,0.266310197345333,3.4246303967215503,1
-1.308820399119112,1.1575196058099577,-1.0261928709901187,1.1113093158961642,-4.071211894295887,0
-3.0195121558208253,0.9661470124092959,-3.7076227660229883,1.3380813719257765,-11.935608902295664,0
0.18384954475369486,0.49127402072628285,0.00779704768148054,0.32572502577276324,0.4753819820780021,1
1.8005111815108537,-1.1275909512087632,1.2683222993918717,-1.0175952142462108,4.195401053460358,0
1.2389463529394373,2.448586988174057,2.190161293175036,2.5668347369981848,6.898013184255061,1
0.20965941527462578,-1.4036162110718102,-0.4600866662103921,-1.5666890347206819,-0.6550392058160837,0
-0.49163618563204736,0.949263174282309,-0.5526660333165591,0.5813001794472812,-2.0949265816712206,0
0.8071225966373103,0.4312838168862984,-0.056295477372765634,0.16869213858406806,1.3320961755423097,1
-0.9735461997044687,-1.1741423724811144,-0.17376113866917375,-0.8245497467135761,-2.1684009753402975,0
0.4763577693562191,-0.12430093887849855,0.6769989774448216,0.26690741360922676,2.172640594065561,0
0.5054701591666267,-0.07875288624464007,0.5739567039659607,-0.6476500518788756,1.823419083165903,0
1.0602099074988798,1.3055827158105235,1.7973663771447426,1.1750880486165194,5.540552670648751,1
2.7596600389110777,-0.7133109002802115,2.8333712596223837,-1.089771834831379,9.699259427685572,1
0.39241596717876703,-0.2619450064243539,0.5022016452493057,0.13803120843371652,1.0780171184003935,1
-0.5089636257074988,-2.336069605021263,-0.44310098167492284,-2.5716711249112136,-1.468476468968753,0
-0.025574312191994436,1.7347627931235772,0.2562428505295651,2.835224701909261,0.33881697055852333,1
-1.7690759048891183,-1.0704682430200712,-2.0152965968497494,-0.9615195480715447,-7.594705674158637,0
-0.6947131310890582,0.3269108642391749,-0.8018567847707244,0.9179090913507859,-2.5469551199165053,1
-0.409282438113104,-0.10140782972186395,-0.004115123884381011,-0.6087132431235469,-0.8908757878974651,0
-0.5240883979345925,-0.09800096678333997,-0.3854019221556515,-0.09213989224040715,-1.3840581229865068,0
0.152354872033722,0.8098619848708754,0.09523291498265918,1.1179485340559872,-0.008528190293810245,0
-0.8224199323822006,1.6712624603036346,-1.5226811278975567,1.1546123393927346,-4.8821839353789835,0
1.1210306673244714,0.25149366994199174,1.870055809592769,0.26166502584728035,6.01171976916678,1
0.0002070649181973595,0.6550780176305259,-0.3305199900571879,1.181007533730794,-0.2391553913479545,1
-0.009300321138626349,0.32889153672704086,0.4843182980710021,0.165166532765298,0.9513963211880364,1
-0.32789471651291785,1.0175314239306263,-0.24001789066887513,0.5916551716443137,-0.7529943122727858,0
0.15519068385897913,-0.46291637948632713,-0.49153457750595597,0.4385633482499318,-0.345075795956137,1
0.8250982646676346,1.075390554416414,1.4512360034329421,0.48951790359326464,4.135024553762266,1
-0.8671302157109002,1.110499865647384,-0.7398598925111304,1.1884451798381777,-3.384668252789717,1
-0.6581164890752567,1.0825370086829098,0.009556189293264628,0.7283988395145065,-0.8183276959684517,0
-0.30372602877666466,-0.660147867336476,-0.3949303791446241,-1.128564986765252,-0.7443389608500746,0
-1.345870923473215,-0.16833763423719086,-0.9938453084896877,0.20249090711443882,-3.709906311118295,0
-0.8192578597214978,0.23946698878043493,-1.7005214153940047,0.13669903294916597,-4.600277701926813,0
-0.47622087354465886,-1.3708420448290057,-0.7263288053415374,-1.167898812119157,-1.8843433985568105,0
0.8743891807127272,1.5949202080860148,0.23789251459709138,0.46734734752341756,1.6757463352027584,1
0.2625613290019253,-0.012276533502175885,0.07516940398272942,0.23928335747885432,1.0662684091296248,0
0.19358991136754458,0.2839278876047216,0.42949578112061704,-0.07637006830344517,1.82296671953746,0
0.8508979621679722,-0.577004439727203,0.5486079183408994,-1.5164304153063373,1.7254715035752395,0
-0.13737178839939665,-1.3268775593670228,0.29454925841999424,-0.38450778197343494,0.9410080450079565,0
0.3904648499288896,-0.604029885474771,-0.03784147184611608,-0.3035231222274574,1.62865652360188,0
-0.10322175293249623,0.21920418763358843,0.339396553892493,0.3328428939733874,0.7867546461059981,0
0.26536234939962844,0.6734288127536935,0.9202409323366465,1.2981382376236263,2.730404035677814,1
-0.5827586576115821,0.16179154060272016,-0.07599559006608925,0.2855761812969882,-1.349677432264508,0
-2.438817158276429,0.3467240162419506,-2.6109116841913154,-0.05258298882985246,-9.131902524395638,0
-0.13427916218630415,-0.33702637468137686,-1.1970059611583757,-0.42451017992256546,-2.7001854731256607,0
1.42274813609994,0.49624856624542824,1.713831634468614,0.15706545964940222,5.360560814964824,1
0.9262154022415922,1.4828328663859074,0.8635980448839402,1.2326564199735528,2.4606072402378296,1
0.9653974845911707,0.7047894424389869,0.476201014527494,0.07593760950936623,2.3141675655126157,1
1.2361307218062179,0.8095418882529403,0.9579911893710127,0.3245316003527805,4.188369986663807,1
0.08865759096143765,0.29401639930663104,0.8058702491838384,0.7413091656409687,1.0954649928897031,1
0.19731570740559606,-1.5031550695996019,-0.3713543928994812,-1.3371173501979778,-0.3571692805021446,0
-0.6176518954343502,-1.0446665306312433,-0.38349730762374423,-1.2961730568969976,-1.6192471545982907,0
-0.31607285602704976,0.4548758006638433,-0.2070937682083479,-0.0591401315677243,-1.0389547015079323,0
0.6157711497711416,-0.010939051960085844,0.4370773174395255,-0.21363754136405236,2.04607408019149,0
1.2038844371688162,0.439842886472828,1.5261507808253396,-0.4020820150107064,5.0594578430027815,1
-0.13944627568099954,1.6764234178440736,0.6766763537684333,1.7397387175562498,0.957966870523965,1
-0.4501892648514116,0.7260359992293337,-0.5981750167945108,1.1987717402256162,-1.3411886211676878,1
0.0005279588565972929,1.2588862057428216,-0.12106251518195334,2.442372535772333,0.03897212135962372,1
0.6012067489291151,0.09468138947073004,0.9122392014242151,-0.4569479718113292,3.5130260850447517,1
-1.4438548161335418,-0.8072156774844398,-0.984733405416041,-0.3553144545091353,-4.1684633298096365,0
-2.296180953137238,-0.05786615921434102,-2.3600345567115557,-0.4114718820632789,-8.325222803960218,0
-0.5505368494915835,-0.8047518137191378,-0.7032237175384077,-1.368979958744644,-2.3364857357135524,0
-1.2207124259141586,1.558294956772448,-2.329535686274039,0.9938458923444596,-5.9009815727027615,0
-0.5081401976473109,0.7903910765354697,-0.8971446538305876,0.8607589397489531,-2.6308481207415615,1
-0.14778031881747153,0.5205124966282797,-0.7174361548512468,0.05511568478164497,-1.7003646819873894,0
-0.4532484090230134,1.2359432022281034,-0.11093591086706778,0.9325203165813609,0.0787421262806306,0
1.4524675344707454,-2.0200564145232254,1.3305160601703243,-2.2402570798918564,4.167494119267449,0
0.32674476460232005,0.5881379513426598,0.18523396183285593,0.21815403139320444,1.0389951340581944,1
0.30047435961082836,-1.310645784304373,0.29594622779933777,-1.716938060653946,1.0118761212585676,0
0.6222071440434019,-0.0072556984656611655,0.187118908980702,-1.2218355797248988,1.1822440554093092,0
-1.1388331177807691,-0.31170759246721447,-0.3622095244363921,-0.26823094741127995,-2.9093500401485066,0
1.0391117874202687,0.6617366120969479,1.6882087432685742,0.6955723568761738,4.603125467677221,1
-0.07576428653545988,0.22818728896095541,0.7332891049883841,-0.17048513590680053,1.1488864316092222,1
0.6704806172412126,1.3451171736117884,1.0121892328606583,1.525309308805974,3.277969647857554,1
-1.0718572330401555,-0.6018971609326136,-1.0865962905511242,0.09655660510022956,-3.3547578743655158,0
-1.5537587660160643,0.7091143896332839,-0.7463941145126218,0.7209043060504258,-4.712831120006921,0
0.8178896580250286,0.16222321689883193,0.47740624006853877,0.8273521064769459,1.5808644892387411,1
0.3764095260975166,-1.6352902700715526,-0.05919496341898961,-0.5162243098579926,0.7201687928973997,0
-0.9020515543575104,-0.9186164585230326,-1.20280731174244,0.3466458860371041,-3.442562358322748,0
-0.8696630812746944,-0.14987803352216836,-0.6082274478175451,-0.7439960767771688,-3.2527794154924785,0
1.1254347844147694,1.112292449891728,0.7443821877209331,0.5207609466823928,3.6140609055978974,1
-1.1894118928673278,0.4637230575571145,-1.2670983869763273,0.2415080591942589,-4.32530031008642,0
1.6426729532559634,-1.1675008238807143,0.8417453063135752,-1.103143223250794,4.521035994151878,0
-0.9006207346478687,-0.1403162280471598,-0.6600719019337467,0.6530097718746305,-3.096943458727205,1
0.638391925608383,2.0178064487930305,-0.12015975798317158,2.331427059338508,0.022256511659716094,1
-0.3286184757489846,0.11122333484085792,-0.7946990031816656,-0.49042022999539203,-2.236652548348366,0
0.6031874310823431,-0.32732557507239546,1.211770998530665,-0.6331542793095597,3.196185342259915,0
-0.5441140021141926,0.4917396407562205,0.04604515637886253,0.47073953677346325,-0.8841696512844298,0
-0.1627929060722942,0.76339307958197,0.024363638700954704,0.01881309050922242,-0.39056073389556645,0
0.04091917539572113,-0.4561683474800591,0.17875096626333634,-0.4493341187096018,1.2653253030505267,0
-1.0021874557814727,0.502574774371437,-1.2676672793586021,-0.09164302115818568,-4.888519004126668,0
0.7408243454201257,-0.32888949667080924,0.354372513549025,-1.1542500634494952,1.3975445199043128,0
-0.5132135664715851,0.7193276018294383,-0.694334415350275,0.24583496209463118,-2.3677810297602986,0
-0.22859991534001858,0.16969315797128373,-0.9854270025711774,0.3752036854174516,-2.3017613454469297,0
-0.9943493746085122,0.4819678270528922,-0.8681250971316805,0.6840256825461519,-2.8722673065423123,0
-2.5623336587953105,-0.7591835461675044,-2.5379180963911057,-0.7108565878237845,-8.486655738837193,0
-0.19102776260016902,-0.8212863840728593,-0.6577383959553023,-0.3254795538024206,-1.0637566300875823,0
2.412615421612916,0.9454973046593947,3.1969563810335946,1.388288921766112,10.253563036392526,1
0.7846042878980238,-0.07939638138549375,1.0880611430415479,0.022794289649644958,2.488018303693709,0
-0.01926037973439464,0.2850347420993615,0.3266605222700336,0.31822566711221395,-0.20775345988381133,0
-0.2628908292082677,-0.30639542708651957,-0.5065607922278503,-0.241622074476471,-0.833812842183246,1
0.02246589281204638,0.8987267740136436,0.021800853798884676,0.8249041840451027,0.6186138056561221,1
0.54711911517521,-0.6078099800296575,0.8608054502689211,-1.6949813433434955,2.86030010977314,0
-1.1808128153088449,-0.13560123990088288,-1.104421631758727,0.4321411825090268,-4.390197413690917,0
1.114321694668872,0.7859928127031319,1.915272087053808,0.9847542286499702,5.340765989390375,1
0.7153813154412441,1.172967699164266,0.6134875307328684,0.5648039762507354,2.100614808887161,1
0.7181857257079345,-0.5237592910266834,0.46590545958987917,0.19014901860953515,1.496723844240929,1
0.4384757388097273,1.959683981955883,0.7556021770454402,1.6646940478494976,2.298442279271434,1
0.019616657693989903,0.3132416936936163,-0.612706978449266,0.2593571923643052,-0.11825414637672993,0
0.6728612359668197,-1.0429282618087377,1.1350097021208758,-0.5311404640246109,3.0314976806376324,0
0.5918141337413779,0.36905204858996804,-0.05854176655461352,0.4791217277847625,1.419024817384062,0
-0.3540407109410238,-0.3829992144834579,-0.03474837791174873,0.28468870647449157,-1.0432276802206062,0
-0.573601772896901,0.43406848718317703,-0.8977385499832322,0.2580177376617822,-3.424211311954366,1
0.1018562952619867,-0.04285624766033802,0.34014836875368326,0.8027303579798298,1.326829051630992,0
1.5490201514951873,0.07427369019014479,2.002691624525696,-0.31462775972611634,6.219506421510271,1
-1.2391070756539009,-0.9115933765861459,-1.1623964779019416,-0.252782211931337,-3.5478291912290523,0
-1.46752526575244,0.99006123071636,-2.06733574157278,-0.14249337873333878,-5.600512655176032,0
0.16476084123651674,-1.1561273671510321,-0.28362678101705924,-1.706223392818107,-0.4593162823474237,0
0.05088770185601806,-1.1087648954049951,-0.3134418686608731,-0.9597818261603355,0.1209559338739229,0
0.1733416643704082,0.36736034914748666,-0.7741617824284788,0.1671376360759329,-1.7263385120886048,0
0.24395319790850026,1.6028442471779696,0.8076921272744647,1.565469937226688,1.5354144855063974,1
-0.22320225463480511,-0.3525930970644072,-0.16814846175664067,-0.3317676369840516,-0.13496309084049818,0
1.4898634386020821,0.7009723227039657,0.9221044160075847,0.1055210186404385,3.305100331690059,1
-1.6009039784765156,1.0733401768635453,-0.873066549747337,0.5153753694272618,-4.148268502323369,0
-0.828497024780246,0.8146844372940691,-1.1791610748493278,0.9307454616982794,-2.9762409649147976,1
-0.10325476014904737,-0.31120828917368143,0.022031484388388353,-0.6443747650845714,0.5475760858600349,0
-1.643188811154167,-1.0910467171940745,-2.055824083752268,-0.42052978771349037,-6.792765283910451,0
-0.17585440443207115,-2.207547565671355,-1.184984481096585,-2.3035211433877474,-2.1291352765771228,0
1.661470165728018,-0.26284049946239324,0.9792498863023876,0.09653512209102211,3.889239474466974,1
0.020886488295961788,1.1780873685621747,-0.20335872713725378,1.3995132032157285,-0.7090725713398622,1
0.23070090571868349,-1.124165984761934,0.6798493413217073,-1.4247465133482773,1.8209548089439458,0
-1.2601647651725802,0.7002098475187655,-1.0868981917629577,-0.28995454595742065,-3.875167974670596,0
-0.6163614080394775,-0.9501525300518723,-0.5462588449538548,-0.3576818462413488,-2.540923252409252,0
-0.375196380323937,0.10607257638683829,-1.3802101916963778,-0.38338196196173313,-2.392076626189352,0
-0.31771509675623405,0.707791614155018,0.3173279770838134,0.5059125864156457,-0.7806481091090548,1
1.2816437950037687,-0.6594954368384278,1.3934836432515467,-0.7349166576217148,4.736534918986369,0
0.5576910607251245,0.17048468069691408,0.4979822257790445,0.14497889664507357,1.9304547901481366,0
-1.111457956937032,-0.41509133672532883,-0.5452464019425842,0.06588799454418037,-3.6311595719129475,0
0.24650477843200488,0.7051486589381768,0.8702531402161419,0.7080606878998152,2.7723281489756273,1
0.49822174849678513,0.2353171684846372,1.0755168723013808,0.17164012335497186,2.5281281680952383,1
1.1401490385212665,0.05650767442926739,1.0166057901696226,0.565735652701774,3.7926627325577376,1
1.5805406865683735,1.5583499601419777,1.0788024061762758,1.85867614608537,4.692434991041814,1
-1.0150941918278686,0.6623061423683021,-0.5206327332568321,0.29452091937797475,-3.291035733329716,0
-0.8108575112103382,-0.6903518661262891,-1.4933847327455467,-1.2639295548657055,-4.739124875122627,0
-1.2575778589146163,-0.08586390079776185,-0.2839494895824751,-0.49771378839772157,-1.6727518539093162,0
-0.23401985910698123,-0.07589878507966005,-0.22002008650969976,-0.10050866017376742,-0.8239857829028698,0
0.4663583744463342,0.08031957262521117,-0.06408375340345784,-0.5427073149599999,-0.7771586875298592,0
0.9873345165891019,2.524509276607495,0.3714002395107967,2.569885800188729,2.072841428873635,1
-0.07595102364252276,0.37085189271099683,-0.7147534356705525,0.30625273781582607,-1.5598843523250017,1
-0.31984752325484395,-2.035902570104776,-0.24966606989442242,-3.307162086260057,-0.8694181006521549,0
0.15175799224874037,-0.5427989717169651,0.1485618322188468,-1.2458865648506126,-0.47467821525515086,0
-0.835142901630023,-1.9323720874958086,-1.4531039883846195,-3.3752472093378856,-4.1735766398398795,0
2.0895387216947734,-0.3297982570458398,1.9113108284168223,-0.5017497875679945,6.5406037019595225,0
-1.6076610271180587,-1.9873102297264285,-2.2916287201637298,-1.4503034070534282,-6.884231709498314,0
0.18474057889572446,-0.871590471068428,0.4793914818678108,-1.8169194487824303,1.4890618343969515,0
2.0236062192296393,-1.5207215296341199,1.9963095861732825,-2.181864939530802,7.228025565970922,0
0.006799844559997769,0.38416017796747753,-0.18240140839872604,0.30229124433088683,0.34738357819823823,1
-0.19003903500149447,0.0005393626288786419,-0.834094400035258,-0.5313371517978351,-0.8579622854413655,0
-0.3574454228104272,0.3029623074987311,-0.5075232229218098,-0.23137407603466487,-2.1180163397078138,0
-0.18039168176240783,-0.1045513885685264,-0.38775562243557127,0.16624566451805328,-1.2370889425858027,0
1.3728484746765302,-1.3942977502044178,1.5317118252813284,-1.6417454724908782,5.494227234337086,0
-2.211861911329507,0.5135213692547353,-2.1283529222710267,-0.2298410744442554,-7.6378967686260495,0
1.5334337012963255,1.9222245602694528,1.9294637523359968,0.8783666152409024,4.797685033866096,1
-1.423957152450145,0.40921257860654675,-1.6662454242026763,1.5134164636384124,-5.564699932381323,1
-0.2666523292344148,-0.425924599317566,-1.196858080332662,0.13822992796376954,-2.1766211607859653,0
-0.42924442029866183,-1.4280671761054449,0.06630201800035818,-1.6538838491364531,-1.208633315610432,0
0.5885532697707198,-0.9080669707599652,0.12053701324662947,-0.8641379649279965,1.2341561877877099,0
-1.5981243518837476,0.45303965657205886,-2.151582878391375,0.20877412552356486,-7.65403301774102,0
0.46217266608194285,1.0731180267993747,0.44061439352506676,1.328346392195,2.009502607122701,1
2.0243096232868525,0.2608661747219758,2.175444879764111,-0.1662410091369645,7.508136335052042,1
-1.3631740045928105,0.7998872897059831,-1.6285922074501518,0.5283006814675715,-5.585987311065866,0
0.18970616761039566,0.7076782440272429,-0.07964017312366778,0.9353786641244912,-0.08369586044907046,1
-0.6619821777966091,0.5065343913859176,-0.8574953366793866,1.2334639436091213,-3.4574979756623785,1
0.42588720619303577,-0.6584735952612559,1.1341573816896076,-0.28776604793020355,3.4109616057690952,1
0.01914777741575206,0.17392351197515246,0.017808733636685926,0.7908804507706163,-0.33533626248158693,1
-0.6414869090443096,-0.8483778038821382,-1.1254683287752079,-1.0045864726377278,-2.963017636602992,0
0.487872284871074,0.01742895295810179,0.008980606419590309,-0.2940762507303699,0.26881445320746533,0
1.804348109786743,0.3308635310669119,1.6789060199955586,-0.63832703847405,7.1635355879167335,1
-0.19090379172729868,1.6787838073868548,-0.07197482471329501,1.7148829860574968,0.34952703214794534,1
0.7197579421481819,-1.3097319743676321,0.9617480231312772,-1.1202084586894119,4.04000526722465,0
-1.2932729578711637,0.4815076309913054,-1.231193655947556,0.33150493312770246,-3.3070321339227013,0
-0.9564363768180087,1.4812365916235948,-1.3773730522765533,1.0928859285737276,-4.5066610996515175,0
0.47240627788037737,0.7588477658387964,0.260435628099986,1.3805494857603624,0.7874150385880643,1
1.484116028535965,0.8329454428250415,1.851069969468277,1.1488475814233683,6.941381242038341,1
0.35561334878566,0.5876949018678121,-0.21743263144088776,1.2441076271273177,0.02801927427989094,1
-0.31305803052315434,1.2983344897754168,-0.5459347270618855,0.8215449422673147,-1.144847531018543,0
-0.0007085945766459172,-1.087478168112368,0.2980228343640304,-1.4415952313863796,0.28464213572675023,0
-1.2504077339697175,-1.3859266659702465,-0.8127670206521294,-0.7843380443444483,-3.8032621880984854,0
0.6045153263553668,-0.006334140465255962,0.5080576408096753,-0.030007680343151384,2.337867437053238,1
0.8823330623234091,-2.16116210357171,0.6767296570380011,-2.4457141594109872,1.6920220156788242,0
-0.45209033283308037,1.2306458041780113,-1.1131493035549505,0.9808882922965916,-2.5128466190899834,1
-0.4700421477595015,1.2207151954954414,-0.20722218639595424,1.2151749324282894,-0.857270694539982,1
0.2658782296520485,-0.4333505550845262,0.9252680722254432,0.06812535283317883,1.9842762812539982,1
-0.4367197360405955,-0.37077059666050965,0.8458572932592503,-0.4510270227063039,1.04872660548583,0
-0.06613261462582246,-0.07234747515067134,0.12709047713320065,0.32291893993821746,0.245409298472412,0
2.0997217891665154,0.05202065043961975,2.074281963344525,0.2857095388626437,7.416660436537286,1
-0.24702570074599667,0.1271739191942854,-0.7069310073214503,-0.3119956008962013,-1.4393290367746847,0
-0.3583401520212223,0.5582321068783032,-1.297768608892797,0.11866742288474158,-3.54053869112085,1
-0.6475418056351594,-0.17262635300847812,-0.5590621807652427,-0.39775964897421723,-0.7405742544361165,0
0.7441919714999368,0.943193303477794,1.9193615315770882,0.27477447614665973,4.852213996404576,1
-0.181224173218103,0.4459477771253033,0.4541819416103534,0.1888783492256068,0.5711805172610497,0
-0.649373038321426,-0.6069634458726355,-0.09109090376452689,0.14975326249305687,-0.183896730568044,0
1.321304032273012,1.3351126678040974,1.4441054408019698,1.3194174998904122,3.955643364885097,1
1.4196030045136372,-1.358256986122487,1.5993645846537983,-1.7414833191662136,6.295261799955865,0
-0.6004235657387051,-0.09216581082147648,-1.8122972248776938,0.8657065150887622,-4.478499744333023,0
-1.8665399513606162,0.9669174010754679,-1.4852846609786177,0.5016087412123659,-6.035467477125041,0
1.0075136898369221,-0.7230731049121446,0.7178434050490143,-1.2040145883148385,2.387131174923781,0
-0.684629825760004,0.30955564676715147,-1.0354934990579476,0.9242984876705012,-3.7324825976218925,1
0.7906255991627686,0.543339596999048,0.6289971226384649,0.8739986267992079,2.273020861290738,0
-1.9701038177118357,-0.860523867981239,-2.1486060624373433,-0.9255532942444322,-7.113376212924635,0
0.8925973382993093,-0.07247771959403507,0.5337795423134781,0.3434767304005457,2.717703361812527,1
-1.2111719292807812,-0.15650383020921016,-1.2042358931927932,-0.0062038295946266475,-4.092221589018399,0
0.7307641190665245,-0.5517378518322928,0.4516253209624979,-1.1448340597017057,1.7442929185819278,0
0.014273067836434108,2.3016748520507746,0.06443454571450716,1.1028824985436216,0.8200349316398983,1
-0.953939419396645,-0.7631063534454757,-1.6975283266716614,-1.0467789292991208,-3.4890642286945863,0
-0.4070363129267805,1.0049302940678833,-0.5140651982427892,1.547392712017023,-0.8913723728565515,1
0.6863184569567008,-0.39280101688114194,0.1381706621135752,-0.6070360610544496,1.1261734641473362,1
0.10589445311523427,-1.0866361888852818,-0.2148302061336988,-0.8565875897106597,-0.01977936588554119,0
0.5844129804724844,0.1028142431550689,0.6561124019892497,0.19505696737760253,2.4719316925614314,1
1.9764405845154855,0.6490933843875007,1.1744417771380067,-0.19765676291969891,6.11538263559407,1
-1.5642416117110514,0.9205095750656788,-1.97544530034712,0.7173117282125205,-6.466343401913985,0
1.617212574968624,1.5622651106550693,1.901694767386791,1.7417047758783586,5.746749680041576,1
0.10435593752321293,2.9452462899351,-0.6022329834096876,2.5516731621829165,-0.4810064147841083,1
-0.8987840483231282,0.25051420375559713,-0.00985047818372442,0.06924512524162119,-1.164688481359343,0
-1.3303136257389898,-0.6630921738253879,-0.7281096476736665,-0.46721862777683215,-4.0060703905741875,0
-0.1891203907770335,0.4528743267948912,-0.4363839330031731,0.489189326366381,-0.803661622664432,0
0.9216501119244593,-0.2662129504064916,0.5280452680319276,0.2572419200558659,3.3576934345814213,1
-0.12754912037753421,0.9259661298522298,-0.026579168709793294,1.1178015864339694,-0.5913617872516221,1
1.5111549302473475,-1.2971642963657217,0.7874238017337677,-1.7750892955667301,3.396079206491512,0
-1.4511756900515589,2.3683345424004374,-2.4522470524677753,2.1295611854356693,-7.066225764164268,0
-0.01208894784605456,0.8560480947755128,-0.24175650987233782,0.8661962368886513,-0.16149669424396734,1
-1.252393444413119,-1.6840040177961646,-1.319417827664215,-1.014796479539144,-4.554882487830239,0
0.3636318826249679,-0.7090289023149722,0.41084549480173316,-0.9457917174561252,1.934351451439873,0
0.8868873900973003,0.8160810441139388,0.5795170820383582,-0.050203357085075284,2.6197188946099232,1
-0.42076179368105326,1.1763440561714547,0.21621157105642042,1.3966275079170487,0.3071072867057413,1
-2.6042138566271342,-1.2722376272319633,-3.351783685869076,-1.6500367514039627,-10.970300513126995,0
0.19894814679649453,0.7130258504329489,-0.3701829206825549,0.0703751906454646,-1.0558044217062694,0
0.4367385517335093,-1.9473398726619233,0.6800565298059149,-1.937938366249004,1.845204041115309,0
0.4042947549616974,-0.08933586547104598,-0.17652893785687318,0.39709795543310555,-0.4198390785353613,1
1.235782191822154,1.1120468421032064,0.6356219657234957,0.825106572272697,3.329579456397781,1
-1.0710536796490489,-0.5515157301029804,-1.009376283545467,-0.3032287865116656,-4.6336850391738,0
0.6802161054504494,-1.5069222991380136,0.15345479529243367,-1.1659654676167972,1.1008701414342241,1
1.192507512477975,0.1462147963775593,1.1259652985176314,0.5421130432108737,3.8977131455295155,1
-1.7785875840065168,-0.6047188666354779,-2.1285158638353954,-0.9708550214447786,-7.448231343988499,0
0.31965182591897723,0.6295583660658355,-0.11118002576739261,0.06901733709914282,0.10394084292013023,0
-0.5041798310076715,-0.8853264322180604,-1.5553325266801417,-1.377702984697358,-3.864799009521467,0
-0.08152267310164589,-0.7726368896531003,-0.01174109669097724,-0.3771495535918654,0.488850193855194,0
0.34767648353833636,-2.0210023208762435,-0.27591851251812805,-1.6873057435408376,-0.550690272247897,0
-0.4872285641135523,0.16994471105148284,-0.5713496658788122,-0.30863058929868453,-1.6948735323409072,0
-0.6757080791616118,-0.16090493827659874,-0.9317605283358943,0.9054170748952193,-2.59920378598562,1
0.0341524174880246,-1.188384670740071,-0.06910161186191703,-1.7265666540336535,-0.09755887307694268,0
-1.0872459388628024,0.193798713767092,-1.1620836258694327,0.6935307561174552,-4.204057008130263,0
-1.0858251288851855,1.027070300644139,-0.9890110034260537,1.7869030202467449,-4.176255632461882,1
0.6793732829565033,-0.21556794341894983,0.31549363221078186,-0.16068914042226765,2.599329918198319,1
-1.148794035158656,0.26816694982197375,-0.5274457955219718,-0.1166949719684417,-2.741762392457697,0
0.6663125009092119,0.2733112495851642,-0.25738752951857646,-0.10062776413900898,0.32691569738285964,1
0.4625912928539512,-1.2043298271789604,0.3492957335903366,-1.3353749273603974,2.4532534522330964,0
-1.7258067287905967,2.0565858207075958,-1.307691240585163,2.5970212097416123,-5.0929492813582655,0
-0.6775646523356551,-0.4708498301222839,-0.4391783758343532,-1.0707877364722078,-0.6229548489804635,0
1.1941094030473725,0.6561162018602708,0.706691614783074,-0.263266814346117,2.4963879113548506,1
-0.9811655311396816,0.7692152772290496,-1.3852882776336934,0.9502427725137014,-4.360894285342482,0
-0.46440426230938764,-0.1395951271157517,-0.9678005419726896,0.15121124851378845,-3.3172171008609914,0
0.4620608932518965,0.6067950250596346,0.7616747085840911,1.5907797484592687,2.155379116977192,1
0.7833905092825955,0.24581922181638913,0.4134286450248412,-0.44534026581697617,1.9384890920547428,1
-0.2515388860444957,-1.417639757227406,-0.12397734198277066,-1.4850430632085252,-0.8542789732414364,0
-0.5975101946916416,-0.33227270125008823,-0.46535948765366403,0.2486460148101507,-1.8000399639335054,1
1.4223698616985077,-0.6125509023540618,2.6065665958161937,-0.552119818552696,7.142039422721716,1
1.7388996637975789,-0.4617450413461271,1.8955252936984306,-0.5594646358768891,6.344213414854013,1
0.9788580507817954,-1.3040031778366379,0.5732860434065638,-0.9090504293718672,2.236963050573443,0
0.08531814256502405,1.12643371674603,-0.6447569884681755,0.8267392346427311,-0.44012602571307946,1
-0.8082657216409264,1.601992654613413,-0.9461920789597991,2.027698075590487,-3.659157444598935,1
-0.8304444065565653,0.9780029759984087,-0.8899873277702245,0.35122137990327096,-2.9194593923608725,0
0.5225141052657575,1.2705292241471429,-0.5828356584295203,0.5108133725056945,-0.9782227403949929,1
0.4183982208886837,-0.34463483700815617,0.06147114074217708,-0.4814288464643214,0.3330670882864835,1
1.4015985929464294,-0.6362568349860365,1.5502748643602058,-1.9179017284343198,4.838815291161857,0
0.6504500925361393,-0.7785870468117115,0.3842722574030519,-0.73623722845526,1.6783294681483958,1
-1.5030803017598182,0.6440649229572226,-1.0187684089068996,-0.22221574839513303,-4.204446359746991,0
1.0519476177229186,0.22706305314414962,0.27276939536265854,0.36827331342733804,1.570096671767851,1
-0.9980606273144129,-0.07722171159842571,-0.6596192172378046,0.015508007460047019,-3.023082605310252,0
-0.3839712719523516,1.295148544195343,0.07297359881062487,1.2611673511129344,-0.9255824167652575,1
0.2502002062516945,0.404941353815343,0.7284484441724628,0.623145687584389,1.3145423127201368,1
1.9956674897839644,-0.8386576375205849,1.212739297456775,-0.7365589032135413,5.985759645669939,1
3.109918556005361,-0.6809088291356948,3.267194953934053,-0.8274091308013306,10.503275073829919,1
0.6067230591361827,0.6819932992541455,0.2723459998754253,1.5974967894927117,1.492118939115012,1
-0.18319661872038787,1.041732852654597,-0.8862678397118384,1.2383881994308183,-1.1982939243662973,0
0.5345056484805503,0.5516802322559695,0.3275717859936961,0.9376342759114082,2.059981258075716,1
0.8876554258738361,1.8968887478720813,0.4351664299234314,2.4334286198583777,2.4144952662556602,1
-0.3206676255571917,1.635007165731419,0.13970760852474312,1.9690818552524638,-0.20971320781406655,1
1.7952113559123222,0.44103583485076286,2.0517430274191066,1.4724522943131657,7.164624119889345,1
0.23007075919140207,-0.8385806594815023,-0.34615147486303177,-0.7555772170709042,-0.16249986015461135,0
0.49774308909139425,-1.3099875117317676,0.13563243217592974,-1.3134681846497982,1.7291923681602377,0
0.6659242520544614,-0.38738174501471484,0.4755755392461496,-0.7121677889180225,1.8831779948131917,1
0.4215866106144557,0.753213446416157,0.38538403695550705,0.625076478136166,1.9036988371304173,1
0.8389405004696124,1.8266470793119378,1.3421296378715026,1.4610347947863567,3.7798070995725688,1
-0.6172531865469234,0.41744703441079983,-0.27186202330660686,0.7560529909115696,-0.522855666075073,0
-0.5583017539460305,1.1687227942312366,-0.5326057694586105,0.7125646705719174,-1.9835873773473278,1
-1.100154232971695,-0.24530748618780235,-1.230478657919156,-0.20841140123873847,-4.9206561213898645,0
0.4395012306202264,0.6227691252275499,-0.44717578668350966,0.9025425923787376,-0.19624716058873415,1
0.7789365035121141,0.8233568294771724,1.4249353165751422,0.8985187727747829,4.400576291596773,1
0.4577728661518858,-1.9795942758525282,0.2342245672190572,-2.4275517136374916,1.9694490514159142,0
1.6744924333475373,-0.41343880237651026,2.451912553560666,-0.06396634537351797,6.917488019228711,1
-0.005596018829046555,0.9497003842778697,0.09245862723687115,0.9070305300098961,-0.6956879133795978,1
0.6687416555925126,0.2744683356365649,1.6813837599032349,-1.16188777258666,4.61423659317054,0
-1.0917008761393143,-1.196515048150933,-0.7885401094561562,-1.6881908934426262,-2.9817465029867796,0
-0.387099702474401,-2.4301223757273562,-1.1031095180848405,-1.7295562575259897,-3.492404553151414,0
0.6955377575657775,-0.3657807453020064,0.3883300174351714,0.3763801754553357,1.6551678322440038,1
0.849102110743144,-0.07158569289387905,0.7645346304071615,0.19146991213872,2.6603457372917667,1
-0.29396694766418224,-0.8839229498283454,-0.7308583912183442,-0.4918884613491802,-1.4911071909597253,0
-0.07159925185806683,0.1430849370279944,-0.260129660449089,-0.24606205360093797,-0.8345110166211146,0
-1.5178737466808094,0.5063867472328947,-2.201343325971864,0.3763145378633652,-6.897252721902849,0
-0.3570292008066094,0.6706871707262329,-0.3541685602570482,1.2883704709560515,-1.1865677128746988,0
0.8903831635197862,-2.3559189249323222,1.009089138025256,-2.142961303651285,2.664697392641492,0
0.5752050161065663,-1.3142850978081202,0.0731503125035069,-1.2818109058645943,1.959499119222163,0
0.5006657213812097,-0.30462264835473557,1.4707928681221654,-0.3980269198012451,4.1596184182742055,1
0.04977368718096008,0.5721731310374635,0.08153031782118948,1.1594091316548172,-0.11317784163480782,1
0.007063158628176452,0.48923401355003554,-0.40130727443327957,1.0502500903251086,-1.350839109131801,1
-0.6603211394734471,0.4718699478766758,-1.4750907894560559,0.7967058232610567,-4.460742985196497,1
0.6988284202025348,-0.3834179419689318,0.7287998649011189,-0.35028040892765117,2.7992130996194375,0
0.4209729443893898,-0.32763343730996075,0.29072867798271357,-0.5060116801933547,0.7077265199429763,1
0.49201884799279927,-0.7283292684217407,0.8835393016360208,-0.3818224085793842,2.3804432469165038,0
-0.5260348426675804,0.7681941281058479,-0.5977199751535645,0.21723920561860766,-2.8299034607311353,0
-2.1533429198712444,-0.9204887877395782,-2.7502023110056077,-1.3677737115328492,-8.459785867463376,0
1.0971527117536957,0.8500363951895699,1.9325118598424864,0.12449071479710017,5.800127527185185,1
-0.47883745600840416,0.20785323813764608,-0.26102501625481134,0.8254681271342089,-1.3325906538361678,0
-0.8627757640431206,-0.04504447845515359,-0.9898301198423,-0.40537779051982603,-3.177044933754603,0
0.6934789119139937,-0.6567103997764666,0.7757981776388628,-0.454706506400654,2.9896852275485126,0
-0.3920126399191296,-1.3555418611641263,-0.15499166163830053,-1.41832062151889,-0.8146639356272839,0
1.0599363840466218,-0.6476527563780456,0.3455080770999043,0.8011167386829217,2.6713472341630675,1
0.6170059495766975,-0.3300068686248863,0.6958530595581026,-0.10905414160696811,1.7332267281343872,0
0.6835693232004776,-2.3690243115812515,0.45850758655353174,-3.3000946912039235,2.1317162765762396,0
-1.3659557112005343,-0.19735515533466427,-1.1123057183856584,0.3903627229636276,-4.176819312205799,0
1.2119439853864005,0.9243573680260055,0.8418530230832613,0.7307818862231634,4.10261449558362,1
0.26125053123385605,0.5672179054338725,-0.041100396314685206,0.46675400445934556,0.3248614321580739,1
-0.36927713924620315,-0.49620587574150743,0.46215841003582564,-0.8324620072465292,0.3217206972942784,0
0.14338846734225108,0.04693629841522772,0.7588445127833192,0.14474255773445888,1.4542053808801072,0
-1.77623523289832,-0.5561645694219997,-3.424015822881974,-0.464908000584589,-8.766770172369739,0
0.40865281148067084,0.14876073333569612,0.9870338027128267,-0.1739778554886181,1.408955165511955,0
-1.0293715081820716,1.5401078237440315,-1.06619752131095,1.2860355635008172,-3.420867042717886,1
-1.3526702858435344,0.968498802624876,-1.7067613172930403,1.0191418691690344,-5.452719285141496,0
-1.5223591862178911,0.5207943056927525,-2.0259465540717163,-0.6505714375622785,-6.427237998661666,0
1.1126883749899252,-0.4928849123837181,0.6381295608499311,-1.2136336476355691,2.780630464631281,1
-0.6292633936927887,0.7499383929448385,-0.9692313660719963,1.5849344409938477,-2.910285324754595,1
1.5337277099164992,-1.686876951373053,0.9701614180755774,-1.5229664792129323,4.480187536383789,0
-0.5358014630522978,-0.2523534819908905,-1.213101293588619,-0.5148079753612802,-3.6274243498800858,0
-1.7073579575929467,0.5837114198239499,-2.227548033014902,-0.2643299959444677,-6.948619388502601,0
-1.1165244399486591,0.7404212140477511,-0.9548275124158155,0.7122631315745125,-3.4090612480915548,0
1.2358116200069387,0.6698844902157408,1.2608566942923372,1.1624805361062938,3.8985554039375865,1
-0.15589817793666752,0.2948306892096945,0.12203004783926061,1.614433741534665,0.2621486389500176,1
-0.5482872964906009,-0.19572497908388292,-0.581472216095628,0.7503032334139659,-1.8059140069625976,0
0.1600182258527877,0.5379759698264887,-0.49332143946960816,0.09450695976222101,-1.1460980426210887,1
0.501782736167545,-0.9528610405863002,0.7490031979143481,-1.2007608062784454,1.6566400951647409,0
1.1173988159024606,-0.8446772632932499,0.6150541764650032,-1.5804268784115858,2.5001501380549636,0
1.448499229892926,0.06173467646029673,1.771806380887393,-0.359092856851679,5.78405005513011,1
-0.3597686457890858,0.17319764270874738,-0.9427286472675662,0.06677606114637138,-2.4630760343954967,0
-1.3260476860820385,-1.8256151785646464,-1.6697859992838011,-2.0091836768777185,-4.631681820732517,0
-0.413465161123276,0.45514638094951854,-0.5941609814072335,1.482430034239234,-1.992084227241503,1
0.26028050658288615,0.7727283779193933,0.5974829071113604,0.11504990668128556,1.1408371825817774,0
-0.9637589262106109,-0.07728523746629531,-0.8757603001469134,-0.09983246206024393,-2.868648675032273,0
-0.9571509148950429,2.3744662832839922,-0.9471502538195806,1.3427364021356702,-3.82003944021906,0
0.34378788154988543,-0.6829351063151862,1.2866222740775382,-0.5174897160713193,2.6935090595552595,0
-0.04865235157045115,-0.3610871633868695,-0.9671439321830239,-1.0319398337248444,-2.3961389435548845,0
0.03279699541158651,-0.39506690612720935,-0.486391825938689,0.1562462480641867,-2.4222647677955145,1
-0.7584953347000695,-0.07618761129101755,-1.2990895737195651,-0.22170055779866332,-3.4524888170657486,0
-0.23040071420576733,-0.3287248129662911,-1.1157268691669044,-1.0297169471077376,-2.1070643121656807,0
-0.9242331442683044,-1.4068105446048718,-1.283992900711318,-2.458161421383851,-3.4959922191617006,0
0.8901984111247868,-0.5465482962364754,1.2340829930231398,-1.035867040541311,4.7461777861600325,0
1.0352493347237526,-0.09762069577407609,0.7394256354658768,0.022069749597342994,3.7852405693419175,1
-1.8461878622380938,1.228572082061997,-2.0126893482312487,1.439328905640228,-6.9616438231988775,1
-0.92951086019241,2.202243273372913,-1.790788274132551,1.9530242827862763,-4.421222654591038,1
-1.496529255090079,1.3354738978506546,-1.8947920426702527,1.7983724195671391,-6.08319812461734,1
-0.6500239344068982,-0.7753790296726064,-0.8808732922006902,-1.3432504761201418,-2.949767369121336,0
-0.08343796979036086,-0.6958096106261655,0.23776224148319616,-2.15933953188045,-0.027421344968799333,0
-1.44964521969853,-0.15932857750935098,-2.2871034186576407,-0.018051752138101285,-6.882486636180943,0
-0.921859813125313,1.7845588888535862,-1.149364185985882,2.4296067951952782,-3.517031966754544,0
-1.0039573720814983,-0.1654240521818934,-0.4605483570470531,0.48424278464697823,-1.6364637765251877,0
0.20726732939894396,-1.3275074905374307,-0.015274313412688034,-1.9774121108450982,0.6446749064656925,0
0.06934433703625043,-0.5011771369530351,-0.988436370023089,-0.7735237306138143,-2.2585104020329934,0
-0.7217375533372533,0.757056001819417,-0.08214966466315754,1.1189660096896707,-1.7689699296007424,1
0.17682087213939798,0.6899402768960868,0.5442693434085645,0.3763872229167015,1.6380420235914,1
-0.5466800845872654,-0.2002166664916561,-0.11198149704786997,-0.14752423618740929,-0.592795939592631,0
-0.2716551103260533,0.6834146735600306,-1.1435469336987503,0.32519472565488955,-2.080838496109435,0
1.673452090298537,-2.273172202546832,2.429679953222144,-2.817866581277519,7.235162476695629,0
1.340461051790348,0.10382923503269768,0.953823009234749,-0.34435759067068095,4.153089025054056,1
-1.2995812369275976,0.8606854213686302,-1.554300709037713,1.338548017844246,-4.630059945578366,1
0.8297324178791745,-0.8328632751545353,0.4783438348831727,-0.8259718928390983,1.525756671778874,1
0.8113965544915921,-0.836338536496288,1.2848651454691957,-0.2003977172935092,3.925710881757281,0
-1.1482632887526183,-1.8664481527634753,-1.238162465005266,-1.6062378052862654,-3.7465462257062443,0
0.8187776437548606,1.589895594810694,1.0596481600486736,2.3931282105511653,3.6026585084342804,1
1.5379319184125528,-0.7201539770215667,1.575882429854737,-0.3111198805421987,5.418339403149411,1
-1.1225448062444139,0.24104327786211174,-1.1700658080908741,0.620713692985464,-2.7189762418865255,0
-0.9175028210142636,0.6039170414833746,-1.3908948528873617,0.5436730921655335,-3.19278460352291,0
1.0176614668435024,1.512067949141453,1.9237317604973851,3.016671237389778,5.3786535935981785,1
0.271495310825648,-0.15389777398563528,-0.4602015034269666,-0.09754866403836807,-0.6080234376243197,0
0.5514762752395233,-0.5394297937784186,0.7576032622568655,-1.5261414783413587,2.692560261474332,0
0.3405892164004968,0.17306764857055348,0.5289175124541362,0.3070844183775369,1.5399544341212092,0
0.39069592092814415,1.284080276542287,0.9678740640043568,0.7929341549235718,3.1575632137072245,1
-1.326472128311083,-0.17017253140078376,-0.6324271121214439,0.33833822940002384,-3.8881891230185786,0
1.0473177066214483,-0.9548690815840764,0.9786234069130604,-0.5919607024936071,3.4078735498197004,0
1.1695899924277735,-1.5407578083153624,1.43478714539015,-1.6365146332816882,4.966582298107488,0
-0.22939074406802776,-1.2212973846052253,0.653046111158227,-1.6652438913268057,1.4638802302875358,0
-0.04347694981386243,0.8643914974066649,-0.07606533327498857,0.9376043607670669,-0.957804944133403,0
-1.5311075025557226,-0.3206244763068117,-2.064324240088311,-0.6412413802353392,-6.902341195077479,0
0.514254756017835,-0.6075209099207107,0.3220206996681243,-0.21361891352879242,0.5772938228651509,0
0.5720574417141441,-0.7159672231839423,-0.08026555759308951,-0.4379593660549194,0.26096582373007415,1
-0.062191016999311004,0.08504586020018182,0.1237173884980503,1.5530291564468997,-0.484458971819511,1
1.1243533598705027,-0.239455093765584,1.6565814639408203,-0.46201236309104643,5.269258516668893,1
-0.3340772309799405,-0.27313214371925276,-0.39459797701370974,-0.4248449579615749,-1.1758095243520061,0
0.5646059258936003,1.3493239278107392,-0.24587409883321998,1.2719360908423523,0.27824613486683136,1
-1.0196643386921156,1.5380162818616334,-0.5088389211632769,1.4825235147260925,-2.5341269496330505,0
-0.02355215087423812,-1.6100216729089964,-0.9117016316571275,-1.0964822039282565,-1.2616117051720401,0
-0.17435425790283585,0.3275927311429576,-0.9473316468643564,0.1894199086118914,-2.677329223744278,0
0.2253079220409414,-0.7768620986213922,0.13613872829358203,0.20932875945035534,-0.35486145315809403,0
-0.3695269288333583,-0.24825111386109355,-0.24363430599560873,0.042886441001757314,-0.6863030649847404,0
-0.1314725956716678,0.3092783851266944,0.07965115370750928,0.06641036113268217,-0.233388438322618,0
0.8260471714415063,-0.21271991693091935,0.7929773954182696,-0.5833427594212549,2.315807951317118,0
-0.43676423723821745,0.23045988062763317,0.4432576453292112,0.7508959773318615,0.5083745908792953,1
-1.6065771007386793,0.6729702060319175,-1.5739929301970783,0.6872302819753228,-6.541674614043009,0
1.7495839042054206,0.29457680054031987,2.2669179550818885,0.2991068274186975,6.729417550395966,1
1.3814540786904865,-0.6468363041676235,1.7749313607378356,-0.946076417379683,4.427715698039948,1
-1.2922626951056186,-0.6291996069703238,-1.9386995612078834,-0.6599224474305776,-5.6862455634999325,0
0.6897078052451944,-1.4397052966180355,0.6048425616024337,-1.7591827220194214,3.031091916883563,0
-0.5029747705513431,-0.8539202975207183,0.5586854860891665,-0.1730645694077193,0.07631947822020424,0
0.26348721533105957,1.9620683618985282,0.011311788360930886,2.320598438026227,0.022082293158609045,1
0.2942241290134937,-0.7920035740952445,-0.04308613316485166,-0.8793879937456313,1.2474407904626303,0
-0.234407800316322,-1.1933788124438198,-0.14912000957781088,-1.2881128539701852,-0.33613409447081155,0
-0.7837656655863965,0.31992786184477334,-1.0180256302164223,0.366014945964382,-2.0214801785773595,1
-0.6905410523162594,-0.11036475929185985,-1.0873933420673787,-0.11313487872792628,-3.130196891095457,0
-0.9161919154812425,-0.19559323684922542,-1.157833612630036,-0.6740613265038092,-3.576636501864865,0
-0.8318222082304447,1.40904596641209,-0.115817372546132,0.45865890221959904,-0.756953302009839,0
-0.06717829004935526,0.5491266755583654,-0.13548763578814144,0.15027634233785103,-0.44605678838587887,0
-0.7157599891107518,-0.5299929317034756,-1.3797975054881078,-0.5942516770359909,-3.7096369856849685,0
0.6820520657126199,-0.42447591759177994,-0.07382120333146225,-0.7933925164505253,-0.335213676613892,1
1.4872461553359273,-0.5025865139056851,2.590648621363162,-0.09291749870790028,8.281018387325027,1
-0.580053241370043,0.8747396215802571,-0.691720426087094,0.76016305362988,-2.05808364016041,0
0.23940450053537707,-0.30814762945313745,0.45669375101808607,0.6286391580611727,1.2188062030036397,1
0.499685110302934,-1.7931535024541505,0.11399649713312937,-2.073900631568725,1.4311931636600654,0
0.4720022709192745,-0.04831967873434432,0.6324952555549824,0.0220387206164342,1.3822633741313517,0
0.0759552679160874,-1.537026001127929,0.8056200937168534,-1.6814568792128213,1.449483810275524,0
0.7426824183597222,2.184230601754902,0.41655082648784475,2.404119630622313,2.2237930671627604,1
0.4822489526806572,-0.9656679138472309,0.7115423426549485,-0.43279234934870914,2.168471195036645,0
-1.2376624223272978,-0.16186476535773067,-1.9405355602724919,0.1422757141058175,-5.514248988115531,0
0.8691560643892732,0.2582027347011372,1.880589123572669,-0.757195400031892,5.189564235816379,0
0.8872908372667421,-0.2886581606792303,1.0215588023890294,-0.03872735544279651,3.6893254688096797,1
-0.7632861041785816,-0.29003040146619263,-0.9696830263547276,-0.7954694726067121,-3.7446963898720997,0
0.03793783544760203,0.4218272861608771,-0.11099922619547987,0.2669426969527382,0.4739807018665212,1
0.6833289928110694,1.5262159587962787,0.4283099055539017,1.8708805522149472,1.6396701732647936,1
-0.20931381957936157,0.7675090818172975,-0.43876640164110814,0.20762862760977774,-1.1626373013935212,0
1.0729780477660118,1.4785138785735428,-0.15076952340881822,2.056487882316068,1.0075401370682995,1
2.3638724946193608,-1.046619108093502,2.314889628570983,-1.2233120578691183,8.031885388694525,1
-0.7859860326349823,0.31736263325536135,-0.8559253729378384,1.4028313197144187,-2.7762828267971114,1
-1.3810446031537749,0.15524605205827927,-1.1367138345235364,0.1895849649551603,-3.9774102167494485,0
0.30381859560487573,0.3510912916767348,0.042246722384112534,1.2037626630026197,0.9908368812727274,1
0.7215625051261435,1.3762319706355726,0.33604434805563227,1.975071582902327,1.9706880967143383,1
-0.230866373844769,-0.22078914979205388,-0.23475384607125657,-0.5263416908193028,-1.1137048082535441,0
1.4532606633210345,-0.4055033665540874,0.6470766042757926,-1.0563487303708485,3.658767427343932,1
-1.3386057997232488,0.5339807974186639,-1.2668942059559567,0.5907944780374369,-4.4215524381979225,0
0.6929186230316111,-1.7782027275658474,-0.23799100672924933,-2.069524286826935,0.592928478713173,0
-0.6058608207588934,-0.2368520491221783,-0.045451496343495434,0.5530073409213249,-0.7325825708469528,0
1.7193779062072967,-0.13419768928545298,2.0615128840376844,-0.2576272751217644,6.064213842344891,1
1.9925153531681183,-0.9203586163069252,1.5294224149561118,-1.0705605955663122,5.034157894479067,1
-0.7666565877833479,1.057059011356577,-0.4360875811143295,0.35910978098806756,-1.4271604331593741,0
-0.5495571359085801,-1.0622403173432842,-0.49380002378163956,-0.8526318108033998,-1.8776226464842602,0
0.8595878869798019,-0.1358730483637962,0.355082771437372,-0.7229841893372124,2.2075116277364337,1
-0.3871306497895146,0.29315722532296834,-1.3985687284040593,0.5143756817633258,-3.8116162649551155,0
-0.04541121793223822,1.3534515614761184,0.1128066237809879,1.64349742472512,0.7886085266646847,1
0.02538842054241018,-0.010556434880853317,-0.3717525030251072,-0.3853939908680358,-0.53038276662877,0
-1.9196731561976563,0.9361535941282106,-1.3721883713496166,1.4144435596370672,-5.713645275722114,0
-0.013837746094237255,0.7005953972771274,-0.006820879153311614,0.5631576776315083,0.10849748073066426,1
-0.6897277740641741,0.12345755616914253,-1.0395191223128326,-0.6121642917829674,-3.9844802085441327,0
-0.493122822399772,-1.0895134082734554,0.40579654414546373,-0.31686973811660946,0.25847335337411814,0
1.4436320034688142,-1.4345808609043489,1.7318552497703168,-1.8963161479415085,6.372572103901726,0
-1.2565068942792563,0.10650540141918646,-3.0840501518313093,0.36004067205242646,-7.895221004132886,0
0.8132051867479773,-0.5426968739026136,0.5700093023525441,-0.3297996368789915,2.452897889585738,0
-0.2789629303318085,0.9192610916812918,-0.9710074263380202,1.113853428643464,-2.5189748660175466,1
-0.2797601684958344,0.7458565180985776,-0.6796591373559887,0.9317874760636453,-1.2375777199580664,0
0.7903718960517113,-0.1846109944370498,0.7180056965924433,-0.6697048127170508,3.2370738925527744,0
0.34005129456889044,-1.1577129239412693,0.5170755488626635,-0.31203812318990887,1.3282560221278015,0
0.570612997219531,0.5107355496072734,0.7012958682763178,0.9888601247075931,2.437834661401823,1
0.9681846605328611,-1.0179494461351504,1.5071211988152622,-0.7804210805099503,4.582626606640176,1
-0.33130838318332273,-0.758463922930865,-0.01300919442898918,-1.4249520406886793,-0.3220953774044872,0
-0.6122367345077503,-0.9794157382151545,-0.32486326994499765,-1.4685996760428712,-1.9544442944579719,0
-1.085150526557798,-0.13850102193995345,-0.9844043649911609,0.1902272914046284,-3.025146307252347,0
-0.8254105299789551,1.1701923340705616,-0.18201110361600448,0.1683502782221531,-1.3195287782894054,0
2.9490944253087252,-0.005040870223528701,2.7909561537132666,0.16431105974665663,10.606756623876974,1
1.2446795807367868,-0.44321869242769574,1.0995279463691916,-1.1088070911205063,3.5084033284392118,1
-1.3510743662080213,-1.5256149300452442,-2.3038610426942867,-1.9596308188000506,-7.162626921913872,0
-1.3224579567435701,0.5521245847298429,-0.7943759348385523,-0.1534092191039551,-2.542741310062743,0
0.48186606171849145,-0.7804046059286275,0.4434031838289142,-0.6573513980374762,2.183170105371329,1
0.5472647973779668,0.11751761915809661,2.0140676504636033,0.6756983450752454,4.441488670365267,1
0.5488838353173644,-0.3542186159166406,0.34611748943613546,-0.18020985401029826,1.949637037455163,1
-0.25495579355369785,0.8381772195994377,-0.21066672884533022,1.067093744060561,-1.0366742592588976,1
-0.12545426000290022,-0.15723639202855216,0.14779821680130661,-0.07325694395111126,-0.7419397193501942,0
0.3278795241593574,-0.05892635452305161,-0.22307046233499905,0.2824204009122679,-1.0044469202427695,1
0.08589300629333041,0.48574714745545966,0.26516686323294425,0.7192899545804667,0.6481788179482071,1
-2.219300372747535,2.1069401822631857,-2.2019696567189424,0.7493910852645949,-6.952489294144142,0
-0.22979963057519381,0.8884469303585544,-0.38164372541361263,1.3416002991893767,-0.3472928485471063,1
-0.8514064342603136,-0.08860610634860941,-0.2651044548888103,0.3119698746318411,-1.177246083683809,0
0.17521141890851205,0.003197990615288395,-0.2766629400468158,-0.177958424713915,0.12449680154379156,0
2.98525900260341,-0.5248594603244343,3.122710059144521,-1.5119628241907805,10.881990952400228,1
0.3674816654743044,-0.9499957035196952,1.0948138111668273,-0.8287586907024919,3.3168321652179102,0
-0.3135296861723979,-0.552750787066322,-0.666840564150547,-0.38942038499807274,-2.809418833846782,0
0.9218015019772522,-0.7721489637119425,0.7733585106311027,-0.9923907049923646,3.4243132336800257,0
0.4826878872092127,0.6533683837958855,1.6553401689451268,0.7467182459692311,3.4742095893537934,1
0.4200944904518413,-1.071194857868986,0.6572900230298699,-0.5352747288838009,1.4883602555125361,0
0.606850593215671,1.3332105613800442,0.3537518548943621,2.5319714205276274,1.9657056793888519,1
2.056543564829542,0.7520463836188297,2.457855944868781,0.8254982200767628,8.464892580405412,1
-1.1308884353259159,0.02050172936766847,-1.4149352111214288,0.18745857004428954,-4.8310572880251375,0
0.47363207681145447,0.00031861146506831427,-0.308825885268581,-0.41157582612762844,0.41589282505612873,0
-0.9263811299815384,-0.5572813096145531,-0.24019915734895336,-0.8079773326028425,-1.588504042202094,0
0.5555126463422483,0.27008441134776406,0.0039830142767410814,0.20206309616202434,0.6859113633440087,1
-0.9186865114860944,1.088092463208589,0.3071698010125511,1.6769514809038881,-0.6867647350016907,0
-0.4173668136050844,-0.7031564622558137,-0.6620330013361871,-0.29367758424178464,-0.9096741990682551,0
-0.2950899142379063,-1.5333920889187305,0.7715424265430212,-0.5687154169147492,0.9596659677030696,0
0.975816719344709,0.7032182548567439,0.29148118508468013,-0.04189483297336061,1.923141454222978,1
0.9184544439424138,0.3243659742438005,1.4312012370755403,-0.33750151108068577,4.31508771150747,0
-1.2457173764463845,-1.1201988014411794,-0.9958542399540594,-0.5691573338232133,-3.951761242672923,0
0.054934110999848726,-0.733391370914118,0.4738072237774247,-0.008961182756873742,1.4252668130968216,0
-0.7095798547491726,-0.8591042740501407,-0.2255685014110423,-0.8425402132146744,-0.7808848052363151,0
-1.2585049106753345,-0.7245322690342489,-1.5073774818159205,-2.957334200798688,-5.025846699211291,0
-0.21701705042437042,-0.32368275404118774,-0.8714389714258697,-0.6954473349905614,-2.496796090704048,0
-0.3084827884558197,-0.2665473042807473,-0.33394165362542866,-0.09880047820605217,-0.14315351842908441,0
2.4267164863455224,-0.65079365506846,2.5382316151380895,-1.1005001483573265,8.776442697921402,1
0.43295982536069616,-0.7581638194999278,0.19703751478294376,-0.66560074103107,0.1912508964062658,0
-1.3776175007542373,-0.22878434391938154,-1.2388405156743063,0.7204933805166068,-3.612970218631519,0
-0.5647740041709423,0.16769153485956126,-0.3999612385835721,0.8807579446570617,-1.0839896505962734,0
1.0213832954293984,-0.3162965363648446,0.5663700721574655,0.08814958632022474,3.4654863488149195,1
2.088442772869925,1.1586670233413017,2.285928413715158,1.126442383922223,8.42164474876316,1
-1.5859833122379583,0.5080877144207865,-1.7195893240852813,0.2607536854705905,-4.4956595854638115,0
-1.879924385139045,-1.5908458568586958,-2.2299148352407308,-1.2119701992199587,-7.798184599368938,0
1.8709651753717822,0.5237277654138535,2.2646527444837785,0.536425091663967,6.937929214672899,1
0.38961417737090387,0.6055439825855826,0.0011185715241316951,0.6353962022717677,0.3405265690598933,1
-0.8682927318763665,-0.4347349681241913,-1.0966265268287296,-1.2103427745647048,-3.756115254694835,0
0.5346290861224353,-1.4951975873031558,0.5706545112157633,-1.852462778416102,2.004728242646777,0
-2.6357477390168778,0.00806675941113609,-1.9485919286897584,0.3839969930695433,-8.095754817734125,0
0.003375506597160999,-0.007708651482244078,0.09976754545931003,-0.5582420718565377,-0.39017695026768556,0
0.3278211728430852,-1.1216462365331947,0.5919653390804189,-0.9887926872319661,1.2384436756950472,0
0.9242701395378297,-1.4512192162599356,0.7754488715395815,-1.2449674188278659,2.7904264099882625,1
-1.0138959522925377,-0.0875535464534396,-1.0531407644807083,0.14789036142356968,-3.0549752320298493,0
0.08568716140335904,-0.23307719205082233,0.06124854464356197,0.047054916128022206,-0.03662726493388829,0
-0.9254246260595873,-0.4172653653223936,-0.7787715080510751,-0.10340233875236099,-2.540696045663748,0
0.2553837556743171,-0.08341073474656137,0.10739996915018712,-0.395307280767826,-0.06276389005748739,1
-0.8953463223630241,-1.1027763738203191,-0.22534637962491944,-1.8366036556509058,-3.393161082736047,0
-0.4081008391602206,-0.4348206128661142,-0.5946839584112915,-0.8715883190577892,-1.868106724224151,0
-0.9958153947902291,0.5333250306143476,-1.8494359623929126,0.8982856290668033,-5.497599382702088,0
0.651136241823657,-0.3499700803512888,2.022534544008667,-0.9503933772491362,4.580904852050353,0
0.8584511166566653,-1.671972471792552,0.6947667711847894,-2.1922778117348054,2.1777850816405544,0
-0.2346205699574138,-0.47269227772357164,0.42196432358825997,-0.9957642781024085,0.13824021864890207,0
0.03823799496002834,-1.0701584635068604,0.7406334159399076,-1.9931456908784906,1.0449488585644926,0
-1.4485914146335441,0.26713629646173076,-0.9759842585083531,-0.30636588660416897,-4.57322366311661,0
-0.29967664800678706,0.3188374033804253,-0.39869025780548834,0.8190358600422604,-1.9263191634153192,1
-0.05020461704174478,-1.658774625086031,0.09313779289542681,-2.0171569514438112,-0.9537316553342552,0
2.620793091029975,0.759012970582189,1.9835379863775113,-0.11545610769498416,6.7935618652291705,1
-1.1119670257741636,-1.1121863012785584,-0.11689313886502561,-1.3680082287358497,-0.671192250473243,0
1.4641772387524374,1.5591822904823514,1.0382742396611024,1.814455898429185,4.2411909418838825,1
0.996858773465808,-0.04877626450061687,0.8699082920953702,-0.9641626469424482,3.9973759675415454,0
0.2806364044901364,-1.2463934985391623,0.33012964801026184,-0.7697383436561565,0.9924183384444338,0
1.7586204841951334,-1.1419860706926814,1.7049006067766534,-1.862476478372221,5.975593660622791,1
0.3721054726068629,0.34809529178734483,0.04366883146016581,0.1503534722940018,0.7988311838968472,1
0.3891591956679287,-0.3912998898983776,1.0863287216952728,-0.5954324448961863,3.076431560964784,1
-0.053120653017545344,-0.09665390961814083,0.4220189887265945,-0.3773739629959041,0.14102227146684687,0
1.2235688824186275,1.6127802326970393,1.384592484581474,1.580379383456278,4.414650869241781,1
1.0964692338108837,-0.6992440642290753,0.8966927058125087,-0.30996388724072604,3.590480143084456,0
-0.6256772874962124,0.05996285769570662,-0.09353935157397708,0.03956206704410217,-2.092357503952269,0
-1.3192471945987674,1.4198444873730531,-1.5514815109875502,1.1170076573264218,-4.433164653421773,1
-0.20298063739565708,0.27051347546640014,0.5822152827732509,0.49918781784684785,1.3913383183243226,1
-0.8000385643976464,-1.606602735358006,-0.7444281066559326,-1.5029708710467529,-3.7398022501281916,0
-0.0635245746153551,0.5053890117321368,0.5513661888710024,0.17063723176872403,0.5679452782380743,1
1.2374381346841392,-1.1630028577834441,1.180527971592348,-1.1418521467412612,4.269638016007819,0
-0.45730165508679,1.406807528732965,-0.4215350640663179,1.0306362771291704,-1.108101455760658,1
-0.04282338131157488,-0.8228676049979778,0.5698871494177583,-1.2557369691964493,1.8386028249717992,0
0.058022734808395225,2.9695095077456646,1.1549853107106176,3.3724101148206174,2.0783340370264014,1
0.8484308822052846,1.4673759883276782,1.6286142909577253,1.690855391612256,5.698960243127106,1
-2.246889333984605,-0.7966125696279787,-1.8083220242956801,-0.4114227520097048,-7.01135771180106,0
-0.6067002947652964,0.020013805001610485,-0.31205857828649813,0.337578055577366,-1.64623154984144,0
0.2112836922794726,0.7536442816334635,-0.04219065285034038,0.3100346521064372,0.5134066096763219,1
1.2000789564268612,0.7836604742267077,1.3476938269795775,1.284301439260104,4.65090134694783,1
-0.49190244750620515,0.4423362599761972,-0.9484270395045709,0.2935327048352362,-2.507265812821855,1
-1.876552706041874,1.25215903696611,-1.688661639199487,1.716767948599718,-5.19407176665732,1
0.6197114459661363,-0.12296894663436952,0.8397367763129231,-0.1855272516200176,2.7327260258628367,1
-0.6353623888256293,-0.36671766857603316,-1.6157849595597251,-0.21013612463637188,-4.6767506423773035,0
-1.1896666590903613,-0.3468639879246106,-1.170297354494508,-0.17525002345110183,-4.544972140449764,0
-0.6243453897132241,0.8583732319721272,-0.41690794016867144,1.2649734246143223,-1.034021623893783,1
-0.18452535765584954,0.3651810403026461,-0.22638028622536066,-0.4520920202017894,-0.387634031965942,0
-0.6047446645382127,0.2912836656902564,-0.42572024510992734,-0.49691519066445716,-2.5367319675974773,0
-2.205566057099069,0.795234249257182,-2.8764271787772264,1.13108968180827,-9.863966058356276,0
0.8970661968871322,-2.051052407853855,0.5091340441070028,-1.8728711753571734,2.3763946591111558,0
1.2748750412787222,0.3100688238751504,1.7923441228606884,-0.0777530002191602,5.805244995033551,0
0.6515219913395057,0.21856888887371573,0.6518078241623941,0.4007233433820864,1.9418748136108477,1
-1.1376856704248166,1.6688080813007051,-0.9677461797673623,0.9648279762487546,-4.48210598981713,0
-0.20149153394751798,-1.5285879822636668,-0.4747521143018074,0.10355677317083822,-1.8143273969810458,0
-0.006521315229458062,1.5571866323767578,0.003225696408970113,2.2129723257907292,0.819544968627609,1
0.5987943895619102,0.07540912892466581,-0.5522117005056891,0.3865604676286024,0.04225318934777905,0
0.6683404887180808,0.48898953066004497,1.091346457928464,0.5268047159987884,3.6852446806232573,1
-0.7341737987784958,1.6759187876093766,0.16979262069773937,1.3665547652067283,-0.17917879795449743,1
0.08199555641356042,0.560761268005573,-0.45051321819375995,-0.0943318516673638,-1.091036205644357,0
0.4572804046152411,0.4003682894625609,-0.012885689139543077,0.343456975717849,0.4736317285003103,1
1.4558223221467665,0.2422911858023184,1.6762622712655078,-0.1875891320452439,5.452255332957057,1
0.704506539824723,-0.4834781349943769,1.441446185078096,-0.8841990593209998,4.147994597767312,0
0.7890566873755188,-0.028489124510392892,0.7880080286840464,-0.7368674443976645,3.304353510146085,0
0.08382662792936095,-0.7155127661227486,-0.5308323824768911,-0.5906812401571961,-0.000984096865667139,1
1.410459145203504,-0.044566899425482,1.3061505268845675,-0.2330636523369289,5.13514085644199,1
0.4097627959594974,-2.3359306970550966,-0.10520324419639893,-2.0683949096421617,0.8150306263864672,0
-0.8610879101735704,0.42903956756754863,-1.1955110566079588,0.6575889643949426,-2.7193385351457318,0
1.4033699701251907,-0.12173725378362549,1.2513494205485325,-0.007004938743794362,4.5052244150654985,1
0.6979032725390276,-0.3362037366667643,0.233240978418214,0.9935163923603267,2.107838348589208,1
-0.4430440211284823,0.21975808394014318,-0.8319968832157648,0.6316108407229153,-2.039418543060977,0
-0.47949296739924335,-1.4335639229654407,-0.4422259672881216,-2.0638469282903897,-1.296215360354911,0
0.2965755451407616,1.9292699966212825,0.4040934512093766,2.158638220582017,1.1457862579928981,1
0.46318479526758444,-0.10276746148759967,-0.24880537164289912,-0.12977683297184428,-0.4999498543174914,0
0.19729226563120666,-0.14584443297218955,0.3954831268858754,-0.8166097183854232,1.2593218069053664,0
0.31130867344288515,-0.9653962101329222,0.1203417418771861,-1.676212650171243,0.882188294950586,0
1.6999573745763805,0.02394638244926125,2.060088136352685,0.2505478410890457,6.382390797864908,1
1.0715431522348857,1.3869598902732805,1.4617919125788157,1.7357336577125628,4.482531133532455,1
0.19063559126502438,1.035916209432034,-0.08163499921249995,0.5127876097697708,-0.318263340314352,0
0.9413105807674834,0.8544377511405561,1.24838442778635,1.3395212777378782,3.4720292276528038,1
-1.0325239035275395,0.5463989516672717,-1.4510019233769544,0.6888561500749134,-4.691271408690612,1
0.39792704994680894,-0.35854252756260985,1.059808081364454,0.23938705090864976,2.052287613871984,0
1.80930634973311,-1.450163167036702,1.4097382493048778,-0.9053529678670804,5.241696944697269,1
-0.21804589539237385,-0.20103877186663505,-0.041671091079617306,-0.28025722956813115,-0.05354372216125747,0
-0.8476339286190848,-0.23587146453367722,-0.9414385009412247,0.5819284005173702,-2.4262689361443814,0
-0.6520888885930607,1.048794439671241,-1.160536145711861,0.4867363946110076,-2.261486718617296,0
-1.0896330373423884,0.3093904424598202,-0.6391751564497339,1.5045376949351679,-3.112866557164487,0
-0.7847619081277034,1.6123115279035483,-1.091827812561099,1.1729186876606008,-2.760745075332914,1
-0.370508098590029,1.1974885400381745,-1.2205441810791822,1.1734871741993342,-2.828763546413171,0
-1.405567019178642,-0.4564956095040957,-2.846573700762657,-0.7400897588104771,-7.920174970062088,0
0.015618333949603047,-1.7951291966198684,-0.4219040132643823,-1.9835246905597381,-0.6192789936032285,0
0.9022771737866472,1.385575233941481,1.590231383436134,2.8473520651984625,5.084941381602929,1
-0.9077561801469204,1.3593852232307442,-0.2788869463950905,1.1280248795252052,-2.1685587003438105,1
1.5192839236417688,-1.366211590902226,1.1599847224680029,-0.9406574047557653,4.338235156279495,0
0.5107920885275947,1.5092400198275007,0.323564631176905,1.3915385641842921,1.2084273797055596,1
1.0305805856240573,0.3821171705925179,0.7981240478460457,0.8503923853863915,2.8287319503486983,1
-0.6578345538521371,0.16068549812565303,-1.3245506265769214,-0.11139426105984296,-3.0364118265370204,0
0.8545252270666157,1.6147832542473273,0.3801092912549442,1.742849301076913,1.6600818205701897,1
-1.091933900395313,1.3446851732306149,-0.6013591406949206,1.659034323466986,-3.134426705135314,0
0.8902475008365087,0.6513309519952039,1.142191436526209,0.2904252253269632,3.7753556751108515,1
0.1718393397935313,0.47321706581198286,0.30838376905847575,1.8520800279247784,0.989689449396431,1
0.553251219984784,0.6163942905303589,-0.1143220858456453,0.9568648121472576,0.39630763743651254,1
-1.1755946056248516,-0.4000574338825259,-1.1252429986078627,-0.513042911141214,-3.172067236114918,0
-0.8950698422766047,-0.05510144973232095,-2.0469923270206154,-0.4037187081576672,-5.751907323801272,0
0.5972282182533848,-0.9023171545945426,1.0186295638836511,-0.8564556427810517,2.847558476511731,0
-0.9483480042242007,-0.3330397757389188,-0.8190605538556299,-0.9410387810456535,-4.0240183832538055,0
0.46320629209912306,-0.36663387866893304,-0.20940993395079205,0.5245137532560384,0.12349071832764633,1
-1.3671378064602457,-0.6353053696216646,-0.5589250277152257,-0.41967848342112435,-3.830035044663358,0
0.8481742126666681,0.1367465026484631,-0.049908116917622536,0.0927534689427657,0.7143125584358447,1
-1.232523314768509,-0.3239808507005772,-0.9673702236437078,0.19900807647777913,-4.761455233250091,0
0.5522999376795235,0.5022347203519739,0.8298858221688544,0.14147733130899015,2.041969387744752,0
0.6256309336460011,-1.6223206132937653,0.005795713969760752,-2.200300406508984,0.9125072183707271,0
-0.6967718184295749,-0.11335479410729969,-0.7156971638346333,-0.1784213299716685,-2.5986429411197776,0
0.5820265670847269,0.13155164017749568,-0.23638735399170463,0.1953234649122909,0.1928791233803339,1
0.26044226333355597,-0.31062923983688057,-1.1627448948298509,-0.04533613654049562,-2.097278269400518,1
-0.5388418561927383,-0.17239269980923128,-1.0727799696585676,-0.9105316580253446,-3.206317929911549,0
-1.008554684076208,-1.5852460107298574,-1.3168671552072067,-1.8134044257394732,-4.163868101408373,0
-1.962625691672579,0.35647710466949206,-1.640497601267183,-1.1852552919147854,-6.280046936688821,0
0.3496500472996937,0.6476059825670705,0.38335408983010383,0.05643139711402467,1.4286735117030736,1
-1.5648027713620551,0.49353729420376685,-1.5180300416689818,0.8511680610539692,-5.483745365613347,0
0.0953441994413082,1.038727059442183,-0.41186661220048426,1.5192399637295504,-0.8975467720170751,1
-0.2634482160822491,0.20152960578250198,-0.5284538681029424,-0.36947266187400796,-1.0629689018605488,0
0.6791427754381955,0.47868118065093707,0.2141794705036149,0.3163789061137492,1.7485098438813746,1
-0.3020454994898642,0.1560907384568524,-0.9145325030047684,0.16889381602084946,-2.2983461011154644,0
-0.32944778634709126,0.6875507195924941,-0.6262974998407198,1.2266057890135493,-1.1492149668187879,0
0.7318707042882954,-1.577229636132122,0.7691268968364623,-0.8126822028736272,2.677384346227418,0
0.3350580290841175,-0.8935809679780109,0.04873876937201588,-0.8170398403664996,0.519478260334877,0
0.3161559571827783,1.586899657033091,0.15440462247029182,1.456591329241975,0.7487474359872978,1
0.46926758980852623,-2.4604358220962053,0.8167249952642214,-3.1822826264465225,2.419910023554192,0
-1.5355721232071058,-0.14017792982534394,-1.7859493325524576,-0.0861433125448138,-6.333856881308841,0
0.756788679986982,1.1722749596080682,0.08980536449303622,2.209736210353201,0.37797978651546715,1
0.6124687940136023,-0.09326066554176463,0.894195554814222,0.5518356094268949,2.8478298697402575,1
-1.0166831285764972,-0.4050110714506975,-0.883758304322355,-0.3175819233212452,-2.875523395761138,0
-0.2440804736742013,0.1294216768153004,-0.07975072458804408,0.28111058116535537,-1.0261013791417857,0
-0.039307287627631186,-0.35312018000244655,0.2736120411402236,-0.6973783607284749,1.0247995343507497,0
-0.1344967844017327,0.03084949275693916,0.09382397925223987,-0.1477183216313222,-0.837325135428528,0
0.33385996656853467,-0.6833810365201296,0.3482243128041867,-0.6095814487279552,0.9178444390918679,0
1.4313667818311835,1.1086744199557241,2.6270931132572297,1.1839915901149454,8.25424431036998,1
1.0817667276728287,1.423264921065661,0.4392823545218515,1.9286398875171908,2.6791830434885417,1
-1.3122191934314063,-0.13339032211162255,-1.6054278326756855,0.3476511442590255,-5.330423226690398,0
0.6220699903060487,-1.3864894206912433,1.1057371726451322,-1.126206030585702,3.2707222483984517,0
1.3289333195354096,-0.5238431703133952,1.4002264655831969,-1.0234162594130396,5.392024510094888,1
0.38680852068920263,-0.18398866010296422,0.7657700376948218,-0.6646963206938656,1.389172895242349,0
1.090980425185967,0.5055388769032081,1.1758586399544027,0.06159314176091529,4.647117792827101,1
2.012270445700765,-1.008013223170678,2.6992987212807558,-0.8902530785673471,8.17198484556507,1
1.0237095461069814,-0.7691623186421507,0.5199541182903585,-1.7823228460202216,2.9296650188893283,0
0.24930859564172886,0.5106761378588074,0.9205385403450836,0.5075386016264966,1.9079281945444793,0
1.0450884740847535,0.9389088320395578,1.6305867206868867,1.643230190266626,5.670667813278562,1
0.14488783309689118,-0.6215940451706841,-0.4602567240182988,-0.28818102783036403,-0.7187631999743058,0
0.02390304328495547,-1.3332170539509958,0.33923574822879193,-1.5085808594238876,0.04991768709859923,0
-0.3514142357137326,3.284118201287884,-0.37293420183202736,2.934990494412994,-1.0379515447571075,1
1.5634133588321084,0.7833042370887136,1.2601223492725766,1.1861618794770548,5.5159797276901905,1
-0.8184286659420014,-0.2670037617670317,-1.762738260800861,-0.11397607874089516,-4.15898793282854,0
1.532367724678116,0.8690312755308401,1.0269608891194575,0.7458150492394698,4.399223550346988,0
0.49986412374037126,-0.1244566297144221,0.8539201938326659,-0.41897206916749274,2.8636742350542113,0
-1.3993061748019413,0.8671568891001863,-0.9923855401716627,0.9053483839438233,-4.294514382066115,0
0.3676492929914216,0.15939319777622218,0.2622940527033357,0.007874815782727917,1.3715808721693104,1
-2.100026507651624,0.09127189816757326,-1.691533936079982,0.4834616831259307,-6.351701175573261,0
0.6255080168310357,-0.11358186823078863,1.0981380557781044,0.5070026797585697,1.6869051268682498,1
0.885231482988991,-1.4473813334630898,0.9625514623021647,-2.131006247384448,2.752647395147185,0
-0.5923559556520536,1.9380948993931397,-0.9535227675771557,1.32518511312872,-2.6916571680831547,1
0.12354769595558233,-0.9415339202677434,0.3440747523634047,-0.2675058264433777,0.9559684145383578,1
1.9541574337502863,-1.3600235763105946,2.197649787579718,-1.277114104978617,7.311996980271875,0
-0.5057467042619367,-0.2128598827563673,-0.16877450908678177,-0.7786852011507879,-1.051481765245318,0
-1.0589075870566005,-0.9614718135105067,-0.6262059520554808,-0.46984601018018557,-2.2369394579858377,0
1.4816634024625988,-0.05171279056027103,0.8005811165019879,0.11912975938414536,4.000718446022048,1
1.9625871905307948,0.6877638485617686,1.7076225678479238,1.7893867295242152,5.1928128303226275,1
0.0036956718478473255,0.995302900529223,-0.9456150009960625,0.8776520618964523,-0.9118316729832342,1
1.0114630354083562,0.8147307216216817,1.3849610545860298,1.369082720156038,3.333843610292384,1
1.341475915530881,-0.3056320547856803,1.235320191540673,-1.0300492743520604,4.961925569232029,0
-0.742484232538384,0.04959182766158583,-0.5270771971896765,0.747605602743372,-2.9500401624326127,0
-0.4853058353678683,0.40787905089749055,-1.2231452094629474,0.8799590800030679,-2.4625291835427863,0
1.230874513154735,-1.7577874239420725,1.93136493800126,-0.9556137070451862,5.570042122693047,1
1.6850142787085094,0.5705847001198596,1.087844696398872,1.1258748588742273,4.895349588918554,1
0.5628808601743548,-1.4572992875838315,0.9501625123655841,-1.5068233805216704,1.7515663507567125,0
-0.8798143535020543,2.0403465989064893,-0.8208392680557836,1.45478331688806,-2.596618483718078,1
1.9870611116994412,-0.40451508464169533,1.8923397229363517,-0.7055415348237142,6.9734222194602005,1
-0.5309708978119645,-0.18487517719459123,-0.6660509511180517,-1.0654503707936511,-1.8198966155587248,0
-0.33513778117145177,-0.7697070992378554,-0.6541692858295168,-1.2301566148297103,-1.3362369316137974,0
0.34233783448962146,-0.6299700318556897,0.9899359229400058,-0.41703935725147345,2.582633032363761,0
1.5541604207147741,2.27409356914324,1.5604668378908955,2.250217129730647,5.346820271839784,1
0.8539759765522237,0.9403696886232976,0.2193652113756136,0.8285746185571871,1.3142409642797719,1
0.41486550036191056,-1.5492024451478383,0.22288539934449048,-1.9457539031215874,0.8465119439933882,0
0.4632885301181064,1.5042129006852296,0.5274580437195755,0.618013395256087,2.353096192377303,1
0.04351466864346608,1.1932422751414316,0.4924173093661288,1.2842838317600564,0.6312118097481991,1
0.5581395145185063,-0.28121246228828845,0.2558296542599027,-0.09163236605396682,0.42732069411090545,0
-2.529560077694303,0.3066969420298376,-2.7984483555965767,-0.18908483799352022,-9.88500329110065,0
-0.29660745906979835,-0.014944079421074246,-0.2848913954960957,-0.2816642145029342,-0.7116726397513711,0
0.241321934916781,1.9725799044469323,0.6780343448904438,2.7436466314916466,1.566625470354009,1
-1.151014083619507,-0.7962901889920904,-1.8353913514175217,-0.21654121220527345,-5.095057000109982,0
0.38632331781156,0.14601060977572683,0.6390006333074328,-0.5962016710887486,0.8572557031165129,1
-0.20447122098612153,-0.42814533099280444,-0.4365024860504495,-0.4704635246081824,-2.670982759781772,0
1.7554756983154902,-1.4330404046178542,1.593259407441247,-0.7055625634317282,5.951786647208978,1
1.5730197252148568,2.191638255054987,2.573807597779731,2.0834277564012273,8.009491226749246,1
-0.46580556911816284,-1.1815665791024124,-0.5640401813939255,-1.3160381733059938,-2.6822863277636007,0
-0.15083771156669531,0.2201291874877759,0.22650916358759463,0.766498000859314,0.4897833694950592,1
-0.0739475656083926,-1.7407006063803354,0.2855093529932817,-1.2471659842427276,1.0552291443633297,0
-0.4516594761596227,-0.39907053924309327,-1.0416714332088761,0.06858113344720651,-2.7630238516126218,0
0.19502498402812674,0.4219688214334575,-0.7276721785833253,0.29097644684639223,-0.7122614614563587,0
-0.7582820688875902,-0.8247339795023627,-0.3477910226791348,-0.49328997136483926,-1.7378013316139649,0
-1.1306153349375263,0.586801850735655,-1.6723884311617856,1.3341746077132655,-5.172167052366639,1
0.6227112239002686,-0.26904109188808245,-0.20938025338524502,-0.29397794112237097,0.925814099584352,1
0.6295295842218108,1.1600825123986132,1.1426106916439096,0.958377701741778,4.185914552411777,1
-0.8043157596599924,1.3617609133402233,-1.3140291265477888,1.9767972328850405,-4.113452463694511,1
0.8953554307625996,-0.5867447607300117,0.5090966929204026,0.4359751407185498,2.317360698476588,0
-0.6315777291653314,0.07673285939295683,0.3556088483793163,1.134235301175868,-0.7314916243859901,1
0.2531652380379812,0.18345422647223275,-0.5767024426528043,-0.0038015234152423694,-0.6960502560255698,1
0.820344012612456,0.6193492954346987,0.1922009919089933,0.48232917068625275,1.5367183180114623,1
-0.03361256470371303,0.014381996244265737,-0.2634616359406733,-0.5001991703240091,0.0018838527481779277,1
0.45474091214113466,0.1902109593428422,0.33461249222392364,0.24923712155024136,2.0612104369919892,0
-0.5164296438875717,-0.2434064747951195,-0.9633022849463984,-0.7804659405238779,-2.307256309080616,0
-0.19646658342809717,0.11523986697201831,-0.7757941320895555,-0.14807685388172864,-1.322905967130563,0
-0.20585943088034037,1.2979401935351325,0.5491377313356252,1.6485050926163274,0.43706820801136387,0
-0.7465783465402389,0.6460832412118543,-0.6150852844878811,0.8410719462815526,-2.827504047836221,0
-0.1767741631157821,0.701255639443369,0.11581020898881189,-0.20410501314014462,0.18486786116620876,1
-1.5486182988637467,0.7230703241355783,-1.6172308871430148,1.5082164732727714,-5.547379093951006,0
-0.4911537471421047,-0.1538087778810355,-0.34642627271253645,-0.6973068214569038,-0.4299887254794058,0
-0.28487549336967083,0.3188270435795304,0.18157533718512436,-0.16163991835997138,-1.0249848071486336,0
-0.2561797524953804,-1.0851736783357446,-0.7543292597680478,-1.7046347542179694,-1.5831377451771897,0
-0.24149744587077906,1.268807656316957,-0.10907944761178814,0.9381659870349526,-0.2788796714552739,1
-0.061764199860128925,-2.7829604323432204,0.28625695684381663,-3.231363621676134,0.09888871577256703,0
0.4794415180860639,-0.08714839233542518,1.251840191278194,-0.5233651129298764,2.739054077183904,0
0.8745170741325226,1.1408959771502742,1.8484625640334031,-0.09124004871544811,4.83906982014614,1
-0.6497652268482671,-1.3638679336293416,-0.6148353283573864,-1.2989042376024347,-3.0250741046109813,0
-1.2032008553891445,0.3997799176168511,-0.6338813805455774,0.515812501524631,-2.3438976421073163,0
-1.042044412243103,-0.6807664465790269,-2.3771283789288766,0.4414369223670782,-4.966958902882139,0
-0.48720292119492714,-0.36880326518886875,0.2889385334934299,-0.1256327663560886,-0.32356947899064104,0
-0.3519213178165091,0.9459409606394379,-0.7148631486769109,0.6976464507803651,-2.277255863678372,1
-0.7699960661974573,0.1980569258851502,-0.8905447906914028,-0.4023005633515604,-3.5915128559100435,0
-1.2961166642498945,-2.0343558678843627,-1.0755644220663838,-2.082494097783994,-4.64337221826604,0
-0.4561208274741882,-0.9764255397315984,-0.5328420111319451,-0.7520640950353188,-2.044587474310058,0
0.18142662011397137,0.9753357348887596,0.2796533098980386,0.723661425229237,1.4358305203908515,1
0.5950294658355647,0.4489427181929976,1.3888759499486363,0.4794507313672836,5.266799741358773,0
-0.5574230531083212,1.7481355725242844,-0.7495330757813068,2.6968126195536946,-2.696613713287655,1
-0.41299782214343406,1.6826475940132972,-0.9564597303937108,1.4905925304937155,-2.9834428926517034,0
-0.9266983088473107,-0.3422451301467918,-0.019966380198035205,-1.2856329075430364,-2.0139768286232576,0
-0.03143917037477642,2.5032378050694883,0.2319429381275623,2.9399811987652056,0.6421218352308753,1
-0.8484286341908146,0.02447966985191076,0.11269085346591723,0.18164039275943755,-0.8751507884354123,0
0.5731278132412001,-0.9626685344090254,1.0049427685306522,-1.8171645400379821,2.9200401580801727,0
-1.7858664919341112,-0.6336398659105773,-2.4476636879408296,-0.41981802727243,-7.796278972317265,0
-0.3596296724524622,-2.256725105289419,-0.03693733657402132,-2.755656879858292,0.06628316775510978,0
0.3011073391917419,1.607019008249281,-0.19086669374953563,1.8276802094314841,0.4520581359424315,1
0.18383451632250436,1.5947619890438636,0.18755041754233784,2.548393743646009,1.0112845194928157,1
2.6930336639804966,-1.015507438813321,2.655176462176618,-1.1039921059849316,9.535022733821894,1
0.3498000245679074,-0.22788428838190591,-0.45903187774862075,0.31375131113633725,-0.4880581298553464,1
-1.0040545968420098,0.0956075441125776,-1.410459841622903,-0.5186361148136109,-4.684585710576655,0
-0.09546424708907304,-0.9603530521421138,1.007129402990477,-1.720062625310954,2.131014943119109,0
-1.776246333466452,-1.7551020312711616,-1.6570576310458698,-0.746416795073326,-5.76690343348912,0
-0.08059974929676088,-0.21035760377691182,-0.16839781662823705,-0.05645009699874326,-0.174099688892206,1
-0.8330560570007587,-0.32107942945924683,0.0733890529697041,-0.002744458878577938,-1.8850229719771796,0
0.9153902755601617,-0.38841124098877516,0.7172726205255774,0.18759991043391328,2.9772697258768943,1
-0.5495402745955349,0.22271606260096463,-0.5952504555800949,-0.041191342298014216,-2.169144746724165,0
-0.11676591579524663,1.4295196585259922,0.3786355122661782,1.8420778384073258,0.14282354770435673,1
-0.6355578414044034,-0.3030927196917261,-0.8359257407125783,0.03367936146268258,-2.260974771421767,0
1.7388513518533313,0.17044299872136276,1.3655909821770806,-0.4769594116698194,5.4280941872836,1
-0.3212427661179117,0.7268705237449358,-1.4481209737982703,1.483363179451279,-2.2010444035765198,0
1.8325570434792018,0.5541429265127487,1.3643078867878211,1.207573184502515,5.719692419344121,1
0.8141517621182666,-0.6144235244478418,0.34113788912346,-1.2562821439667058,1.7548931074662655,0
0.48206672733538614,0.09637712311403587,0.561350075069691,0.19652034384493328,1.791657489920512,1
0.3687331473175197,0.5475398201690533,0.06350401445363174,0.43199995171258143,0.09415711506713609,0
0.39379729821625153,-1.1283513375107777,1.4728068036448496,-0.4191976025478088,4.151733643873931,0
-1.92767257934561,1.263539010796508,-2.456487044463013,0.5582330077372026,-7.646990315091463,0
-0.2788833941507565,1.431588905214111,0.421439949277946,3.232796417319376,0.5906196474763296,1
0.8451579711843216,-0.7227802554444938,0.9550344487480962,-0.810022340130431,2.6456966221778373,1
-0.04889718347410554,0.1936700183481687,0.354489834382089,0.5628926014387641,1.0251344849323332,1
-1.405189846803575,0.6422782566710317,-1.0321800494356401,1.3360274226724331,-4.639843853293375,0
-0.05240445057746945,-0.5456141563287527,-1.1615222157336778,-0.6436138279138248,-2.678605862920313,0
1.7041055162554912,0.48161384568809446,1.6983291767672126,0.4241429028904552,6.015535578049296,1
1.2468917155347194,0.16325562629216542,1.1157776469178033,-0.08815982061714853,3.8114201331566604,1
-0.062004009366031745,-1.4679181776388008,-0.6284930567116656,-1.9106509907043598,-1.7461572827351681,0
0.9514492770580866,0.4591613159785581,1.1812622956660208,0.5950908898749184,3.764630857703137,1
-0.36650702036805183,-1.1001424162710358,0.4917631375706839,-1.1677757563585132,0.9387691464563217,0
-1.703871586826719,0.9392028516620472,-3.040373408768752,0.6845157524992993,-8.18901606611615,0
-0.9244659881295544,-0.6712110751338888,-1.1917008260504147,-0.8966930491507397,-3.416392860156383,0
1.5628887685081978,-0.16128543366114506,0.9400056864513864,0.12683129328542614,4.467464442443972,1
-0.2739930818293042,1.372278913446575,-0.23810416871045756,0.9734971487713028,-1.1249799897855535,0
-0.24338397937501807,0.4963816465288452,-0.406194620950016,0.3728992623327303,-0.6170289195662481,0
-0.29983819627488056,-1.0794739195745453,-0.6026768026534695,-0.6301402236799918,-2.5230621681960113,0
1.904136589573007,-1.0149165707990837,2.2488900037375363,-0.891303835764434,7.5708795276534575,1
1.6259589153620633,-0.5993027886237254,2.4440495658906127,-1.1240824218030299,7.747684996882147,0
2.218780233448134,0.39464408335666606,3.549439559327052,0.3827085489831811,10.381903684375715,1
-0.1590452104000513,0.35829981493276813,-0.5288597346343452,0.5768106255042527,-1.657433167245101,1
0.29562448874709507,-0.8431023046628692,-0.6148132871619396,-0.34846620904474795,-0.8047193525630929,0
-1.5166425494207911,-1.167209485614359,-1.2370443323816211,-1.5448988189868094,-5.127850004251825,0
1.4769344261182744,0.28158340508583424,2.2821767937798763,0.002318543735266909,7.036885555578736,1
-1.167779551267935,-0.18186006579016192,-0.7609345677475707,-0.5294400601502601,-2.8006716334005572,0
0.2167755637626291,2.1572158874477374,1.0199490835277847,1.834455787751843,2.5884064036838406,1
-1.097302527632844,0.03660365656307895,-1.2100458629339037,0.23910601441163648,-3.872477742155751,0
-0.5888668267386961,1.8142528277002747,-0.8936540466252603,2.1114973926420992,-2.2904495549540704,1
-0.8372624310497003,-1.17038359810434,-0.7795444773490442,-0.6449318516627983,-2.377037947978179,0
-0.6078752606758179,-1.5732129395617072,-0.773151854359262,-1.6188003940995914,-2.8472534544925012,0
-0.5391227031489786,-1.1200851325255345,-0.20757569247880658,-1.8227466099152718,-1.9928320779948143,0
-0.5482687949250771,1.1891297814534663,-0.06338490592333168,1.5238648636821979,-0.8102296756072764,1
0.8333339117803071,1.756101589693534,1.35737574406625,1.8356734288973258,4.426945204683345,1
-1.10486279306252,-0.782179453952634,-0.8495664576603252,-0.7521947142946325,-4.146876329086652,0
0.22054142701386686,-0.46056602975955757,0.34345259035151665,-1.1022677739151687,1.0521333593986808,0
1.2179591523055584,-1.1689809102124997,1.6151724969309824,-1.2668988420151701,5.621451562184277,0
-0.513196364513396,-1.8116398471183872,-1.4946923183397567,-2.4084672401812464,-3.8174082315345945,0
-0.7179188907476018,0.7184116977766297,-0.6126335145806308,0.9593941919995094,-1.541578217912822,0
-0.23052462518025083,0.22302030296216313,-0.20428559659502535,0.008073288610243118,-0.0874386688877613,0
1.1797252083607102,0.010487982673875443,1.2862654063464876,-0.24927921550840368,4.250762351855401,1
0.1941076309533577,-1.40005653716338,0.15029585782624216,-2.168634278707896,0.40788331029139346,0
-0.5312142946075984,1.6399566818286606,-0.31528654787679045,2.153504616670682,-1.602062535996602,0
0.48387665118803963,-0.5033567380494731,0.1965751904210321,-0.6326390536641509,1.1863928221370779,1
-1.1022921498364233,0.5336264248164758,-0.5375304351096083,0.5771168099853546,-3.3152508262651494,0
0.681359510442948,-1.4545614052447244,0.918184399149685,-1.8223064505910018,2.1792225316784175,0
0.40860730770176745,-0.19052518962003717,0.4839502366436978,-1.0158127196033644,0.4450640522584848,0
-0.307808471138884,0.2913744562385836,-0.6565667564569437,0.025561662149956754,-1.78542270622849,0
-0.8385857984472311,0.3270752180533076,-0.43092735584327857,0.14130454916695082,-1.10029094177979,0
-0.8866809222834574,0.15464854323662508,-0.7833510730362119,0.30102855369404646,-3.8919825039691878,0
0.5348173363459102,0.4945224920487726,0.15707563957745196,0.3170062866042065,1.0242958449366306,1
1.2289805024890619,-1.1305204560329611,1.2006497312824427,-1.4896948858816006,4.13766651588631,0
-0.637307747028795,0.19737260543966045,-0.3227664374081752,-0.5542970931315065,-1.677527620621668,0
0.4583867035514844,0.11375768348027761,0.734173472961397,0.13798443119165177,2.784327625948367,1
-2.0870270186020687,0.23167268419506085,-1.843522534697991,-0.1666074126903728,-7.261787035170741,0
-0.5846177306571996,0.07234521731918178,-0.5383520347866609,0.7327484842020309,-2.926757262059439,0
-0.031058932870901952,-1.2732127739133976,0.4818508337800464,-1.1981394432443466,0.6499717425058001,0
-0.9096834169818336,-1.3177997521089737,-0.2907851650760286,-1.0367483320924782,-2.2800126236489815,0
-0.9365063747895958,-2.2142681858845514,-0.5678450669518256,-2.3386625190291372,-3.6559062001084293,0
-0.667779556468886,0.8175345098452976,-0.9615051938967396,0.9181746547292535,-2.8019363577450482,0
0.29219272832637316,0.8276575097351987,-0.23683813031888562,0.38229985185007204,-0.6283934817518616,0
-0.1873290184063747,0.8435502912221203,-0.4592989018921715,0.25444087838731744,-1.2411410888388064,0
-2.238231233324972,0.3067899624614518,-1.2614028593366104,0.3143555011357301,-6.061572598069763,0
-2.120700152635066,-2.133119217718111,-1.9798521957213895,-1.847923390117573,-7.677762606090218,0
-0.6068651778571752,-1.026710491785266,0.4563557359060173,-1.9996163768160549,0.4477272931213635,0
0.4576865860535519,0.17041541759311193,0.3975874142598337,-0.07913632780890853,1.3409747557292417,0
-2.7475048427252347,0.13551800279179543,-2.8769116779716954,1.0565790567359914,-9.847944836516804,0
-0.4997301761516306,-0.2227482131520212,-0.5367584444736675,0.01686556268295622,-1.5299090249233915,0
-0.5262478565174211,0.3689172029082467,-0.5723348965440729,1.1377402197534958,-1.789790755006206,0
1.3883377782084478,0.011651707685245566,1.0015123222745856,-0.30537076820904685,4.1580313681534316,1
-0.38502181171286365,0.12077046555136169,-0.9594459457962021,-0.10818241694585833,-2.908520591006087,0
0.38298898474092846,-0.6390653328320162,0.63365729833136,-0.15569867265976245,1.2856754409469393,0
0.14125714008746323,0.9820109861215902,0.6687074988861451,1.293771163810753,1.6282244636980738,1
-2.1305664798072006,-0.43077160868038405,-0.9080758294739997,-0.47796389671022665,-5.4929591339574015,0
0.7682072166317373,-1.3306490830206263,0.5513507632862261,-1.9619069876548787,2.652232906016422,0
0.21539650545628794,-0.7709990128187286,0.03906876202425044,-0.1925730317052734,0.33646241165686974,0
0.5082686396745896,-0.3484661913619802,0.12265399244908087,0.9066478824018755,1.3320169569019846,0
3.9262377064363267,0.9940027883688466,4.48910142112311,0.20806969422047006,14.374673333764736,1
-2.0841129394985884,-0.042267998434793036,-1.6766192121004562,0.6595415764399263,-7.050006898945882,0
1.7246966497611085,-0.186148218965649,1.2862293588238454,-0.4202987902943347,5.998940253540073,1
-0.28744751940035557,-1.2486634247626274,-0.7385465628868271,-1.4153977502817021,-1.9829987520752441,0
0.2873289044030093,0.7854825898295763,0.763586283700958,0.9203023335987432,2.4147740533632374,1
-0.04551224530124217,-0.6519521540233857,0.14608583030296168,-1.2547137935933843,-0.482056911633061,0
-0.4242363333980435,-0.10002785894133592,-0.04504197689247158,-0.1185970814135285,-0.8679525910971926,0
-0.5698329282387585,1.4801830768818647,-1.011217167408215,0.6745562629807799,-2.2260032847235687,0
0.329508735573009,0.5087633310493045,-0.6093536963820942,0.7468045759384069,-1.506755712545682,1
-1.5171736966716791,-1.6282540477151743,-1.954656205011764,-0.5113930287335899,-5.047415235315552,0
0.7505791675217656,-1.7695102363524722,1.0944625325273791,-2.0892759809343033,3.4160632082379347,0
-0.41619440488525394,-0.06431045011924605,0.6393345844321916,-0.1486821192651019,0.2449101361478762,0
-1.1300693390403578,-1.212740614874805,-1.344801333804162,-1.2724797029111792,-4.20873231296356,0
-0.4500128579958137,0.6485467476329978,0.6879150829426192,1.141781044628499,1.2553787300779455,1
1.2571492168625729,0.04226306496497919,1.672059100608417,0.24504924949087972,4.817061814312436,1
-0.5353350870162233,0.16538476902386298,-1.2318512378706363,0.6255577741998274,-3.6077195246866087,0
0.3584536182096204,-0.7067431816423531,0.46547053711513625,-0.9598608492435394,1.5931865272858206,0
-0.7309562757154733,1.7413836552867057,-0.29896913650954293,1.958168157696604,-1.4628622875919346,1
0.7579218499236196,2.8425937280104594,-0.45481959935272376,1.1586908615425304,0.1280247989850218,1
0.6855077387902041,-0.2785847237567147,1.007733317746895,0.05514656223780001,3.244898108757457,1
1.8486088332964115,0.35303924841500095,2.434969423207968,-0.2558571059826305,8.06962670801206,0
-0.1755639454992155,0.09741734306431274,0.023870116566356125,-0.06637959768565002,-0.12895181687306911,1
0.6686548047579066,-0.2596868634410691,0.637794199417195,0.11293869088103331,1.9328330158849938,0
0.09806753953894455,-0.8320704677327967,0.011604248038241116,-1.6001153840427507,0.1598413310164155,0
1.2958717818630143,-1.0849679874804772,1.1802106180171033,-0.5402515883694645,5.182348698977194,1
-0.7188323876087304,-1.1355972655255242,-1.306822289492285,-1.1977496711698863,-3.525358052107176,0
0.7450053128772811,0.40524002554914546,0.40124339692479744,1.1317977686927647,2.540112614802971,1
-0.19469729611668168,-0.5196744782036353,-0.4029943189427615,-0.9710965577215285,-1.355203987118902,1
-0.06418817710849775,-2.5782928501405302,-0.007441003995626631,-3.484686712314004,0.0201562114524389,0
0.09175248444837286,0.44485822059832236,-0.18665489438016036,0.4303848629293032,0.16147645913801142,1
0.2522403964266774,-0.03826128246415587,-0.18232422482228766,0.2552767514594652,0.7625909843611449,0
-0.11622904312195795,1.346673001401146,0.2636563864409647,1.6821414708062568,0.9667635730687387,1
0.21471318317052593,0.3731223970910093,0.4000201691444538,-0.19462167087260868,0.5624764614869804,0
1.5781180575621845,-1.4786735963102973,1.308503289167401,-2.2909901313702528,5.56010985260648,1
0.9854496856152184,-2.229676640729981,1.238588921359012,-2.3858386276807635,4.798352493547567,0
0.8691545924968965,-0.7194723843379374,0.642575645653929,-0.4612503891001421,2.3014359386348944,1
-0.4555395260238707,-0.6251074206936527,-0.4240070112798107,-0.39221402964049246,-1.978556801464616,0
-0.8892408282283245,0.9431592010001667,-0.4017188008668911,1.729222369236239,-2.1495161523572683,1
0.9553005582377531,-0.008870932289573393,0.6534300116546213,-0.1955985329982819,2.8295597122074008,1
0.8760467925297942,1.133688498098509,0.28984098861292273,0.2112402789861645,1.7187175852664818,1
1.472670675750982,-1.3248330557026344,1.4001033842403112,-0.7264998365605168,4.415845370918312,1
-0.6039806259692295,0.965264384380448,-1.2857131340619605,1.0628620414358252,-2.7411942000386764,0
-0.22954865536034708,0.7209891534309195,-0.3682729100358348,0.8620831086813749,-1.510849151079933,1
-1.6394841625254342,-2.0182341114311964,-1.7798029021821626,-1.6346889153779045,-6.27229583535335,0
-0.39247110606087293,1.3226178412607723,-1.6243131680136547,1.954439636445103,-3.7827702687359377,1
0.9965705105794472,0.09345849176635274,1.2618880924517022,0.08194849969125148,3.2823919022258625,1
-0.46649537922819795,0.3920445038685057,-0.5578402625688582,0.9803203205325404,-2.589870644827912,0
0.6404797952008238,-0.8648961124284227,1.2314280215867917,-0.5888279803575303,3.207732886009037,0
-0.19050310599781134,1.2752470129219724,-0.08273711610077007,0.9474558172679729,-0.03841379889371305,0
0.32405702822156063,-1.1858523292388699,0.6918613133793348,-1.3024715653231256,1.9638099256152073,0
-1.1476913898156673,0.832092018373946,-0.5526720132121457,1.1404640300731987,-3.8565790909081716,0
0.08520944963390106,0.8206074759086713,0.019350908248527934,0.46619509378672364,0.8612577447060868,0
-2.9911359709007233,-0.9741674281722222,-2.991547565332674,-0.5309378771039961,-10.07109440283048,0
-0.18689615816198485,1.983373599422574,-0.9736677698571008,2.0624653498461774,-2.1321728642267175,1
-1.6304732437151401,0.2315284802175192,-1.0107043710980195,0.4223375997674281,-4.385021574963103,0
1.205994516546816,0.6538926102710242,1.1331458166860386,1.3741452720461003,4.411991521901432,1
0.7774073527645112,-1.5271207953357557,0.2745420775905205,-1.3488373565476568,2.8783546132479447,0
0.466670981966081,2.117730003008565,0.8365322252097946,2.153435929966222,2.813333022522391,1
1.5210062271593798,-1.2245569402250898,0.43111563117725393,-1.2658511717791514,3.2918243830301206,0
-0.9489165208248372,1.0248864327659302,-1.1635536322614264,0.9575579528755592,-4.364032552304185,0
1.7473631979155582,-0.9947717179316953,2.201518718521479,-0.8386220358298919,7.106341749947361,1
0.9321915642603847,-0.6189888028476827,0.7133306382774321,0.06267268921052471,3.2116047100220038,1
-0.23655528721894603,0.7887540438854471,-0.5955162626932368,0.4828659137183626,-1.603457518087827,1
1.1356201471829441,1.0275527136751572,0.9275427486264689,0.6838241443396755,3.297122963590779,1
-1.1062935124116342,-1.271284249114102,-2.1112581446459213,-0.6287643015150874,-5.605133665791061,0
-0.8245141615276735,1.0904721690569936,-0.46677494563615685,0.8073986991277167,-2.6643499178392607,0
-0.6085897232397004,1.0449804951331938,-0.670032744228157,1.1530279283095457,-1.8189682296090783,1
-0.5289777080640152,-0.9379534088448924,-0.6651400130613961,-1.2338521412528252,-2.341528306995185,0
-1.0565576427602528,1.5986475935911102,-1.1908919509647733,0.7589053644128807,-5.027851887772609,0
1.223083067095325,-1.456857628248038,1.2301229663276172,-1.3577450316020572,4.067493550543377,0
-0.25885440036983165,-0.6247725827776154,0.06786428496620167,-0.06718863576459,-0.2811154045511777,0
0.35250496835687956,0.47900262409198874,0.3264731977572551,0.44797519819562637,1.457950777219629,0
-0.5703513664136806,-0.8535662847026064,-1.2511696405035866,-1.5943955663307205,-3.1393407313271706,0
-1.8206033005485172,0.263819085679341,-1.5328452397764836,0.3183543772045487,-6.441820712789004,0
0.2700573583914221,0.24107607880329518,0.5193422038935352,-0.13689961551940089,1.5048174616309336,0
-1.9122549754197768,-0.18707426992272058,-1.8094914763115468,-1.4968268115456014,-6.754367935676889,0
-0.06863404608546861,0.8324005385905596,0.46898660739519094,0.7919586777287895,0.6549115112120847,1
-1.3683150388328105,-0.22836079265763917,-1.353125700626331,0.030481304286377103,-5.2578400072489515,0
1.987275999230808,0.23154106881380565,2.542964043725436,0.8203938078797638,8.04138858448912,1
0.9113627221747217,1.1464718774879026,1.6149682329139199,2.024899247468973,6.163197896518845,1
0.10575379127148042,0.7906862100258404,0.3969102340337217,1.1161540487190953,1.8806723127665665,1
1.2637066776546686,0.7860172908142086,0.8897398667156999,1.2528009951170056,3.1756869069856375,1
-0.8463159774657358,-1.1491796022167802,-0.9117088367169562,-1.7914623272558134,-3.0599194716305127,0
0.543479378670093,0.5247925755013217,1.16290739569928,1.3357054762744487,2.9840410576841605,1
0.1998104337187135,-0.8784987909695048,-0.54900349931604,-0.24481870018372942,-0.727278019571129,0
0.26402008133367,-1.2814149797780263,0.06804324724436572,-1.464972722261288,0.9902711697409662,0
1.2723535001067678,-0.07170634628496836,1.1008710818833958,0.26912371635895316,4.045611187713074,1
0.7324921027798023,-0.90429518665159,0.29988680260293543,-0.6137610949272849,1.3423962220446666,1
0.28872366282502326,0.7906177188399774,0.7251631377844165,1.5257244741151743,2.461653797365685,1
-1.6548874362282961,0.8145354596953241,-1.4664799007079077,0.7389815736153821,-6.032307081986084,0
-0.9600462952794637,-1.902626236431442,-1.3155754735797096,-2.2757425552814476,-3.976568460768394,0
-0.12270893359572414,-0.82830253957689,0.18004752652219552,-1.073301724407562,-0.567019872134916,0
0.09337237427665124,-1.4597866719179988,0.014164256942542267,-1.0113886802360652,-0.3446495043868729,0
-1.1302037246739238,-0.46262927659289066,-1.5753010112850951,-1.4225644816640575,-4.47351321789897,0
2.411676675578421,0.45517566986882435,2.0552174704569874,-1.0433610497529269,7.38825423675663,0
1.516394055253573,-0.2422880981783884,1.7344195926415429,0.20483640530560096,4.805149413261776,1
0.6021183203924836,-0.5897592406671356,1.0716232596534028,-0.45235650858948584,2.685078771599908,0
0.07203686128374492,1.3001765268131393,-0.17134725519364807,1.309408194964728,-0.6495247037679044,1
-0.21220896990115218,-2.3048571725962885,0.060011696933353564,-2.9576304865905167,-0.829472947334571,0
-0.9519184600222356,1.2368718935182248,-0.16104138123349432,0.3819270112205808,-1.4749170954626263,0
0.07748051851886253,-0.5442882931554857,-0.551954759666264,-0.8615528349045786,-1.761095082335216,0
0.2577525401427507,-0.07810901011278953,0.4355874765620625,0.10273853957205123,0.9638350223999472,0
-1.2417605754816243,-0.5273633377201086,-0.8264327298339202,-0.8202411941037111,-3.4488024035084828,0
0.33417641724489744,1.5428881055391184,0.28660150894548214,1.9929382056601295,0.9030726932469217,1
-0.15525904882474875,-1.2309784968052595,0.46388255660307465,-1.7080081678154055,0.49278123316254907,0
-1.907807557877391,0.011736369721935848,-0.808389038746749,-0.24793616685785616,-4.839842482160962,0
-0.8603850107795019,0.5274386518599967,-0.6887073365863504,0.8790391792021814,-3.2773855009039052,0
-0.4136055334216442,-1.6110027678851675,-0.5304003995606437,-1.7994602761274505,-1.9995895166647877,0
1.88768765734019,-0.9198981704461536,2.376179061171168,-1.0835731506074517,7.912669313038223,1
0.556553124533758,-0.14817853349822913,0.9775875547227086,-0.46992276032263547,2.5729822124586295,0
-1.335481569099891,-0.8866650346843747,-2.594897046558983,-1.3011354050857988,-7.109556005382133,0
0.486036289417637,-0.8155917712191499,0.48466851137208017,-0.6385030942710449,2.256950484050502,0
-1.5473039889383655,-0.34986266307643743,-1.7446037223079225,-0.10800951575412479,-5.5102613647704635,0
1.0826910538870733,0.6495813316461732,1.2810438996440314,0.7631555504218145,3.5479844491959924,1
-0.4711246518178786,-0.3427177768781444,-0.5679537919647737,-0.650809579654865,-1.6186146204826213,0
-0.09363618873917087,1.0784261944729463,-0.13622423487467172,0.97768024451626,0.11093200467639441,0
1.3257966475421905,-0.9977577826593546,0.8941902678116497,-0.19979039094876638,3.4859758795521922,1
-1.28716356858425,-1.2519222604734526,-0.9198989593720062,-1.962463949023236,-4.563355341460927,0
-1.3971181851129912,1.926345405721134,-0.5695970743786253,2.8692910459354537,-3.4552192177495837,1
-0.5835993263460049,-0.6579581276655111,-1.0074353009535224,-0.6080982046067377,-2.796241735319873,0
1.0383788510193166,-1.3109120070721594,0.3398513394458297,-1.4009752020604114,2.5334749524502467,0
-1.5193460754768426,-1.7420539417718304,-1.5093444655631107,-1.2653647723709918,-5.558081196928508,0
-2.8321555981105697,1.075103453808939,-2.8464834286282015,0.04147041927975503,-10.958944482290912,0
-0.4511588584089988,-0.34130451466005923,0.13430753465118123,0.34885527262981625,-1.046327429696753,0
0.5517407999109204,-0.2537097350663985,-0.06285667627834568,0.6751531794077923,0.88185831405602,1
1.2002617497388293,-0.15920171158663962,0.9312841622267805,0.38478472214291004,4.658298293622527,1
-0.463161362085399,1.0129428846697814,-1.5370129817188256,-0.03819979978557697,-3.7797412125861483,0
-0.4114266071160025,-0.17952983397592046,0.2760652109899088,0.20255406492432074,0.5914291584559587,0
1.1539007342557475,2.3440537788326266,1.2791730484174293,3.1670530578419682,3.7607196147338184,1
-1.8697416996954206,0.13376057405422923,-2.101458156685819,0.9051349679221069,-7.3313482622861645,0
-0.38852077518300926,1.0617847669583211,-1.0496565144785974,0.3577401433451243,-3.8522364192607856,0
0.19042388992505774,0.8052398579044068,-0.4248141391635677,1.31341827370591,-0.37916872546139957,1
0.44921872128503426,-0.03644732025803771,0.6563521711807299,0.861337881131536,1.5397200647042317,1
-0.5098066931908826,-0.5869709860204633,-1.0635192159912377,-0.5722381266974537,-2.59219796522726,0
0.03444101170584135,0.33196392856655366,0.08644372328012603,-0.3943866828283066,-0.02660908638182219,0
-2.4883273534129895,0.510098731207273,-1.4668549228454741,0.92442502756974,-5.655294373242919,0
-0.6582484123338483,-0.5725860481265272,-0.8320422238062586,-0.04565706380065215,-1.754856242877636,0
0.4535087125544674,0.16633886595065583,-0.02721350943272205,0.09673478378770457,-0.5258493162099507,0
-0.9822940342546795,1.236204978259596,-0.791290431528298,0.6408432503276839,-2.760416505460131,0
0.05898422158959733,2.0699477390696788,-0.5539116488012663,2.5608837810877603,-1.3909960413186382,1
0.4468725008026977,0.8543693203494214,1.3068647659673993,0.4699648875385423,3.607481561045826,1
-0.34254920085776497,1.8627596863802822,0.3592606334064026,2.0614330496497177,-0.46717584542580604,1
0.1704637709965709,-0.6293742112064558,0.08837796151974886,0.1497089663000173,1.1530685227563509,0
-0.9627325652846123,0.701882252059294,-1.4113791559967221,-0.12751679641671565,-3.7515110103716873,0
-0.20661127969604665,1.3385195085812724,-0.4194962160837269,1.792401507565899,-1.8557854966550111,1
0.6102161695892225,-0.8963333329719959,0.46238336354650844,-0.9996243481318962,1.749435671043067,0
0.15697296096843422,-0.48559011204500924,0.3487565268219667,-0.5759167540372968,1.0141705247239765,0
-0.5865312695639355,1.7379047618352501,-0.06671510491337751,1.9950629791016636,-0.653567972705899,1
0.224216404290793,-0.9750988557869399,-0.2940399110885019,-1.3607908714940185,-0.25772927694304537,0
0.714609790636618,-1.3411300326557107,1.2200645733079902,-1.9286396011200322,3.9052299259609438,0
-2.049941278577478,1.5279815736395113,-1.741098472171829,0.6358841876241724,-6.5924918595145,0
1.1590740649558977,1.1967632249804385,0.9051793195525946,1.8126445796900459,3.854855879076719,1
-0.336254738681072,0.4321202439837694,-0.8796106865195772,0.24628415142928758,-2.9475360482378807,1
0.42548993324023027,-0.045710754645827495,0.48360629188651416,0.23925945153285552,1.5924517100241926,1
1.197246923645228,-0.43852450560498196,0.6674526817941858,-0.6810405430458095,3.705837064248491,1
-1.371673697230466,0.28194887380905115,-0.8598332726491628,-0.2989313778784268,-3.071633435390526,0
-0.7094410024275466,1.5798069574015499,-1.2713823884936493,1.9059632623711198,-3.5204064631557834,0
-0.2885486958757048,0.238566126142076,-0.014695599294132833,0.4025474130044871,-0.5117818068356466,1
-0.7837535211244283,2.1669592672469657,-0.8240617035319694,2.048509690253253,-2.139736537441462,1
1.7349365758368085,-0.8979419856402304,1.4546241336492078,-0.7469939539194962,5.46118894318512,0
-0.8567720938267928,-0.01968075432826937,-0.9081878469864382,-0.49992303245027103,-2.5292702569934145,0
-0.5555467794868666,-0.37305866766391554,-0.015555194669765737,0.1572412196137402,-0.9177522201372671,0
0.20438903160297678,-1.0851415431623328,-0.39173967289391814,-0.43894422389509546,-0.4568965117569281,0
-1.2021495260760888,-0.15308373300965544,-1.408227803671997,0.22656855265880488,-5.172039083039932,1
-0.39568071175626385,0.41732930166043963,-0.7715524940998579,0.23133642211360464,-2.7612673344326133,0
0.31745326125017487,0.52423017995203,0.29814469447581754,0.5539035772937346,1.5615340097268084,1
-0.33286040438251097,2.170452178944556,-0.6752008506388381,2.9548704030119377,-0.9882827701305139,1
-0.09338685889994834,0.46446746972355973,-0.9774274800932556,1.1050505785291485,-2.0420789887697364,1
-0.5293321124483711,1.150136803679616,-1.0569008859145523,2.1470713489339786,-2.9908956938822056,1
-1.514470309180767,0.06609424629897591,-0.6955927999117111,-0.324165180357611,-3.1515702748276153,0
0.32159321133923857,1.6780556004525953,0.4449573169823749,1.242949458459029,1.5409869505475071,1
1.7549330716472415,2.3984492855880695,1.8611140985512802,2.465634429379124,5.155466511759831,1
0.01840163078343813,0.5310851309759498,-0.122904564220881,0.7345330096240998,0.2786294899643763,0
0.22526411724754958,-0.9926590154515813,0.19945140519296486,-1.0638035979813627,0.06834685465309809,0
0.6927227551168597,-0.5488050227771684,0.47781679370116964,-0.7436472366948712,1.9888575532712311,1
-1.2693304965466992,0.2819343032051621,-1.0058662310261666,0.9156318946197268,-4.136471414280059,1
1.7025146581296056,0.45649803525064586,1.752919085259292,0.41113198997707595,5.739280869644324,1
0.20232879642280202,0.6984251343843721,-0.3833053086565056,0.09081942542521015,-0.43964864705140483,0
1.631856899089109,0.4601976812300412,1.7587191506412052,-0.08964686223772117,6.412037418663872,1
-0.7330329955239894,0.006984916255938687,-1.9624039571597647,0.13051707882268945,-5.0086968510999785,0
1.8180619225578247,-0.6361984412021284,2.0249915223967174,0.8651278012537151,7.482023308656987,1
0.7751554940347829,0.40113826126422947,0.07047706561652223,-0.08683361060835987,2.0706878113755978,1
0.5530400858523584,1.8549873574806566,0.5050125427673204,1.6975503231441267,2.6020206999429054,1
0.23402445435314795,1.0199286054277548,-0.3632893472449466,2.2223309930607744,-0.40346571936645953,1
-0.24852861807444937,0.534703949636198,-0.24711701830790087,0.2925635847169634,-1.106135898197027,0
1.2005316584738726,1.0295669238227512,1.4896709181119836,1.2572973444584536,4.763290561832425,1
0.14035986984804696,-0.3710640289008525,0.891773412472837,0.5668913323947631,2.5567477159405745,1
-1.9670697035871527,-0.5082651460833204,-2.737748531092892,-0.9840044865352315,-7.893419896647049,0
-1.1171864617070026,-0.7477851043659819,-0.6294499838714351,-0.9024152153767623,-4.232283499491029,0
-0.1858457521927471,-0.12528662276943797,-0.1202693995040113,-0.3674695895867082,-0.36638279031795895,0
0.3099989831655548,-0.42200589670908045,0.08466540675324277,-1.1809535781926763,-0.5496769365086938,0
-0.05658848889989584,1.2082747406521392,0.323339763629834,1.9929577134964525,0.5522626645261592,1
1.2189707897936632,-0.4753234176821889,1.10100836425106,-0.7680255869171217,3.7659710729283016,0
-1.9511018640386248,-0.8027217162249164,-1.5923366058382853,-1.2408445541358624,-6.529785921987318,0
0.1435879365051602,1.9425771788306316,-0.35254692005883725,1.7203602347954208,-0.06508411578478007,1
-1.8179792253871547,-0.4513752310813436,-2.134477741535301,0.01304047149570925,-7.319567367853293,0
0.7597122954841684,0.15352845725035097,1.231512321881468,0.2099752257542914,3.59784076289999,1
-0.09445871444200275,0.4513228247434116,0.6482415473432083,0.05548967202822963,0.6886110970103558,1
0.41960997202411815,-1.1366931189208151,0.4020940224476935,-0.9321181964632889,1.470463948274026,0
-0.8638829605897661,1.2354837695030692,-2.257527423267656,1.6417811183773554,-5.331014080960828,1
1.279464931657751,0.6371190404112276,1.1799402903535237,0.6252367464598491,3.840139634453287,1
1.0417246640588513,1.5583840118807817,1.0579377229700662,1.441003547447952,3.9984306989445364,0
0.5835443030118876,-0.6792219372181003,0.46715761466530187,-0.1712839680269902,1.8378748059528822,0
-0.12951724686344077,0.09912579247616002,0.03865203396932479,0.009533169219439294,-0.09331193333450889,1
0.5798572852951321,0.03935575499419535,0.34140232149647115,0.8434515081392069,1.3773866456996537,1
-0.7068925679873489,0.2638884943500218,-0.28745713764833525,-0.11492894169513412,-1.2485495209233868,0
0.8555556590207121,-1.454614748577161,0.272199022655191,-1.845071481457557,2.163190438560412,0
1.649480894323921,0.11083637869222239,2.2679052480009916,-0.3410620113499505,6.943314419378393,0
1.0706105599791862,-1.4264639114237452,1.8456499719597326,-1.5458871397687366,5.3985549287786885,0
-0.7296024698074095,0.3583340711969214,-1.186132338837563,0.35958610188008067,-3.0951803017756956,0
0.3614173172731029,-2.1286491245185197,-0.09538259552842837,-2.791467079304927,0.6221203932966158,0
-1.2931415437586478,-1.8515868342905866,-1.0877938868698838,-1.8032082003334937,-4.268618426404613,0
0.5723903111756757,0.8185487164399984,-0.021219893695768932,1.1012258100829762,1.398999599923199,1
0.45060341286253885,-0.5468384551947827,0.20430197731137878,-1.2795842325912974,1.5165779832394901,0
-1.869816339532164,-0.9878580736322409,-1.3185528613041568,-1.2484437868226836,-4.386210722506284,0
-1.1617838439123638,1.270845621075548,-0.7929804616738823,1.5545884853600382,-4.11342139975991,1
-0.28313889674376713,0.32762621732841496,0.7069592741010277,-0.2170834156095453,1.3402030227444826,0
-0.30085974714082625,0.8720901955337838,-0.21546767334072237,0.7141009345770523,-0.30618019226763593,1
-1.2094769354188053,-0.16624207232083046,-1.514895936557898,0.3778497121460682,-4.341423720447576,0
0.388978729352184,2.679628693900003,0.4146004851786942,3.577220075463012,1.2863125359450391,1
0.25147360894051224,-0.6045138605597951,0.1761794392361953,-0.3845562549352315,0.04799099297547116,1
-0.1942691319785193,1.7444955493598882,-0.26254768658008704,1.6598689064460812,-0.04667176571087084,1
-0.7557915001583629,-0.061366040099912866,-0.7676933542062294,-0.3120650504177766,-2.9099460138407984,0
1.0487071264165635,-1.654510394912746,0.5828237719934453,-1.1991333455269721,2.590985790620702,0
1.6554071130882952,0.4828487457481086,1.7965159905736168,1.0495519453059434,7.109417048021907,1
-0.4835614838465371,0.3147625614551637,-1.1878931177258325,-0.2634553371036602,-3.7376855613340836,0
-0.6121669171548207,-1.0513218142392298,-0.9705802211088779,-0.5961084062672637,-2.449966837807383,0
0.49120766541199645,-0.9222192771347147,0.43176828384208776,-1.2257424279978253,1.2234542383166476,0
-0.35802937974698634,-0.02469764308499223,-1.4878060360747822,-0.4544755300611137,-3.9005225534470256,0
-0.13939720066323416,0.34974781524798154,0.24509856750922457,0.2729257134727675,0.36492769838578276,1
0.7396531517246714,-2.470663282879401,-0.28692410319908124,-1.9748566615982186,0.8738189206529725,0
-1.9093560875072928,1.0531214525238028,-1.5745622420582037,1.207824114943639,-5.5380582627648,0
1.3183023248526693,-0.4944979738149775,0.6718976798885882,-0.3533321414195691,3.8619854323213128,1
0.07268052432934134,-1.3317474843981763,-0.1297788210224084,-1.1555266573983358,-0.503830655161218,0
-0.4114931445621802,0.9410665514519307,-0.15192782108746555,1.1748955607971114,-1.4928588292692555,0
-0.08923415422144892,-0.023617979418456326,1.0098356055182922,-0.08069358818168881,1.7144980310407965,0
-0.03757064497948127,1.2161657767822542,0.020655343874193433,1.5321101594782471,0.15869404930337955,1
-1.7312013034449254,0.4379522629797555,-2.7225144675446793,0.10811116499223766,-8.144649961412268,0
1.494938227453236,-0.0015145029480460542,1.971785793771123,0.3239893225247183,4.3702095217598025,1
0.041325632270618466,-0.15272994498015613,-0.07463357015889066,0.27576272893683834,-1.0008686041549422,0
0.4430021304473752,0.4827127605561378,0.477955457676787,0.8322810578396274,1.500177558709447,1
0.9515497705740432,-0.4135312588093303,1.2304812855178504,-0.03801684296228108,4.315887653356545,0
-1.0211624575603007,-0.8525725887464995,-2.133851436013158,-0.6201397686314271,-6.251769912326528,0
0.47347189903522846,0.6099091226546439,0.47674032290282636,1.196630580325951,2.0302240668410283,1
-0.26764109089879357,-0.14448784144442942,-0.4724880358751413,-1.2802947334337604,-2.0944895393362466,0
0.8467707752164937,0.033567648069006084,1.4576882282192531,0.4604406268515869,4.3133168799096175,1
-2.1272274203514954,1.0893798361546077,-1.7636705386821239,2.0771085997335454,-6.5867561865547835,0
-0.099094300241269,-0.11387660773574096,-0.9125952616320424,-0.4248243452151701,-1.7394624994526586,0
-0.6028206557839616,0.015033925541790552,0.028492270390562346,-0.3518310036394613,-1.351387180442101,0
0.4322629506341556,-0.5996495114509319,0.6570254947142611,0.04350999503596975,1.1886288864800068,0
0.47004418736820225,0.4307399339818508,-0.3035766113584067,-0.032629735757790324,0.4609390206938959,0
-0.7076258948220262,0.349827912680088,-0.6797493430756396,0.016465756392361752,-3.184016884258423,0
-0.7121738641760437,0.9007751317905579,-0.19476080724811606,0.9857493916394562,-1.8432372580055962,1
-0.11066536855732945,-0.5791288370068761,-0.7176873048440264,-0.9786044420834065,-0.9055313499440614,0
-0.8966422273152082,-0.4578169695901857,-0.2078535593924996,-0.020304718593406212,-1.6757259856494966,0
0.8419836954521269,0.7921373991454693,0.08566930838836406,0.3967363380168795,1.618691155863159,1
-0.36920720044744615,0.2522130033628634,-0.7648207887709384,0.4325296772162037,-1.7710845085947082,0
-2.9069882193216414,-0.9062181261926946,-3.3784236370164873,-0.7639768946944416,-10.822769773909767,0
-0.3748220566218061,1.3065540677345007,0.3136448091725248,2.1384981039387356,0.054414950844202135,1
-1.0385438208439723,-1.6984505684002509,-1.2840518891185708,-1.1157996352523867,-4.576630364751602,0
-1.6312758154609455,0.7842847532637518,-2.2126843167914445,0.5195209825369249,-5.5302534490905,0
-1.2374266382225725,-1.2652120359981966,-1.0148211987655416,-1.8974582392343193,-4.032099711212669,0
0.10940847183297006,1.885788516485527,0.4399989671293296,2.304772937474245,1.2096338974934786,1
1.3286408282482312,-1.5445997269056233,1.6624088756452968,-1.8712951442822865,5.53784857641919,0
0.31318447386498,1.1522506518727484,0.17751489125197517,0.9844122829208728,0.5583312641827833,1
-0.6065033882157399,-0.08163436001124397,-0.479236237697266,-0.6115482050430621,-2.081072039920726,0
0.4559041951707029,-0.366602569838744,0.1307876520560602,-0.02709660444532752,1.6895479556170736,0
-0.45909031021899177,0.1853966564677613,0.37831052874887344,-0.13784990175099268,-0.3015031626367208,0
-0.6946003691631446,0.631900339157813,-0.1224977898341788,0.6143794950064186,-1.0806812105992503,1
-1.1543626682329844,-0.9044005023308694,-0.6128842537126467,-0.9141520352771024,-2.5093855590144076,0
-1.7518288067517191,-0.8157877251685721,-1.3547708394649463,-0.7240074152116164,-5.444356183515667,0
-0.3899237065594453,0.6496048651128858,-0.13005705356194458,0.9804241159727097,-0.8919416326835968,0
0.15805348992013185,-1.7073429536495999,-0.46412775215476215,-1.8287531395967105,-0.21272269591136267,0
-0.09662367001488972,-0.5842290931920854,0.22002694811293447,-0.9549428841353567,0.22644365527005061,0
-0.4159669279473586,3.040686954159441,-0.35883431291569856,2.1109146372817174,-2.3802231526263276,1
-0.9457460606967811,-0.9680129645892809,-0.3140640182213216,-0.9166981499054458,-1.294805454883357,0
0.6082461916849685,1.1478027917597526,1.0119557828761825,1.0693032714507384,2.4485431133284696,1
-1.317131919946585,-0.5859507687138121,-1.0419416848700742,-0.9411871837743082,-3.9518428699503105,0
0.7760279138434754,0.5090451447971439,-0.06608448492160268,0.5403213758734119,0.3729837442549243,1
-1.0022170189267248,0.6543556905962175,-1.04671728723096,1.0823470269036606,-3.852199779496515,1
-0.7524352373530351,1.1289567351829475,-1.0313813673048633,1.6849007776565372,-3.409658538833479,1
-1.466785190615677,-0.20025382681277568,-1.3406022285241401,-0.9678225360249714,-4.794296695827214,0
-0.5014021468856367,1.988884638754853,-0.7091762826069585,1.8084539882471857,-2.6090219202755605,1
0.9753124584779789,-0.5893365645851804,0.8373395704313259,-0.10882395838596676,4.1290651460369086,0
0.5156280884439565,0.23422041359956,0.7451450408973084,1.0322409308610718,2.27599828725866,1
0.9784221120280351,0.24527693221760752,0.762353055243647,-0.1633548943616012,3.4328601880800824,1
0.5221425459339358,-1.1219681199494154,0.582938315720942,-0.4328066553331267,1.9446632459482414,1
-1.1036698285303692,-0.2858722549791206,-1.8633757739675225,-0.9609203960964301,-4.883622245901752,0
-0.33078922432755736,0.16151349923840733,-0.7469899627075867,0.7356557807983799,-3.0404887716364035,1
-0.7801991291174627,-0.4321210431294197,-0.45217734551598243,-0.5729992092320906,-2.4270261351790037,0
1.3305749040390402,2.4409239654565345,0.7154788456908029,3.2223355982784097,3.165922086176354,1
-1.1967886464263116,-0.8386236735995307,-0.573926107624813,-1.0706392817271775,-3.2079779344063195,0
0.8936976893891109,1.1794244681404278,1.3808973670397713,1.0244791047602584,4.361680186934649,1
0.8929538701087693,0.8564598131487865,0.758838902438876,0.7897634985468625,3.150691096473158,1
1.8296202017160872,-0.013862134504271355,3.32898725446732,-0.782387211865718,9.365379070470055,1
-0.40968659262949736,-0.8652090538522467,0.21186519629464928,-1.7464453892315768,-0.21544768542665887,0
0.7123221595801621,-0.7682553203917698,0.23768240622729458,-0.513178223871414,2.7641038828599607,0
2.2816518365388427,-0.5179672992165097,2.6547388633888667,-0.023736125539831177,8.894252203686607,1
-0.6176416769336966,-1.785741281946263,-0.584710143773818,-1.4819525305257115,-3.208486437427001,0
-1.5350402475323597,-1.0034654257992905,-1.9233962929620652,-1.6304532328885522,-5.764296757780638,0
-1.8800100339077637,-1.4824765153636426,-2.414964605490868,-1.2423821428276216,-7.370211651806927,0
0.7127120288613313,1.3458750031777167,1.2101586963055209,0.8507730163258646,4.069057891725182,0
-1.8831502080585838,0.6184623923882185,-2.1821229403706504,0.822288746500051,-6.889772078730791,0
-0.37231905293792283,0.7859740988654604,-0.4232572304564488,1.3516236714666792,-1.8573703489722053,1
0.4373131870389607,0.5888319515419477,-0.023199777074303485,0.7725653782094569,1.0545725031270279,1
0.18517553682991406,0.16696762333416318,-0.1889034318193814,0.9012345744551292,-0.05039058052048284,1
0.42544486418417227,1.460680332129137,0.36198026414843626,1.3856865964527645,1.8852099818129024,1
0.22228985580085406,-0.6107626557317373,0.41638100216292984,-0.7190873163839199,1.9401463114457054,0
1.2788658133133932,0.10666965536704488,-0.015313768462331012,0.14034530425743524,1.826738051709992,1
-0.952316380738797,0.7470588278241231,-0.9438564811554219,0.07573828592475229,-2.878289050298824,0
-0.6769951384585313,-1.321209231856129,-1.0500556447510492,-1.522684769664688,-2.5987772574440644,0
-0.772659445270824,3.096588896142549,-0.07147811854571151,2.9390223112725167,-1.2225704710995058,1
0.8301918118626102,0.028565762777586125,2.3015681348653283,-0.11343420886585417,6.827469102646924,1
0.9003985883950636,0.14198945057559278,0.7207590709182059,0.276135034157299,3.314887703621682,1
0.4512253193185082,1.256878031674922,-0.40988896103808903,0.5167134717632765,-0.43563394881019535,1
1.1834936668899279,0.9149553330102238,1.241932151849211,0.3421483410799734,4.389144479940843,1
-1.1780408673763807,0.03807801939645913,-1.280755532122983,0.6041128177156947,-3.898487913809509,0
1.6672241115511366,0.130129438098042,2.652899436051782,-0.8734946739338627,8.7666797496435,1
1.5232386217122578,-1.504148530947979,2.356533293400029,-1.195962996511557,7.308352814184888,0
0.7356219972457467,-0.5564657778499762,1.168309482544029,-0.7432456182488179,3.584782021027311,0
1.78179890877106,0.5172102161589602,1.4884518681647307,0.5972714569906862,6.281509267722037,1
-1.6566232076777738,0.4438928390428866,-1.317739924587372,1.2229422317098564,-5.230141790097127,0
-0.5244481362626519,1.221165750004087,-0.3919449567284998,1.1555743570714254,-2.06555317037024,0
-0.7353034606819523,-0.12050105822332462,-0.6146418590322569,0.19219294452955993,-1.9803607299733654,0
0.7214793237573432,-1.3872865134308663,-0.05763560052659189,-1.3580030295899086,0.777863655453842,0
-1.0501407396021456,1.056730430775678,-0.5192430703753224,1.0020423458990255,-1.2558127815936546,1
0.7574951493374855,1.436089346182016,0.8113993134931031,1.3195016972618345,2.885526318023314,1
1.3705361439967134,0.8982445728562294,1.3201154702244258,1.2487737471093427,5.050969650342836,1
0.6952029000839993,-0.1636336708574914,0.39512465257958557,-0.5294346039181619,1.518891107179067,0
0.2837510236615011,1.044386051876579,-0.11305722616518765,0.47837445760094743,0.8318122945777389,1
-0.9878733409007492,3.4289104780082136,-0.8292440502612582,3.466147964723757,-3.1537726400890698,1
-0.8468509661253646,0.11515231444047568,-1.7214323670544056,0.2115443162347233,-4.775409377212077,0
1.2496189052966666,-1.311736692245125,1.6443682851216879,-2.223815774944605,5.112903872606486,0
0.7793490039053323,-0.5862850495521519,0.2522962854074896,-0.5915287638574838,1.0279139266923134,1
-0.03901951937754412,0.6254760003040508,-1.0683598624801902,0.01203753969679533,-2.320512314284271,0
-0.41790954576589057,-1.6048043108980627,0.4930381121971198,-1.2913827571741525,0.6322948058910728,0
-2.025807873111377,0.16940307491206952,-2.454851397784166,-0.7324393530362471,-8.721107724954106,0
-1.0708524186844388,0.3803366503158828,-1.4319319994452866,1.3428745652474272,-3.9593081149186893,1
1.9114190871397234,1.535121739812652,2.4786882526437606,1.3660225314947383,7.6903359089330445,1
-1.2804555710024668,1.3101948560543004,-0.3532401207441461,0.8777138818106442,-2.504800230916362,0
0.18947982122108065,0.864584791751771,-0.5770209680806344,0.7230985615676744,-1.9868294025996889,0
1.0074439731951985,-2.1626790105145295,0.5293599430698638,-1.8845435811975837,2.6823793762612165,0
-1.2549226680022925,0.9210531280479252,-1.6962620790825906,1.3662881726653937,-5.796481601297399,0
0.1847104747810833,0.7055133860602464,0.6521113061289104,0.5683577310478279,1.4055591419439868,1
0.937915537510655,0.2559443770783465,1.7574816014754218,-0.4634008303277487,4.1381037379582875,0
0.012499321907250335,-1.7302221261454855,-0.5276269588817891,-2.336370692956576,-1.477445716483749,0
2.8684030556667683,-0.7767739091870604,3.575775724650878,-0.6335800598166877,11.372376875414675,1
-1.6685992588781953,-1.1668227695340663,-2.023116314642546,-0.6731592047788404,-6.685007729296299,0
1.0587285298838789,-2.0150084395070906,1.226789981356665,-1.4562708137150315,4.483937932782976,0
-0.17280173739646437,-0.002915151414794515,-0.8085285871103731,0.08113113629059632,-2.8102953424778825,1
0.7719201548366751,-0.7978221214427799,0.710954948045676,-0.31417233835206854,2.554105480595915,0
0.44130715169924584,2.6253055802689116,0.38575079466288775,3.581480189064912,1.3839210051578181,1
-0.7331561971099966,-0.16877193943790955,-0.8907353502676334,0.42640191693023644,-3.1101085280593512,0
0.22899639245934025,1.2937531558659603,0.42148188311918877,1.754772106568146,0.7298554114118294,1
-1.8579014513982872,-1.5690990246932246,-2.36141688382455,-1.9723776162393667,-6.958597403656633,0
0.6032475005713938,-0.5300895860048698,0.16138585147797296,-0.04877977579086823,2.251499736796196,0
0.29815846599052565,0.09689787603431459,0.5170945384652034,0.32751411497868815,0.6243961804350543,1
0.6386601686431024,-0.9081539486076704,1.3096778341309667,-0.5828311344241012,3.1152534268684318,0
1.0581183250871502,-0.4222006848047443,1.0467114780631888,0.20835245466751146,3.1784201749247454,0
0.3676198402097109,-0.21795090624353872,0.6194552269407971,-0.03867198205944333,1.6495793635141067,1
0.1480894197982762,-0.23390798544489444,0.5271294249469463,-0.285181150775626,1.9043158162034057,0
-0.8810683366612923,1.8551185730353463,-0.4658157423445465,1.3201856692048863,-1.9893987535436517,1
-0.712220763649051,0.37822628543151016,-1.1889831265673703,0.22996812660884772,-3.5232236850772307,1
1.186734620177331,0.4795105629413033,0.7982295050748791,0.5859366965226454,3.3847422212275666,1
1.4363354057059785,0.5396547743450705,1.091298108734211,0.6784644444363347,4.177592999035416,1
-0.23811043631205406,0.6126263773371126,0.7262064641349281,0.7345645266722745,1.4645706887834051,1
0.04600274725327412,-0.08288698387486536,0.30009921683922614,0.3968679460056565,1.0993701188453637,0
-0.9046143749937661,-0.3207463714788462,-0.6729565148012576,0.11193597862971438,-2.407185634436225,0
1.1727568452674448,0.16681605951827747,1.3558747218593141,0.13577193878997887,3.372614067305416,1
0.6654168236917787,1.1568039489134727,0.00502012188202916,0.7331728951854988,1.0147358579298242,1
1.9412174364637491,1.1262381884363837,2.9103126718522683,1.3179171568251695,8.639183648221334,1
-0.8783230771797389,-0.24039847568841113,-0.6387293117862586,0.8827702981193163,-2.099291433054924,0
-0.3780078990182172,0.7678436946681114,-0.01642784269074088,0.9284650823076334,-0.4803142607640473,1
0.23144592252557222,-0.19458466303966782,-0.6513147219323288,-0.3425466392262777,-0.6770912886101023,0
0.6464895377257704,0.033870549435244236,1.0363114639065294,0.3017886256688247,2.7947087113164955,1
-0.21566763754763232,-0.4735233815541974,-0.39377386261144576,-0.1756552521735607,-0.641349992075293,0
-0.8729610904537004,-0.1816451389062335,-1.534352577816819,0.1106801612966545,-3.761239426394785,0
0.8814075289235711,1.3413300695496801,0.4045256959876724,2.0277701670725303,1.31766699661061,1
0.7211353625455816,0.09242114733923629,0.08868825831889848,0.2854676258159715,0.610985050412143,1
-0.9162741005637249,0.1352825085523179,-1.55716619812103,0.7979886262574921,-4.107516698528052,0
1.3554428011054958,-1.4472177792579584,1.3857167112876008,-1.3321007223892032,4.718401476869324,1
1.1701987091966037,-0.30924390763272963,0.9768173148307782,0.44700522612170707,4.223289536771977,1
0.13429649724779288,-0.2413149037447287,0.30133117832848655,0.3620526941250733,0.9250174996224866,0
0.07959786237603639,-0.8291434854434051,0.9175857979100386,-0.3682437796669548,2.3010022463121467,0
0.5540577711159071,0.02166541170356352,0.4893059143022384,0.4162582795850137,1.4360797954105369,1
-0.8617030702562581,-0.4291822902276543,-1.9841477172354716,0.7215765483075547,-5.090953118841892,0
0.03003147916408217,0.07999585524358216,-0.09094762660982611,0.6183046495767983,0.03446791379719849,0
-2.1523835446091804,0.12150300981893442,-1.5556863264102445,-0.30315549249332163,-6.684394969563889,0
0.8764556455029355,-0.9557543578226444,0.8334859092545206,-0.832804082088484,3.482502025151046,0
-1.5614932224418594,-0.3987017824831894,-0.7968278955960084,-0.5310601665968203,-4.883556444763213,0
1.503419828428999,0.07737428276083357,1.7298906249979082,1.1096124411598087,5.818764510936944,0
-0.3301200939664503,1.1842994311567254,-1.249254961165145,1.8100182109544543,-3.6407287330315605,1
-0.2116669819311769,0.2567191727957405,-0.15687585671199766,1.2726946851062833,-1.1424030071982916,1
-0.6277339060845056,-0.6619351799174277,-0.4792332589521412,-1.0419324440348188,-1.4070739328829205,0
-0.2880388739220764,0.3990047592438523,0.25213902671474553,0.9498420985188336,-0.47774267572900325,0
1.4185313451480366,1.7075488893217605,2.328349630953821,1.0252843978037443,6.213426777316139,1
-2.4878086565350794,0.9167064725890186,-2.03394589668073,0.12064030552002725,-7.50944367480873,0
1.2769653860881878,0.5475265304356202,1.4972052847817963,0.34904846419857316,4.354466606684979,1
0.33802348110170816,0.7255901754823215,0.6761176168908813,1.481777744230174,2.3683752188795912,1
-1.2070216478572156,1.4399540414286307,-1.2910250510819992,0.9436465209516747,-4.0702799829354985,1
-1.0753123930492379,1.07562679401766,-1.8067513114529523,1.0672208706060384,-5.615293143663411,0
1.676393027208203,0.5667603811176578,1.6971410703196332,1.1611818152206008,6.3990595225481,1
-0.9455068799427312,1.0686422195900849,-0.7628617162132784,1.4918488001697363,-3.9132683278515383,1
-1.1533505105959596,-1.0816510962640609,-1.755179323551921,0.026442193092368838,-5.004138722264992,0
1.1373145423647297,-1.502265252340281,1.8006253621147006,-1.5005792562353506,4.6841067756536505,0
0.33855287628591424,0.15709865064383013,0.8412583840271298,-0.06371612167150364,1.9286963760503768,0
-0.9379255765363989,0.06868070965053837,-1.6238062841803336,-0.4785598308889502,-4.883855899815779,0
0.216624975404619,-0.5439100535132576,0.8995411197995562,-0.7279100235719576,2.7647183617151008,0
-1.0257526836402773,0.8258526698277096,-1.179909868245201,0.2740531902347576,-4.149088391209765,0
1.1008213984226052,-1.862863586451236,0.7115756158634309,-2.761086226406043,3.0350736304930246,0
1.0613709648731335,-0.5347722560578038,1.6010098112463966,0.44692403461324026,4.5749893330960925,1
0.5320061988219431,-0.48495554487761494,0.5064789924419141,-0.4605021452399187,1.3196472097138225,1
0.3616610612470166,-1.6363017850994594,1.3112537216654516,-0.3405683494848959,2.64984841253171,0
1.7611881248673737,1.4947310072693043,1.3347441029239984,1.0750867889330624,5.46563455691451,1
-0.0003136726117747121,-1.3592012686633232,-0.866142434598102,-1.5736055730153282,-1.7459498549758816,0
-1.1818741254208012,-0.5883400573076859,-1.322093266003872,-0.9760245631862384,-4.035739429869183,0
0.44947391283230687,0.9079797578051338,0.8440851623625433,0.5876017253087517,2.241349472626188,1
2.0860470495371137,0.6460453434287315,1.622475556769342,1.0828472155334534,6.269192249545603,1
-1.0147594931858521,-1.1081746964847465,-1.6798096845857917,-0.8250127133525593,-4.49888213891147,0
-0.36146276669398564,0.6824892092606365,-0.24699906534260857,1.1201939219695174,-1.2222460762287437,0
0.4164460381014525,0.2897844786582218,-0.31539756698230575,0.9609202747341921,-0.7259212760229597,0
-0.05390484900573917,2.3330355621114673,0.0994415008009677,2.886713084195209,0.5417992225384201,1
-0.9823035803773149,0.40394041606830444,-1.1526151059914034,-0.10030445615268901,-4.117256093147542,0
1.1218578562304709,-0.14124182106853178,1.3690911004066575,-0.4031511029030451,4.454412265172413,0
2.3200407220172594,-0.8565019571194227,1.6281263200549585,-0.7957605520836039,6.423056845136852,1
0.1961314590239074,-0.7442433669555713,0.8452130347458593,1.1196733054260224,1.4983723988531323,1
-0.9040682897360006,-0.8257690954681581,-0.9955855322328455,-0.43956902440247053,-4.2966343622404395,0
-1.548960525053475,1.371098813911922,-1.1671991911010635,1.4244432181153168,-4.488256342216583,0
0.2579759812211809,0.017969915016470623,0.7379137118636254,0.35460727588934626,0.16583413897570276,0
1.1038773433162576,0.5652471239747299,0.5251548671332797,0.2636900967693025,3.3552981373220803,0
0.4751677464953816,1.5142475999808869,0.9162965012994198,1.6454603554820393,3.06135266911235,1
-0.002403840918853844,-2.358464142207465,-0.7149372284910166,-1.8811330498024288,-1.8882313193705624,0
-0.5892716517893062,1.278873764700375,-1.2743405231692526,1.2643759224297044,-2.638462068988571,1
-1.0921636327180897,0.05539691178333415,-0.1101640147238725,-0.3228797152402597,-0.8281738820577726,0
0.8347513263248821,0.43504837164044435,1.3906780107231944,0.3961113453005983,3.896824775330623,1
0.9137716213855857,-0.8284032217482512,1.950603709102463,-0.988191526046343,5.477350070542839,0
-1.5457297866907331,-0.7551243984485184,-1.7308368019946885,-1.433688108283967,-5.712133466760534,0
1.5898389781806839,0.4888458898129879,1.6410533102196883,0.20306980971668387,6.423673078383707,1
0.5740712208940013,2.3845978003314694,0.837748594270183,1.6881914071662472,1.8402878476050537,1
1.3995946451457935,1.0033133128149014,1.3934968618488464,0.3849158675668891,4.772700905066204,1
-1.342127748485115,1.2655229214185404,-1.7151957588330673,0.6950506774853055,-4.983884211363465,0
-1.365824155415439,-0.19200127026141986,-1.8138665043554634,0.28472437885151114,-5.269702304236385,0
-0.14896930976729691,-0.6002042245856282,-0.042038193352822134,0.14437830709412225,-0.3289344404673354,0
0.5027844268951942,-0.7808049515789934,-0.03064549393595828,-1.548844790098107,1.3890411889555794,1
1.7963608229269636,-0.488273724696688,1.2489290767435373,0.30181810844055684,5.3091385520329215,1
0.7060789138151315,-2.0527824331705253,0.9028649193924279,-2.6160795196507984,2.9216983011988167,0
-0.24268127681203333,-0.7249193428916019,-0.29026095255484097,-0.3514792959054228,-0.5960223083998928,0
-1.0263692076658921,-0.5603531560598431,-0.5577660723750495,-0.43107387067669045,-2.685533617211868,0
1.23000057271915,-0.17535817439484103,1.017544867677729,0.1425675979615857,3.9052213776921274,1
-0.964705425750715,0.13175010974729182,-1.2553334007384829,-0.4511214166581893,-4.3513709380025,0
1.628468554772322,0.36245086862561093,1.8402452527900577,-0.543727772710442,7.589894834344124,1
-0.2843846496065094,-0.014925372442960091,-0.6903970868834229,-0.41637957750924576,-2.044077586258904,0
1.5905820726178506,-0.581443086342757,1.261518209839508,-0.36800876136242844,5.2735317538399595,1
0.6789312900592783,-1.9633586432655206,0.3697040948695709,-0.9849065555225904,2.7121670495409607,0
-0.13699548944245826,-0.5753086084017933,-0.2418465425902347,-1.090170407244833,-1.3605962512669305,0
-0.5193963718261266,-0.9724506376870051,0.36682189982182467,-1.0218693810111603,0.2601365230258294,0
-0.3409078773460798,0.4660667482786038,-1.0293022898246584,0.09152714902379439,-2.5583850449336327,0
0.4283166923752375,0.9092873966936939,1.076070483433967,0.9006743053055218,3.691981809871576,1
0.07715649621771674,0.9385710670599392,0.4460498743626752,-0.026821613454891757,0.5532289360886906,0
-0.5938114080687051,0.7569527361278201,0.18967801561629127,1.505974403822771,-0.8874884514009274,1
-0.16563141031763223,-0.13352573545248822,1.4027116138435043,-0.1215076963093353,2.5320220284405015,0
0.0785770297191498,-0.5219555654758967,0.7943035401130775,-0.06337273348285422,1.459715429850086,0
-2.128734094414812,-0.7471027536670662,-1.6659006204608815,-0.8632037653516201,-6.754541192497905,0
0.4581681147886987,-1.5074989166017505,-0.19808006102381026,-1.412184878538279,1.3053067115483379,0
-0.9797212247168068,0.9918537005078577,-1.5728323554723282,1.5562899468312312,-4.551725197108444,1
-1.153332403205745,-0.17471103792997442,-0.9732373110231343,-0.10885262638286214,-4.068815943603784,0
-1.6873443471107104,-1.2463402936208738,-2.536382421070493,-1.1624871315631462,-7.798789738155697,0
-1.7938924978678903,-0.8264913757102347,-1.4861728722222807,-1.223461897022984,-5.460738711571305,0
-1.3554475031122892,-0.8669734564325522,-2.422908448492795,-1.134185237272102,-6.71030435928846,0
-0.7090209576304904,0.04302448501512677,-0.13290426484818274,-0.4633833339053409,-1.6179718413501254,0
1.9532591375265682,1.0674678510706859,1.792408981559769,0.6984590568308533,5.70069082372923,1
-0.5258796758952039,-0.34798954959558315,-0.4625812031601094,0.2776250056365005,-1.7392520498881279,0
0.17775010626803134,-2.252533514783649,-0.19643604194220993,-1.34822885978008,-0.16504438716885783,0
0.4004813865063287,-0.1891803351589201,-0.5487818186049574,-0.8128177774736156,-0.8199066680002165,0
0.13106518621584873,-0.15619390009719572,0.7484128258129796,0.04139199242119193,2.333313313982643,0
-0.07744346072599365,-0.22492023093552177,0.5904072367513634,-0.3837659260357438,1.3519382328388425,0
-1.1952937635992447,-0.6274611664757019,-1.3710376462010936,0.07102311688217955,-4.467606755350201,0
1.4509275482792119,0.21743908072584237,1.7818923306462158,0.2848691898148021,5.5598203374462125,1
1.8071966436378852,0.06614111514900174,1.6117509335326834,0.06240326277856755,6.80081114426155,1
-1.6826586941226858,-0.02483031412664712,-1.5384137719895625,-0.3972149702065149,-6.178052005590244,0
-1.0240285908863795,0.412641361442966,-0.6444589914263248,-0.3532486581032413,-3.0732589011514193,0
-0.27981034237700614,-0.42983282314785354,-0.002267880090069452,-0.04936358177310962,-0.6504353160648809,0
-0.9645377949101914,-0.48658566970065326,-0.29405298820551895,-0.3100963823249313,-1.8854323620828455,0
0.5059655534558652,1.3801232895853999,0.7654058913085329,1.5688453598456147,2.620202527988098,1
-0.7282722024066131,0.5593554097154361,-0.7142298938873154,0.25969185838613706,-3.1891554008695104,1
2.1650560678066024,0.8269460609427997,1.7843465838678914,0.7540618381877807,6.4739722571185405,1
1.190548594343596,1.2261045853340684,0.9512959041816357,1.6216400783908602,3.9122368964170224,1
0.2125740306322149,0.5259441806248001,0.6175997289947229,1.0170004954903562,1.2214872007896922,1
1.0269862633197322,0.9283886791361711,0.27607300386267286,0.33915287117690596,1.8917373593734486,0
1.105900424357309,-1.5793451620702603,1.6588040760637073,-1.896019197320959,5.062781139748348,0
-0.5639474880582432,0.20415387199602714,-0.7045193510655099,-0.49078783904004425,-2.7449226745633535,0
-0.8162172445419648,-0.18271846181432752,-1.2255201967459097,-0.08208625551764488,-3.5365605989484163,0
0.07814306296964744,1.6776840908998094,-0.4712190254210862,2.1198532469514237,-0.5189435380197871,1
0.861636124497944,0.9276455318033,1.1988200173221375,0.7882877732785906,3.709287610749106,1
0.13906039865341766,-0.6304451907931798,0.13173972175175858,-0.961873506293037,1.1847619490338337,0
-1.5769964821909972,0.3727941585292059,-0.7826138705760872,0.20514323162656023,-3.5680112084071354,0
-0.8028244439508423,0.1676813334492398,-1.434362269213803,1.3208379909374832,-4.093422070451384,0
-0.07397286359437803,0.4543314331522287,-0.36305467512530953,1.0502954831140028,-0.9977810368079206,0
-0.07566560432583026,-1.0188424693746518,-0.12177618338953694,-0.6533438830098214,0.5203088465350296,0
1.9725421767898081,0.3600164652382253,1.596613804804841,0.5200504130295613,5.821312322915582,1
-1.385987942398998,-0.22815134928823433,-1.3829286103280964,-0.23452208159775856,-4.9809254121126445,0
0.5055892418358746,0.28244976405560046,0.6653396250436341,-0.17086631799208918,1.8841547651530148,1
1.4891131083282896,-0.7243851651221698,1.7313552278931597,-1.2552303772761857,5.895281813161675,0
2.271449745422796,-0.5850631713965992,3.0245333108650265,-0.8690185096532049,10.583819387120794,1
-0.40439742318396127,1.1738420203667024,-1.0561336375747514,0.6969520804656855,-2.5955270549710177,1
0.4914294527201996,-1.051547558340161,0.6603096126878549,-1.3554540393500836,1.8967263747937126,0
0.5697603571986468,-0.9777544010420482,0.24628894740456353,-1.028702214101837,1.4415542169438211,0
0.19548173155329082,-0.05158125721557804,0.41048842156508314,-0.06423205149705714,0.45777013623408025,1
-0.09884520123930605,-0.7718903751859546,0.11682089193721744,-1.082081012878192,-0.008518221794060324,0
0.4359753895000459,-0.8850286322627987,-0.05748430211611977,-0.6374238549426963,1.3910366245803534,0
-2.5322460852196853,0.10507597120829498,-2.9828222565367293,0.010572785134103257,-9.433018641921013,0
0.6820694900626313,-1.5050658569037048,0.9378910217974188,-1.3977165413146146,3.5143699390576133,0
0.12617790366196718,-1.007962234913638,0.13788015903403242,-1.3802574273804251,0.9717003761070118,0
-0.22247489677826537,2.0540955829236434,-0.3322858171440675,2.400531860178647,-1.352683792390693,1
2.046862195719558,0.4594750589690091,2.3758556106070445,0.19205200884321705,8.777998633892166,1
-0.6749340187905523,-0.7465633522699111,-0.3090747808594864,0.05771376609941703,-2.5185748624681557,0
-0.4030759890650308,0.4182150782661971,-0.6678910454158822,0.3057194012206134,-1.7741473801484646,0
1.991553302204734,0.5673304769866295,1.565526733383484,0.5199884462393676,5.088558389689932,1
-0.8320613048498566,0.9944144200902384,-1.4630207932686776,1.2912086632613522,-5.03078735008711,1
-0.5501152829365389,-0.12715602945673044,-0.5333882228357963,0.2787690672707627,-1.4241667946557979,0
-0.14702542343084998,0.9764977027728893,-0.8586055620051324,1.4362945428685547,-2.2834156454245806,1
0.8407344821295493,-2.038446524882173,0.8904487112440663,-1.1506525083751877,3.6644419345502146,0
0.2078025073533134,-1.0563081304757531,0.8162209030655331,-0.7253653687737363,0.8569618444374811,0
-1.2926253471522626,0.16387140173645573,-1.4693552322954047,0.13037815731409805,-4.921902585579374,0
-0.5321685631271895,0.3296335328077915,-0.8002707033972714,0.06481057510688287,-3.0067654806642534,0
-0.6073544332122114,-0.9117822876686418,0.3915679536013611,-0.9786964292684809,-0.2921564013657013,0
-0.07722104522304557,0.2594199912631591,0.6776298643707774,1.001428236477601,2.013602468565758,1
0.4258436586298291,-0.6238402486872604,0.043544723352122006,-1.3173234001984446,1.621756041413442,0
0.4182057558879721,-0.27695909422716564,0.48771234641745964,-0.6864631524567126,1.8591977842917538,0
-1.7760117540484022,1.024773800665011,-1.611672632874361,0.9152804288982299,-6.684672703545258,0
1.063940987560856,0.9089374968885997,1.1657711989239452,0.49277976211522984,3.3241114363020454,1
0.2525688459966235,-0.9970603273632621,1.1599055698530174,-1.2014463197843364,2.7786918897676087,0
1.3845320475939062,-1.057251462020103,1.4281469938036164,-0.15413419284684748,4.530137606733193,1
0.4441983272906719,-0.4111733955533163,0.5628157651061803,-0.5602199153682959,2.120915290279444,1
1.1013229577357622,-0.026746301172925133,1.4456541053089702,0.17907798140854714,5.3812552105632605,0
0.46654531145012695,-0.6578984885747411,1.0615051694739606,-1.4869969135726087,2.331493359111126,0
1.3462257562027482,1.040642442799668,1.8146753533548012,0.4894238081404364,5.20115856113444,1
0.5222506360177785,0.34738984170855525,0.7912930291735982,0.8137316465195558,1.7757444225462256,1
-0.09791524644290406,0.40608510987442903,-0.8772651491398582,1.2400993291468736,-2.028532630836198,0
2.2724347204468818,-1.2665388289449717,2.028365858417669,-1.1558335303007097,7.491497537438104,1
0.8890371222798921,1.1672907173837799,1.2987477258825275,1.0142825876889472,3.941841876675839,1
0.5737444210044131,-2.820168822240691,0.6989437696440659,-2.572088006796286,2.707346814443372,0
-1.276304416538336,0.8340554518493689,-0.86324009962686,-0.4646618062600064,-3.4444510175128142,0
-1.2883076174635377,0.9343117376707711,-0.3447245866279137,1.0488724094297925,-2.6512676752971904,0
0.2927154821418534,-0.43240118727796156,-0.2957661203878088,-0.9554564873317122,-0.13200131332053827,0
0.1455211977682408,1.2729102172474238,0.7144762851705327,1.6699567083594449,1.6899904252319833,1
-0.6141225650083162,-0.06309755295434644,-0.7793042962551318,-1.1592470070448186,-2.5086944514182608,0
0.14098269961205998,0.06243170332744294,0.608657609249426,-0.25175628462719724,1.090231935250776,0
1.5886269280435956,0.33952878740421627,1.568016556359537,0.3190408683502188,4.9174381853523546,1
0.6954024745502987,3.186574911811055,1.7589047439967964,2.805679320333078,4.632051774098851,1
-1.1410085097527383,1.3444339080830043,-1.0759650416218691,1.1566917079889332,-4.113092958924135,0
-0.1115088271429437,0.701131200712918,-0.4317659393209339,1.153348376051172,-0.7682431596361764,0
-0.8049664808525608,-0.912804486601195,-0.5950291694566769,-0.9250524938598239,-2.3615167199932676,0
-0.38769991640856116,0.14358982547949223,-0.2257285260494262,-0.32170057700279525,-1.0255497019339896,0
-0.41361566562964275,-0.8131240938463867,0.15543288142558115,-0.34292406084249094,0.18267911793957636,0
-0.4776455826040052,0.8221108472828129,-0.25361918330154243,0.9476012818183941,-1.9260125760867677,0
-1.2551353719733949,0.14046697573485675,-0.01760305238874338,0.28671071552735516,-1.0332845888769948,0
-0.12765468151819004,-1.1245216796138953,-0.1833567492193265,-1.5707771922279472,-1.6506852863101997,0
-0.5606076368473096,0.08112458341850291,-0.6104176117375467,-1.1926787529125233,-1.3363488310997633,0
-2.929448690002268,-0.8494174697163055,-3.231391715028795,-1.3024830863944916,-10.756537966372852,0
2.052972024501663,0.15121622133754703,2.0958061936787513,-0.3527180676801945,7.009048637951901,1
1.088769654216672,-0.8590773163652565,1.204299214758149,-1.1657257949556175,3.3059347264620786,0
-0.37630072492499606,0.027487633360812797,-0.23569545994705735,-0.39344019963533977,-1.3355868217973217,1
0.018819049740598424,0.7504698619350948,0.05241288748759802,0.8068191164585777,0.051215820660814274,1
-1.1716543473175618,-0.05305199192510611,-1.4765649556812113,0.38738674359774533,-4.613152405561184,0
1.6957228778108653,-0.3908882671723887,1.2548903137696876,0.1471924465040509,5.776163638562875,1
1.8972886947731116,0.20327622105746257,1.7097018323553335,0.6218821502392767,6.302043806477832,1
0.1566937282465246,0.697182620792853,0.7274625583640814,0.24837013288700066,1.8497927215203276,0
1.0235306441853447,-1.1071832698817605,1.7019304869310843,-1.077732873221841,5.114213836297861,1
0.17528677893392386,0.26065615470520265,0.13680451071370636,1.0432390787902288,0.3727703561570395,1
-1.3367254388759306,1.3175408190174,-1.807516922109643,0.5251736525309452,-5.7162254654710045,0
-0.4118233689636573,0.5736569632767152,-0.45241017412205287,1.2477719854892806,-1.5760316268938692,1
0.13192796677195706,0.057754146667227856,1.1777606844069968,-0.4402975215276118,2.8666406235724726,1
-0.4545477187434442,0.6397375066988947,0.04493619891486611,0.7866201504909361,-1.048413555469276,0
-0.218653277435036,0.4524964561026824,0.05671806833123777,0.6588890145871968,-0.46783233561933607,0
-0.09139955750911515,0.753601109159814,0.38994290101716955,0.8485576274445493,0.8209560792930595,1
-0.08087849786546193,-2.0239316109829444,0.6894048078051944,-0.9096951638816551,0.7192501158590772,0
0.05225849049748321,-1.5534561336632653,-0.5241746102760766,-1.7038720838989116,-0.9131363911489997,0
-1.060605066396601,1.004829149483237,-1.2566250007451623,0.18508521202141626,-4.376996382869778,0
-0.7170161491279362,-1.5052791761614406,-0.981376965546344,-1.327055642398018,-2.7856350398185814,0
-1.2845842656999693,0.40153863571920506,-0.9910270671644776,0.3165186433569752,-3.2220190414838448,0
0.9778155496862003,-0.35204965603229166,1.057870995005999,-0.07464905192270549,3.3101517185065545,1
-2.1056469418403245,-0.9961892455959969,-1.7274912964956206,-0.5551416246591305,-6.2346025851016265,0
1.153590343316926,0.34964975714747387,0.9001466683833145,0.3328049212952425,3.6309804444075757,1
1.3863493972628438,0.20103350371657078,2.072325422602422,0.4191887190377198,6.032264665457899,1
-0.3021805869826214,2.1103426520963775,-0.33684744105727227,2.1824616182148926,-1.123649897665937,1
-2.6031370878272986,-0.6248112045358892,-2.255864311848207,0.2711325175014666,-7.76745583531984,0
-0.3613105619672905,1.4401101200691737,0.2363926874941794,1.254829243635341,-0.15509038600884417,0
-0.06418416128881928,0.3524229143843145,0.4933779964586649,0.008887815379383046,1.5450335114106135,1
-1.0105982199289136,-0.6610218815427124,-0.8301840157280154,-0.22065642998709833,-3.2362486109036745,0
-0.5152183938082429,0.7992464575172452,-0.10554494061697023,0.33465654984588694,-1.6901310391712765,0
1.5301951988633513,0.5657385044539512,2.4010255308494948,0.7618174072452242,7.023973671142399,1
0.664927162301741,0.035843294858049234,0.9217277792890889,-0.04895128197652784,2.0956934594585146,1
-0.9245641143780997,0.26629535644062347,-1.2893873154088897,0.21563501416965686,-4.12447684963744,0
-1.597599169595432,-0.5969870310455316,-1.3060738041134894,0.6216652809595531,-5.186605563121693,0
-0.3270173176097708,-0.8257871252545068,-0.345657926619566,-0.20874375279338975,-0.27341400069985733,0
-0.21345677935043805,0.7594421738225829,-1.3874573465526099,1.2702319404822988,-2.290416041672188,1
0.4961991873633163,-0.22393942431327402,0.7271981992148626,0.041345895925212595,2.24139407101223,0
-0.535316712567659,-0.08008299824909249,-0.4769913875598555,-0.4258400589691802,-1.1512796282358557,0
0.5114995753618613,0.27982159594427714,1.0897084611105805,0.4105624393131375,2.7477950402511224,1
1.935154040060229,0.26528834478380814,1.5601072113160757,0.5569504951981432,5.309323506760365,1
0.8155010224442626,-1.4293264709740647,0.0626461912546088,-1.3298337559043802,1.6124571925493987,0
-0.048088507330772585,1.2862520864548588,0.03625192237448214,1.3336272501268394,0.18106244765354906,1
-0.18315047105329468,0.1211821519006783,0.006938222749428458,-0.07754249749402425,-0.7296140400801578,1
-0.35667313417987123,-0.20265326282214938,-0.3097566614870868,-0.06592393798150803,-1.601174329067526,1
1.1806409124521444,0.4308460051697467,1.190995254294846,0.16806032944298338,4.622735259214063,1
-0.6273134459513027,0.23654219361486306,-1.161676923054466,0.5882537833984933,-4.106089016522524,1
0.04522270899998256,0.7670626894897021,-0.02423585948747905,-0.24082291108911624,0.2984528823853117,1
0.05119790188108534,0.5379836721509411,-0.12300501287112225,1.2173554553759123,-0.32645107149420394,1
-0.5017841928115321,0.7178462289962667,0.03457017757218794,0.06201327806232193,-0.4037541307078737,0
-1.372465547884101,1.350993905727516,-1.182802865868794,0.8173663936927374,-3.9301511899183876,0
0.32297450361766855,0.883624548970972,0.18397594274507106,1.0880516417818116,0.4152517335788175,1
-0.06100397185538362,-0.16048622032856263,0.8009384663559992,0.10948469484876855,0.940284734029121,1
0.5002404694365699,-1.1229011560768327,0.3657866313290652,-0.0837621678746483,2.2150771774613562,0
-0.5336003064391669,1.667797933004515,-0.25470694449608533,1.8159401976590779,-1.3384075456626643,1
1.2208212988130478,-0.2377233733471127,1.1373606320184066,-0.25795075634352965,4.269827130282993,1
-0.8767737812118448,-0.4731074133605223,-0.061197523697842815,-0.37745772408911027,-0.9821703674875317,0
1.7120402840178925,-1.7367268177644393,1.7554701719246981,-0.9414829371205503,5.598356756735546,1
-1.7476365098282616,0.33847310531211144,-1.6894293958829247,1.5506731006443013,-5.549332619662069,0
0.43477006455689116,0.14888660395377015,0.36483488517053436,0.05648645449927746,1.7019014701989266,1
0.47543068252662346,-1.5151149362494807,0.5736866455272308,-1.2437287281634246,2.5955307474189535,0
-0.7955570679408823,0.4532740421331758,-0.19578814861692762,0.41607944988541246,-0.8586204094881257,0
0.4243939378610126,-0.49819192070143903,0.8473158602033566,-0.5453250913283718,2.3629408939392658,1
1.2795186697601588,2.6903150072886937,1.2935567603182443,3.6298403192210773,4.8829196135883235,1
-2.2168188393540644,-0.5693611920908682,-1.3661562861257375,-1.032227054022613,-6.035265228963705,0
0.5027448074908146,-0.43519333219779316,0.9392376281620991,-1.6023339366394573,2.705214545359865,0
-2.4932708203300775,-0.8747762242543676,-2.712361379928752,-0.716054044731091,-9.729058578983723,0
-0.965664803523208,1.277876521041972,-1.6558389803901767,1.878379785423009,-4.872422749201514,1
1.6291663649009451,-0.3727757944647531,1.42165946400266,-0.26282748133923767,4.389685874747977,0
-0.581782033392054,-0.7249141537654967,-0.37510764411692765,-0.4738123781614908,-1.6916285697723525,0
-1.1738799644089726,0.7069550099205425,-0.8752797790932592,1.0831517004839892,-2.8513581241241948,1
-0.19793772898468187,-1.3803529354131852,0.48163111266632763,-1.3248973987083823,1.0553202577238212,0
2.067906338163552,0.6251105462489474,1.5206333506040521,0.9032643579731101,6.199250277373434,1
-1.8316822472060261,1.7813997166008577,-2.051259914179431,2.0512056659276876,-6.951065627637348,0
-1.0513099116393445,0.566607832835089,-1.6401312465766011,-0.41269446578465474,-5.127387338116515,0
1.4974316831796264,0.6378983162599251,0.8280320773899036,0.6948317631248209,3.4429566218110383,1
1.8577023435377324,0.8700602169074841,1.5437929705610731,0.08366880042773528,6.283473915493566,1
-0.10343122429028392,1.7097080286755184,0.07987489785672655,1.6906222761218073,-0.7629139993661063,1
-1.2390527025266425,1.209893960019104,-0.8533554850814845,0.962253485599387,-4.344294561009058,0
2.095843501809159,0.4396697222730237,1.6216664484983216,0.9566753494569378,6.8392770561803875,1
1.5944423917491968,0.9038914006360014,1.1898044320555767,1.026097780241,4.875199002592045,1
0.678946987762233,-0.8859349254651108,-0.21096459989948402,-0.6493385024209963,0.618903931245992,0
-0.81240234893742,0.7762935907473222,-0.7052262447989222,0.6805682317661969,-2.5255257209891067,0
-0.04902934083803654,-1.0055559711837476,-0.4150987918234057,-0.4794653398805663,0.10130126149616914,0
-0.16036008104483013,-0.36702241863162666,0.6711556080610936,-1.1656850888929935,1.1297905053927126,0
0.3308513046155777,-3.0825621751432375,0.5357557044403751,-3.530313401203907,1.7144336352032428,0
1.4510014381313359,0.40142965936746206,1.3652785664029483,1.0445832201718634,5.936088307633476,1
0.8794170411374032,-0.6438720111083528,0.558860827365177,-0.8616962606744449,2.4050516201131886,0
-1.0773760769847582,1.1111452152044627,-1.8247111870818729,0.038229212619020014,-4.4023275179952375,0
1.3764964500195378,0.3901926106054028,0.6925605615468223,1.1165132489123455,2.396359747268823,1
0.3131321400131553,1.1240958947016253,0.0020616627270879095,1.6625639303815243,-0.10711854620095584,1
0.6870657958589163,-1.0835965446725375,0.3376143548467639,-0.7281118413671712,1.3718414444369391,0
1.466540859278603,1.0383860371596325,0.9669549378556057,1.0855890406354838,4.4257170581006156,1
-1.1115802495135512,2.105856344363327,-0.923032885792379,2.936229853442675,-2.6264409343783006,1
-0.035825578706462934,0.7641582999318943,0.22130721750096663,1.3934675144631452,0.09346646092693417,1
-0.531454551359215,0.7903490086922889,-0.7607707500100791,1.564277043088294,-1.8295971178574786,0
-1.5678594253654559,0.169597676394935,-0.6002832912327972,0.5173479166185504,-2.433743183296065,0
0.3467099776049199,-0.5246687805653643,-0.5266547056531261,-0.4632708549398234,0.24913589186378915,0
2.5115565515844236,0.7611923727015086,2.540638501070555,0.561609937194109,8.646675129832072,1
-1.8400777445057528,-1.5060829104020683,-1.9493678465497155,-2.140544831635004,-6.224570889512526,0
-0.032280611049470324,-0.4177551249208164,-0.30763105203309865,-0.16673231718764403,-0.49397968067481357,0
0.6405429350747734,-1.7710568023371822,0.29171151206824375,-1.47837813493938,1.214511876895157,0
0.12307820165618115,-0.7036563773150829,0.11959826020000211,-0.8785470432687448,0.6374603803608427,0
-0.1131280525157404,0.6420450918935614,-0.22589196617660484,0.9488856059518782,-0.8583809622597132,1
-1.2992163634458243,0.5053933762204634,-1.495154627002104,0.3393044604208916,-4.876956974587229,0
0.23278674294016363,0.050913695535472876,-0.41657307455452364,0.4846275412089533,-1.1731648901577052,0
-0.7567639770159263,0.1704009940620113,-1.5658198859211758,-0.2706526525093481,-5.148251230818933,0
-2.1899217049785533,-1.8858646178642093,-2.334179942576336,-2.4134203853685605,-8.096510889018397,0
1.1945922205137307,-0.3725622805709149,0.9935441682654655,-0.49285164418023863,3.9380474482873855,1
0.9583858198420424,-0.68135160643521,0.8598673897036285,-0.2669589086840667,2.593381668385143,0
0.0516609768510798,-0.6590596905145408,-0.002649922093674567,-1.2384524228440525,0.3353392482825949,0
0.22907468820570262,0.5995786278137535,-0.03217648273570631,1.1244221373183512,0.3006338231024336,1
1.0743180127155618,-0.8605073265053107,0.968114300806459,-1.681801393697917,3.872831464777903,0
0.2243396567780826,-0.6046808501274109,-0.20242449727366463,-0.7280537879245562,0.40447976829926946,1
0.9040175547613144,-2.0870692457095164,1.665990459342956,-2.7936073092608367,5.359795572307511,0
-0.29748220087385013,-0.2941231803761696,-0.6973522749488344,-1.5990728624677857,-1.5392918207731427,0
1.3119837385739466,-1.0878375477136197,1.1264933838412763,-0.9046116453259928,4.0733302050705555,1
0.3207857259326839,0.07920292868964361,-0.041108668624256384,-0.009702625625913744,0.4933926286966428,1
0.19405194360587402,-0.9511080467424646,-0.1762388264965774,-1.6496575131577091,1.103190728001506,0
-1.270061088712032,0.1045422455492162,-1.2577403053930587,-0.15376468344317362,-3.927839887938068,0
0.2869558543017087,-0.14468576074234318,0.23583874936020272,0.07622685272231375,0.9378793125036781,1
-0.8319549174944512,1.6720417730423207,-1.0616851126820563,1.4879669395477362,-3.4465695046260505,0
-0.6382827265284942,0.4972179804531937,-0.7800207223056499,0.39787742266899445,-2.8165852177223036,0
-0.8153756283161213,-1.839637872562303,-1.1752824038127565,-2.0388661577238283,-4.167227526394868,0
-1.0662349318992252,-1.2648888441027084,-0.865372113036145,-1.5560399098176882,-2.476039938971088,0
2.1247714030169615,0.05520800899233323,3.152367774312318,-0.2424606283792055,9.731142177157603,1
1.3313390619884031,-0.9298479483926507,0.893918423371794,-1.2421966315405184,3.1504183648005304,0
1.9203675021442612,-2.968368430235852,2.1173491140115637,-3.344939868272389,7.052580185887039,0
-1.222895019555564,1.3495463138337433,-1.200420541045209,0.8408990149883421,-3.5999393775767192,0
0.07125374991089249,0.7202240169054077,0.4055686289771874,0.5303678580464932,0.6945478040352637,1
-1.2935076252040958,0.5209768734917716,-0.9451111449560601,0.20101294732776304,-4.237727061132769,0
-0.695694877197064,-0.6073230454709151,-0.5929885285877337,-1.1431723607287618,-2.051134977801323,0
-0.9181269834165748,0.4276767710099296,-0.9380372714741247,0.8106840986884061,-2.9241898264814026,0
1.2395840064415615,-0.7043603242208816,1.0223589066173382,-0.08804233826252383,3.681252372990222,1
-0.39622967810175985,0.20485730021769077,-0.7787098546560776,0.20480591291599085,-2.451533519169037,0
1.0683793336940164,-0.9205832258364774,1.019956503218124,-0.887346731871058,3.872775565534273,1
0.604120889588518,1.5162884505560141,-0.03817352612032221,1.1700064676212154,0.2674116189296937,1
2.303638752104789,-1.5702366540818447,2.0067107570460547,-1.036720975686346,7.199778660737007,1
-1.479444223139724,1.2322838295108312,-0.9260174109034397,2.101374387049001,-4.1313807805645775,1
1.259233239786799,0.038915828017330296,1.3084893503266446,-0.04298108649550058,4.875344586787181,1
1.1464408704007276,-0.4894669953419908,1.5927730798685025,-0.7501902595382517,4.69137092260611,1
-0.9733788380270346,0.16700292169573833,-0.2385568946978226,0.33774055467316105,-1.6555385939415417,0
1.0071333364731596,0.7333480071781809,0.9186186085157511,0.7978135291973755,3.930954724865868,1
0.3361449630262288,1.366746736694397,0.4398078801230496,1.1166689989657523,1.1306141827813068,1
-0.22747625995340778,0.31314302313353215,-0.3783992070297856,0.5487409396497074,0.5134514172530933,0
-0.8239354869719998,-0.8906960852622773,-1.230238367209803,-0.42161728156732864,-2.9865905106671042,0
-0.7191094514491861,0.05563012376578855,-1.1955935811153884,-0.3372790768966013,-3.333624688758301,0
2.049812095785926,1.8167932366623727,2.4713872820841716,3.087810226520175,7.926599446792752,1
0.000682818957482628,1.347678085512624,0.10499645920030665,0.5812070069637101,-0.06664279593419911,1
0.7821300015314592,0.9087634781243586,1.7054315375719855,0.4829181149539082,5.414693083568759,1
-0.7908993816675531,0.7956870201223867,-0.30487337520560764,0.9126710352735683,-1.6908459697490923,1
-0.7798529462216388,0.6994500906065418,-1.1454594409898227,1.8228866497948162,-4.180107950075432,0
1.0819848092499422,1.15875483450987,1.502155899363328,0.8774594886695575,3.7712281464353254,1
-1.3495762115515322,-0.45662878572190524,-1.5021139811026598,-0.9895019420196987,-4.972371449852327,0
-0.41521376790527154,-1.3550860657750061,0.19321608665922907,-1.0804653265606334,-0.16916579363124257,0
0.03402741107223205,0.0690035007370614,-0.20913952754927811,-0.0552937031219741,-0.8257233225820977,0
0.11137260184005242,-0.8175815867776912,-0.4148403782812839,-0.4849537393004754,-1.4198402642280983,0
-0.1790932850161564,-1.0550207553771844,-0.5769708235468611,-1.0904110303273944,-2.404126022644369,0
0.3958197810959234,-0.7202785765879318,0.02348732988846658,-1.1488618476529098,0.2610392958313968,0
0.6928557558178116,2.485313924533686,0.2727298735084795,3.659751909740801,1.403369353271992,1
0.73463754545933,0.1361246340758442,0.44833340765677665,-1.3410706654645155,2.3445087512173743,0
-0.9858038086678267,0.3619078363609881,-0.5574578735052078,1.272027211535874,-2.658788439487258,0
-0.2841550979287972,-1.2223628070042538,0.613867006204295,-0.7557318548872902,1.3334949797711793,0
1.1947628618769377,-1.8437529587926298,0.5296681041001858,-2.2165476045562373,3.154016249021121,0
0.8946471875738723,-0.8190526431188059,1.526403708990447,0.11715740929807672,4.651393229763341,1
-1.372859451481064,1.4381955852087482,-1.6117113094682782,0.752485985586618,-4.793087474008166,0
0.35147990035220167,0.3342754660765211,0.5254211659533187,0.8383309470802833,0.8847149001868679,1
-1.9782252493748103,0.5985950914443922,-2.805298264661459,-0.44272746507916294,-8.846056328787379,0
0.04693490206036963,0.7385660392020614,0.30895241073279756,0.16562694271687384,1.889014438230309,1
1.897767016745977,-0.5913493797982777,0.8951108183379457,-1.1655302926222164,3.683758615973287,0
-0.9478927172689863,1.3879655839733676,-0.7909251811139035,1.012637253758968,-3.152585707163976,0
-0.8343230454915821,-0.6328075992221822,-0.7056950219769137,-0.6270170415328531,-2.4248002809843334,0
0.7640297815728595,1.406232359262553,0.8595335987205933,0.9932441772084741,1.9266433818871367,1
-1.542801515209646,0.44230215613534063,-1.9102565905261104,-0.5759033197135537,-6.511055619711433,0
-0.6327550298850391,-1.7890451542463222,-0.35799169267021724,-1.5573197698959829,-0.6671177685088069,0
0.5964411375817527,-0.748009486600535,0.7919818922901113,-0.7235340251367955,2.5638457347865953,0
-0.6342858476894031,-1.7849385328721046,-0.739262239509963,-1.5804748624230145,-2.717179451396424,0
-0.23596998721097162,1.1632821327942087,0.09995516637662538,1.2492410874271973,-0.04880956688288378,1
0.7441857103150346,-0.02473542080240107,0.6963836370322819,0.4523822201901817,2.2208665094672817,1
0.42154608353656126,-2.22834243994978,0.6859346629909422,-2.2660836165303317,2.860449243631192,0
0.2668183962954019,0.37574688171965837,0.2038787325983568,0.8820071991248133,0.3124715530523015,1
-0.33912227927003896,-0.5371642623883199,-0.23077128371526862,-0.9250125864389339,-1.231622071456929,0
0.3700611152689556,-1.4838058550333229,0.6574225858065867,-1.8431410447027494,1.1238259798259673,0
-0.1237326800997567,1.6779658369686972,-0.3226889669087742,2.365985534667794,-0.978699541327126,1
0.45780560992578506,0.1072858660965787,-0.1591126832013126,0.7851201952102231,0.281200154756381,1
-0.49693202511797824,-0.29343140231331255,-0.35889252234390095,-0.0065603309228961515,-0.8653627504172197,0
-0.18256897437954112,-0.399424780986017,0.41212671492692377,-0.8439787374159209,0.04203438334669485,0
-0.9899577925520139,-1.5132794691577722,-0.8403823060732909,-1.9980956868056505,-2.923887046990312,0
-0.0350076100062359,-1.3045488995841095,0.12406354734195046,-0.6405169184034741,0.23897924433349987,0
-0.8110008636288447,1.2849167848750833,-0.832088916877165,1.921249248664163,-3.8269315652856397,0
-1.114046450161993,-0.4738828697857191,-0.7444871237753927,-0.5056725486207816,-3.5226942725532275,0
0.25866114785538813,0.0220677009368635,0.16569343978641948,1.19301016442179,0.3368476523208509,1
0.21273977585766032,-2.044330476201075,-0.014209614705770562,-1.8148804402280054,1.1322101395796949,0
0.7828737349485725,-1.3180920357955057,1.3355228613860053,-1.8716917228110654,4.118219763020416,0
-0.43112556957509907,0.6098125198747528,-0.6963947287214401,0.471996970040807,-1.9671426250347865,0
0.40805284683675586,0.3777117601138336,0.8527883200626304,0.3804470491165205,0.16996041834639186,1
0.5507975722736633,1.7533751987243156,1.1037653032525179,1.7965745170988723,2.0795922621761327,1
0.44477380783159476,1.3429563316312263,0.7281822738626251,1.9679579405570802,2.4874192754420625,1
-0.8256536828021421,-0.23071097248482308,-1.4502714425884584,-0.7088554288170027,-3.7480020130769605,0
0.1493634822711889,0.472953564713271,0.1629409368824377,-0.1928025848428374,0.17880299510694841,0
0.36414029605466136,-0.31660344290307396,0.26314029752535273,-0.015441601400526306,1.086330144525584,0
0.007178466907941942,2.0548098186386485,-0.24082116075971471,1.8013175641757218,-0.492492878926419,1
-2.0864776583710847,1.1490146960523997,-2.015101864697871,2.360767757785812,-7.0751972561117125,1
0.16048962397348007,0.16968509085775127,0.5450927977222542,0.6412952815955677,1.1449177649417692,0
2.2125310393972426,0.2003947848763514,1.9832547093316433,-0.062303441293768774,7.692990184987002,1
-0.3600392687569827,1.444850287259808,-0.44573060589381985,2.051277156651911,-0.8784652605802308,1
-0.7280770978553212,0.5795778471138472,-0.8486065647713148,0.9447832446553501,-3.26913696632162,0
0.3733485597113982,1.558628017070086,0.955284082483554,1.875476590801725,1.8734046886664892,1
0.3123782104665717,-2.1936479262588735,0.18382790156127846,-2.25476989205312,0.43816600316729876,0
1.1927351654164147,0.4612282614987982,0.5755323365355419,0.671453687318031,2.9645264306410755,1
-1.257868155908888,-0.515434864681385,-2.044585575404145,-1.5669138149777173,-5.798157764381285,0
0.7313802525749924,1.7563779876279924,0.9127450358579773,2.4149226897390177,3.3167854530817635,1
0.5904220612514635,1.5463986871898292,0.2100811913085125,-0.17163250764418203,1.7915064175579167,0
-0.14214653694054596,0.032835809101306665,0.19221571569569323,-0.18822573791165093,0.3524359303994966,0
0.3386873179216896,1.5356309788110316,-0.3269226763318761,0.7377757022140147,-0.031018462705897212,1
1.0294574815983573,1.783114519992506,0.7600013982930534,1.5326889493767444,3.888636772579153,1
0.8723153800284503,0.0744066719261473,0.20703095526837612,0.03734803572009464,1.7250349998399115,1
-1.1430193120737286,2.4719337724318575,-0.925713954299267,1.873537005473752,-3.2709334617833408,0
0.8201581867554845,-0.03134115266972247,1.1445819570678095,-1.4185797739893429,3.679528517577087,0
-0.06468860503251772,-0.2145209503359089,0.10462397378578239,-0.11098808826537988,0.025621835147218858,0
0.07287409801551453,0.8658725885843434,-0.47009406218640687,1.909092479598291,-0.9141708603154939,1
0.0731969910016942,-0.35379073114231385,-0.29968488105363894,-0.5294308145673172,0.1714041079126125,0
-0.1502429887982594,0.08533977579489384,-0.03308599449248241,0.5650052539077939,-0.336651625339594,0
1.191707497107065,1.4094344240509098,0.3478367930448829,2.161626842829353,2.3069002530809786,1
-0.08371795984921201,0.01921885221727033,-0.20428543204316352,-0.9308001100556287,-0.9026756698209148,0
-1.1195461283831687,-1.6950177929753076,-0.361093451715228,-1.9236553687144682,-2.190238383577692,0
-0.39352985596972884,0.36731938784919665,-0.48350763055991625,-0.2708734179952041,-1.8133790608921796,0
0.1786947168104756,-0.6962935790523948,-0.5655776027055002,-1.0994320980414767,-0.6972158857705419,0
1.2292147842970504,0.865271157294546,0.9255101604589828,1.7162770078678604,3.783704367370347,1
0.6030946849488336,0.6961897158262457,0.2877485221100457,0.8080294590383418,1.2664450622995032,0
-0.8505352787470439,1.471400348166522,0.21961911117123667,1.8658121486891093,-1.5343568095616908,0
2.4851899166788916,0.9075323007926969,3.3180294569358395,0.8855827478108041,9.849231633551902,1
0.2647753109779796,1.0902442836580648,0.6302430280287686,0.4849679607902929,1.2217132616315096,1
1.2753907379990148,-0.6690967601377134,1.1038527726283158,-0.3300389115283604,3.6187766715234213,1
-0.15171443357722914,0.8039864958905025,0.4486003969126323,1.4302741816119133,0.8972630554190164,1
0.5333592447054494,1.9684512893602903,-0.0333705748197799,2.127138397444619,1.797885390755547,1
0.8394685045184047,-0.6886499086367672,1.3777561621405343,-0.44408772775679983,3.759220043467213,0
1.218194711754256,1.799738291727098,1.6821814804642778,1.182337598543706,4.999517688821972,1
1.057368305378225,-0.5493500912013305,0.9816954380535846,-0.1959182746267174,3.2571520604313164,1
0.8721970000729778,-0.8519712450499742,1.4417901567483637,-0.17896433358679975,4.620714193921003,0
-0.3150867311941086,0.2962004433548381,-0.5386972959260335,0.4984931804905648,-1.3368462584465397,0
-0.5717460419560616,0.7159104161288095,-1.2042888410051784,-0.18248120680963686,-3.274510456022198,0
0.3326075103241977,0.911750123972265,0.8215900168241583,1.7295648743599057,1.5355355653594729,1
0.9331280723410693,-0.9617624207732018,0.8905066077713397,-1.4341743675950838,2.6968241539304425,0
-0.22272070077660705,0.4345400972542903,0.07816960087272679,0.628433510699246,-0.09009506164039353,1
1.0651719657143865,-0.6855545714835052,1.9756152614940896,-0.20906643720304602,5.660632116771726,1
1.4526167454861794,-1.4889222560705766,1.091489709288031,-0.9491130950450795,4.353849890822466,0
-0.9163209190734197,-0.9287363155327847,-0.9880106714934074,-1.8287647214227074,-3.0180391579667925,0
-0.8369207037962799,-0.7509003659558182,-0.052103451507422904,-0.6922917379193494,-1.9708766435302696,0
-0.1403750589053363,0.5215951603525073,0.19399080652230544,0.5471059657938118,0.32921396326658725,0
0.30761266818919614,1.1522136630686688,-0.04227870391310201,1.8717277569319246,0.5008547555059482,1
-0.524567013767051,-1.4732066298752666,-1.0020758655367903,-1.2438448586699518,-3.2699718610591963,0
1.3522026788671444,0.35196107420805567,1.0881623588154716,1.0760199047305359,3.9021788751304336,1
0.4240668615184512,-1.1766981857709065,0.05485950911701204,-0.9067393858283297,1.0923840483564378,0
0.03944704824073949,0.6290854090140003,0.1581211079855049,0.5920023067333917,-0.19388303574291926,0
-1.4359095238685273,-0.622730581003748,-1.3966922702697275,-0.5258008702346684,-3.71536329138193,0
-1.315815816427507,-1.051329018023279,-1.1761969392898315,-0.28953055947204787,-4.0482368027750475,0
0.2810092502818063,0.7996645153475748,-0.13939715049808488,0.1511985975969503,0.11405116910251181,0
-2.132595626154836,-0.5869226054450949,-2.168012579917464,-0.1339453503848288,-7.66099476625297,0
1.0126374096440718,-0.3159639513526983,-0.015212477334036523,-0.6297719469630918,1.8826319091190098,1
-0.1581538443723203,-2.2199890875563764,-0.08565068569163707,-2.641228629680728,-0.614206903739926,0
3.2430929695947324,0.9465513614234737,3.8308132920726647,1.4582645447315605,12.341107909531898,1
2.30791625061611,0.8209085211691072,1.59554329594302,0.3793648936636102,7.379255105202064,1
-0.18144906924751675,0.005457844281313952,0.06026504607621383,0.19399520274397639,-0.3874230091515649,0
-0.10633700253131496,-1.527580941355759,-0.41184417841159654,-1.7720516524356416,-0.9151531863674681,0
0.9955815140020298,1.209369178334763,1.3968320908487144,0.030900830386526357,3.9069304147269617,1
1.7031726099180378,-0.6662633863607912,1.7824963355241772,-0.42740539630861674,6.249271824669265,1
-1.6380290574360168,-0.45335345010058814,-1.4356770011057964,-0.3901928136221934,-5.038090371145591,0
-1.7863754653546866,2.3120440563595306,-1.7539635159769664,1.3570037991521215,-5.346042475390053,0
-0.6220348055543814,-0.7036364441092297,0.04213109763779499,-1.0529312148786607,-1.3174644580422863,0
0.5827375831738644,0.7422099624265004,0.7564428220214156,-0.16128609592965193,1.6630549166560213,0
0.4968735905075971,0.5620922620826175,0.14416173350637151,0.927937205730824,0.900238550883124,1
1.0697714549838502,0.39017219288008514,1.1191289811443519,1.0841687942351335,3.5343581494214367,1
-1.1996975283653082,0.2820005425545109,-1.384138049848333,0.7067458450776039,-4.575545911521675,0
-2.3161438629688766,0.37638856188919934,-2.234943909709082,0.870953640289245,-7.683109450939085,0
0.8580141953021454,0.27194059094054035,0.648129339118739,0.013025388107133273,3.7157915091024663,0
-0.8281962729652346,-0.05191835877606092,-1.166601640738392,0.22154564677912625,-3.8012403695518575,0
-2.018487864388638,1.5112831241107423,-1.918851758014415,1.506748809039662,-7.970637156388256,0
0.14506374595938162,-1.3126605607992783,0.17295856026765843,-1.2200033027548685,0.44452441472053833,0
0.7931756882186773,1.0214581040153765,1.325153610741601,1.5001738342426378,4.015334586172866,1
-0.12205713212127726,0.8223422986875516,-0.32953507168768376,1.4100860090111698,-1.3269712115874905,0
-0.45784838618248924,0.6983991213294012,-1.4482753099301429,0.5035209265101434,-3.466481972676711,0
-0.15936223214590656,1.1169794276401286,-0.34129763137756297,0.4131570219626042,-0.8528978433015325,1
-0.37058276240078286,-0.09259939526839295,-1.1837981418590713,-0.18630166261482106,-2.7935445553198575,0
-1.3480471119401671,-1.8689740758268762,-1.1402111248918791,-1.9786107184838184,-3.90683194062908,0
-0.7146806769904318,-0.07229265971448583,-1.5516296411648256,0.07000628029259236,-4.216625939983634,0
0.5212799050138145,-0.9911942176245544,0.027094373806763772,-0.5746962583924928,1.1098774333873291,1
0.3216785413765001,-0.731859209858064,0.1405113122390686,-1.6891501926000925,-0.13594013707227115,0
0.16805980596682024,-1.242419673832412,0.9400351083473927,-1.57787644942815,1.6509702797486827,0
-0.9951484818533795,-0.4773448584438344,-1.5315935397108382,-0.9592889531025546,-4.726676967664775,0
-0.18150316213566714,-0.5966236939834492,-0.17530067056237403,0.028823200362446233,-1.1254206543363874,0
-2.1770650464428547,-2.3775698299271024,-1.8870767579642251,-2.481755276603296,-7.036453084536935,0
0.17847666388538974,0.7002219112822892,0.9205069404957384,0.4437801265013953,1.9368572280308596,1
1.4288577078135674,2.220321858004882,1.8177550836742722,2.489472704228171,5.551229734279406,1
-1.4741321320421057,0.6062371934962887,-0.9271786562258731,0.3097340180382773,-3.6236531120684177,0
-0.5859276733177553,-0.20292395653422776,-0.15377414389198468,-0.21052134493265237,-1.1445289021032914,0
0.32910677871012955,-0.05474639567621555,-0.27545470698794,0.8522892043797976,-0.5991041972394654,1
1.252842634427484,-0.42098586801317606,1.4326886865860073,0.4721592939301458,4.44298013247379,1
-0.4482246163001495,0.09004158386695832,-0.02389414021403813,-0.11365057766445116,-0.3435149964086732,0
-0.6922503292658964,-0.037008094073233626,-1.1705004741029064,-0.1281889951530224,-3.2795217639951693,0
-1.9689231424160831,-0.8410484303982945,-2.2588030807780943,-1.1505626807636973,-6.873020792838079,0
0.10343812930810638,1.6828883889478317,-0.29815801825542165,0.7199557514277465,-0.017875720495952874,1
2.042076040143744,-1.4871542357097711,2.4283875331277605,-0.9690595631614121,7.72535566202196,1
0.2773584619646759,0.7183315431942462,0.24271790180010994,1.9290026015301285,1.619227721001313,1
-0.022278979183713316,-0.10119762731753187,-0.18270192635126165,-0.32292234614291837,0.36008534062153497,0
0.32208231076698546,1.9008318150657448,-0.3187526475595084,1.492434951421109,-1.047091607627458,1
-0.01109200394860206,0.3408645992482214,-0.044789130545498275,0.20444120107821812,-0.09032585696793084,1
-0.8130143722601298,-0.35990553718324825,-1.0968085497525042,-0.3173825132689556,-3.6880584031332178,0
0.8232799156777053,-0.24770719843449732,0.9449496983097865,-0.8154722535379374,2.994581370327359,1
0.2257615231117544,0.03990669451976115,-0.345722076210971,-0.18933253597230448,-0.7608772702900835,1
0.017613251933657315,-1.1427906949964008,0.10656638168675762,-0.6353420680273917,-0.2311577998642365,0
-0.97536602727825,-0.7668695251179117,-1.1948414125276603,-0.703179207884276,-3.402145246206571,0
1.3035079319347591,-1.7849439691918576,0.6788594690671858,-1.1497509551273675,2.728950056253126,0
0.6647027453331099,-0.9229768983740939,0.0010607263940365375,-0.7405929719433431,1.045852854157749,0
-0.552920837367302,0.09390648166044979,-1.141431031378649,-0.45055215272600957,-3.7868118636608314,0
1.0018248536819372,0.3001750492845211,0.8986253249616661,0.012168060924641455,3.9346908364137914,1
-0.49757083838520716,-1.9793296949964025,-0.437073121203457,-1.8551236632191617,-1.6054855726263328,0
-0.782003492511037,-0.13721170304420047,-0.6470916763224464,-0.6985063410247543,-2.094542499071568,0
-0.7597031174802871,0.5634099508221323,-0.6059266586160632,-0.062749915633171,-2.2538551028525426,0
-1.7710685530880912,-0.16291219337623528,-2.150330183577691,-0.759012470059098,-7.083885275408274,0
0.47154238041820573,-0.6337886457778004,1.0007438344657935,-0.3758864518708925,2.742986690016415,0
-1.8311448783383502,-0.4121611450482137,-2.0522576413424267,-0.5952811527594827,-6.097565890432494,0
-1.2284438312657626,-0.5407633549772218,-1.0033689512358965,0.05045746056925182,-4.298116979819841,0
-2.0755880090785332,-0.6367305591080572,-2.1576657258254417,-1.0849407505813755,-8.70338793649453,0
-0.08606969279089306,0.17382352524484837,0.1017409230606277,-1.0548766087320758,-0.3190550503208559,0
-0.15032046027187207,2.307688227735451,-0.25748449334432894,2.2423356683338436,-1.344993408932162,1
-0.32669621318636405,-0.7436999169051833,-0.12987877489908084,0.08007759829172689,-0.2657946373282436,0
-1.0425776946705763,-0.3181426326614269,-1.046272129610738,-0.3008579241871239,-3.744275449139682,0
-1.17223375343664,-0.05169793937523165,-0.7653134681112956,-0.7377445609416664,-2.875252024352835,0
0.46436986354657417,-0.6873544343582937,0.05502734194097503,-1.4994927324616667,0.8225552702699771,0
-0.5505519317084877,1.0982358035234265,-1.4354975996537769,1.6971867604851716,-3.692485075957501,1
0.31635832153614474,-2.370885373306439,-0.17032038818090361,-2.7746037590273946,0.2158691826057558,0
-0.8852486861242225,-0.5310591703786759,-0.3507894785052056,0.23983849344958907,-1.2894398432969012,0
0.18106274277108234,0.818313736319962,0.10378333282721254,1.1453604607456038,0.5724245670246894,1
1.3032780373160637,-0.29409430838863376,1.3493091850893448,-0.6788786655909762,5.208120351042835,0
0.5861658003927833,-0.8208389588502913,0.05934749336958978,-0.23727053669447074,1.5205256215369434,0
-0.4124138182164804,0.44075675443876416,-0.37963695564134115,-0.021191822192870358,-1.4595404293153142,0
0.25719897035592737,0.906343235397152,-0.2542073516804208,0.18267467917465297,-0.15958350622798156,0
-0.24066517453021302,0.2106354452150584,-0.6785558120565905,-0.22273725145716433,-1.9070107188251393,1
0.00788018469472816,-0.8012203598128833,-0.1933616567172121,-0.4168520340177738,0.26668557649688973,0
-0.325611052148504,0.4562033191517433,-0.10306242322743112,1.0251868136524114,-1.165072432936618,0
-0.1643352058853914,-0.4020493002747899,0.11158858443586367,-0.6000629317087456,-0.38482150401184684,0
0.21209335307417554,0.7451868818938278,0.5016158020430941,-0.18896877367574483,1.1832496161100121,0
-0.9933586995819507,1.4832588848565909,-1.7874007571041377,0.7048756542925628,-5.638915728656878,0
-1.0158788269899783,-2.6055767556885328,-1.019211077185109,-3.1393995416182143,-3.857887786709705,0
-1.388542553831211,0.11106747319563266,-1.4869334705225792,-0.5359309664294293,-4.488647675668297,0
-1.60027110450371,-1.7357339369476272,-2.366362312544438,-1.603018748915344,-6.807428457757722,0
-1.2172826922204794,2.4417885853297707,-1.2092908088593801,3.4108465076919963,-4.454875753475465,1
0.15946250680412918,-0.46812453379619046,0.03424889808574827,-0.07023624678339663,0.7091060123372863,0
-0.8927875154918841,0.7463732418253723,-0.6370246794329404,0.18225781933000262,-1.5722765977647475,0
0.5136144642310962,-0.035316859594895715,0.5542380023509975,-0.38250474242817334,2.035453647479626,0
0.03471374875256186,-0.8030845807190595,-0.2399465163890647,-1.052729920368463,0.28235732006734643,0
-1.9685042134380537,-0.9220530471774268,-1.505622988209565,-0.7274459636808838,-5.538207888177692,0
0.6549755842216898,1.585679173100759,-0.45564116616587236,2.3713065410267635,-0.0760374402420349,1
0.8107986455917099,0.9559380601783107,0.7786660813769049,0.7222378704528838,2.872179115998434,1
-0.9938626748348534,1.9435840873775632,-1.8754881408308213,2.7129727329116573,-4.978629060426707,1
0.4201915428949916,0.05545333515769916,-0.035905092708068354,1.1074088143688132,0.18599225709029427,1
-0.856498237409199,0.2879196212460003,-0.5940913859045241,0.11296618810163761,-3.777554455594946,0
0.0976703767483354,-0.2671915656552882,-0.539428363472066,-0.455013876185942,-1.3493889432611486,0
-1.2644984069549656,-0.2870822031150092,-1.976357316306933,-0.46739188681056754,-6.92853271727235,0
-1.7931064525345768,-1.0418869324773683,-0.6021339608267646,-1.010641939633425,-4.269654313776023,0
-0.3828171896129687,0.08401019092435126,-1.062461715323051,-0.0950793574665617,-3.5528714881892807,0
-0.12372894627483615,-0.7892465948861971,0.7015315052691505,-0.3471578641915441,1.6575239431635644,0
-0.39767969361460404,0.4419089221642027,-0.4837807759042343,-0.3325067180321883,-2.155379842597232,0
-1.1840305582225594,0.17001021898020968,-1.446445118942047,-0.09730082866784628,-4.396882030741324,0
-0.3998990621311371,0.2876820436757222,-0.11650586683703462,0.45226938021183993,-0.4495592952840383,0
0.269294752580734,1.675129939690226,0.9375917903529837,2.1101721932704818,2.6298800964221605,1
-0.04489303012253698,-0.037717949765591174,-0.6179270011767012,1.0599245820747791,-2.2373616395694933,0
0.1825010305992134,0.7567270028534282,-0.0726238642650518,0.11221438903795766,0.6898260150698129,0
-0.670115200454233,2.0515094640855813,-0.24668033311210685,1.7254882569919534,-1.288364283879827,1
1.1717179147161598,1.3066170692950476,1.31571507092966,0.17341378268137908,4.791139884534776,1
-1.1761733365547806,1.1531696984548447,-0.6252144212340893,0.5982351947784126,-2.099750712698507,0
0.4875602970867186,-0.3066882155205,0.7451162743026083,-1.1911508639875212,2.6187390627886615,0
1.1818910929599615,0.22964305556779677,2.086003097534536,-0.03100564196436753,5.353516519034291,1
0.4809080927488954,-1.3182762920299418,0.5702023921657206,-1.4324590883507573,2.188408643879195,0
-0.20252422706482995,0.49891440096441453,-0.09161865289934902,0.7336415208831955,-1.2388320932854273,1
-0.5282970466629789,0.2744601776138416,-0.36743636065507956,0.12516041245388068,-1.5588011007234785,0
1.036087651046256,0.0233851251561811,0.964843225182977,0.2583536653622581,3.232203527045257,0
-1.422974925261673,1.02719478824286,-0.9989313458612108,1.0842318717898314,-4.127249809434172,0
-0.9701242603796436,-1.2077748224243965,-0.8516036484481306,-1.7244364252994882,-3.9131647733597297,0
-0.3975577654917214,1.6348628511603471,-0.003467760919149465,0.7917259982399082,-1.3004617082599936,1
1.2376537575119981,0.9017646879402839,1.7099036843240782,1.1936056878883168,5.051611797406594,1
0.37976763604089603,-0.07063397965197407,0.5939949768210597,0.7526175128552794,1.6463798540111423,0
-0.9680457585102453,-0.1487295878173936,-0.7171875963931469,1.1189629180236145,-3.099341369992355,0
-0.31030770538490365,0.48061121524859435,-0.8154725991831706,0.9483385658659048,-1.371180507434091,0
-0.6143231440962944,1.5208512320637795,-0.889499938006205,2.249608838035811,-2.4886635299280377,1
-0.7097889922335351,0.10160771869001077,-0.28809726573816935,0.33233757070947834,-1.4427822899469507,1
0.9788895585567791,0.14403090197922622,1.690705149466036,0.29503559477433194,4.658588466086234,1
-1.3717431292635054,0.018118477625871335,-2.3419582420176854,0.07361898952163534,-7.437447097770879,0
1.6087808557343735,1.7820241127014727,1.3248492821086661,1.7291192906910406,5.060809455398406,1
0.8282296901846228,-0.36888310293702387,0.8400399913919478,-0.06534482522245644,3.826059501135803,1
1.090861670603698,-0.029507598619071266,0.6512244395633591,-0.2898061393014331,3.0509311989743417,0
-0.4629395120252583,1.4634356542609945,-0.8741993341160997,1.3897144284673986,-1.8862117226524737,1
-0.14994071907910939,0.14701083361286355,0.08751921781779301,-0.4419723078693308,0.569822800541684,0
-1.4331518145247122,1.1370588600455223,-0.6424638299389954,1.3745221945779766,-3.1548847521910526,0
-0.524662407066803,-0.9112800569029585,-1.5405741852278734,-1.3908288274762093,-3.758004995188933,0
0.4936548476431509,-0.2052925216285141,0.40841677315230274,-0.18842002638840774,1.0634500774144957,1
1.2960630617813962,1.4844340384402286,1.5277032326765903,1.7346795852614187,4.895277487252888,1
-1.1071568168024517,-0.6763397157635455,-0.7170498307023309,-0.3833940000786388,-3.2752825047021377,0
-0.36550593698526584,-0.1512990397697074,-0.20594226545074662,0.23445522913800979,-0.7951456576563184,0
-0.15129922023252232,0.25668523089147866,0.7294020547355353,0.15003946831745077,0.5248219753896947,0
-1.3957892021924851,-0.9891545179929867,-1.3813359055295882,-0.7461226282981429,-5.1250009621737975,0
0.5913492417584003,-0.4138101186218971,1.2473456369544489,-0.6571227501779991,3.583723081604702,1
-0.7239903317426091,0.11263668182564038,-1.0471741669155936,-0.8728001746794712,-3.531391241244769,0
-0.19539035117702397,0.04668173416196121,-0.16639887788259908,0.31183637103274103,-1.0836881594225847,0
-0.4519493719118777,1.2803520208371357,-1.0583069098113032,1.4295960742692067,-3.1902454052306832,0
-0.7893385057196743,1.5414571948322535,-0.3389062854451772,2.0481189462818215,-1.998025019019372,0
-0.0070449854805546995,-0.8560848720009113,-0.0672664168011429,-0.868729228436712,-1.335446105705981,1
-0.21560957856802238,0.11126851916748945,-0.036699047308073385,-0.6903131636912163,-0.7698919687987815,0
-0.37185788227866556,0.6742483084247656,-0.5285421979212024,0.6284329162426543,-1.1384946134219458,0
-0.7284616216803428,1.5163474657991973,-0.4352473708508348,1.9596377481690617,-1.801247884018915,1
0.31952467078295543,0.7184902973171294,0.5182416577108315,0.956507701715343,1.7257896107111064,1
1.653617268492285,0.2909134015923317,1.1562915535066818,0.2175411151449138,3.8791634267948583,1
0.13988723283912738,0.6665425319826307,-0.3284964834523778,-0.1652370819739608,-0.6542616066740023,0
0.996118214911129,0.6737688343362598,0.982233849740453,0.16076035688429846,3.400705495566964,0
-1.3902219251534627,-0.9277142922843684,-1.060434946450134,-0.6890948613586844,-3.9740219757239914,0
0.15776143929376948,0.1927987925062688,1.0892092158506932,-0.6397797835308707,2.9704883495897825,0
-1.0973683189710666,1.4591609941886914,-0.9458728906382021,1.3000385368102738,-3.060435301832898,0
-1.4769249275319014,-0.20735676869400466,-0.9731592262876313,-0.18814567920579367,-4.454393327359579,0
-0.7393714074590362,0.12944664254744423,-1.5457968748411204,0.7044152204674748,-4.481891963149816,0
1.1918993344135727,-0.24251644952602194,2.198377259130564,0.06472882603924876,6.890611514412153,0
0.9500158286696456,-2.313859495606875,1.252858934234242,-1.832453879194893,3.750706320329481,0
0.24300472205439969,0.020590177234679142,0.21820246647500982,0.17151683925098382,0.25961466548809287,0
-1.5327005598899308,0.3017919306528728,-1.6150485836188935,-0.12091356045287338,-5.632713936074205,0
-0.1962806513879368,-0.5124933908809022,-0.749880550317436,-0.8193236248351756,-1.1195021830738678,0
0.30170000890173554,-1.1546369488847281,-0.10894338895834993,-1.6209667685053675,-0.21777235298414804,0
0.1755362295785979,-0.8806064597816493,1.130754045645305,-0.5852160388185466,2.3103725057716593,0
-1.8437935834807457,0.7641876161355642,-2.338295802623752,0.41722650667428535,-7.874037430039913,0
-0.8903178480198718,1.972524773046905,-1.3944517269530443,1.7755246165326635,-3.646183061573061,0
-0.06407776414871663,1.3824333409054328,-0.41518800718650617,1.393678959998857,-0.782565628871254,0
0.5362909095171899,-1.3443460048305518,-0.0627994669634464,-0.523689781539912,1.141777552529133,1
-2.1961278210999464,0.8546273105507028,-2.1884745336771916,1.1831942645223181,-6.8886313582266405,0
-0.16212397547985843,-0.66316237580929,0.3823312808527609,-1.0495890881098446,-0.23457429100290217,0
0.14304876987895235,-0.5822670625087771,-0.16219739325706442,-0.5063432338923306,-0.48939731787546614,0
0.8496119885162131,-0.461975597971284,0.16294984863580242,0.363680282276635,1.3835567216494817,0
0.6928575842374367,0.7060669498554304,0.8387882407447635,1.013656614069901,2.751282037657656,1
0.5825713188088052,0.9592533764490382,0.5546841499688987,0.16012719669950792,2.236174082050535,1
-0.7999405067019342,-0.09803107127978729,-0.29857823166112185,-0.5556507855986695,-2.0427940371504802,0
-1.9080021371233076,-0.0810707410080242,-2.135256286774443,-0.5770384922595844,-7.478486543544598,0
-0.39305275706140097,0.46426374323579306,-0.5231311468747386,1.1846286559157773,-1.1575117132306694,0
1.00163182520856,0.5679945395242418,0.9268666429369257,1.1961351574560697,3.6292297838491705,1
1.3934545275244314,1.1762257067585293,1.4379565828011724,0.8637072178657219,5.1240358475636105,1
0.7105491022977853,-1.284371975509199,0.5142682636189904,-1.6076620854128636,1.0214806989607301,0
0.42934082280173436,0.02002733980403,0.15201876877872994,0.0423732311351718,1.5513870209945892,0
0.3796396483859655,-1.0680243758911776,-0.5455491940549553,-1.0306898528444477,-0.4296543450379683,0
-0.5561187467607805,-0.050942279063403054,-0.8388123513208391,-0.5321052437249018,-2.592792414760916,0
-0.13006029355362003,-0.22617528768076092,0.227551340487256,-0.35074062513003246,-0.14965408019350118,0
1.6690695258263315,-0.04674945390270229,2.0941922855107746,-0.7735510888293069,6.375531666733205,1
-0.9425580057918765,-0.7997428881105317,-1.178114517587527,-0.1635825356550138,-4.215523088641842,0
1.6147787907098514,-1.4872897932074287,2.2645217898007326,-2.3674550496232687,5.9524243282368205,0
-0.3220281544920584,-2.094437526714903,-0.3363801903422358,-2.9801572376612766,-1.564563512877987,0
1.3254321090950785,-0.13118015426484034,0.6565089231871045,0.0863395729911248,2.501647061475238,1
-1.4068150094975382,-0.43100110583293877,-2.2330070377246662,-1.049439224749966,-6.6064702403034765,0
0.5859042011646491,-0.6759376648038271,1.1950331624745123,-0.9264201438710971,2.693542193175039,0
-0.736770135947622,1.3225484628316608,-0.9232719985781589,1.3541348933829689,-2.586732156521952,0
-1.4152671919241875,-0.859438186795311,-2.022299453460477,-0.5217877718618926,-6.999660040733198,0
0.21853404241094568,1.416834082138803,-0.9111040433068218,1.306293023164366,-0.8970345483982554,1
1.0094717885959688,1.623843744269257,0.8116137331583972,2.513429642909154,3.555742597515502,1
-0.8449414385934964,-1.950900466789381,-0.6425660090953157,-1.9511199611193357,-3.085662035889382,0
-1.4990159604584012,0.09238145899896975,-1.8478615324815035,0.687778813128341,-5.991380579527162,0
-0.09184476433495513,-0.3996964908359908,-0.6184673444018909,-0.260418600652744,-1.8018907544037785,0
-0.08743532877718112,-2.9118039447172657,-0.36212321308054485,-1.8461990657136,-0.5660997465730216,0
0.548319627554499,-1.4446412530684143,1.1699156371269268,-0.91545950110632,4.062239127162357,0
0.9495945713644882,0.7749361071084743,0.25310376252689293,0.7966709948447809,2.521131387653928,0
-0.059415181272494094,2.0191992527112643,-0.38026569648375264,2.3336146111650047,-1.1935182258499317,1
1.855503314794263,0.9026781426992485,2.4608821846030584,0.7722702149337826,7.762336648828026,1
0.22423474453529177,0.32363247251297766,0.47132288924716853,0.18818255333541883,2.04012905724872,0
-0.3464265060068996,-0.021332381631087506,-0.2568625991174215,-0.6730377956488801,-0.7712295743760174,0
-1.611567359102828,1.6826629146481138,-1.9357904268109523,1.2785321134145495,-5.783875527331847,1
-0.26265952031616774,2.1482392019576406,-0.24740711306595378,3.1787248945355016,-0.5631892307274436,0
-0.33638694541113623,-0.5868426795241861,-0.6053014796377866,-1.1888583651634759,-1.6770542575804006,0
0.9603047962814704,-1.999986560310291,0.5306117307460949,-2.3277329167021104,2.4669478885401404,0
0.46248362406685406,-2.0981874632712016,-0.07754511358401606,-2.145046801750753,-0.06681674210952782,0
-1.1793691216326172,1.321880992159802,-0.787321323446368,1.291676344783517,-3.7266036793118027,0
0.1722543864110375,-0.047058540774386516,0.14205132030296969,0.1448043690910937,0.09158173011970772,1
0.6715311717290534,0.18324191045871852,0.8287880436304014,-0.051318443598312974,2.4891996578820823,0
1.5280313593878327,-1.7906509929567132,1.6038679522885346,-1.5679628094585445,5.549556954718165,1
0.8875039674140593,-0.7531889127884663,1.107963381318239,-0.18199619221510377,3.493215663441915,0
0.7608466543114778,-0.2954808139007823,0.6334872593185319,0.3378353580899678,2.5161764032635725,1
0.06008599461516361,0.20783838336407062,-0.18074273091212345,0.07408248304565057,0.06076113295514707,0
0.3883120054234496,-0.398592038913759,-0.019328159272111456,-0.09292032446227672,0.336018851862562,1
1.2495049007061587,-1.0373261983013427,0.5425203340026019,-1.610393009371937,3.328296337652359,0
-1.3327773974796497,-0.7845669926025229,-1.893793982791108,-1.145425015238688,-5.217670619723438,0
-0.349439327216956,1.2083232859472328,-0.5321481877670667,0.6214565866019617,-1.3808810835290517,0
-0.7725687487562409,0.24478461960349976,-1.5740884909739798,0.22191227522367435,-4.579293973727489,0
0.3791531187261241,0.6121568069555516,-0.311989833341891,0.18254716877557947,0.4180889554752081,1
1.2302221756507876,-0.8988738108773296,1.7512921219683764,-1.6592205902797268,5.589241562525055,0
-0.5969742867210739,-2.9538234854006244,-0.48488454429417766,-3.1468260966912,-1.5558183730445883,0
-2.390304367469438,-0.5231043068844964,-2.6162227315711983,-1.3873961947749724,-8.050316267370006,0
-0.41222074502447015,-0.8665705544254966,0.72356648442781,-0.20297400260242549,1.1835231930529266,0
0.9134737320174066,0.3490122686280793,0.0893488726608922,0.07025073800644244,2.3360438700927566,0
0.5376299029498797,3.285723713681842,1.0254355411807907,3.7783817505009063,2.783067336672419,1
0.4281862478105761,0.6951660176182558,0.3724532064208681,0.44913227260076993,1.1714714276275955,1
-0.27999330187447974,2.7359601593834886,0.11253020958192617,2.138491246408188,0.37953500096372306,1
-1.2790307362197864,0.5687696953394487,-1.2245538775843827,1.1565316810174082,-4.860526895276391,0
0.5152943216244674,-0.6298862375727151,-0.42082820949816135,-0.5855344460188459,0.8754897585926537,0
-0.8342818100346248,0.3479160781208834,-0.7865515762552105,1.2913707210770315,-2.1735721771389844,1
2.184096733380456,1.7806385994777079,2.351874660700255,1.5473771363611004,8.023701932281174,1
0.570507208354516,1.829562596321239,-0.525485440907691,1.6070974465380226,0.4054267480683804,1
-0.5806483025539507,-0.5753373680430791,0.39137584434699846,-0.07294194693352452,0.24294589898502217,0
-0.6113852473886279,0.25318369569929894,-0.4557814503022418,0.7590600209488214,-2.4736566646460307,0
-0.09294420661358828,-1.4292668796711452,0.2430496634546595,-1.3525516864138194,-0.06146256227877711,0
-0.23950192202174977,0.8246686246914298,-0.8222666168099056,2.492302719595502,-1.8609124852443828,1
1.1168337755299542,1.5533546990558944,1.4621425366027634,1.4130743028957187,4.679307526890029,1
0.18641616974404632,0.03979945411601616,0.7311683995255741,-0.5949321643684926,2.396025350093978,0
-0.7316317389085281,-0.6673840543601282,-0.6048476248396051,-1.1686615746504858,-2.1561141043782652,0
1.8904406851557827,0.36013095127756267,1.8857549058954004,0.2227612065979493,5.97281181524028,1
0.049308331520222654,0.417459031363166,-0.39748573092898554,1.1768465341089915,-0.9936727874407509,1
0.7688396759688971,0.0811438318496202,0.6607362170772342,-0.012028099223719904,2.846263817742215,0
-0.6082265074447593,0.17871512433595294,-0.8642412645743993,0.9617411735190219,-3.5521300874793105,0
0.3631156277445234,-0.17381485046937092,0.6491134464408654,0.043397707219691495,1.137220887652794,1
0.31110999114319526,0.995954928226406,-0.11382797141550605,1.5376395764066642,0.052681620652390515,1
-1.8896492920961532,0.736227445165127,-1.6073239313443746,0.929811758478529,-5.58576416231488,0
2.01527511046064,-0.983103147144149,1.5957823290958117,-0.7934791438331804,6.106103278015429,1
1.2906444609225471,-1.0105906031585945,1.159468183842538,-0.634235302605557,4.485369376803351,1
-0.39719531614598763,-0.254374417026562,-0.0891731176395793,-0.5377286580694347,-0.7717317342422119,0
-1.1022697404558555,0.7368371241051792,-1.4541681004488773,0.4589803518314354,-4.632166855603498,0
0.34756161380355205,0.14805741389081464,0.672829858292353,0.3228309069731119,1.5401088554336926,1
0.08669769941439659,-0.6431504101226553,0.3631947782500807,0.327405327630356,1.276348921278723,0
0.3556689485632294,0.26151859672583017,0.2201936118747576,-0.5088580159076599,0.34675670472314346,1
0.19157739619408962,-0.330810519522272,0.7724689968719843,-1.3454033292422856,1.7154755458301676,0
0.5062409893059261,0.8804864602241314,0.5451331602944832,0.7486145421098249,2.4226924735612188,1
1.4473056993918065,0.3330584350670474,1.9984439626844814,0.8484819753139197,5.785723525720118,1
0.5681032051286461,-0.3152781874521438,1.4648356675672354,-0.28959014461205324,3.0036574678479377,0
-1.0496554989099411,0.23151877204646154,-1.1703060097605968,-0.353146151361061,-4.9735090462795295,0
1.3625628527124518,1.3150480595242016,1.6850403447261502,1.3545948079573955,5.747062271496991,1
1.6406145634882872,-0.5696300765463775,1.3218306008268494,-1.436116682987957,5.471390852780852,0
3.152056734512085,0.40265698164716096,2.635649529757986,0.7171155120842485,9.827269050973126,1
-1.123494033239598,-0.07046034046599581,-1.2212238619328122,-0.22501434869254158,-4.763202951680206,0
0.24288201315027502,0.42698368386209956,-0.43841812672445646,0.3859674340893845,-0.5855617533639503,0
-2.0820987031889877,-0.6545649415957302,-2.5509025930126428,-0.44097220634015905,-7.635906006628268,0
0.5531491563792091,0.11033543315937581,0.8488654560397431,0.2131798918474304,1.89280618850212,0
-0.5482002981667726,1.1078232824168008,-0.8050248058911919,0.8371934955512452,-1.9032628491963652,0
1.9234457948249533,-0.9370069812461074,2.278702838385884,-0.42020056242287185,6.594959865699443,1
-0.7746149700185819,-1.3294051033250818,-0.6249090010098384,-0.930938821005555,-2.9802322870666234,0
-1.6891830379672617,-1.2914555644869643,-0.7636060069577041,-2.1785976605990967,-4.00634806599104,0
-0.47126374070251964,-1.170662530200189,-0.2090950979144967,-1.2857838659364882,-0.6512595400252209,0
-1.9754877712171375,0.5953232878926642,-1.4183787360774804,0.055179891044525586,-5.06416777745411,0
0.7510994545073101,-1.4058596858654655,0.9520417860710833,-2.039888735463177,3.526611013309879,0
-2.0650830462563206,-0.29789534474353074,-1.9093862957172842,-0.030328532987721202,-6.140264703641616,0
0.02845758118315888,0.618289303310708,0.6108241022398164,0.40865866297808773,1.3553648202191733,0
-2.077811819856197,0.41665906054859364,-1.7434130869235644,0.34527323607538857,-6.914337870458435,0
-0.3202978045366419,-0.3855589799624851,-0.21526599805792784,-0.7204014468510154,-0.3189355183588275,0
1.643378155804534,0.19092373175510596,1.7462054887693927,0.3760114581650198,6.6392302210943575,1
0.36064789143579495,0.10714532973756831,0.6297625473510029,0.44631877239708406,2.265908461734493,0
-0.863493604964934,-0.2242409555481863,-1.1991803646948764,0.8608864759399761,-3.3873207949501034,0
-0.031203488939083975,-0.21083471865458023,-0.3881032220084331,-0.301321850903656,-0.12702584900289082,0
0.018016872044446585,2.2354274347569607,0.7307198382309127,1.511218697369205,1.6594505620917182,1
0.47263034584340563,0.8093109039313008,1.4048371777734046,0.5573640587155417,3.508354266407315,0
-1.3668583632808264,2.480650917512143,-1.8312995924859092,2.904180878202971,-5.350125996893646,1
0.5925672738473307,-0.4969631329205013,0.25807005762747853,-0.8832857279856554,1.6437808617267373,0
-2.704391631602775,-0.08496659688814741,-2.1331302218507027,-0.8260303966156377,-7.88020233027153,0
-0.6298845523638104,-1.3321257652766474,-0.3631245557926121,-1.7080346084206823,-1.7370441055175256,0
-0.48827384245154465,-0.8095668020895724,-0.1500597897910836,-1.0762497609642296,-0.5779051861770332,0
0.6333268260712385,1.9019131486625012,1.081627473497767,1.360578374680173,3.5420534188405224,1
0.02263085267686914,-0.5220342898417564,-0.09773522819516867,-0.4132960327835376,-0.05484953936933523,0
-1.4055630538562867,1.9192813001444593,-1.2405780913611935,1.8797701595410994,-4.964651419029676,0
-0.9849931258170151,-1.2433622606798904,-0.8588970504679692,-0.8485096402704919,-2.5749716303659884,0
0.1986800095474069,-1.0534690340732769,-0.23056579057532334,-1.2763989515360714,-0.7679402973337508,0
-0.07906734186455633,-0.3412312210234211,0.0784781297432956,-0.06219883673917037,-0.44049763970226563,0
-0.5791241096357468,-0.06374992167917787,0.03973123843908721,-0.30988531869101066,-0.7052122637617522,0
-0.48083378951197936,0.9230872924501295,-0.6479004089336601,0.3582811115457616,-3.2710012524881256,0
0.696167997159289,0.4507704171862659,0.772452621529756,0.17926084956329952,3.360636905885195,1
-0.5176925728692147,-0.41631525734402774,-0.4143381148637867,-1.2254488518691764,-1.5978689693050165,0
-0.08809124402907328,-0.13331580651810626,-0.23042351924670862,0.7607920134733831,0.17675771677626084,0
2.169936588080543,-0.3190629197847002,2.5083872069277215,-0.2478130458916991,9.173696095756124,1
-1.423682636883923,-0.9146537353257299,-1.7637154525114167,-1.3123571804909613,-5.74037053104707,0
-1.8518427315746586,-0.8879629366016216,-1.1855199722266916,-1.076785017742652,-4.474428514740129,0
0.7835896647986067,1.0278838914334096,1.0966924456147293,-0.19734810018662508,2.8387136748322455,1
-0.6786430612941035,-1.8281649279271395,-1.1470273616305506,-1.1109883153912308,-3.0953707540953914,0
-0.3182375277426204,1.6173586974450544,0.5307673147005062,2.2856327195521713,0.3474835129178713,1
-0.7811563781311142,-0.34299422560223203,-0.6971056475003164,-0.2892232735221837,-2.2177029112988302,1
-0.2598001407675125,-0.7725086063921602,-0.6212738993850384,-0.6127774583604568,-1.1909612563837872,0
1.5985381120963411,0.7397592906972692,2.1508153745919367,0.10592090223443895,6.619483966704562,1
0.8021284586181192,1.4852165841471172,1.0494642183421317,0.8877316365168586,3.5745317941713406,1
0.8622235118869771,1.1176324416039574,-0.023756340230042028,0.2689843670100913,1.7181757388164827,1
-1.4162270557926455,0.5018520493598908,-1.6790572144145723,0.42131800647309536,-5.388544944876638,0
-1.1511537365528692,1.0868634897218359,-1.0116050679420974,1.617381192154802,-2.4804205814400246,0
-2.839078659485427,-1.716497577143866,-3.918861998306756,-1.9081048914950385,-12.164911297894925,0
-0.8093808210827541,-0.5218305414881482,-0.7668457783890571,-0.34798262639933975,-1.9198346492670795,0
0.9567031863856585,-0.9111700600248446,1.0356928727382886,-0.42175311257806153,4.07913615838783,0
0.5169465157483709,1.2246387312151752,-0.07479942543954032,0.41258839222615606,-0.30412679976224843,1
-0.2215132629521239,-0.3834780189238867,-0.08619081982214213,0.5393046937657513,0.2418351698920751,1
-0.02230028371805306,0.8454065567820555,-0.01856836415553629,1.4240667504976892,0.46638534260122155,1
-0.6888855425754058,0.5358569424886379,-1.2845325955179132,0.7928033013688509,-3.545320545512295,1
0.20475888240178416,-0.862306936163681,0.6645391558331968,-0.40025967089564474,1.8206533799728166,0
0.7658782794806148,-0.5869582099762845,1.1848051768645174,-0.10142005833874956,3.764823237143574,1
-1.6158867874104728,1.2938176908147259,-1.7607553308366535,1.440137634109632,-5.257686521087109,0
0.29964768783734813,-0.7754826486844134,0.20035702614143625,-0.061343672238128755,0.6436473169430221,1
0.9324348709546673,0.12486761019547897,1.2955668397523399,-0.10146256411324787,4.782787196443171,1
-0.4151002889633696,-0.782541286326445,-0.5154318605192729,-0.5516356837287458,-2.195543522736712,0
0.7007006121205837,-0.3139521869158607,-0.2647534881394936,0.34686921370916934,-0.35852279218147265,0
2.814654444472553,-0.0461619439699719,3.0581227231725165,-1.3917618219995775,10.634970023937015,0
-0.10434279298689202,-0.7828665102974913,-0.5109724533561462,-0.5638848373104125,-0.5489460005546055,0
0.39330705000532395,-0.9604469539838816,0.1983855227965271,-0.5981444647622043,0.896939930226134,0
-0.7380570836613916,0.2862733367774424,-0.009121799685653631,-0.5679473461647789,-2.2574385444046583,0
0.1812511626020504,-0.8447374087911762,0.11426192559765137,-0.7038273657828844,-0.24506955966124933,0
0.46027162498230384,-0.8106575556986726,0.46113909291924043,-1.207510545878492,1.8308275424444664,0
0.19484234027013805,-0.9390531437019707,0.4496759780019368,-0.7406500029063524,1.1865879903176917,0
-1.0196953197088567,-0.07790804633131841,-0.7670283477718407,-0.12540769453669387,-2.42145944961546,0
0.2063617713254507,0.9437016343998412,-0.253237112363441,0.47053754981469464,-0.16046936957558644,1
1.4621959387176369,1.5065286363122667,1.4320466809504497,2.0613604681129925,4.687093123840209,1
0.4486357645145273,-0.7259180859937786,0.46671202847744087,-0.9351005979885312,1.7609182657840252,1
0.961987189071841,2.150310793331211,1.0980006373862545,2.2852926903420023,4.146788088010644,1
-0.23701197001262772,-1.0047048607067959,-0.09240099955431805,-0.3476810489647467,0.13529726114336638,0
0.7499002394237102,1.0835485233278697,2.043620853812439,0.6252012761362791,5.156587387630882,1
0.2792678382165259,-0.7216964540154426,-0.30866204707709644,-0.7176718300290289,-0.16471023901298362,0
-0.950910729687232,-0.8709232698700103,-0.4608649195882539,-1.11858684239168,-1.9584599678815109,0
0.31852100479887446,-0.7447561567843887,0.910208907715404,-0.8808459790532507,1.9238951555362147,0
-0.9916966634403105,-0.052447699649119134,-0.7453046764785469,1.0255949043041095,-2.609767643866734,0
-0.6328802748847919,0.5799721710336103,-0.9580379723213294,0.8083601130687501,-2.981416697635103,0
0.18932830729237413,0.669868037904822,1.0216623224261874,0.826664376215925,2.2895292536278156,1
0.29724427338012405,-0.9439850153478883,-0.798747158989975,-0.6819413483821581,-1.1502897052806076,0
-1.189232465077129,-0.9896592875112686,-1.5308658136860422,-0.7745294737200357,-4.780785378474285,0
1.0539857711828762,-0.9166386933635471,1.6398268697942817,-1.8295454628561383,5.817524336413311,0
0.5720062783004729,-0.11135440238551125,0.38695047658921394,1.0370260078755924,1.397419532833766,1
-0.7047284356108838,-0.21015560419087462,0.09350382678920899,-0.942340366760197,-1.0788319821570616,0
-1.5375847964491753,-0.950175462069795,-2.2934871687883756,-0.08387832905665416,-6.169982737176582,0
-0.1449045790814313,0.26960369406324414,-0.7009555260554353,0.5786113765743699,-1.3969224980856343,0
-0.44594371386116016,2.262568808335318,-0.7117627989246476,2.352958317402554,-1.7086633136080858,1
0.11314045705302281,-0.5047154618351514,0.3218400958212872,-0.6574579498734723,0.29826562143130375,0
-0.3631166611555665,-0.43351182120353343,-0.474126736345578,0.8690684543431155,-1.369711375017406,1
-2.00745686074501,0.5596615703243687,-2.2526564870262202,0.8619063504115818,-7.1113103918543805,0
-0.3883469383011582,-0.5588162917367949,0.3218512772481038,-0.5499722592775953,-0.27600266774034377,0
-0.30561911106831274,0.6689644817181823,0.45110337662626265,0.40133312946301236,0.7580245173697504,0
0.6336610247740587,-0.7185427067790403,0.42647114192028096,-1.0461168411525832,1.7012350611067473,0
-0.6981996746110497,1.8321196075773012,-1.553083578275881,1.8574250311634084,-4.476177064233711,1
1.6786746733725662,0.3447749725922945,0.5999327587788763,-0.12052654323832712,4.224473249068596,1
-1.911640550651757,-0.6200229490767115,-1.791995493261579,-0.28019742510433854,-5.882495248757547,0
1.3111674978026244,-0.588691699469274,1.6391453089120231,-0.9115128830874426,5.30940630898333,0
-0.2243189708781048,-0.5137997527080349,-0.1928200780888319,-0.011321995485122804,-0.49676641486037887,1
0.8595848723435562,1.3727496662488734,0.824130818803177,1.8640433569045167,3.599933484372735,1
0.0798014840587331,-1.2687510076012833,-0.32246982328830814,-1.2964688471633794,-0.7229809496875751,0
1.1395555360254692,-0.6679416704595046,1.4670454329823883,-0.37779055553201607,4.817714953679647,0
-0.38736196455281124,-0.5616605569254259,0.4517307248966438,-0.24647860216202694,0.12924677636537485,0
-1.0986204251778122,-0.015687966756937923,-2.20705926384559,-0.7468537713293382,-6.571278164912505,0
1.4205042872710631,-0.27110969264679396,1.3817536928772054,0.5947368016800181,4.696939915519008,1
-0.1134806458821414,-1.4912278313904628,-0.5986548205889416,-1.6190996885340398,-1.9300023877683334,0
0.22155847362421105,-0.3998226835954676,-0.5236745234027147,-0.052035926887617434,-0.5022333420231772,0
1.2347519140447951,-0.09955068318496844,0.6697639786525871,0.2622610723414435,2.805565705841137,1
-1.031955242094435,-0.6280978350797833,-0.8421188142522326,-1.8728663808474875,-3.9306973581424502,0
0.5954908976392573,0.6867754890476648,0.7979719964348403,0.3583108916729301,2.8605337621913893,1
-0.5898947564628909,0.9194084287536471,0.14024912412450907,1.3395928389666751,-0.2655074513985971,0
-0.13216935564437185,-0.0783866997293929,-0.1277785820716412,-0.04726047001179138,-0.6189436973587917,0
0.07227896538428889,0.2305415868507293,-0.8068318495505004,0.5750262550197642,-1.1536443953543796,0
-1.500221861446936,-2.161055997349271,-1.619306632634922,-2.114872716626679,-5.891994027596434,0
-0.7788370428204348,-0.4211027721618318,-1.4720265789283267,0.19358812473974074,-4.298466940547878,0
1.3510728924131392,1.0048216917579127,0.7476749492021367,1.061838635980118,3.7256243090929777,1
0.8861911885847956,-0.42343658317927757,1.1764707177880434,0.28860796521096066,4.199129129146634,1
-0.06263957732723487,-0.7372616763919608,0.0344508754699752,-1.227275964997983,-0.21627729365576914,0
0.24312345851289308,2.2776889260309305,0.5369062562305585,2.213868891291458,1.140542815763172,1
-0.29424250563645765,1.8190771901958052,-0.4729889292723217,1.522377405904786,-0.8960880976882242,1
1.356583385827982,0.4675749124821571,1.75184816754066,0.6618929445132897,5.844914622730462,1
-0.20035257779416388,1.1389106114800476,-0.4070540269392195,0.9995766390387593,-1.0402751704912885,1
0.23184209213484805,-2.2259354179580777,0.7901835085059716,-2.340692511504896,2.5186895793258626,0
1.146030144142065,-0.7875514406287065,1.3183496138778363,-1.13993462225383,5.329247201207805,0
-0.7773714848459066,-0.46995787317315146,-0.8808699200882153,-0.7003256316374233,-2.744838678181139,0
1.558789184496894,-0.23598009886694632,1.6648357065849424,-0.241118630825285,5.372919306482394,0
-1.5304614097433769,-0.4899440209739628,-1.5393917602308358,-1.500616596565549,-5.125821081807973,0
1.6296421311127987,-2.5500262915163465,2.4276953887692603,-3.700908219531935,6.889887030931319,0
-0.3726755839519746,0.3860246187085598,-0.24995677266258004,0.41559758986230116,-0.43784553816347327,0
-0.24269874782528175,0.5436541282806068,-0.243505084022536,-0.840934154336164,-1.2018830066977033,0
-1.890010171182943,1.6018987915899814,-2.0092555997083426,1.5053276531859459,-6.9500966691428205,0
-0.4547947173776929,-0.7883092647749634,-0.03320260775518741,-0.9768911453705704,-1.1674355074486078,0
-1.0398065310268843,-0.8701631577799022,-0.6858498615001318,-0.5991442228494656,-2.8403228866551573,0
-0.6076463453734726,-2.679984485964469,-0.7445671605297867,-3.0159936754904333,-2.2918766951522715,0
-0.1373109657888796,-0.29356683659088617,-0.715131723100284,0.49119054805509693,-1.2649069177670678,1
0.9577916144729056,0.9011117810621716,0.5068075452837288,1.3251932176773886,2.510123606257314,1
0.20760335140062577,-0.6117678621927194,0.11552208162952773,-1.3679148780184764,0.5655827142065091,0
0.30767665340111383,2.143444818543648,0.9821404064606554,2.0012716398064767,2.138855748825789,1
-1.0955193888455623,-0.2565948357895235,-1.2206077034690193,0.5069977363024141,-4.22766814491974,0
-0.88075408960273,0.14699228428855557,-1.1778158945855122,-0.20182366841121144,-4.373219414068422,0
1.7987250183513115,-1.3631030805815936,0.9183653617269883,-1.3895492430942993,5.231668704990599,1
-0.7352010347632466,0.28722034517527945,0.021569683037901632,0.9892841331026678,-1.1068130972992807,1
1.6562082520572956,-1.9793197948526953,1.9407223250480257,-2.249617602884084,7.18610524398373,0
-0.2430611988808665,0.6936979550131448,0.15494378612206236,1.255187925054591,-0.11521874981587629,0
0.0022879361435040493,0.7244281762354121,0.4831319621081914,0.26942837492860255,0.01863366914646225,0
1.0703651602299298,1.3592914243365102,0.9880000458504482,-0.08451550073654945,3.356350870842055,1
1.2718924219386565,-1.0199687187676887,1.3141877388124241,-0.4057040605473753,4.5349109950299225,1
-0.11081256027908741,0.16056211829741926,0.6334884106969098,0.3799296383261571,1.1334331618354867,0
-0.3882430535215386,0.5638165593865041,-0.2984526088619701,0.8160986970537369,-0.8408511846247572,1
-0.05592044852221312,0.44228163833031,0.23784219650978405,-0.10419975732232722,0.4787439624642838,1
0.3379575282321183,-0.8652992751348516,0.7732328868323739,-1.3719755833832834,1.8849039342866856,0
0.8913036868697555,-2.39198188955614,1.2127693530810773,-1.8167636296880703,3.304999385290769,0
0.004229858994151577,0.34696029688448116,-0.05985472613909531,0.46856395058661265,-0.3165488434179794,1
0.6188862980231536,-0.15249967830991934,0.6019443766161938,-0.21122770697879928,2.4344811220714857,1
1.638359732270941,-0.56667059296144,2.027179951258912,-0.4562072619043577,6.941105855475099,1
0.38130961226478466,0.7639453637154662,0.7693110422321479,1.5181981287216164,1.7736579959245493,1
0.3116528560047783,-0.044919538154433135,0.8957691555145092,0.31692457537185176,2.7625158231425684,0
-1.5189108250900678,-1.3191950527677994,-1.2433623334351485,-1.5565176514603785,-4.4805588675940085,0
-2.6307301368290634,-1.9314522890962216,-2.332427330033036,-2.6331962196562477,-9.054491965915595,0
0.38837572923016833,-1.1289632651331654,0.16525904583794498,-0.8349363842192727,1.0364342107994342,0
-0.09482423128087224,2.3930122947667867,-0.38539898681682294,1.9310282894496722,-0.7281507890585508,1
-0.514782674914742,0.722776773932773,-0.12446733773899471,0.13158830512339015,-1.5533300884566836,0
0.24353020418634463,0.18861234197501178,-0.04356232982184288,0.8464869354120456,-0.4011481670595109,1
-0.06040372919690829,-0.18166092718580473,-0.07075423075533929,0.2545419461932686,0.00479546739587719,0
1.1277802506338985,-0.24739293994743575,1.817291871119544,-0.054549976607186884,5.09911612421744,1
0.0861108682589779,1.1671959833590948,0.6963960144315224,0.5479974528904701,2.278009186518331,1
-0.7469232850701676,-0.4905957419034316,-0.5960288696715758,0.40403728848010956,-1.451909527780741,0
0.990166238959289,0.5769204106842927,0.8420964490424339,1.0913545680422174,3.4054369010745673,1
-0.21713107494620248,-0.34842795029159407,-0.2788205301179548,-0.5003207508227911,-0.40746761926965414,0
0.5265366836723071,1.9401566318350625,0.9603667542001144,1.6825166027546297,2.1986118106270216,1
-0.47741070619280046,0.7422885075783037,-0.4956603449158833,0.7815333782327709,-2.373385092150265,1
-0.6498268854974364,1.2455568146836256,-0.9289680820025684,1.0063474814143,-2.9033836482809408,0
0.08416823018569615,-0.5844097746882387,0.6920556083896832,0.5215172037043153,0.867083267928401,1
0.012828643543685113,1.0581361125674218,0.1036287131083257,0.8653719252149894,0.3803192459135635,1
0.4798270353668327,-0.31257742539469074,0.19119912487095952,-0.846518861164804,0.710300617469455,0
-0.26864575330974255,0.11003482393284925,-0.02917565884342707,0.9042427530993882,-0.36609204415317453,0
-1.8363597837703973,1.6350476706194583,-1.3507505771741433,1.350516753975905,-5.542591789080048,0
-0.4327738835883887,-1.0427750567564191,-0.936610415982269,-0.6495600026980547,-2.203705471250305,0
0.7938184671438159,0.20324773130540036,0.6935915104673486,0.5409415343484356,2.741080111848134,1
-0.29737607924310644,0.43800525851872685,-0.42071776303731256,0.4087242332461998,-1.4894612154899933,1
-0.24638340251454802,0.5200043808008099,-0.02023981962280974,0.033505998539461845,-1.094247575566693,0
0.9863765059059371,-0.4507844930934654,1.3023806673358662,-0.47487595658266063,4.165581387460196,1
-0.7119732272589228,2.0862641008080813,-0.9877101828986655,1.501333547641972,-3.9146184771191628,1
-1.5428032182428997,-1.2949318853402603,-2.2891788061959124,-1.306790766608712,-6.269508984338237,0
-0.16063111952549436,1.4588853886324693,0.355268257774206,1.8452761218622982,0.7340568764122555,1
-0.484173951248737,1.2150656055916387,-1.0441465865373434,2.0739556386876377,-2.393166813804305,1
-0.966246319753254,1.9008887896036848,-0.8306542172313154,1.3569642316315407,-3.59541993074736,1
-0.17537845589869083,-1.5882270987078202,-0.24136890526403215,-1.713456400705784,-0.5677649418878363,0
0.49150564724678397,-0.8688314878897103,0.5727275998488218,-1.1312370300023507,1.549412267676378,0
-0.009288561567815747,1.4919430591616407,0.8163284242856133,1.6288127479153849,1.6932588628107839,1
0.30698107268623775,-1.877039154630309,1.8261218794971517,-2.637943342785719,3.6134973031479856,0
1.813407698515423,-1.6064589010404138,0.9966889928161188,-2.070790239602897,4.671768603081836,0
-0.3428788615575641,-0.4883077867114918,0.1490742161088977,-1.3343160657458095,-0.9054351102751472,0
0.2783486346446696,0.19199378862226754,0.20022474830584655,-0.5271584817102845,0.7379571534082195,0
-0.5092133625991345,1.5922250736487749,0.014713894257141646,1.2620061766927322,-1.556583121894572,0
-0.8463597198869729,-0.18526591493035816,-0.36772818179739114,0.6501753914825856,-1.131439088959933,0
-0.5849076534177698,-0.6082391480645393,0.1199647501813117,-0.4344389095982227,-0.5572294862295567,0
-0.4787585715216887,0.31138993769642714,-0.3362761139403401,0.34388787449633035,-1.3878499770933894,0
0.35947579754712566,0.46959648329440085,-0.08531244493038626,1.143039485308643,0.706617334184548,1
2.3490757867007575,0.4412398221702712,2.8129005310555675,0.6330387627619807,8.49976133180115,1
-0.7160434362758403,-0.17798620795134507,-0.6570446482038081,0.06080184774715863,-2.7785299342713663,0
-0.4166253056154625,-1.9550861139181497,-0.5335469131825288,-2.19159834650805,-1.4265018773144664,0
-0.06312301311124825,-0.9176159891063321,-0.30123495346372925,-1.236280166910873,-0.6164270941410309,0
0.3957988487097468,1.4202710852674623,0.8989666332623114,0.7647076104017527,2.031806499401874,1
0.2635508119547848,0.18706893797659985,1.0652355579584734,-0.11347584504409608,2.849820188754758,0
1.2840957939481175,-0.32252211910705675,0.6864195145983003,-0.462783826156583,3.4503483637074095,1
-2.4263920705352087,1.1181685483739747,-2.1154159492957434,1.290528022132435,-7.617641368044739,0
-2.3869298701956727,-1.1301166323689484,-2.5731234629069952,-1.1484958398913,-8.531772490982508,0
-0.4958781720101493,-0.2253481337130077,-1.2295143711062062,-0.4078828666468519,-3.543547500152886,0
1.0973001875437087,0.13775840517403723,1.1711530979252127,-0.3180799707743375,3.9503326587553045,0
-1.5656480316055963,-0.44137750329462916,-1.9822169217003767,-0.24181409931702394,-7.241433986113954,0
-3.007632339693757,0.10076282290159877,-3.796508953593856,-0.1481202206153216,-12.35988251856368,0
0.5711794062192087,-0.18769393142176521,0.18030917010694147,-0.010795677425770672,1.0947158008902311,1
0.24365722370271442,-1.399343047785875,-0.2702297352542124,-2.3559791025826433,0.13840308170594662,0
-1.0902084067994298,0.18147788187905595,-1.4135518333311254,0.34968846336400305,-4.206340825346108,0
-0.9855396007209299,-1.3283517915128675,-1.6484816391977746,-0.9548983401147482,-5.1513135799587175,0
-0.9697437196346744,0.16561512509672222,-1.1673137739477815,0.4753805547785962,-4.176346096764534,0
0.11053531747394013,1.3741358241501094,-0.24608924656804615,1.275775611474762,0.32711163249381914,1
-0.626315276183007,-0.2810231972760544,-0.43850833761017827,0.17663596043613417,-1.9634437892328338,0
0.49406391897551966,-1.1714831299709862,0.7908334121746774,-1.8079625714489098,2.379887662388637,0
-2.854626662904391,-0.12698781320498045,-2.72455237451517,-0.17159084580824557,-9.338420423374622,0
-0.8568518651277994,-0.8319711080785314,-0.9745740940645539,-0.9286690086588809,-3.2741768198402976,0
-1.1260539609110505,0.5945090026314696,-1.2572677587572076,1.112708847152013,-4.279446419965253,0
-0.2563406783724922,-0.14798874752285357,-0.6748781720781749,-1.1582353327851276,-1.8919333029365342,1
-0.5380477584901385,1.7097632516645733,-0.944545088195107,1.1806983927009234,-2.9506983138662863,1
0.7978437798957666,1.1629895956773382,1.1496457139351346,2.036614999992596,3.567508361299591,1
-1.8593367716600575,-0.15308050448140273,-2.7391880709852896,-1.368363566403884,-9.178613129464239,0
0.045491476330752,0.7156090679730908,0.005129007174280838,1.1228210538168408,-0.10206300418946292,0
0.5583364232117055,-0.3932364091628454,0.39657189243110513,-0.7433999906764164,1.9007738611082612,0
1.8566474365619547,0.03395688516516826,2.156213487249401,0.16130818698821817,7.309237624024337,1
-0.4817659710934752,-0.36143419635031226,-1.1942719628046505,0.34545700557936454,-2.4056605500866852,1
0.32445860435251705,0.7664559598497087,0.3306989570954868,0.9130593953891238,1.5667945752241752,0
-1.803862792562365,1.432988276709578,-1.6323706218828116,2.150254965090087,-5.7664065796010435,0
-2.391956204313024,0.7986482071911434,-3.3443218136250215,0.5524736167977424,-10.262246462709314,0
0.8447743757816999,0.9219366012853558,0.3076103893508313,0.7418484733639019,1.654115741211079,0
-0.005560293648070566,0.9230334372357293,-0.05145521705446619,1.316454561659592,0.14038325215820607,1
1.1785126897984228,0.5512559223347099,1.435586143615575,0.3315406921935441,4.800686087346005,1
-1.373402888969749,-1.1392861592102679,-1.282153233413399,-0.8406129686912666,-4.8115518170954115,0
0.5199021395287525,1.7009715194164998,0.8001292660036562,2.292873627705341,1.9465659001635536,1
1.8688178405438531,1.804410826698425,1.3291315842235258,2.2385792738421193,5.434940856550701,1
0.4197056083572659,-0.2338796033133684,-0.37466956650674754,-1.0233353860366596,0.4582227612359542,0
0.27658150559104877,-0.3706979152161819,0.31883440846944344,-0.5413883037409428,1.1076447651911088,0
0.008556080824349832,0.612411652915375,-0.6061205382827075,0.7533278949427858,-1.185208201014206,1
-1.5708814571259122,0.5508128351835049,-2.0035426201498137,0.4288660653688091,-6.151823932538991,0
1.355572935710348,-0.2019460687530188,1.821712113123535,-0.16226306205725227,5.917443914301351,1
-0.6108576398050658,-1.2500256555876041,-0.5163078614216402,-1.1024902834529742,-1.8244485514601618,0
0.5044832563830169,0.3057011907497771,0.22041080375530975,0.042417130390992264,1.1765063264095392,1
-1.5630343065712535,0.5514365381755453,-1.9120500588917353,0.45471709794761334,-6.422742599273055,0
-1.1794596645077804,0.7258211480387973,-0.868998886063198,0.1353037840353697,-3.004758906782553,0
1.4350873992222355,0.34929277235420775,1.5410728670472271,0.11037187890054698,5.021296001698563,1
-0.34730228895784293,-0.27111514836190953,-0.9545806101191885,-1.0344544497448172,-1.643950359744357,0
1.4532754760425446,0.9940020395062782,0.4793636094920709,1.0522503873526239,3.2158197360408773,1
-0.07823065905851781,0.06584849756591833,0.8626702572615571,-0.030762604613356767,1.6343401384796599,1
-1.8418977729578574,-0.4649230143647206,-2.4531373856166363,-0.9228206203890352,-7.289132220750276,0
0.8920675997317206,-0.180653382045721,1.155915851381782,0.7119765223687025,3.323340025652633,1
-0.5898923177556078,-1.745969032474982,0.16545414841347927,-1.8686747739984024,-0.2669965593135367,0
0.6986888135170435,-0.18224182417853885,0.7724875979336213,-0.03896535213872879,2.6506375437432124,0
0.02521086754008211,0.6884365198746686,-0.2750074706935202,0.3691199374519374,-0.3067579689346296,1
-1.5431182279428701,0.3397830221392301,-2.256142748790726,0.13260901177058004,-7.1687600914348,0
0.16429476537056906,1.520664172981186,-0.5557105027894461,1.682870908405454,-1.2114640640368664,1
2.196223142152799,-0.2629749140157042,2.384570566490992,-0.42910043891914806,7.1472170528896015,1
0.4929864585144592,0.48731316305331607,1.2184746199894514,0.48896484149745006,2.9478022067827077,1
-0.05751775300546313,0.792740176305772,-0.2552473013577277,1.1961524839825042,-0.8516244243152672,1
1.0753434019568977,2.342857008287408,0.7974831708822157,2.083843918527982,2.8742962773968777,1
0.2106684652031108,0.1447654911176404,0.5594090106087042,-0.5213151005013029,1.3770898618652854,0
0.20953423026279433,-1.0441871788640236,-0.13343939668957888,-1.8073193237032303,0.07955523782189163,0
-1.0916251721591026,0.847928753355282,-0.9543837183448921,1.5671482715487135,-3.2963345603131096,0
0.23384802578959837,1.8657273559684568,0.25474875083235465,2.3313007062562416,1.1431641834700497,1
1.0354434164169448,-0.3225487102266215,0.830709387127917,0.005351123367248134,3.5398231540700134,1
-0.8360621521000249,0.8410815386064158,-0.8438312314682851,0.6230551356704095,-2.595605918387587,0
1.424495821246948,1.2287280552289201,2.3060718785719376,0.5621880497350031,6.886543986893558,1
-0.09170602414512598,1.0170655439701535,0.2105604479053521,0.8759147372220797,0.3111753011499107,0
-0.8877695115385407,0.12555852247357793,-0.3415191094105514,0.07888133683055515,-1.5501406816529388,0
0.9976320769202445,-0.6984737582131462,0.538284896460214,-1.2642495915867857,2.9196608332041647,0
-0.2867942357382693,-0.08127954801358575,0.261173838065518,-0.8161077045378957,-0.6488265987635893,0
0.7595148874861078,0.4586004538776307,1.0790251252206002,-0.4065558493243355,3.2109285789502366,0
-0.29175863225853715,0.908222524091729,-1.041556680538221,1.2369191178636512,-3.4224515352194333,1
-0.059826143529903696,0.3339450479990393,0.21006922315564616,-0.26873410960246785,-0.5810802622005148,0
0.4935602043342916,-0.379907966540577,0.23692313593695297,-0.2252028061826079,0.9597489806652177,0
0.2908970575900059,0.5553796561497687,-0.4820047805728022,0.35647972944614453,-0.5916604343965612,1
-1.9955317804517385,0.8600850677428203,-1.9306439142879288,1.1549040221308884,-7.0666742754320495,0
-1.121243740094392,0.3796100564144805,-0.8517224445630871,0.547522312398989,-4.273355439548838,1
0.9294099847908157,-0.836187114538325,1.0052140191130972,-0.9521558234839681,3.792090954233926,1
-0.13213658890154725,-0.18140603471719,-0.1867058813244249,-0.11617932211258164,-0.9250880039145524,0
-0.5237313027714218,0.947820776412467,-0.6890239720005877,0.8926527222241109,-1.9189567997727315,0
-1.3585740152574743,-1.3830178087444738,-0.12528001058669624,-1.6906913840610096,-2.628139910989292,0
-1.0797363212758484,-2.093178022391159,-1.6710210155401715,-1.6031366296622276,-5.210462690248692,0
-2.0217986399619474,1.5080828501440207,-1.5853376487833457,1.2965459735230214,-5.986531187883533,0
-0.10128071870153288,0.5114152550218797,-0.093569233257041,0.4679901818961397,-0.5136331267353099,1
-0.5984375805810469,0.6067300025201063,-1.025670833714563,-0.10083254730864677,-2.863744248119748,0
-0.9665878909853152,-1.076816973627056,-0.9907874162996047,-0.9397946717046497,-3.292795480393952,0
-0.0681234251679531,0.737528063466538,-0.7645897439622619,0.4322372648938074,-2.3449295794506964,1
0.3639706308527381,0.27524868756836424,0.06622542744931131,0.036824357989413053,0.9173011664411074,1
2.0931979322099448,-1.5843275778483972,2.069730769292142,-2.004108008290618,6.810451294054015,1
-1.5118834195632136,1.4242834142738574,-2.2874419488627784,1.362285190329683,-7.398240566059904,0
1.159381043300522,0.1586833236187289,1.412572312544551,-0.8445529838997679,4.200915112988544,1
0.973101561015072,-0.39608396607926877,0.4912210405593058,-0.05490545962263904,2.8493384194359663,1
-0.7790927393767005,-0.3779897459852177,-1.5049532183834766,-0.3973221333248318,-4.978730393063729,0
0.20323595458603103,-2.0152219054323766,-0.33697291332815416,-2.2488647060334803,-0.04359297405670298,0
-0.45763324933761523,0.5933365996313634,0.6303438315801282,-0.18077873326409544,0.7440142714392104,1
0.18568858041873892,0.2618572072457253,-0.803343490515681,0.47839055048571044,-1.2909872388320471,1
1.5091310134045506,-0.19408013233309493,1.7271925577894458,-0.5112439124806328,5.841419884708217,1
0.605606232631313,1.2784852074516722,0.2297880971216697,1.9315286425758293,1.2229338239697531,1
0.508608373233442,-1.3838590189958457,0.3335442874746612,-1.1406995378309546,1.7711448092892412,0
-0.4303093199546424,-0.5967724763676152,-0.12834385561447603,0.1705553679759465,-1.1154320397776532,0
-1.4840566649243352,-0.8500082547603859,-1.206647307504875,-0.7815232343660999,-5.4518093829787695,0
-0.2084682105404079,-0.27879497977155304,-0.5488164201213033,0.26011640080952464,-1.4489460597260977,1
1.2066081548639151,0.067470025257223,0.5276961515472681,0.2988555479063315,3.265982852158029,1
-1.5271678565896476,0.4300135238113549,-1.216097369739328,0.20452281770945668,-4.4769271911318365,0
-1.055089368176695,-0.3469734531051173,-0.778900771672023,-0.2533684438630501,-2.233234635721959,0
0.12626773623406817,-0.8773557351548937,-0.016217018160025964,-1.2943488683843618,0.03037366291425289,0
-0.9846547848472624,1.6860069497704442,-0.7636825929430733,2.72039666625763,-3.0847232832546387,1
-0.7925234471152126,2.411640191788569,-1.0154381876029803,2.361207636935862,-3.3363161940904758,1
-0.42359858172817705,0.14328667188202532,-0.8371173642455711,0.15639181764135077,-2.6977880643661476,0
-1.3656174041901492,-0.7567803670208672,-1.3636363136296117,-0.5617874362041079,-5.0122718734472596,0
-0.9741218462163683,1.4754541310422942,-0.7146054756706095,0.9319814688839303,-3.409836311363171,1
0.7034279167873088,-1.4467571063284652,0.8580530515635256,-0.7860715534951775,1.624308691559831,1
-1.307369782230964,-0.33477332470482757,-1.052788442192628,-0.8474381000888531,-4.356742957185476,0
-1.5978721344948377,-0.6961170513463018,-1.9781615711394007,-1.3218523325269986,-6.341387114474467,0
-0.6300249795338944,-1.1595355504504887,0.160915582845232,-1.2427975568020015,-0.3078458809024355,0
0.7319555025098458,-0.28002423292176953,0.5607650748405335,-0.9196729818165617,1.9316355742323883,0
-0.19692180799688963,-0.8641720791739649,-0.25637963373518535,-0.08320181107827673,-1.090169925145542,0
-0.4645810781156185,0.012654464148654489,-1.1239090327245524,-0.10269717069287307,-2.429379847961782,0
0.04435879751560705,0.027177167672463982,-0.0525687806330349,-1.5834065812477511,-0.7041860763182001,0
-1.745707432859652,-0.6213317235219793,-1.4795885644338935,-0.5213574644594583,-5.659374885631649,0
0.49470565377503267,-0.37051335659386964,0.875960960121365,-0.09376036316684944,2.9726077414141834,0
0.3834350314036443,-0.2308489679037105,1.1644053999970354,-0.4415650920988194,2.5497569208559385,1
-0.40930847409572124,0.809846061119427,-0.1491910261829908,0.13189954823882266,-1.6791125728981626,1
1.0059245117964166,-0.14842940106418565,1.1443811096962682,-0.2000829093974347,4.651073777707515,1
-1.1274960989530387,0.8247017407860974,-1.3506436547101983,0.5838490071726752,-3.992883798437947,0
1.1279089932535693,0.5858129835546556,0.7970387891370659,0.09802702362513749,3.70112542029922,1
0.15449366559525113,0.5715306969007419,0.6396179229293291,0.03961816185336664,1.4663215940458725,0
-0.3365525898781734,1.3878459703459731,0.13898258599128094,1.4659638448146655,0.093449833811318,0
-0.01987363536831157,-1.1193908797459098,-0.5583799857926979,-0.6678799795510819,-2.3917648721949485,0
-0.10726476581094174,-0.47318310630711363,0.25428317776579895,-0.24241118730856503,0.12902220842479903,0
1.2202828964177173,1.7632988002995693,1.5454747421156385,0.8992998710053793,5.395158709016863,1
-1.0766791274710137,-0.25731650058926747,-1.6335835699781107,0.05042250168872381,-5.580138123046473,0
-0.7625192391465982,-2.8151236899058496,-0.49229083675200985,-2.4288866838923253,-2.2950871202367775,0
1.0363028920724797,-0.20296834314788534,0.511529662331576,0.49388003227599786,2.737344628155708,1
-0.5955349351838592,0.13493953016324978,-1.8101814190206036,-0.34000434788269757,-4.905803631611999,0
0.9005330773315916,-2.617113117431211,0.8204818704855668,-2.6454144371135246,2.995450952813354,0
1.6994359830087096,1.3339356398879483,1.828343335636204,1.6176977650398643,6.398683106514467,1
-0.40179502694163366,-0.713712463865602,-0.45933042938319024,-0.9774893129354076,-1.3703671523729537,0
0.6813623265753054,0.32856311518751524,2.1149157351692924,0.6045180403608293,5.0515034162951515,1
-1.1536922813398585,-0.2259815453440621,-0.9642666667223713,-0.23799470845301593,-4.073598175145092,0
0.7547332980678092,-1.2883514192040415,0.8283042077171594,-1.7115788275318147,2.9867837955227388,0
0.1994239859867671,-1.07050813463542,0.41421963764381253,-1.451129253980693,1.2971514035929856,0
0.4730382821602152,-0.935082836427547,0.2523787799601664,-0.3104381582901188,1.3593284897953701,1
-0.645572072035395,1.085671909183638,-0.1808325409886256,0.587462577985302,-1.272775420365891,0
-1.6610834155671725,-0.14753818810015182,-1.4805824424786218,-0.7315383301849587,-5.282717300777596,0
0.5032520647495048,-0.5218655165517466,0.6608379166957501,-0.3496760841858419,2.5150369817308946,1
-2.0634031524794545,-0.9346089125902313,-2.3754632639129243,-0.9498953047614784,-7.691055021225282,0
-0.3173504922425348,1.1961502215261264,-1.0995156554670815,0.5403395328127572,-2.6261929634840886,0
0.9411818664199697,1.464201272523587,0.6904888218813243,1.2044911854788247,2.5293200880667523,1
0.19189773587303607,1.1847438987066805,0.3332146640029822,0.7763531595764038,1.647214981998947,1
1.9483426447898127,0.49243733915416665,1.7259929049173395,0.17160356603071525,5.812982415294143,1
1.0251091525817733,0.2898300418707116,1.1709727361154587,1.5523152402740348,3.778214282021205,1
-0.6538983883255765,-1.2159378179759015,-0.7700793267537289,-1.3672277703129159,-2.77554302870621,0
0.02731337985143867,-0.24581912671105752,0.24260312216470045,-0.6864445987971317,-0.38737520044793095,1
-0.04737070254443595,-0.6838602033464366,-0.535782765482093,0.3270335420533882,-0.9657151490355599,0
-1.5821767633461272,-1.8255121089847097,-1.4857317574035867,-1.381384709888512,-5.44635954480688,0
-0.9403989164843533,1.0570434191653657,-1.2608759896600517,1.4194561994580703,-3.9164123034418488,0
-0.5607609069798603,-0.6958299463922752,-1.3299023780451784,-1.1123770935429587,-3.5903592037609844,0
-2.0362205028559366,1.195941907435307,-2.1187975643701242,1.79168358627856,-6.915287554044252,0
0.047493468251642953,0.8817464007600121,0.8156522551606663,1.2898836948764314,2.143277443486742,0
-0.24907184465304072,0.5567179766334188,-0.978360048576032,0.6302627675524262,-2.880960713826216,0
-1.6728939013115742,0.6128840717631837,-1.6131977761144745,-0.24526748967293976,-4.8530672975646,0
0.4042128652773319,-0.6153138820737076,0.803001396909444,-0.6252738833126216,2.0922345642827467,0
0.7158727446909593,1.8578501512906649,1.8658880872631851,2.7228155083733543,5.099375530101644,1
0.2270344788648889,0.04312543095304917,-0.01943201235845493,0.1533168408240695,0.3918449147781138,0
-0.3240681752089702,0.3019316851187039,-0.6400684775111266,0.11369842157777238,-1.713382435024662,0
0.5914421517518549,-0.6490763335666393,0.008096053782221668,-0.763305005110974,1.1817731030161127,0
0.6802203604766911,-0.9311652607769603,1.2504785278998005,-1.0107914141838685,4.18044629211047,1
0.3074035697196884,0.47729600880942324,-0.12630359489984921,0.07748890192095387,0.59702661396286,0
-0.8246122504347609,0.21751349593878547,-1.0099104663224359,0.1968910812573779,-3.3784123515611637,0
0.2766007655111806,-0.7893523659025773,-0.647868173174447,-0.0679851011298025,-0.922959640827558,1
1.1954806508254787,-1.438426718775404,1.6374665721647417,-0.7736992793199146,4.78640744163648,1
-0.5966290586117302,-1.269923087327547,-0.017499918222717126,-1.6470910424895793,-0.5723477727464525,0
2.0979393391324312,1.196133717091107,2.5208268709246138,1.834082409366454,8.483513690093828,1
-0.5256309339853844,-0.6132538146500716,-1.3282935746622435,-0.2326831583236963,-3.616092217658865,0
0.032407013340136216,-0.33890854567583373,0.3359825337297894,-0.022239276870002544,1.383830216858714,0
-0.6724855960063362,1.4503402587590621,-1.5088207883683367,1.6662961995791292,-3.489469568436394,0
0.22327083592026087,-1.1221505614864147,0.25229098695238106,-1.5873387508761425,1.7512412830007782,0
-1.7422216926352752,-0.7269948257170568,-1.6396829026433766,-0.9297839181956146,-6.287611762439257,0
-0.5460417988167212,-0.7687668285606931,-0.39095018976258855,-0.3523076270000302,-1.6510582753135632,0
-1.0921212003485672,1.6180684811660395,-0.8248029340298331,1.0146333092285658,-3.386042068060149,0
0.1353383478922909,1.9933835005824139,0.13132154611265484,1.4729959478844759,1.7675066314474674,1
0.9944473755089074,0.7515632254021709,0.013232619144631141,0.9046619377851238,1.5230575942009374,1
0.6460061871145515,0.7833847241542399,0.9135666915143176,0.38861839382468827,3.4287286591834225,1
-2.3716593608588923,-0.5803550028527311,-2.3228552902950184,-0.16840782600234777,-7.685815815973784,0
2.0420696529278803,1.9473284869042828,1.5907597572422638,1.5702195087760102,6.202651945978371,1
0.2952799406208684,0.2676962543586619,-0.48941876994743605,0.3898863267902354,-0.5081622168418145,1
-0.7764991404930003,0.8531102644497399,-0.006488047530820995,1.0171460467751057,-0.9163332340281946,0
0.1571279189909405,-0.10552493877095426,0.7727781881362819,-0.3465722777196927,2.410169872553538,1
0.17618982250269202,-0.2680325873276109,0.5291685261564193,-0.3878559021549076,1.236619018445592,0
-0.6668487169515637,1.6630422595961174,-1.0049986725689153,1.32303651957614,-3.264560565350533,0
0.1979166673420755,0.539723679738307,-1.0605811087636832,0.5304213269121888,-1.3581450164583488,0
-0.6074722876203072,1.4513754610703817,-0.2251326999026897,0.9705318410264184,-1.934908156860251,0
-0.40436199269002276,0.2553281717450444,-0.22101860576248525,0.14357429599651508,-0.9222101329722652,1
-0.6862791357550845,-0.8483665364230907,-0.8736102902911728,-0.47412103252548277,-2.246552817449237,0
-1.4326712897396527,-0.5833429328784879,-0.8702681363907147,-1.1517184724088234,-3.674419441832477,0
0.1458364702153839,0.10296524246461053,0.5698352371968088,-0.1405694635243364,1.074937465458348,1
0.5852994365163381,-0.6265002160433267,0.6733471806317628,-0.36736901105085223,1.724026643078894,1
0.5148835960763721,-1.1074614086276906,0.5324128050119286,-2.146283799468022,2.430687708966886,0
0.8199252526352341,1.2014170317870247,0.845409111435074,2.1292090499866934,2.8328732186169665,1
0.3243402100148682,-0.5448700708235121,0.6643101464322412,-0.0222411138080455,1.3644271637277408,1
-0.5327254982169035,0.1381927477913204,-0.9614636714883976,-0.6309750423273395,-2.1525868674478428,0
0.8396638644311888,0.29613358988560473,1.052655425323707,-0.7559643100802711,3.7653077493053875,0
-1.357517539841935,-0.5881531253205687,-1.8178130120767304,-0.5733443316535379,-6.197772891199607,0
-0.9006713825124801,1.4507994663087393,-0.23239379663636306,0.8906773683576816,-0.5586421193517364,0
-0.9642000714232447,-1.1171417612046128,-0.6981357856356274,-0.6363951161054069,-3.112837662514024,0
1.0800560591393102,0.2616252635807709,0.7359419283198454,0.4586263446466149,3.48399261366046,1
0.9427885141400756,0.24611770637658364,0.9830864261549506,0.3078072145452189,4.373647780763698,0
0.48730523704499484,-0.054254602864147856,0.06041204703097447,-0.339382795375949,1.2958920052208482,0
1.0719298652117972,-1.2969126132719826,1.8239862840621952,-0.4969087933773062,5.385457087086713,1
-0.8792827824119881,0.8708175518634642,-0.06784479017638334,1.2475436022243067,-2.170747205023483,0
0.3485951198609804,0.7435106703345966,0.6967069611424044,1.0450935748449195,2.9368210724374864,1
-0.12517442838316423,-0.6755685285912163,0.6531538554441245,-0.07554054627749518,1.5511143363193072,0
0.8468821038849139,0.7074872072053618,0.9227800783211642,0.1980567754589272,2.408456379197185,1
-0.11522423255219759,0.37490768630077576,0.2665320510352009,1.017276620820321,1.132541118204398,1
-0.3849428884100812,-1.2806121453611083,0.2274193725447966,-1.412916293542427,-0.09199947063274862,0
0.54090851856099,-0.8539289145713574,0.5380367208030314,-0.6865640662701326,1.748607316416601,0
0.8761691671912328,1.1382814448895793,0.9117210958499055,1.0600499400536125,2.851644127766346,1
-0.6683451948468017,0.3094161851420503,-0.2015168941323529,-0.6295166180447422,-1.3199707051230416,0
-0.0610756713523761,-0.5643029458106261,0.2621733114456205,-0.08562881532450228,0.8367150103534093,0
-1.0584406336416528,-0.858475891172642,-1.4361709937421792,-1.7707175526263699,-4.707349282745643,0
-2.4980610174929394,-0.5153937981154209,-3.591475703128674,-0.9986540981217084,-10.866251111249614,0
0.200459631413729,-0.44447952987770456,0.11269560011520485,-0.6708918450917651,2.2163878918797915,0
0.6089053562546319,-0.8459630326292517,-0.4395517333579576,-1.8227708056338912,0.27210439180241563,0
0.2620668090867255,-1.7417641123833023,-0.23344185896604863,-2.2920754237851564,0.4091704978910373,0
-1.9495617177543672,1.1400132864007855,-2.3867051963545594,1.262423331792801,-8.176887500442445,0
-0.35084943007647457,0.9706336726114432,-0.6351705855465377,0.7973080768436748,-2.4753168009803423,1
-2.2183477600510813,-1.2732554518068595,-1.8081286879693106,-1.4053318886694348,-6.211512619921336,0
1.369701107654185,0.13631129556366764,1.8885408780193151,-0.3211919299306274,6.421167630293797,1
-1.0860545821180863,-0.9022382027147664,-0.8316842222144826,-0.8791475408358217,-2.435521237592723,0
1.2554036094598964,-0.2615672232265355,1.571657097490799,-0.424191235824835,4.986621628939593,1
0.9458696436841456,-0.3447665798736568,1.2739298718684686,-1.1652492803828403,4.593821125600498,1
-0.9005903525360619,-0.4278342157178725,-2.149005348146524,-0.5282935505033364,-6.926028022169687,0
-1.1327849512677453,2.002947084076286,-1.127686110264187,1.3819911706172159,-3.6839392043172574,1
0.3503702163863384,-0.44032568467619043,-0.5478591441986642,0.008522871295091994,-0.05364971670023022,1
-0.8443240371830714,-0.8082638250669247,-0.5897542993473011,-1.004017192416227,-2.790140560350838,0
0.10248464215820753,-0.7625814294970479,-0.9440694315016409,0.49818078586834513,-1.206494957053911,1
-0.48282759080691834,1.0437769564017552,-0.573046858482268,1.5272282246624813,-1.9602296573013878,1
-1.7811584144656334,-1.6521023316929349,-1.5072735264558401,-1.7172369193365191,-5.7261349876736904,0
-2.230468019124459,-0.7626229164355202,-2.789346993282615,-0.4728834998235609,-9.053695837611434,0
0.22668424849459717,1.446822840111534,0.7075422287512073,0.40192324575571936,2.5457697769517793,0
-0.5615577463306254,0.2439861879976468,-0.308246661354752,0.7251758914525246,-1.6860119594204466,0
-0.5530898169141323,0.19192200503611323,-0.3626774689951775,-0.21822324354263284,-1.8433219864894985,0
0.6958638390937854,2.1321464601437015,1.0448646328490512,2.177012978665878,2.704910148496702,1
1.1734422766324448,0.2463479529484988,0.993842232749117,-0.11746330347650705,3.5635600085738073,0
-0.2725447213618092,-0.7081861613595825,-0.1965852894834048,-1.0188453489812637,-0.7044860554300183,0
-0.3405987069098616,-0.28207705687634865,-0.335572920792762,-0.3726431018660616,-0.862749400766746,0
0.500143033113884,-1.1354323090305687,0.4938685608058116,-1.0970159215272595,1.3613061962986928,0
-1.3569355696995753,1.2559370400156968,-1.6929511080231139,1.2424790996210506,-5.234853615649698,0
0.223153054747697,0.5745617175367154,-0.3981130026136559,0.5735694054677012,-0.15551098617665804,0
0.551885971822154,1.124414149970889,0.38345679717741643,0.3115727962301674,1.1283548698573838,1
0.6802302084176292,1.2129839285493706,0.4842562548204956,2.3790087306814254,2.020426144156753,1
-1.936752702502465,-0.4142107809275325,-2.30511819626091,-0.2982206163935274,-7.557789682658349,0
-0.7613552698089406,-0.9447528520088895,-0.33532837890392847,-0.7259691791903234,-1.7757648161507993,0
-0.8782632528234666,-0.05171311130804584,-1.464366561751273,-0.22170866670557632,-4.511122761348746,0
0.09988695440921298,-0.8727610707885383,0.014132374963592279,-1.309838418067349,0.11034531912403377,0
0.48074457976798396,0.16495687540902468,1.06391443554861,0.24047474089411208,2.8644811604276996,0
1.4967104074459814,1.1320968808346892,1.9512750837457575,1.276735336155203,7.07963975046624,1
-0.4949654803680733,-0.1681396460491672,0.11318146218056802,0.4827647926781993,-0.49371571522459345,0
-0.4975724983092141,0.14999508990773913,-0.7929627869963276,1.188803931665138,-1.6630772218964205,0
1.149672018878747,-0.09384561622336655,1.5418160817426005,0.644665585771741,5.515195685451632,1
0.2965769385303051,0.8027275724376979,-0.23490825995876075,-0.08053688927228164,-0.6844354730477404,0
1.2676515111879738,-0.66778239428829,1.1297145332797034,-0.8979914646931864,4.015311732714442,0
0.2887280030098363,-2.196446261643099,0.19785009761973965,-2.028537701665915,1.5368788546711587,0
-1.1571166187132709,0.4708688593753808,-1.445036724812276,0.2707260331691639,-4.535194146309439,1
-1.3331283547778066,0.9878344213079936,-1.514035348820069,0.9659210129351256,-5.085955167419104,0
-1.5515122490589293,0.4463742447585357,-1.7982002128076056,-0.6261938772880549,-5.548653822906236,0
0.6620518347584733,-0.6402304954680139,0.17085492920762557,-0.18312399497636161,1.868550214623676,1
1.188596823087008,-1.135012098186069,1.6168035760899038,-2.0727397175892985,5.001816818524959,0
1.849362141386381,0.4944975317803214,1.7581371399492465,-0.29174723029334515,6.151190397253853,1
0.8431053323232401,0.14147895293467364,0.943823604281883,-0.3658564392111493,1.9705205510784116,0
1.1628385775349859,-0.12579262765832977,1.2447270131314132,-0.1745596045427294,4.2572386414612415,1
-0.5800163326536847,1.8224633429937909,-0.5526531200986737,1.0111006654043613,-2.165908611925961,1
-1.1564158167438567,-0.9468000941813317,-1.110013543715642,-1.476996211213747,-4.457914528039535,0
0.8500793324175533,1.7750370211274655,0.6973707224020426,2.349509542282238,2.5671928515363973,1
0.41768075223940065,0.03178390487063994,1.1268791864968322,-0.024396271642072274,2.671573560633135,1
0.10744437434089255,-1.8355704768708747,0.487816755158572,-1.6187969875218438,1.2213825586831413,0
0.3873714806329899,-0.17920265431914087,0.39656249701849977,-0.7973240464440133,1.2346807476557273,0
0.3231854824582059,0.959496076599441,0.09965826447517426,0.9325780643208262,0.9075934401894074,0
1.2838168598535613,-0.3650550328049707,1.2244064384890212,-0.432988335960655,4.461490994783837,1
1.2949855848169558,-1.474778541238395,1.5037963430028287,-1.8724137766915896,5.58684573707331,0
0.544220352340347,-0.16451453179616995,1.294190398608503,-0.19005308385509923,3.137562376402367,0
0.8458028725629282,-0.8571723738917058,0.15927910023040592,-1.8032350203031648,2.477187026100183,0
0.5140625524247758,0.4918144010879626,0.8439499317456647,0.7111187732560283,2.9926142825517217,1
-0.4611697320346189,0.7733998160676115,0.10219208635469829,0.5736534572910402,0.2560016543406951,0
0.7565646749131401,-1.0562704077481064,0.013205439960524146,-1.1848801036598453,1.2876419195768105,0
-1.3944950688592617,-0.7058040551156496,-1.485070507224899,-0.279921154057258,-5.20254185310247,0
1.0538915522958832,0.7566424651069377,0.5216325657543637,0.9726592038359423,2.355128691975691,1
-1.194522939766035,-0.8588442782989592,-0.9792581339275179,-1.0180138728295152,-2.8741058074968797,0
0.28580328679473294,-1.082158135827995,0.1066278206169568,-1.6404511503840116,1.1902913060629539,0
-0.8451539584261589,-1.1786911317962547,-0.9102234918662216,-0.5143604294024593,-3.5922360812657965,0
0.5533889830744267,0.3520386129581204,0.34786107943518974,-0.3180223880057224,2.014613290123192,0
-0.033925225927908885,0.30915771951746424,0.3261564904562254,0.6238411708180398,0.1887451051691016,1
-1.5947559581633328,-0.6840460303790418,-1.4802394778642636,-1.4827430024822243,-5.190467514842353,0
0.42069963101847885,0.005085396128234085,0.5361630130383066,0.46402204770079675,2.116341769907036,0
-0.5779207768327106,1.5271323841551305,-0.4976098642919838,2.032432810596915,-1.1331128363158558,1
0.8811467208133691,-0.9740601569182217,1.1673921610394375,-1.9303655785124556,3.775276614685547,0
0.0013256887344072295,-1.9517426090104495,-0.12966023869375443,-1.727075082666482,-0.32432998512038763,1
0.39542098538803827,0.45507557572037044,1.2458083791585017,0.6383273995952978,3.106814339259008,1
-0.9575689550152122,-0.11040116390158848,-1.574966330624472,0.24112348844142473,-4.052862862624344,0
-0.5893322314273619,-0.7100250868151013,-1.4522914555121864,-0.5274049493059421,-3.3943904103918645,1
-0.4586386361010845,0.6520802373549079,-1.362978920405371,0.17092239095979672,-3.4220826704797656,0
0.8567024802425557,0.83922514466879,-0.18309157940366216,0.7306086609338545,-0.012804371906523504,1
1.6773770878054892,-2.2082780198800926,2.0139619952156154,-1.375954751663108,5.326752563425913,0
-0.8051717517428763,-0.6525979093314883,-0.5294879021015558,-1.206504647306275,-2.1540654228553024,0
1.0768481446576803,2.317516231196855,1.6807363905454777,2.478945210372441,4.38612016538612,1
-2.169677417725702,0.5834049157981909,-2.697996525078463,1.159031852775716,-8.914931136602767,0
-1.1941894010922893,0.6761036382971497,-0.821458673719539,0.1807272338668272,-3.547672538345925,0
-0.9587784561867747,1.1728942786314784,-0.9303664251121218,0.4645009550735719,-2.2606578080506274,0
-1.3525086894407221,0.017068825199726117,-1.2692154398627924,-0.6159823416258361,-4.50600766240105,0
-1.58358838978758,0.79668416009162,-1.2707769421127761,0.9941698408798199,-4.556948070817163,1
0.41299891213779755,0.7180620438372025,0.034858036606575715,0.08076015734135544,0.9414881116664655,0
-0.21406769772786138,0.5390414967527589,1.0795568699743825,0.47136147643672066,0.6270684220894251,0
0.3794053976051097,-0.3220119706174046,1.0453455497427866,0.36362372753420547,2.4600536768537604,1
0.690472686121513,0.17205892236625886,0.42461970912383284,0.14640486016194335,1.2749333296708758,1
0.26561699317253346,-0.5883615643067782,-0.27975203568914037,-0.9772679583871801,0.7025229662162449,0
0.6577631761503737,0.012814304566494936,0.6138110952480278,0.07551914092318777,1.3046097766993596,1
-0.06953228624226938,-1.1684908920992674,0.021596935548751736,-1.2028273191334302,-0.2715165539012062,0
-1.1869933883057449,-0.7906239912729525,-0.6541857584515895,-0.5642951718713314,-3.219225293973985,0
1.0578141808207961,-0.28231204192492954,0.4734537250366332,0.5272602349844966,2.0407088626720524,0
-0.589112132781127,-0.9437054314300761,-0.44636866118154384,-0.7453210020115884,-1.725693499533435,0
-0.9355962987624259,-0.5050172707451764,-1.7001038109698206,0.5118739851377755,-4.824741081750573,0
-0.17791787580439816,-0.16392597675551596,0.040260920901161235,0.06372497498325516,-0.10483214802696295,1
-0.912810919296513,0.4022623446643774,-0.9665630295255383,0.018596698310355375,-3.0510967868492944,0
-0.4174303819894322,0.9492573018529092,0.5509094991534493,2.0934087989672094,0.59408285573724,0
0.3440539215634665,-0.46378437137810796,-0.4289473505463718,-0.5261933800507165,-0.1515756951820343,1
0.34834173924612705,1.3351046172686238,1.0336459299911795,0.8076585013231213,3.1459102851191787,1
-0.8978300664256297,0.9386110786254933,-1.749745734008739,2.1004754104404606,-5.671068991558338,0
-0.4877053729487446,0.5040938319439419,-1.1513105101519967,0.13753538885370215,-2.684195832421222,0
1.0743330047702437,0.15364912929661892,0.2357857255341611,-0.23254558672132877,1.5602197301764047,1
0.4964001177339411,0.31912084186854134,0.6215764219594682,0.04338558784633695,1.6665535270993408,0
2.0750650393485417,1.187051150666382,1.488215633971675,1.2693643573274844,6.1495716236675975,1
1.1801281737415277,1.2235796597592736,0.5059624211012587,1.689010358483717,2.9877776110216003,1
1.144293068559939,1.3349467283836431,1.2456768693716294,0.01055092153954984,4.472320361707338,1
-1.387868550455802,0.04132683187700316,-1.1619808575184567,0.5045770745327541,-4.878325463343814,0
0.7638603516334226,0.554967164998613,0.7837850037085855,0.2776998638337975,3.5289574133423676,1
-0.05310680169691065,1.3435465066220513,-0.1342163762076871,1.1370992850419845,-0.557019201223468,1
-0.5509818035382495,-0.6237160349163927,0.3634730126803394,0.23387987054426584,-0.45923027384920295,0
0.16801534053252842,-0.31841685371830375,0.24093347365351359,-0.21176277378380381,0.09792202552342377,1
0.9452115346114832,0.016036663013478343,1.3480572715726078,0.23988733694602912,3.4286752539853436,1
0.5008315910042115,0.8995987379794065,0.5722926538491908,0.8753186805696249,1.1959331267773132,0
-0.8784738013420597,0.9151721507186228,-1.4274119454694016,1.2969934426597907,-4.015355405376727,1
0.7424589135926202,-0.23086411119793532,1.0174027545436286,0.5781411752795036,3.450583424078118,0
-0.6375875420759638,-1.5086094543797102,-0.96548619781086,-2.74614209591623,-3.3194562192404313,0
0.21668311896428621,0.24618394429596727,0.17119004994466802,0.7884929396640886,0.09646537001083755,1
-0.3033500674771342,-0.9183161373284012,-0.15064872653042102,-0.14479960539072478,-0.8621453317744163,0
-0.2188662517356257,-1.4899362046402225,-1.1895752851789472,-1.2394045806899263,-2.65880674640659,0
0.7662429750405095,-1.2638715607337165,-0.0385080869053549,-1.602552772086141,1.203837030887655,1
-1.040193719815898,0.32638100784556046,-0.5854641335671162,-0.24975521610452822,-3.213362154485783,0
1.945195074276933,1.361037360932807,1.613321850977461,2.5419602043894383,6.060838177589425,1
-1.8210860692944963,0.03889451623624384,-2.129247063848927,-0.4135973270751882,-6.206534454730849,0
-0.5976676832548571,0.2113806546459647,-0.514448484569447,0.9702014401740905,-2.5227805500093625,1
0.37021188994174087,1.1828949388779253,0.1773755913808062,1.3781506011158111,0.8955048246795281,1
0.5843141664353096,-1.5444549090835542,0.7931083572567044,-0.5215395060761434,2.712678497726186,0
-0.10047572057170599,0.5201764216002716,-0.1260366149382281,0.3610463394453387,-0.8867253832976889,0
-0.057390703001542885,-0.011589784318821215,0.04191077208868162,-0.815380246127265,0.30339266287439814,0
0.41055008532761655,0.5660574588320672,0.05962089020649025,0.5671428824300383,0.06544923395280855,1
-0.2310694774576803,-0.48348390840381605,-0.13427206581721646,-1.2267077273540243,-0.2978896977557585,0
1.3931812579349059,-0.8179372904264822,1.9457258013526277,0.5205929751773163,6.002901749078786,1
0.8393491142316022,0.14050890428560542,0.5554750061745028,0.4552580163260432,1.6602633018451751,0
0.8728243510056347,1.6491913233344617,1.3304835011417104,2.0382565480116908,4.3140363627850435,1
-0.9661567233704171,0.8609101045414628,-0.9919368825317417,1.25029524605449,-3.8810390420756598,0
-0.07938842440570287,-0.5076927701800915,0.287852403583266,-0.8544876104917549,0.37996675968285615,0
-0.3004659487207037,-1.3409720359812798,-0.23608028954414825,-1.4069872822398073,-0.607776057610851,0
-1.0056013756894657,-1.6820672836977855,-1.0223068357384288,-1.6268849680178996,-4.035237523187203,0
0.36016418394576694,1.3160994518504814,0.53502902498395,2.2880436835602094,1.3461605762740114,1
-0.5376457577798165,-0.9550822881358275,0.06915302337130802,-1.5336281874269937,-0.1050829763211415,0
0.655403829850237,-0.32551341299493647,0.7734524769577749,-0.6898053578723362,1.495107061304318,0
-1.0701915628943317,1.3212111260775765,-0.830926147440133,1.1397455729645687,-2.5578030229974416,1
1.719040612841821,-1.6139014554789919,1.5347981560534703,-1.9507247850343123,4.916030035364702,0
-0.8963326585920618,1.4922645094750588,-0.11088942159454906,0.7628012822162834,-1.9159130646681686,0
0.21930233720043607,-0.2536404538925019,0.5394708926652718,-1.6059927141049646,1.5491014645941337,0
0.7918593103880676,-1.1485833152387388,0.8307135404005704,-2.0620055480743558,3.1507859716983324,0
-0.5706404302001128,-0.24735092714891319,-0.6319672663274497,0.3021640391418319,-1.9709001645613244,0
0.8524686434329506,-0.7225967814014777,1.3414227780695058,-0.7267062318910879,3.9851812135401365,1
-1.2291835978004162,0.4408197989057157,-1.532285636323046,0.8585892570327505,-5.12636916626068,0
1.4521176991825604,-0.6481324338877777,0.5606801910468939,-0.9393892318419588,4.08018231117808,0
0.014149264965758293,-1.911642210919043,0.05034906467798596,-1.9608100410485896,0.5084002123776222,0
-0.5964114079688799,-0.22056253440898943,-0.0014091214117081252,0.5860162160704523,-0.3096329050466864,0
-0.2991817724274346,-1.3565450522865388,0.4964726331649024,-0.5801837494578305,0.33349395781936236,0
0.8089192693927194,0.20431988398831982,0.7552722976757794,0.6753059502844567,1.5598175486019907,0
-0.5844552918504382,-1.1871303322833244,-0.5626614598795465,-1.085921438638115,-1.491990697101599,0
-0.7493576894227776,-0.4880128031720859,-0.48959247316480003,-0.2290280893974656,-1.9250046970241599,0
-0.22153659758373817,0.1825878042143362,-0.35371130701562065,0.36790695353703234,-0.9482968594404837,0
-1.176962112769968,-0.2124587250342695,-0.9187591385743936,-0.29592212186132844,-3.8866488630569997,0
1.8205439079418155,0.25043028300104486,1.7778430324076815,0.04824537828084591,6.112442633373534,1
-0.5663945912147232,0.6802871657177568,-0.06071046261963342,1.2414711383683197,-1.2705376866146927,0
0.8316167861804036,-1.157933699731306,1.1931070427293153,-1.8057474741793738,3.6562231800372893,0
0.2094700836477726,-0.06439754062470791,0.614583999798989,0.6792815979996132,0.9755343894555569,1
-0.9845340504819681,-3.329503797508129,-1.087192872883012,-3.4672252008820363,-3.2698813812395793,0
-0.0059547092127293835,0.24733330168252382,0.9570089510384012,-0.4096934506663175,2.923400381768552,0
0.784002779310748,-0.3008141303748423,1.0259587505004841,-0.5735665592231484,2.9290953721884603,1
-0.18826133508630657,-0.9834497634779713,-0.06461430834289084,-1.4206537070236083,-1.2080159079287165,0
1.1931129458510281,0.31571942229652405,0.8126414555675423,0.02788224624459895,3.363944806024373,1
1.0215153927818639,1.1726975771850672,0.9729794827075869,0.8757208178414847,3.6358437228685223,1
0.9189148546583293,-0.47601774759894305,0.9761047350096473,-0.7928651332865545,3.557208699159336,0
-0.45965677227299695,-0.9448144902417202,-0.853495420485147,-1.0987930243116377,-1.5952207563869416,1
-1.079842447781487,0.16502526243871166,-1.226001020666031,0.1326385964081754,-3.663864242929593,0
-0.6135876053627944,-1.3356066666463606,-0.6964876144142993,-0.9536768490558768,-3.2191475885998257,0
0.19624094066672046,-0.6603813705355391,0.22420127112832958,-0.782857686529089,0.12477723717489875,0
0.5457867135323555,1.2224021616505023,-0.33556678148844654,1.3854125649642994,0.35037339958952174,1
-2.1715714047604475,0.06217922981228763,-2.23920667511258,0.06594488583655643,-7.962847024603999,0
-0.00811320161175029,-1.8794669639461663,-0.19678629315171614,-1.6091765786996866,0.35182114089668826,0
0.15808922532318442,-1.796991647279401,0.14764715051073463,-1.7736539774514708,0.063861795560812,0
-0.2775442563155516,0.16208569264677555,0.24009402677457636,-0.16132519501170942,0.5442266456308604,1
1.2912738390158789,0.8623905759176876,2.3174715850764818,0.40329074959739447,6.24718383751344,1
0.4217800742508709,-1.6176214586261501,0.7609686740731844,-1.5125066593740428,2.285704053621203,1
1.310191908080897,0.4497126074965085,0.6929808220477289,1.0864018524468277,2.9372865760260134,1
-0.21596052035023222,1.3303435074897187,-0.3886639962664994,1.2157811939848515,-0.8218389842209741,1
0.9374774925069249,1.8878589879586387,1.2354591469224707,1.5374271610445376,4.4134901852064115,1
1.6350663945275195,0.3312227598598763,1.876711642742031,0.2031374222240917,6.332520484076783,1
1.311693449272661,0.5068025945524742,1.8053563169991982,0.2261053391012297,6.532819076599993,1
-1.092141593428733,-2.133184427628144,-1.140817090574031,-2.466674687184101,-4.280064680252801,0
-0.253676077542381,2.099752547995989,-0.4354261997251338,1.377955257245863,-1.202382242613536,1
-0.3451647054497966,-0.5754902130961214,0.5310472965082228,-0.6976943562270654,0.9672722353071587,0
0.4892545350763279,-0.9334711584250414,0.5185898367611467,-0.8155825815033478,1.2961725490600908,0
0.6863535550145331,-0.2552061344396246,0.17801636700397572,-0.7961582130386505,1.4167068565526917,1
-0.8388926740257363,1.511673414185431,-0.10132584550927581,1.072503539051504,-1.128970757099564,0
0.06783851391693768,2.208046047543548,-0.6802092317802848,1.7340150502994416,-0.7940607626063316,1
-2.0199273321561364,0.12540867947584441,-3.767449943400439,-0.5679303040472564,-9.993869264692954,0
1.44194500580189,0.9980841726036552,1.8266383848206766,0.5202881207840218,5.3816628441862315,1
-0.5123742406766936,0.0432040486855039,-0.057023755164377965,-0.05572416572747553,-0.7384796737800291,0
0.055863939844496904,-1.037795473018184,0.26287041081684237,-1.7088243760406034,-0.04791879932751175,0
-0.30964971398806085,1.4767436707882908,-0.9608777559840858,1.4079724370558728,-2.7484171886341167,1
1.146027575013415,-0.6221274803563891,1.1165926473922547,-0.9738608765865966,3.8651701130639275,0
-2.837506441397379,1.5355307733718826,-2.9765907281743145,1.0710397439617352,-9.637427326468975,0
-0.016610342325908987,1.2985413297690838,-0.2852548477721037,1.48714573795565,-0.3314675910017859,1
-0.10581875749769788,0.6140362639572081,0.6002159579069418,0.2939734613002569,1.0617492807555102,0
-0.4536363875916828,1.828974756254353,-0.9769694169075273,1.5939678232205279,-2.4100650597894506,1
1.7262265456356325,2.2323460331857383,1.8842787721888323,2.881349438185847,6.618499307829428,1
-0.8873294588557712,-0.1752433629643115,-0.29030596702448375,-0.6352711798352971,-1.7270944392701362,0
0.7717961772356612,-0.8087941184164312,0.9625169398951801,-0.025856844620249286,2.7951896680084554,1
0.35625278870608357,-1.8642698372564723,0.9768119749537705,-2.038165401782803,2.0096583340430785,0
1.261519252535516,2.244682255430256,1.5433766137499805,1.6766149389942737,4.867386925796778,1
-0.6671890847775054,-0.43968200891844966,-0.45251424953149094,-0.7166561794494581,-2.302742702282571,0
-0.732968899123759,1.1350368571017395,-0.5495514647076855,1.169424310412925,-1.8879171516864037,0
1.0960699074773985,-0.7412553675094832,1.4027915408024736,-0.11400343758912668,5.214166025100401,0
0.4253213083301104,1.538265640912035,0.23255175962398017,1.9376780451936753,1.3849057336575146,1
-1.5449373466767586,-0.7001175918154133,-2.195874272613152,-0.6681641668975593,-7.614223800186036,0
-0.5393050144632704,-1.1917191336173432,-0.062283308731615805,-0.5617411428727812,-1.2501495748493108,0
0.386382653848061,-0.20850643095375032,0.967253804100944,-1.1490249548874931,2.5231561221554983,0
0.8377642215465891,-0.5317757009616373,0.963753626999611,-0.4070549359317102,2.466755375966395,1
-0.6792306531929551,0.5962997854612124,-0.9534184630101401,0.7512696487740129,-2.910084652590323,0
-2.914255989816941,-0.05139492719252362,-3.69311454808176,0.10967630659696839,-11.522953382539676,0
0.5232231857370332,0.6277023945519214,0.5661267356987273,-0.1773731884424331,2.6215175488007447,0
-1.2203206899439758,-0.29102147308529397,-1.8947958623029615,-0.7994776739245306,-4.71071924724073,0
-2.0173387981224113,-0.6651073710188052,-2.7618325494413742,-0.7483445820976684,-9.145435366453327,0
-2.832325924984141,-0.5835605478960735,-2.8426916889919873,-0.026164795415334452,-9.992166334275433,0
0.8139808601977412,2.0449387980310263,0.43209610960373396,3.002571045889857,2.0331802528999914,1
0.12861745040496653,0.22517093222693582,0.3012722284873518,-0.1070466935647755,0.438966175546705,0
-0.22565638071225164,-1.9837622094530445,-0.30530418199318876,-2.6386856054385923,-0.8997687007452969,0
1.3890243629627617,-0.520209013454081,1.0857070798514568,-0.11232829524152005,4.214915870918172,1
0.6373246830230725,0.09686603247587562,-0.2151328573414103,1.4040510381263172,0.8326227577103386,1
1.6163000427219165,1.8453996812503788,1.1898559798067376,2.398869997900971,5.482468988469779,1
-1.3927354721669964,1.0286987158898995,-1.8008037171925417,0.6543823538928863,-5.624528667867356,0
-0.034550623953963515,-0.9217178364819151,-0.6472044607114444,0.5088518101266907,-1.5912597480400343,1
-1.6167133749480143,2.418355753572451,-1.7812355225692067,2.761755563806908,-6.500300045925559,0
-0.22938233185546722,-0.031160364801477616,-0.803008327442793,-0.4266669715973244,-0.9288597161519636,0
-0.24861585376667725,1.2463298110749443,-0.33048722741228487,2.2134808942437996,-0.5804604313381065,1
0.6266136372630706,-1.1550084973999024,0.7468192440973986,-1.5900044030993226,2.6334143944451407,0
0.04556388114189831,-2.3981630952508977,-0.3675210960526906,-2.7087073545818696,-0.7496867265490832,0
0.6234071382799156,-1.4084314903683608,0.836111452989208,-1.0451210791977985,3.4132729504959776,1
0.7034401331388942,-3.250333476195706,0.022761197515042353,-3.2627861351403333,1.0208705027175324,0
2.154928677383142,2.1120893272529084,1.5988399781849967,2.130592893255292,5.574014438670103,1
-0.3152966552861244,0.21453291888641599,-0.3719053040985089,0.23387866970781457,-1.0842423805993793,0
-0.941022700666379,-0.9246440184480313,-0.5975021547220598,-0.36740405551295097,-3.220441422289872,0
0.24608361531640882,0.4526240299801209,0.679783386061042,-0.7095712898756905,1.8630725360936036,0
-0.8022800271395435,0.18933403618016584,0.003915283939236347,0.33159097912340085,-0.5235223962069903,0
1.481960768436536,0.6209333956139913,1.2936663310277807,0.47583170707373235,3.9740194911510907,1
-0.28321803894523256,1.2095314011362686,-0.3469686982843848,0.8332833848709604,-1.568581612216025,1
-0.5655763678739901,-0.2899211530250153,-1.0819141323829835,-0.6674893619916824,-2.5798291073316997,0
-0.4713157211511178,-0.8798393061009868,-1.0981988871466293,-2.1983941407105965,-3.153106726730112,0
0.718417423471641,0.8277752143719177,0.8327034666354034,0.4285661625713206,2.9506152640032255,1
-0.15774698323148525,0.8023327778844658,-0.5456827329546067,1.4475641403541344,-1.1193290095358643,1
-0.6416668201303822,0.10073580812134493,-0.025477220121737143,0.5167632471351147,-0.5686697090351729,0
1.6653519176235307,2.1775541886807726,0.9341590516898354,2.0818633074835264,4.04305015351354,1
-0.8561698406617501,-0.43782212286165223,-0.6129932377494018,-1.1434499837819803,-3.786155791207639,0
0.03556607403299353,-0.8998579716352683,-0.4673035453755211,-0.488923085505704,-0.6828256619091735,0
0.6523061516102304,0.41809142750660166,0.24208191822418862,1.0730156333368108,0.6781211918257547,1
-1.6313351104170732,-0.6749378569134983,-1.361779077791058,-0.157840521514666,-4.702972547842744,0
0.4802605014059249,0.4955165241448958,0.14232028335197067,0.011153746651710872,0.9838993614592074,0
-1.0551076754804494,-0.8330082558394402,-1.3129997092403993,-1.2654475962707836,-4.356676579569757,0
0.8227827808340025,-0.4002422829318855,0.41670359905821813,0.42771334649022147,2.4128591715244845,0
-0.9626510119189764,1.8908404200391653,-0.07013611611225556,1.2862048992906852,-2.4551707375031717,1
0.6927690318488607,-0.4055873567476789,0.38402587630885593,-0.16648067398989347,1.7071018552821595,1
1.105833066294713,-0.7988515440172963,1.1316091750110944,-1.6877196175538935,4.145905063283591,0
0.8614365256328049,1.1706787887065004,0.7604797254922678,1.0205211050195426,2.9395361254895103,1
0.2513166482381024,-1.051041950286694,0.36202517910023296,-0.758466749919516,0.8566101034974415,0
-0.23130094292969955,-0.692943230147068,-0.5386694164126671,-0.7079262087181244,-1.663657079515396,0
-0.5764195763348441,0.5765611205089946,-0.6768281936056691,0.8385177810365481,-1.4466647071735799,0
1.471034690817104,0.9384114238732918,1.6680106953140714,0.32530888604641905,5.998909258019667,1
-0.6994952201676432,1.2204763910810745,-1.130998789169139,0.8104754088332469,-3.64332700591399,0
-1.0370660735699961,-0.7472218322204848,-0.4924053952559191,-0.5063126429710503,-1.8661794287303954,0
0.66536893503283,0.5960086729861199,1.2581091945536462,0.9444527440123076,3.8918123000134184,1
-0.7961368031864955,-0.46610819954417965,-0.49289049010712577,-0.35620177301274836,-1.9357913641399103,0
-0.9500634974661273,-0.6056556335106323,-0.9151253056678856,-0.13212676268147605,-2.992050787665438,0
-1.443604262169765,1.2032127822922853,-2.938904986272033,0.37460881300664717,-8.616276914793772,0
-0.4829098394605177,-0.5495543958595862,-0.2707642731332863,-0.7826533710330161,-0.5132612999341564,0
-0.0827150238964932,0.27820459602097986,-0.2783802265109254,1.1895464826340718,-0.20507912557998825,1
0.24309172766069878,0.15557946923063878,0.11995452195192893,0.7973138837274988,0.7271083504787553,1
0.9513062442994834,-1.0707543763385026,0.002617579038075135,-0.7539352938347303,1.5539977966774283,1
0.5268979236657937,0.9660928553563207,0.77369216660289,0.8884093686785691,2.2919937181566734,1
-0.1908722195531798,0.5602808936789537,-0.915162742966657,1.077688707853938,-2.4009882368804263,1
-0.19819567637971988,-1.9862906118704209,-0.1389834033840227,-1.7717198520396176,-0.3079861979287688,0
0.5101574689151834,0.2774211112373432,0.9624862098701039,-0.4812990710662713,2.2925052302163977,0
1.2725701629285695,-0.772973434166621,1.0379060722697935,-0.2750922106385563,4.060016741004261,1
0.1263141994832002,1.0970753064126277,0.7343400620974204,0.6640535992515113,1.7068339549272955,1
-0.46913085421040895,-1.4453998367807581,-0.8426260433139992,-1.0655557117716694,-2.1963575823277033,1
-0.9928660010855455,-0.3564769686295441,-0.6926494627200446,-1.1644633630016934,-2.4039729481975716,0
-1.4452052644122255,0.36202455098846575,-2.097598140141489,1.16153421703857,-6.161335615942757,0
0.6662696720435232,0.05434029414187516,1.181834889383785,-0.0831078952591845,3.709857497858859,1
0.5779785236395572,0.7629582567139712,1.015973714929202,0.20829009060338277,1.9289439250477023,0
0.5773635251066616,-1.5184219860092896,0.8115424865885263,-1.8626746025446765,2.7193369526283164,0
-0.1286594463520559,1.6519143368673785,-0.3253015146589615,1.4834897882105258,-0.806063892076898,0
1.4069347458917507,0.5251446587882714,0.7059344341776947,0.5222598005746366,3.7081334607117094,1
-0.4841184945848177,1.359718213000896,-0.6794386521945465,2.0187910311707284,-2.3495949174400903,1
0.9552692372072055,0.8742401692332417,1.5104228250812668,0.9093114774719455,5.029212176973946,1
-0.038742894989543024,-0.01161011445504353,0.02623804079501469,-1.097068513316304,0.11957696988712158,0
-0.6083507646793376,-1.2841982109111607,-1.3848692294355625,-1.8990674669956165,-4.0546720427355725,0
0.5925303073177614,-0.5635531812487009,0.030166487607790726,0.8152142149593493,0.6649711090781043,1
0.4096361186839935,1.5895633328625773,1.0362118191101333,1.6572577306940404,3.13826458956982,1
0.356972759266926,1.3854377816563823,0.6009291353308689,1.8608328386616246,1.694672845492867,1
0.08127842205619876,-0.61959998010369,-0.5357216383137652,-0.7737730498506092,-0.9518838488077784,1
-0.037893081716830875,-2.8183042862021788,-0.9208088298041277,-3.3206099433056098,-1.9973135598334606,0
2.3883719928704386,-0.21268973430511875,2.075850925570405,-0.45333084549602054,8.239825091603162,1
1.184256645196173,-0.2877028881291165,0.2585772912012132,-0.22353984609991567,2.5347045351080766,0
0.7228268949855121,-0.24977261204038337,0.6449096499820118,-0.479890780653917,1.7804928726300975,0
0.11179915820338826,0.5285392018314015,1.33761184412154,1.4877730850962836,2.355036913258812,1
1.0071572005966691,0.8762125793216632,0.2086791627470832,0.5680861822083509,1.9303779030642283,1
0.5179947763914519,0.9902995470995242,0.4249819447883443,0.4628817419743937,1.3054352221193972,0
0.026204752774035625,0.44570914013536694,0.6821680404396612,0.8501105199865262,0.32337756629077896,1
-0.3035643252659147,-1.800770701922636,0.07097960388413294,-1.3347694500001628,-0.6859003942031457,0
-0.0809173376626882,-0.3411997326932956,-0.15528769506225715,-0.32621117192405286,-0.5712126758444982,0
-3.1704257358780557,2.30408978354919,-3.243600070962154,2.003017972278826,-11.442839561926842,0
0.21060083929764178,0.37421673480247836,-0.3673540519146478,-0.5761126722840297,-0.05842572260992296,0
-0.4884760801103597,0.3678195684438652,-0.6223039651131365,0.9781803296659203,-3.094591856711291,1
1.592669998282884,0.3594859397738579,1.714390355402949,0.7937663947347131,5.431602969036666,1
0.01934407081175429,0.4153796225059898,0.5719008424487994,0.195435462631442,1.570649143352823,1
-1.1889634195349619,-2.3831121810859233,-1.4990512312923399,-2.3533259418710597,-5.115378410117493,0
-0.0498801541281177,-0.23952431691106857,-0.14479771815984896,-0.35286290817187455,-0.9701111221295332,1
-1.0461210850625042,-0.03789283179468944,-1.5207278254408454,0.7764722888484803,-4.950987321992669,0
0.4734074157124664,1.2814953992534124,0.586070005482719,0.7625362477762991,2.1053547725243553,0
0.29094736433948537,0.047672894622295944,0.682837089493967,-0.262357852387664,1.6753934437728044,0
0.9578396311082676,-1.6465113866019412,1.272663637823215,-2.0048745061339304,3.619607192960674,0
-0.7908817916945654,0.4300891561717522,-1.375975329415743,0.585169799392889,-3.697383328470022,0
0.0340080962281468,-0.8038246482427452,0.10743970095635422,-0.775759921394109,0.45332533412697706,1
-1.3650217954266353,-1.2167856410814177,-1.7036780595517294,-1.1167515593500097,-6.08663791680457,0
0.7014947819247145,-0.8341590467165808,1.2070197897511312,-1.274462609487164,3.5136747254099734,0
0.518871180440122,0.5425042296645154,0.438214819053353,1.2849526448697126,1.0049938352822467,1
0.49580502102757085,1.2587612397600683,-0.2639516480929711,1.03173868614945,0.8008499013712401,0
0.00161903135694112,0.48292994517758675,-0.1082823214469255,1.0767249198758493,0.40146249465615824,1
0.4147728907887909,0.6320232236170215,0.6440091753882315,2.2015802222576935,1.7663409360932354,1
1.6043391083085963,0.47304527283800113,1.7263421398799959,0.03637724593081221,6.391673750011491,1
-0.28509425704201397,0.10132717686046831,-0.540992263868004,0.2725196267961167,-1.8877330426233643,0
0.1386451837100845,0.6969306349627578,-0.1539915112254886,0.631128815834798,-0.16995700402896696,1
-1.0861262991814098,-2.418775467069421,-1.579878498289568,-1.4033346896080057,-5.081341093154868,0
-0.8682609615983323,0.11108835130483316,-1.0656357717659855,-0.029238612437716638,-3.4460066105432974,0
0.09781329309330739,-1.0449250346222516,-0.33002619016959395,-0.9205792958632086,-0.48020988352128546,0
1.1039335467019071,1.1629025725441393,1.5889765397905646,1.2763367322998027,4.832521867744895,1
-0.25628082425157245,-0.1471553052168605,-0.7068495196173807,-0.19735469019078117,-1.84321213179238,0
-0.23591652931212392,0.030948088267830184,-0.17477429813102338,0.40868497220125266,-0.6397796458731042,0
-0.4068852445043747,-1.5050718742538034,-0.3797332928412083,-1.4583736740262812,-0.7420992127231563,0
-0.5347566708443231,1.0168308890128515,-0.06192294690186745,1.257756758035392,-1.9314188099461833,1
0.29497145570882155,0.6273281202738094,0.839655600188007,0.7341294727022913,3.0822291013268326,0
-1.4972576451786446,0.5569478823405032,-1.1492726735379803,0.25467901948518396,-4.719820602131385,0
1.2809395766667275,-0.8130228521688223,1.4574037483117925,-0.9475038820314273,4.797264514815302,0
-0.6654222981294604,-0.7736398449381301,-1.1897453711764894,-0.49592841856665004,-2.712973443107309,0
0.7219034854381412,0.2235994544459053,0.18746844156901243,0.4992796053975784,1.761136621818335,1
-1.2699985973938759,-0.6944984102480514,-1.6928440072763504,-0.07199388584220401,-5.023176476295479,0
0.6688401305462182,0.4348929626773386,1.0448006303601758,1.3645150365966732,3.715676883636399,1
0.6719446078144975,-2.160912602766722,0.7086095719398154,-2.4214470413872267,2.342757333677027,0
0.3842020720058965,-0.48754455640659267,0.8185306923736777,-0.42010747726677306,2.672872252895904,1
-0.9944285217997922,1.7967534654264914,-0.4930271546397508,1.7000505606505882,-3.1079400885524806,0
0.249548189598077,0.4394858279957648,-0.11342776055154696,-0.1141679907036734,0.3562288723570362,0
-1.183056184734389,0.16679366453099267,-1.1670190209557953,0.4490712339332035,-3.827713960248134,0
-0.25276325509618536,1.9852265356713568,-0.2592600944379805,2.3741451176742845,-0.32464011773715495,1
1.029413100955326,-2.335953618801436,0.8655192561432185,-2.8744492318946935,3.629074227986605,0
0.796701927070742,-0.8153111147881075,0.5292804998083863,-1.002560784375767,2.355856232517945,1
0.015182942540433121,-0.4011731717473891,0.6075606942459616,-0.6372179329620609,1.0790909255236811,0
-0.9748065759228419,0.8583512330053901,-0.9488207125650915,0.10413888139280603,-3.524222302429983,0
0.6455877121741934,0.8756563632282364,0.6521601064540774,0.8574676981456749,2.112561150307162,1
0.019381237698025213,-0.8660067089826261,-0.3820075997362727,-1.4386275472019108,-1.383882877995244,0
-2.3203155982304233,0.9979543221425496,-1.982709383023671,1.0774511677702128,-6.574177206929515,0
0.7826298263165181,-0.4033147673217075,0.2800760758975106,-0.26875400484181244,2.233434426361483,0
-0.024232833869692143,1.2116396256491668,0.203219930552649,1.4081510173015297,0.4973407882645831,1
1.202451247983072,-1.0326426981220578,1.4435659280106532,-0.8119816092571178,5.098277369342561,0
-1.0952705188428047,-0.12331159906616064,-1.301528043504589,0.6421587592326069,-3.8694355590917273,0
-3.1767038131960006,-0.49016731537656055,-3.0178777726044106,-0.8944903857843559,-11.29730001300403,0
0.27908385834518495,1.0560303715657138,0.3719186378674285,0.6767894635570953,1.4808386962678095,1
0.2915636766819725,-0.522781216566171,0.27188336427689763,-0.1951992679781001,1.615985236773388,0
-1.690671627606452,-0.04244852901175601,-1.6841996375338357,-0.10843929166961311,-6.2433540695219625,0
-0.9784995458666064,0.5068113976630492,-0.9476086342698458,1.069474701192188,-4.129816926815741,0
2.7552177437199017,0.5452584830261195,2.820173580055926,0.8261028792091416,9.192152524482003,1
-0.30561061415380336,0.8869526074731716,-0.2754895984819499,1.8460082716196022,-1.0575664176155142,1
0.7309589763762162,0.21112477684466674,0.17902688127014532,0.16546055195832116,0.8446161475331393,1
-0.6506598273683838,-0.4182489152798312,-0.7267653028711862,-1.1592687012731235,-2.5155229225455464,0
-2.0903028988531567,-0.34969874535875045,-1.9578285982547206,-0.17936803536917717,-7.378469027992617,0
-0.1702582467959055,0.02567231520761203,-0.12161388252625974,-0.010164763749427274,-0.49901468996385734,0
-0.2656045602861052,0.24959247607438337,0.21127056941146405,0.5168362193316687,-0.23069698381709636,0
-0.39987823866837147,-0.14717164784843637,-0.08983494391864427,0.18413194548916564,-0.7974772402098848,0
-0.11464083550639245,0.01920342096554723,-0.5498456030329604,-0.24807083658241424,-0.9703946791809099,0
0.26426827164563654,-1.5172538605721053,0.18095471761843912,-2.021756689834683,0.2792824446857876,0
-0.15011695125380659,0.6673552844546782,-0.3057852779774005,0.5943836094484851,-0.6960767068167966,1
-1.2640061679473638,0.18111228888942987,-1.2661804112609558,-1.0094834789977982,-4.854496376765347,0
0.4861847915619389,1.0018704135410883,0.484694091642589,1.0422040429341972,1.6957892860796626,0
-1.9493717553224232,0.00016050740708493661,-1.643610920702499,-0.20355853016099693,-6.252207293017166,0
-2.0503574572842003,-1.738397578521786,-1.9616932757136283,-1.3075600562754457,-6.821132892968374,0
0.7391804947015679,-0.35844618930667493,1.354452997305843,-1.3513704560782327,3.9099903897026227,1
0.5070202721353568,-0.19992992311841679,0.6275218409665368,-0.19675726821809805,2.6350146228914557,1
-0.05739536507403601,0.7429033054335988,-0.4726906252426742,1.5310154477921687,-1.0445055456050076,1
-1.3954485047550718,-2.070273544513395,-1.6290888148391816,-1.7325728805378857,-5.665102221034432,0
-0.7079109406740752,0.04117951694893489,-0.406016405308196,0.5315155147928662,-1.4090363033787066,0
-0.2627467476865041,0.5136752157933061,-1.0698308799393468,0.68354197710828,-2.3682898782751955,0
-1.5958939685741136,-0.6614878852815197,-2.268834175954136,-1.4922549202318496,-6.489435589577122,0
-0.7390286580232329,0.0746280098168474,-0.7336800544606177,0.15789259636808609,-2.6358873310835516,0
0.6523303381766798,-0.6270365091498449,1.1277913974372626,-0.42279182911784285,2.5797288344999556,1
1.4273053642892164,-0.7295729332203907,2.080823080266655,-1.2686852053157778,7.424560080529072,1
-0.4194347526585506,-0.40841985013131715,-0.5279876261694364,-0.4716967718109839,-1.986449409150853,1
0.7564883543160984,-0.7106919924670108,1.2869026978090403,-2.1612273069889687,3.1280764837385333,0
-1.9140600705874673,0.6836183119363326,-1.8779261157030183,0.5165692239654286,-6.268447956238271,0
0.6594512411136115,-0.7349518768353778,-0.10625625000800376,-0.953139848243529,0.3040890354151163,0
-0.803948414727481,-0.9029100070479273,-0.8079866829666659,-0.20179032924125329,-3.018097781099474,0
0.30734561670797006,1.7679286668395335,-0.0021084456028054865,1.4663171155251868,0.519088210617201,1
-0.24775241823970925,0.9607400118240353,0.2113630219991612,0.8275614825262958,-0.020562307757233708,1
1.3204140097838342,-1.8615133606592003,1.3075763796065907,-1.9011277492976044,4.414067150765019,0
-0.8744356483399182,-0.7647682898525335,-1.5133922016181534,-1.0599283018177235,-3.543593154454001,0
0.6276062975618311,0.242462971722711,-0.12225110789244853,0.6023586826387906,0.6411750687835581,1
-0.2795074632965335,0.32375506723149367,-0.289997442003759,-0.6724409396969464,-1.448969201570144,0
-0.15830547800966377,-1.4904928657368934,-1.3684142137395165,-0.9222045136648285,-2.4858102381907723,0
-0.18385389315920966,1.158565492822322,-0.44293653807316,1.1526264336643872,-1.5229227187447782,1
-0.8456731044941129,0.8252244191816259,-0.730157941622692,1.476047986579339,-2.7833589989364027,1
-0.014098965906671578,0.48190163204033865,-0.5426072179343506,-0.891714439016797,-1.5586762332110826,0
-0.0626482221218215,1.356728490712121,0.43434535633084337,0.13861383040656738,0.8804351321922023,0
0.2412402484067293,0.45228999257091806,0.8367435232820754,0.30630071277816795,2.0552375554780697,1
0.0845051456928626,0.44858087925184725,-0.42384533068311325,0.7015385732521275,-0.7354375692571962,0
0.7979945496122365,1.5576792718222423,0.6489724625139932,1.2802129138206553,2.569945833787163,1
0.9235086160473687,1.1012195807277088,1.4208551917081045,1.3931424957689664,4.635874021650579,1
-1.0506233218278012,-0.8415074589115312,-1.0512770889553458,-0.3508525801900496,-3.326942040795091,0
0.868772500590771,0.6331951786719153,0.1715332115412611,0.9661949521825994,1.1265215405355642,1
-1.1863364271098544,-0.664267864958582,-1.257996961392031,-0.6126336127685414,-4.632825194967255,0
0.5878558881377351,0.504154550950278,0.16139172698981552,0.5519559757773062,1.6667535948257035,0
0.6197387847028688,0.4766135070198144,1.1738377329158114,0.16921596382562243,2.885868532224253,0
-1.911316891662504,-1.383467312455986,-1.6083508445002097,-1.4111544745578748,-5.83772838417589,0
0.09297924652940966,-0.12184561131103523,-0.06389922610340433,-0.6339610549283988,0.4314117027117287,0
-0.4684961133603157,0.26525702358040226,-0.39742210709529546,-0.12710771010012656,-2.3183785329851743,0
-0.758765257935375,-0.43629019099415695,-1.412826046421618,-0.17910809122077948,-4.1669693450963665,0
1.3508523306990055,0.3147099423907597,0.9739636014201997,0.08326937662508516,4.381722765985515,1
-0.6536791406374189,0.8058977770010688,0.12296045320882754,0.4371168299164023,-0.808084740052294,0
-0.8063769291180498,-0.030593064230755616,-0.7796196028282162,0.1940224423617408,-2.9708922185463864,1
0.07569494000509344,0.2245994767082595,0.5407378424007762,0.414549305173468,1.6105754852943441,1
0.6855897462984164,1.383424078555975,0.8015962905024305,1.2757742858316696,3.183530078436755,1
-0.1416485860101269,0.4731965832252261,0.5154923355046352,0.3987288678644074,0.4793069198690805,1
1.1663705456692521,0.20082428967447372,0.16695177936964223,0.4087982346144272,2.9670247675332644,0
0.5309756619640905,-0.958079379641361,0.4368668699545873,-0.47360082144941573,0.7780888664637494,0
-2.1782113197314303,0.6710260113888485,-1.355820496623236,0.7715688409657292,-6.732514645931364,0
-0.5294669635070083,0.33014994939193837,-0.0513802457266862,-0.2658670057966179,-1.1241507100914305,0
-0.5618420993516988,1.283739433701408,0.10084403004339682,1.1730256873196825,-0.8083398054135457,0
0.4793609534294221,0.04687854330331131,0.47597865660117666,-0.15669637559339714,1.5266164696138236,0
-2.6248170563741122,-1.8162665001339957,-2.893370264080804,-2.3427595533212187,-9.991218689784471,0
2.5490097087177226,-1.7001208688282619,2.0354274788737583,-1.4511544860272114,7.531564084562258,1
0.53102609489421,0.7356807637597335,-0.0174379509365451,1.0231070534574003,0.651507037800846,0
0.1488768039176911,-0.5701935976981534,0.5524070850219507,-0.20708938684517347,1.0332061770306178,0
1.1815677164191463,0.4367677511104973,1.4381732416295723,-0.058688725930547636,4.989661926889488,1
2.343654052812625,0.11423264450235611,2.3103673281474446,0.1929581130419427,8.151522967913001,1
0.8707466445884032,-0.16683966769392072,1.1248419720142435,-0.16997728411598423,3.445222513497074,1
0.94881309647162,-0.09636128558822336,1.0200389759976505,0.05734026108271954,3.4272382692386563,1
0.13069002446438233,-0.8653895050452268,0.611798875164124,-0.8005262592961304,1.9767134705103189,0
-0.14152575336694828,-0.015777688899670742,0.33481762408713667,-0.02205066135782364,0.21564336135827933,0
-0.47579544400490115,-0.5844934327943987,-1.0087324942473224,-0.6508553125316725,-3.367853867340824,0
-0.8261119917145421,-0.3722565201257048,-0.689288997979647,0.18116378488705526,-3.106428356181964,0
-0.6870140996994973,-0.32364904470916106,-1.5214474747965383,-0.7545560484688041,-4.189926698879202,0
-1.3505559643429832,-0.22669326989871927,-1.284045595297685,-0.31327870528124363,-4.35317353972353,0
-0.07587145068502332,0.9221734565070863,0.22628068916576932,1.4628587899100665,0.7786579627162159,1
-1.6846675772263868,-0.12979082920469348,-2.3415272496229673,-0.535318791220398,-6.385736693833261,0
0.1909165241437107,1.0237023365900986,-0.017314843586705403,0.6436583727181049,0.6213226350481456,1
-0.03633060804234174,1.5378549513264819,-0.03156741943244063,1.9048254235523867,-0.5591047323592526,1
0.14693529838668778,0.8549446510561495,0.26389275657338246,0.14298773073262816,0.6465755231439725,0
-0.5221315700199924,0.5344685350685111,-0.6614334216324098,0.864784096581758,-3.1878943235229027,0
3.0768603701805035,0.32683220948352026,2.4907162939781675,0.08201491986003856,9.440952963917823,1
1.360115900180313,0.86535870905007,1.3331122992206839,1.0703590168102812,4.40384500112928,1
-1.2445425000847228,0.0893607385962395,-2.070664283555212,-0.5210065449315737,-7.1646550117360785,0
0.23286808742689824,0.9845698459571985,0.11654736908582579,1.5771079792363827,1.636164657393467,1
-0.6080061429373236,0.6141058052896845,-0.8286929497857884,0.005486480344912947,-2.7583869876721896,0
-1.014479726707414,-0.3598404607803879,-1.0816125634271243,0.002634715992939185,-4.738549803459891,0
-1.340072071123935,0.8958508801028059,-1.6197330598617763,0.3081196882148133,-5.386644425194461,0
0.43221669075925395,0.09148000597756854,-0.3216237283188462,0.9956304415221003,0.8304626946567624,1
-0.6813802350695739,-0.10613200761231605,-0.86455189536433,-0.14182289853988053,-1.7976246015101331,0
0.9678260240252041,-0.4761991603989872,1.4332360865438636,0.49922938709950465,4.347396469692138,1
0.993782214530439,0.16601884787457225,1.6245126165248414,-0.24342489583075752,4.787887428866884,1
1.3739143852114495,0.9964626154129835,2.593581524571083,0.7751372673885858,7.860831263416523,1
-0.8523867660741036,0.8889400055930373,-0.006561561875271571,1.494299607459122,-1.3669592327570896,1
0.4753656106920102,0.35339379745895677,-0.12310335264204186,-0.3597042134286012,0.6969836265160458,0
0.6324542166423008,0.5996436407250353,0.42823541600597104,0.25001031279006425,2.224947189780951,1
-0.47417817510396487,1.2716967915225579,-0.48557099252285335,1.5192310063672239,-2.2203773486704126,1
-0.7717719573928751,-0.14996629117086105,-0.8145518745097249,-0.6593565795190275,-2.0183780207169106,0
1.6095206657759729,-1.1154200035302062,1.6442873307240857,-0.8545112925206839,5.26301141737107,1
0.22749587573205374,1.3011298521785726,1.431291586505833,1.3863320446894316,2.8869311689702535,1
0.635967750711738,-0.5297782520307184,0.09494197781553926,-1.2866010639018106,1.193746731835379,0
-0.8220760118279274,-0.6903381233439047,-1.1788415799350769,-0.2064537293521715,-3.120996490252424,1
-1.2192844665221938,-1.7961977553345514,-0.39737150147764744,-2.4274143019318357,-2.284967225870237,0
-0.5694497744921104,0.5712830531642964,-0.8774404460345365,0.9569226016507649,-2.6337553936088405,0
-0.12402138738999703,-1.6214526245522214,0.07276893777786085,-1.5572149254300809,0.1015906899657299,0
-1.0642200068173489,-0.7502588076917368,-0.5468913218832446,-0.9777650400446078,-2.153467786186373,0
-0.009844808650383004,0.5882367945150587,0.23340469971563177,0.03553553203461679,0.4562389001820317,0
-1.6885051880685,0.721921252408372,-1.5926223715172538,0.8865559151124468,-6.124030208660564,0
-1.1200474224698722,-0.6517041482182336,-0.6507420376228801,-1.0879665449569973,-3.2830191284597423,0
0.6709112482768751,-0.1341533269924053,0.2243769700243899,0.469823411033883,1.9097611414269537,1
0.6037905202778941,-0.8725945264061531,0.35560895552989347,-0.25036922175445353,1.2112852623113919,0
-0.3918767653868664,-0.5483967878111827,-0.12405797115428457,0.2726202226818156,-1.6198529398595196,1
-1.017764309076953,0.26621526015290703,-2.0524839386840785,0.4066639786905612,-5.783708681700628,0
-1.027403551526011,-0.5016466787964576,-0.31911163985366464,-0.7038015815456456,-2.217002253948193,0
-0.3732682459413141,-0.24421504017566917,-0.22157205834242352,-0.39266633051099764,-0.5727973348160944,0
0.6445184916452914,-1.464706681617567,0.7210343680358665,-1.649750473018694,1.6799582765520393,0
0.9282456913443246,1.1329561648061375,0.11298925252379588,1.256958933970691,1.7915830031250983,1
-0.49653173548196905,0.5100665931710655,-1.1398362981818382,0.7283702209653667,-2.4488406972199313,0
-1.1534924259847839,0.7929053718372014,-1.3527842581352147,1.4086875548456503,-4.844479755698106,0
0.2678436378663333,1.2904253246168624,0.6715585630141327,1.3004870324148783,1.785704438487775,0
-0.8235349706258495,-0.8252128755457165,-1.861842976725142,-1.526826540812496,-6.03428418076547,0
-0.5182526388612024,-0.3583944830280237,-0.1240702384725243,-0.5621049462589747,-0.5889375812809508,0
1.3252760904370375,-1.894834367582211,1.1452604283828542,-1.1169084775539497,4.676233175272812,0
0.827115428565768,3.140422910102237,0.7154036921949419,2.3621336248662304,2.661491634264967,1
0.1579743122514517,-0.14958531531737618,0.2847707830968551,0.21998966488331462,0.14286244946396554,0
-1.2719190011127228,1.038727899914912,-1.137260382189517,0.8434413431231919,-3.848957637029434,0
0.2113965674706589,-1.2381611443354588,-0.14481772749763963,-1.679893299535219,-0.09503956996310267,0
1.0626572907875265,0.9963884256430097,1.3751123350219479,1.1941939501990722,2.954019439519689,1
-0.3756336657655356,1.8575908766496658,-1.5353327357137547,2.6380673894610487,-3.2450097288899413,1
1.3511140899867151,-0.060280749027981445,1.1259046467028877,0.10994133936360406,4.8602883331234406,0
1.292745289518207,-1.0108814965896014,1.369586171106659,-1.142153601610221,5.347943168437823,1
1.6637328321434735,-0.13879640094553602,1.491258174536236,-0.7868210207487205,4.839614155396718,0
0.30524312653135294,-2.2267615249572263,-0.6082120254516379,-2.276186105508595,-1.7169563518009574,0
0.5873916998060122,-0.0378867010218419,0.9664053891862476,-0.7039616111665624,2.608705756475827,0
1.41418728833109,0.8209671393129958,0.789993382267564,0.6660050286028808,3.9601999610267598,1
0.4473939370689756,-0.035757644373514225,0.4136369333048308,-0.06728646856931611,1.0269694081092169,1
-0.5012341077902127,-0.2841395546889674,-0.4247168092564013,-1.4644103000442048,-2.3968019874663593,0
-0.4485428365278611,0.527568116112033,-0.4386292596451775,1.2217292184059765,-1.187787982392977,0
0.23855495377373903,0.6040248469495526,0.8230604167056467,-0.015235889610666575,1.8313498431628197,0
-1.2905614219462187,-1.6599055625051826,-1.317192701943062,-1.75288516309053,-4.2589329213374185,0
-0.14325891536419263,0.08882296227878847,0.0704687869842775,0.35573958518504667,-0.06605245266494092,1
1.0965471182302537,2.4359851242292434,1.0685951016546331,3.0902599833188327,3.6989582835760313,1
-2.191253851165281,-1.335016245648024,-1.8847758090821438,-1.7310927488344399,-7.08850038594609,0
1.534482101794515,-0.08541883283306649,2.2312297503182767,-1.3400114633195142,6.584959967203394,1
1.1223742187031596,1.9417461220517032,1.1911451334392564,2.4810779800573464,3.8365803838113584,1
-0.4597646158304763,1.1041751565436755,-0.06883943703897649,0.47942771333057066,-1.377966357265473,0
0.5433908278718096,-0.5133966807760615,1.2710552953129084,-0.33367505898419736,3.598871555799485,1
0.003147726906326633,0.2061353796226038,0.6817398503934623,0.4169302296904268,1.9919698641375747,0
1.229990368438683,-0.0021116799848234138,1.0373456666330778,-1.6281263963206167,3.6694372321204693,0
0.9826831427699412,-0.7480718043216674,1.500899320642525,-1.5554901900938871,5.408873167556597,0
-1.4000707231830092,-0.0742521074930824,-1.2756851431594127,-0.3046577108516501,-4.4631873824788055,0
0.5872624134641767,-0.2799661328065288,1.1458774123311337,-1.572030092276146,3.301735733691536,0
-0.20562785364324765,0.1127489380767495,0.07868943813822732,-0.556276700051957,0.17644618674226664,0
0.0828325705180999,-0.7483831806910335,0.2206666085361939,-0.6869439006277002,1.0531360278634228,0
-0.7281719009698155,-1.2766182002446613,-0.5111858607966384,-1.3208600262902954,-2.3419165357314857,0
1.7481370691208353,-0.04128077339237078,1.875756047140301,0.1100464419297653,6.651129446936026,1
1.040061819902576,1.71511821817878,1.187228342470831,1.939728707543206,4.457866756011915,1
-0.7397711639729673,0.08220292626279659,-0.8191873442639217,-0.7587118572270102,-2.9377200529759073,0
-1.3346106069102326,-0.3315937789315457,-1.4604727772139912,-0.9740179106378652,-4.920492048965368,0
-0.3856726309778482,0.7540858050384984,0.49591483370848644,1.1347688997945236,0.02969180826863932,0
0.43450264609130573,-0.15831961259537855,0.6732666016468978,0.6038455079059615,1.7517630521088574,1
0.240205843946223,1.8680329249591099,-0.04644661716947687,1.3843289005280037,0.09257007545678636,1
1.2531328247682434,-0.003912509295078522,1.1144241090534215,0.12554028775339993,3.65644905155992,1
0.7899197221808523,0.7004970631581632,1.3180489489048277,1.1040385098151109,3.7895037714214674,1
0.9695690257529068,-0.7546043823932727,0.6014756707085971,-0.6358265737986302,2.822719362629894,1
0.3268554006104374,0.5030892533366624,-0.414158440295068,0.37870610062617194,-0.12405865112196224,1
-1.3892987302109905,0.27509347694375413,-2.093523300512013,-0.04523152028074229,-6.675230340341217,0
-0.19569853114690144,-0.056506124659208005,-1.0601863312492954,0.9361284777235627,-2.7170814265635403,1
1.0600897399086655,-0.50175776116972,0.41068231077643647,-0.4536532404062327,2.836957798722731,1
-0.05152292852464606,-0.6380301656523745,-0.6419558984250512,-0.4435591500437372,-1.6655597565204034,1
0.5030903686237468,0.28235266397965253,1.1957090584278163,0.4445127043531084,3.5581493493106127,1
-0.3187483152461331,0.6289391096964736,-0.3418379215757673,0.22272990619606753,-1.5280305093209101,0
-1.029811848541845,-0.1271627962941314,-1.2114436181102035,-0.10175228463697877,-3.7791069964714024,0
-0.12334406404611045,0.2872679291207924,-0.8450505955553973,0.1261465851817415,-1.498941449481085,0
0.3090474430326539,-0.037914678132769594,0.2374842442969839,-0.20798847371721196,-0.38630348907583123,1
-0.6556877194614437,0.09852602490538785,-1.52435175074354,0.2570055954147698,-3.5980015980147724,0
-0.2357112448566685,-0.20044498267722502,-0.4204198304998509,-0.6582664692948952,-0.5423709584857296,0
-0.9394632419859826,0.017972579368308247,0.09278395293585484,-0.5844216310335657,-1.3780841857535826,0
1.119244917564096,2.6980404568174263,1.4511467069172785,2.9494029870201364,4.754029987422414,1
-0.294455757588034,0.3116342988074249,-0.39935483776529934,0.0458290024930898,-1.6599545158156435,0
1.452755545126183,0.645296958431043,1.8018173478293613,0.47278909829267474,5.964508281433279,1
1.5287478505409084,0.4380236053280973,1.2679762614771244,-0.5263746710102335,6.059599189072671,1
-0.08104596472174376,-0.2628168232970597,-0.48138483616133765,0.21872456779125726,-2.182706499530524,1
-1.0084487325473497,1.293989213291668,-0.15638391778092853,1.5559973192495147,-2.075796697787326,1
-2.0858978777333372,-0.2911637704263413,-2.657035204693474,0.06287062222957363,-8.044540043228046,0
-1.4720370730267915,1.0550545489425514,-1.6490976908654669,1.2487173591414236,-4.875459344193612,0
-1.37383482489866,-0.33420699806644877,-1.220818183716905,-1.092185474911581,-5.193599789220851,0
1.3784696274615047,-0.9599725191440409,0.9103525245827806,-0.845473036804465,3.5693141240745976,0
0.1158245872269461,0.36539620823619295,0.44112706404265095,0.060829457063718395,0.765832064706594,0
0.3896045240919878,-1.1046683561021067,0.2363072617708616,-1.5860969087188763,0.7305234106078433,0
-2.220421008935126,0.5356402250166092,-1.8884658451516976,0.7856643457394699,-7.165650498427743,0
-1.1979664292172616,-1.1941586560913167,-0.9049743393420024,-0.36490419771497706,-4.321243804185986,0
0.887079776446287,-0.3190080304728533,0.765573711133372,0.4276616790053174,2.73450438794123,1
0.2867741123825862,-1.4317296965247417,1.1421034486780788,-1.1206571872694338,2.2462936174988477,0
-0.14720527868559727,2.82416700940273,-0.47987318040231797,2.8090529296731317,-1.214981729536165,1
0.5648423586001226,-1.6539595596163144,1.239277593874491,-1.7617307200757708,2.973253737147721,0
1.6357978061358152,0.009813740396404322,2.2232644274498354,-0.4424380528252092,6.815707205740449,1
-0.22104246353705057,1.1433042743300137,0.6643986402931694,1.0084376824766754,0.4790149024927298,1
0.06936980265806943,1.0363859085870253,0.15639782232957983,1.4906478883810974,0.8932006557926302,1
0.19259691873130513,0.8513421221731372,-0.2016959372326898,1.7629116881856057,-0.27729480222457625,1
2.3921096352739926,-0.31722838822147553,3.4305079279387662,-0.725469041703495,10.45609418532398,1
-2.0993562644190256,1.351088946337002,-2.2667069984072077,0.3535822040011525,-7.755358107968385,0
0.683223014788808,0.9133910908021826,0.2764517284360404,0.6479540927460301,1.5813540883769936,1
-0.11480224875906367,0.21229961766047659,-0.20969562171147005,0.6642766740960441,-0.5904983304480472,1
0.5667717261841796,0.2405807577265921,0.0759263681056408,1.2767194030561269,1.4045795058022092,1
-0.6573725539947244,-0.3039226476153726,-0.3942981414330515,0.3510979557130294,-1.9176885634582705,0
-0.048965030858450255,-0.9096520258330384,-0.3517992217377065,-0.2670094196438494,-1.1369427575919393,0
0.7114105794654954,1.2371509754787164,0.5676684945130592,0.8123707986413464,2.223310502918177,1
3.1129102010438414,1.3122079936015318,3.5967996318763227,0.9015133068270278,11.556512459465281,1
0.8080361894020714,-0.8841091410299213,1.1198827944901673,-1.5460139596630254,3.4143630838584516,0
-0.8480655980305086,-0.15378516514619175,-0.8402733117456793,-0.48652503320890716,-3.4786586551505163,0
-0.4237596820227031,-0.14342321645892908,-0.3383229176492121,0.31362567524665363,-0.7873941221443511,0
-0.4534141083838538,-0.03265590374030994,-0.44728639306808304,0.779587689727153,-1.9649603278033936,1
-1.795643172630015,0.06429487858758168,-2.0112207058386975,0.23705351422901286,-6.116204349184759,0
-0.3300901917014373,0.9468614616461799,-0.3313535221253309,0.8193009816412207,-1.1884051946030074,1
0.732829081821745,-0.7472173084867436,0.9782498945682169,-1.2805797173234545,3.4838200062402054,1
-1.2742321190767951,-0.8463469915126599,-1.3373131835662149,-0.9026045695193061,-4.969630528591286,0
1.0484826510505925,1.2366197421429752,1.2583664661657294,1.3381829059682524,3.1060343648069346,1
0.4877748210843382,-0.4626447418812982,0.06944043187281446,-1.1941807782678961,0.04613815617388062,0
-0.7342333219710379,-1.2630353535770662,-1.0361801475438903,-0.8022988893236718,-1.9222591104295934,0
-0.14152963733784743,-0.48512994209987004,-0.5086898889748351,-0.6970869402541997,-1.52864438296245,0
1.598321807641033,-0.33005273524400075,1.3157561217448297,0.1006551853065995,5.577073986392037,1
0.7335478135058658,1.5549627277257647,1.3771383368589114,1.5495027467002727,3.2057202505542133,1
0.008783654898147817,0.9248262123767372,0.3718030514533279,1.0734345588203906,0.8462089470703369,1
-0.2376833169609843,1.1475206166322423,-0.7761448763031571,0.7965460115915884,-1.7346111190834659,0
0.07660907045165961,0.819973642346786,0.29535821865588713,0.6476659994390613,2.123836048539949,1
-0.5117635579423034,0.9462436716153141,-0.7070547142665884,1.2672647332962925,-2.3406841348312235,0
-2.1047495057190146,-0.6880821265803181,-2.4459417984547973,-0.7538312439495051,-8.40464188003374,0
2.042177910534731,-0.19860215535348436,1.2993081776734774,-0.751089163202069,5.8373500258243745,0
0.15532499919940146,-0.9899153130235488,0.6412843461095237,-0.9341282854974089,1.0531748975334219,0
0.3981472651225371,-0.21048803053703335,-0.28378430971103213,-0.017650522117832745,0.23444072291884707,1
-0.057907749876908735,0.684104990934741,-0.08388933888184597,1.3705492537707564,-0.28138452988129703,1
-0.7351168007245882,0.1345832848122468,-1.2082724235870226,0.7108599191419827,-3.8961288754700942,0
-0.18592448094877073,1.3114808189602953,0.2019974925861916,1.2791630457833612,0.3723002306598483,1
-1.5993947621943112,-1.1414157922272195,-1.7665706753512864,-1.4150833745593423,-5.878072809316995,0
2.2770864980533045,0.5002383506982397,2.209855170293132,0.3860876510173944,8.21550030718785,1
-1.234511998422396,-1.248302801869318,-1.2848791298874125,-1.51016955555828,-3.595299570488673,0
-1.0319662838471795,0.09417646917364228,-0.8806811163792878,0.34725708202561567,-3.560133197948406,0
-0.4402592043864004,0.7403334225564788,-0.4337568223947457,1.261165983864304,-1.7336564732425015,0
1.2880757248523775,-0.21450256682421934,1.2664391303718194,0.4054146128228252,3.7921681382265926,1
0.014508999262654136,0.5511266040869562,-0.2446919883647347,0.34502337783812376,-0.2071053405367686,0
-1.2361357960304624,-0.959732334832934,-2.023500482701509,-1.2157455345399932,-6.223580433178942,0
1.2543383607573395,-1.6636899781963828,0.6950628809864118,-1.8738871904756982,3.4443972946922083,0
0.7310006267854814,0.5570296224878031,1.090240496125804,-0.4089888525552766,3.859718542713144,0
0.5384349572164524,1.7440102340757326,0.3855252255533036,1.1426040548022733,1.2365036697443696,1
0.7157342411708404,-0.9960449401698923,0.38372935230960054,-1.0133214431392341,1.6039186630249893,0
2.394361900582451,1.2221941801067957,1.6914978283734283,1.4118300503287804,7.481794840480475,1
2.185094895036112,0.04342340881641101,1.3252713249909363,0.289009937757684,6.281896409212179,1
-0.6867153430032953,-1.335691521693076,-1.0383187830673946,-1.7259387326283435,-2.8059687909823,0
1.6238849928111523,-1.1315053013521625,2.0679114198337807,-1.3770603752618396,6.375956895957663,1
0.3831681897589003,0.015784773360650053,0.10463309294774109,-0.11896712995908033,0.06598365514867865,0
0.4990958161377494,-0.40446228792410366,0.6993385787584732,-0.5950252373418833,1.791403942506252,0
-1.6922708316433286,-1.312912976758239,-1.9938007463423075,-0.968904116425907,-7.0307479975930995,0
-0.17038576538819597,-1.694039281225405,0.14904758262622866,-2.348126336206369,0.3332896741970705,0
-0.8128235903365649,-0.8467193279265061,-0.9886989912408995,-1.421367130447977,-3.054372599676434,0
0.8280588148933092,0.19380900833111825,0.21211669211806106,0.04459136050739512,1.3670131441532036,0
1.071080500402805,-0.006400752603138034,0.9366039664530832,-0.6892026042719752,3.265890919412614,0
-2.0744863510163114,-0.5012379575000783,-1.1574861418761078,-1.4514730969784089,-5.188876980822281,0
-0.02203486400427045,0.20188719429148277,0.8729072937711568,-0.5448513855183945,1.5530967247829865,0
1.1218615047942522,1.0400267198626876,1.3651281561839346,0.9186694256383041,4.122475215270694,1
-0.18667896231344497,0.39412651043414787,-0.2552083700202962,0.7093919185968856,0.1988603809863254,1
0.7290636450023644,-0.12130867138958068,0.881014546049906,0.20437459580683232,2.580812462270627,1
0.35116546762708406,0.9280720066606889,0.5095916369937288,1.7220297229302346,1.8802513150878686,1
0.34166023195262635,-0.959850302216295,0.3217168557690756,-0.9090177434308647,1.3522118979112878,0
-0.27131497806829746,-0.2249195395553516,-0.05084296810698896,-0.10681928339093759,-1.2702863690690096,0
-1.2165808041357096,-0.20108793560036814,-1.1124673730589278,-0.3262914541145402,-4.389302894056172,0
-1.1215301474250274,-1.2369532584428453,-1.2795163401071843,-1.3378664913108498,-3.831767047979559,0
0.7093525144553172,-0.41987416228435775,0.11172411476349575,0.6203985035132484,1.2217356082491204,0
0.019458255518883118,-2.074959680895303,-0.21057136559119977,-1.944283962267787,-1.1244251374175847,0
-0.13851224460722475,1.9121780476629535,0.2612471799295737,2.086315182210014,0.5119700906761891,1
-0.42389004232235256,-0.937413788436313,-0.43962115457003487,-1.5099709398947962,-1.8062296952103254,0
-0.30518884548075176,1.5861141314213119,-0.15504539968699918,1.791325268873846,-0.5499279798559349,1
1.0469117944881394,0.03808450571949245,0.9054040306359332,0.36725049538122473,4.72506308175679,1
-0.33524408186802673,0.5648641321559589,-0.8650428343733392,1.1200191961248915,-2.0417322565621894,1
-1.3410647133015687,-0.48879979835093157,-1.4603795707374803,-0.17375753590018084,-4.626269703293693,0
0.7436517755401733,0.20792969196167435,0.23242382516549753,0.14456057791968263,1.453328049114356,1
-0.20487666386471723,0.650489639988436,-0.7480212506664929,0.5657779835568316,-2.3631513259738353,0
0.03139586553277645,0.6645524143941822,0.6342141699674811,0.6285120750097308,1.827484598163673,1
1.6075783063995106,0.7747733900743572,1.3975353039324023,0.8283669118548088,4.903518424475928,1
-0.020560557350507186,-0.36833271003917634,-0.39130292008052403,0.26549251036391286,-0.9280375266592532,0
0.28918367311872534,-0.4803596724913551,1.098163515309178,0.055960102109248566,3.5268403081167397,0
-1.1789234912983253,-1.5941763252676036,-0.7714309735962045,-1.2177208484047135,-3.4801010634889047,0
-0.21966945235096014,0.5232190111769367,-0.4054240651018792,1.5378240014120856,-0.5326882428262604,1
0.6095260452086012,1.0823787113234427,0.8233442079847854,-0.2457404763149702,2.7547165427451903,1
-1.5553737338412423,1.6159816799179296,-1.6732678929715936,1.3859523927549142,-5.956141906398314,0
0.20084509311570958,0.30517263458050764,-0.14549474652409028,0.2995363250233162,0.1809818033385795,0
0.1007910726448063,-0.766479772908569,0.3381366848873085,-1.1025945098890553,0.4692493040697719,0
0.04128745558743938,-1.6970961432894554,-0.12086348707266209,-2.161971505615651,0.27256676385620826,0
1.0371588986582432,1.0416667330833504,1.0749079031579447,0.18308691290174695,4.329101068472785,1
0.3344385148485215,-1.7962765667775356,0.8451201322983573,-1.9519408728196668,2.216401601328905,0
1.478071898356444,-0.3406040777437667,1.9336784502541322,0.10640944917714873,6.755702961427562,1
-0.9935895155940362,-0.2243068279436459,-1.2686361615220745,0.1626613432084906,-3.947619722758158,0
0.13592456721834797,-0.06945513785101935,0.378940368361891,-0.44552008097137025,1.4190241365683547,1
0.0844667863899474,0.03580260003584034,-0.47946133668293056,0.14592513930168358,0.6433758051913617,1
-1.0692544937550796,0.13814755636757584,-0.8440474130972272,0.8169474639756215,-2.054418693927794,0
0.9562950020913461,-2.4153632620785297,1.030542654991899,-3.175396784751146,3.404251731786067,0
2.324673305852818,0.014655909870126726,2.5141629870345334,-0.06476208031613796,8.66208844256928,1
-0.01700607448383099,-2.2295755741118772,-0.1657284518059473,-2.0863274287074076,-0.8839440047074185,0
0.5050210882737668,0.7322180730909948,1.5470567251000116,0.73722574310939,4.250967887004381,1
0.08451847581532723,-0.5551251558036121,-0.3661313779948298,-0.12980845879491504,-0.4108766637822818,0
-0.7135846699071756,-2.15703672522335,-0.22780881442294493,-2.905949740054283,-1.913004060094094,0
-1.8207602778020162,-0.8142046773853758,-2.336609437686182,-1.3171140077840824,-6.810935046278822,0
-0.7057734830953651,-0.5700753391846538,-0.4536013957807046,-0.229054667836656,-2.098667821007894,0
-1.3919583809517313,1.1906996175550046,-1.1040633923258398,0.33958758700749714,-4.556518351212225,0
1.7041020780591178,0.196637741750245,1.7315900138402605,0.6025216622668834,6.219081300053034,1
-0.11510969392323915,0.3444449443505802,-0.36277189919509123,0.5693540224665368,-1.1307446910380459,1
-0.3459193290471707,1.181221634220601,-0.27535188367452135,1.5521815040732814,-1.0854225244008606,1
0.8891538247878058,-0.09614428792448947,1.022658991502893,-0.3307891143043413,4.252174076553463,0
-1.1217511028558877,0.7541879610324033,-0.22678285970274648,1.009107179389129,-2.4435347515479333,0
-0.7668640380045524,0.6838611139319919,-1.2030341806547005,0.09771732885659834,-3.2186596769808196,0
0.06807226924862103,-1.2864694935694123,-0.20988447890837986,-1.493721964802572,-0.6094101349586675,0
1.0287689914234803,1.4729835776298295,1.1711367699581485,1.4911530477685961,3.398831273569061,1
0.5016850451687882,-1.4203017800706945,0.3736581499711623,-1.8696764923491493,1.4590693115847084,0
0.2483251425158822,0.9173666494778481,0.1983046236505821,1.0264200834949788,2.111310352322855,1
0.07811773523601635,-1.5170730369056327,0.6132936529178967,-2.0891766513022656,1.7345767722797545,0
0.40023585552677515,0.6012367881516733,-1.0098973961878424,0.7355621930691787,-1.1884146916358487,1
0.20165290512925463,1.8619148781501726,-0.09732176737965101,2.732840030343812,-0.15444018520799468,1
-1.0299722747769358,-0.21297865655021128,-1.9011568879025604,-0.8413114758588905,-5.539563663190656,0
0.04607922163315134,-0.2563556428531463,-0.5518289968188839,-0.26763570099110906,-1.776277774442744,1
-1.0736886589177526,0.6104399993168492,0.12862358711848243,-0.19854052970572467,-0.4557678222463505,0
0.08108254290082371,-0.329396455962543,0.3801666098772018,-0.7458734650077516,1.0164124697059247,0
-0.4806479414882414,1.8182787037428214,-0.004865478959189373,2.1692532896125445,-0.639728275309173,1
2.5393816227828614,0.1921922494586957,2.499116797889646,-0.0231220514363715,8.90922979651548,1
-0.03989438375171192,-0.32016950822072576,0.339462528664243,0.051035561163505994,1.66415821428243,0
-1.4042395662615887,-0.5402855278956832,-2.2875218200217136,-0.3623438485573045,-6.531652734717754,0
-0.13418021067692457,-0.9329484701730206,0.38496899520787586,-0.9652076058430168,0.4724012533777173,0
0.5193587456378881,-0.6277549867574896,0.10943668635793813,-1.1424612841192228,1.897467260918715,0
1.6733639461525236,-0.35067339365859646,1.407706036489567,-0.007929284409827597,5.260630437032914,1
-0.5894523999387185,-0.48763907349858004,-0.33687686471139233,-0.33557220927283277,-2.403724381199606,0
-1.58242797402364,-0.658175274137104,-1.4242045947325324,-1.4221954781417816,-5.98555437745423,0
0.8168370114309812,2.0988412303524395,0.8591470356277556,1.61657843371078,2.847694684087812,1
-1.3805987058996512,-1.0300950764894898,-2.0621467826898106,-2.4146095172651725,-6.0493722702042145,0
-0.43615544150748503,0.14663258764617476,-0.3862486070966641,-0.5361808154957048,-1.0157576044983563,0
-0.25762048551099404,0.592521009760872,0.22266019123062014,0.43583287925068515,-0.4002614612898274,0
-0.06963345330010817,0.6301079955837326,-0.3358770013500052,0.10218017540988633,-0.8888335237269707,0
0.6891644570743356,-0.058607075782472,1.3466329797444834,-0.4744403738093155,3.3221876200029796,0
-0.6836342822863877,-0.2407025718473096,-1.1199802502433924,0.454582506940579,-2.708554895167053,0
-0.2737292521667607,0.4515474912395065,-0.2704553063075738,0.9659541532585396,-0.31029468952363226,0
-0.014270352949388505,0.2665216499782007,0.7533935137389179,-0.0808124439021003,2.464512557528018,0
0.14959795751878804,-0.2589588347675133,-0.19110199883101672,0.13780998243374454,0.017960445752364718,1
0.09782717470792267,-1.5618785717244306,0.6248199163964596,-0.9544421452723432,2.329028591170004,0
0.4360057752225798,-0.4679237223332475,1.4233319563334845,-0.1586494765403697,3.1542213164515562,1
0.8438395096417373,-1.1465501637074578,0.9293615441038123,-0.9970864221865101,3.2324532650370985,0
0.39263411565096784,-0.6671595500663265,0.12912562195931437,-0.11799801120712416,0.3167928451271377,1
0.4535855235092182,0.03322323851695945,0.0672161220342064,0.4179822284956658,1.1014775667053782,1
-1.5822231667464777,0.3587361439966162,-0.929921815072815,-0.24781098778208926,-4.090806577642597,0
0.05022769916568044,1.7804527512924062,0.688574798835505,1.685986624322923,0.22556775840398258,0
0.4795075480016086,-0.5374063789038138,1.2041621094359463,-0.8134409194335872,3.6823890693166956,0
0.7289411945704503,0.7746256352751506,0.7125220192424767,1.3508623772386903,2.9461308426444193,1
-0.6923507742337942,0.30596002443783654,-0.17344730347024173,0.01574899904512378,-1.6632415998836354,0
-0.659039274888645,1.2959976706397898,-0.6834589704516801,0.9199051849848678,-2.2148679243281486,1
-0.5741006752835983,0.576228719595626,-1.0156282360877777,1.0895697568314457,-3.639278355639149,0
0.5364138998913434,-1.0084814272863163,1.0985022924475198,-0.8786459193204312,2.6165151819104726,0
1.0338810549242086,-1.7230460292912313,1.8508161940633108,-0.6671548539754106,6.086993685625275,1
-0.4074601072916016,0.31126169966750483,-0.9177610936822616,-0.11985906173572286,-3.0238855909027507,0
0.9079623136270489,-0.5284509979003906,0.38824683217671396,-0.7878689626333903,2.1432102935765283,1
0.12347980916459421,-0.9803137459505972,0.14347077627965654,-0.41932987723668447,-0.2260192344817462,0
-0.12428577716243629,-1.2675777045330776,0.35377852570806373,-1.9071278901635884,0.6901009957332431,0
-0.21138422981796898,0.1609754975871555,-0.7782938266949457,0.8208216765500993,-1.5922914454637163,0
0.7466113646021572,1.507707699313365,0.8601192330801102,0.903980008221079,3.2022206212936952,1
0.3255778167870701,-0.40867234570604166,0.030364339757194103,-0.10356056410052472,0.7830874065063428,0
2.2758254276476375,0.5902703110753222,2.6262399775601386,-0.33125520215731674,9.379635866707051,1
-0.8522246429973241,-0.10226635021759252,-1.2511680537452694,-0.07970143022343623,-4.057687207213594,0
0.5181017020299757,-1.289382089103393,0.9040032021670654,-1.9741473337958073,2.0560217084998142,0
-0.5292010098115129,0.7348113435104173,-0.6083084152203669,1.6979489620161607,-2.3040047057362703,1
-0.8692869869886438,-1.0946920440273713,-1.3378572488291651,-1.6305073004251287,-4.652760386322489,0
-0.010867137034972144,0.021626630593564705,0.020977840678472096,-0.3928018738968563,0.06504482190164487,0
0.13735247940703602,-0.3415204150053053,-0.8316341778371403,-0.07380743685386892,-1.5270504601899755,0
2.9181735550600925,0.8930774345656921,2.6386262690076228,0.5925986201173229,9.893281541603656,1
-0.184145815683202,-1.0581509924706867,-0.015445280520871213,-0.7081743139610861,-1.1152300208490684,0
-1.1301787294846832,0.3908699078019598,-2.016056119000631,0.0354248184690662,-5.73388651955774,0
0.2730107174943857,-0.8397974073487009,-1.01255770905832,-1.2337728856499786,-1.0083589092171619,0
-2.0746400375463683,-0.5111052123287851,-3.244323697452952,-0.5248845653690589,-9.314492728503142,0
-0.09195678260426586,-3.635200227540102,0.5716074951459191,-4.243665481020173,0.057511878517044535,0
0.016025282295160426,2.0920985716179086,-0.022354224086204258,2.2902817539516507,-0.026525002970240536,1
0.7946003829452114,0.5505569328262319,0.5283676859416178,0.9892061927611097,1.8822484660748782,1
0.9736222494278469,-0.7673474859381645,1.4461996172612617,-0.49084916594194566,4.359263551368098,1
-0.5035696189077177,-1.1246556883329937,-0.7057944601422732,-0.8030152526438664,-2.3572699347639032,0
-0.1506140146299331,-0.49564875287934046,-0.016383064696567085,-1.4580763628620073,0.6109610532066538,0
-0.7661208306106709,0.7168795348194515,-0.7532431551490395,0.4860556618899228,-2.612810964853046,0
-1.128062554807694,-1.8920849255849255,-1.363562265184183,-2.0056175084067815,-4.260839005333021,0
0.30989477938063453,-0.14158441929433813,0.4569677213251875,0.5856419166034614,1.3567458072366794,0
-1.2735855485965992,1.7706418724626733,-0.8869549378865269,1.4799881782926931,-3.4470628906925236,0
-0.41462690057186324,-1.1339463359678041,-0.5070802090803571,-2.2848135823628857,-1.7445434369409647,0
-0.9951739598992377,0.08038503876365498,-1.225451746476545,-0.421599714734758,-3.5569055264673155,0
0.5496831862902597,2.2033098152577577,0.37842698229053306,1.8727132065638628,1.3854160026080042,1
1.801430099266488,0.6321516296907728,0.6524738328736222,-0.44608943727305417,4.695319501310721,1
-1.301587982803331,0.12592382048545514,-1.160058209548875,0.6102750808383925,-4.024274844979146,0
-1.8530184828975687,0.5066364549090028,-2.4575741273918443,-0.2781535611835265,-7.770954620618424,0
-0.1248868853500674,-0.40086533500970234,0.18997247670939463,-0.1778545608936582,0.6136605409379824,1
0.01569779595775838,1.29963128530344,-0.029514254379888555,0.7534329224551726,0.21103320895138084,0
0.21865930675729758,-0.3993300229002119,0.2712198550225179,0.35416216075232676,1.2840862457783953,1
-0.44632051523434463,-1.959181608735977,-0.09615592993124356,-2.097258457625055,-0.8189206933407158,0
-0.200639298825432,-0.39130310394045986,-0.6639011819958994,-0.6308589312331736,-1.749355196102611,0
0.36751041054060246,-0.9667345298767035,0.552134632216081,-0.7026073065483742,1.7231729714796755,1
1.040430892644839,-0.2811940121974293,1.1742414189261714,-0.7848442544578003,3.6589408725437105,1
-1.9550487703182828,-0.25908405908063087,-2.0474391866396795,0.028689177866469684,-6.537787206492314,0
-0.3689394390314622,1.1974231998049074,-0.8330325394132313,0.9565888873866613,-1.4848808301566292,0
0.2138087939410634,0.6952927266643856,0.5114279759686455,0.3979918033593551,1.633087901975205,1
-0.917976104610736,0.2632654875753966,-0.566248832401078,0.21948113243342307,-1.8003830166350279,0
1.7311696317672995,-0.0029454113325951153,1.7879706447562416,-0.5477806293259311,6.7361280102180645,1
-0.635409880228737,-1.0588580088579944,-1.1705610880860595,-1.1543038511513286,-3.4283628697011466,0
-0.041292687007282836,-2.1811752376656774,-0.30501720347000993,-2.0114327141043744,-0.2540771872655649,0
0.5560220968422908,0.11316001139278317,0.5258557356322575,-1.041210687966098,1.2442616693013808,0
-0.5912847888018945,0.7946412035736589,-0.24703751381084776,1.3402949683424588,-1.287967820990461,1
-1.8465730478044171,-0.10833388324458919,-2.6383177483609757,0.2996551818193603,-8.637672246918022,0
-0.4286545269165333,-0.5348543227867003,-0.7105562590687216,-1.4621429100698862,-2.1189222606327283,0
1.0294405559270405,0.4645021652142125,0.8281042759559394,-0.5407139826301115,2.480521987726356,0
-0.33689512678513855,-0.083332200624347,-0.3785059164866532,0.3376211121762504,-0.7152024967979891,0
-0.8464343014589786,1.6857441919739613,-1.4970969434714019,2.068003646231989,-4.4612874054631675,1
0.9256722095027217,1.2327283420682844,0.8169058203160551,1.5442457190639813,3.4754812315691854,1
-0.3307748960230527,0.9595080570233295,-0.48601667817934757,0.24604615527217044,-1.5059560150758224,0
-0.5101608136502173,0.7577341142099038,-1.0289567493950456,1.6720552260816453,-3.745257092977173,1
0.14945608966330953,-1.2901674144514568,0.09047229757896744,-1.6676678478592206,0.1630476708779359,0
0.7707502096187874,0.6629937020525996,0.5001656612260363,0.7827319725617243,1.8911008080759024,1
2.381713531732546,0.3763259576465752,2.6295066029873997,0.5022154685659939,8.824194754719931,1
0.8272361076574231,0.6064247283911633,0.38457232715525375,1.4028903047898416,2.764016430455281,1
1.1598399663883443,0.49260948681305233,1.2047570274525718,0.5551931367849242,4.986082382488389,1
-0.5059661989878553,0.4527625878480654,-0.9101606176024895,0.6606832656853305,-2.6948866126173048,0
-1.0258681059694763,2.7008664695495948,-1.3257452250488826,2.6623035308225536,-4.820431971677538,1
0.06233134961912296,-0.07618566995191904,0.2109771634718258,-0.674485364307768,0.14339696852931044,0
0.10716991525959621,0.9363373808293303,0.22452878168067397,-0.22299291738916005,0.8496170206897691,1
-1.0785127413645972,-0.4709898102640032,-1.2870238326537773,-0.45469987286701097,-4.245938008973317,0
-0.17529452990401284,0.790641583887672,-0.3099998390703468,0.08446003863028273,-1.6706026963174594,1
0.3993176017191309,0.9393198902324555,-0.32748562083563115,1.1144084978893913,-0.30779113410474623,1
0.36039339501808026,0.3644260771353479,1.0617755503084303,0.43880112072742583,3.319928154268872,1
0.5042878533842725,1.6692469423765,0.8480160523232866,1.7314637904001802,2.5985918634404115,1
0.29096473013744295,-0.8842760363604178,0.6166887555729963,-1.4107383460916507,1.6934703156324509,0
-0.5070086592700558,-0.4872209416682223,-1.3045247677481635,0.031051096512461074,-3.563959491969436,1
-0.5139006266488432,0.2123800860234896,-0.8116456228934865,0.449765634638297,-2.624121006226851,0
-1.198951397993876,0.880806853484222,-1.3662244124556873,0.28995696195193066,-4.258895637462974,0
1.784775039185095,0.17942952129493323,0.8192442931680888,1.2137033132560653,4.386681498102963,1
0.013450364619293007,1.285759036510566,0.45842541265733633,1.180363377718162,1.322534467697261,0
-0.22485305579485193,-0.6616898709663194,0.5020891884792161,-1.3288331212957232,0.9402224326861857,0
-0.9287920814524587,-1.1405784894885544,0.10217539654934826,-1.5197544816194686,-1.1789772682843698,0
2.9356579023277782,0.3081283365365046,2.41271598856891,-0.4463170942467989,9.421023731068985,1
-1.0733280322228955,-0.07718027611369632,-1.0146662838057587,0.6025331827297553,-3.935590855980343,0
-0.4288479256060734,0.54286372035822,0.2325612089691373,1.0830878837728135,-0.20223378599018282,0
0.4158368362860605,-0.027402290866503937,0.2890275968125836,0.3423374965016813,1.8722856592594035,0
0.6002129657442777,-0.34001979062345705,0.31671900882293885,-0.0644488396970318,1.5391124801018095,0
0.957932055215684,-0.07493757172372349,0.02492321844343859,0.5492335086844627,1.3781492446109236,1
1.8076085077692632,0.02884889479318494,2.3739197366551377,-0.09214821141778412,7.564494449650963,1
0.5061576554607123,-0.3049812998483304,0.49652727742402986,-0.09365022810880236,1.16950587039917,1
-1.0560307999666676,-0.20313204632342813,-1.4207017294481987,-0.6090778115154272,-4.3150255164440265,0
-0.2569451251217815,-0.40359333698691013,-0.1150164802073515,-0.4803176132074802,0.23257135997168465,0
0.30783237251388496,0.8566651198694065,0.3843350591032174,1.0817037064531014,0.8261114998675285,1
2.068226041505824,0.1940210045057993,2.1523555926831195,-1.3465504073824943,7.5405778227579425,1
-1.397805478424297,2.2567524721687664,-1.5063545095876347,1.946897084351408,-5.121164357267281,0
1.2025765052252275,0.16070455127846184,2.01375558460691,0.24319812116555328,5.806832229683406,1
0.1799143695464168,-0.5508574703286617,0.11308450291520573,-0.5896155032993489,0.46247668548314075,0
0.8378305352294807,2.6706753748630647,1.647491573391133,2.4444772119902995,4.9088833915118135,1
-0.10199471663593196,0.41362637771433536,0.1800637465641669,0.7082023471180743,-0.34192525233587173,0
-0.8424326301263262,0.9901247868928167,-0.6668475587454605,0.6362686002887895,-2.2530071843932142,0
0.750872779401332,0.5921029832024916,0.6942354027622544,-0.018850746790776807,2.5493472060848736,1
0.6544310271056212,0.6230110292977487,1.1414093738785813,1.2148940824425263,2.38310396848729,1
0.9720569657397219,0.5356540513524743,1.0285528495287195,1.0569783143210731,3.7051102713155175,1
-0.01330463537863531,-1.1020845647760655,-0.47937024293540115,-1.4016591135773782,-0.9217374939087547,0
-0.5998220233198494,0.36752904756141197,-1.0825681188188672,0.3331817627180636,-3.5007461714965786,0
-1.5587869950238415,-1.324861303850239,-1.3475446840567056,-0.9018664601717166,-4.952984056265114,0
0.8193732681394064,-0.17436283641253425,0.36568382555615847,-0.15234567304716007,1.302295143270705,0
0.42388948244398605,-0.7256174565632872,0.39277395395773634,-0.4605136531276132,1.0790302534837697,1
-0.9657826328639593,0.35747018584872403,-0.4371903635884137,0.5952535827120963,-2.304566843014959,1
-0.5385736732966242,0.33412624733823465,-0.3865885843494573,0.1745411387608312,-2.4238463973028352,0
-0.4667588119514405,0.48114589076518677,-0.8278262471158143,0.7391078921058897,-2.931483251223182,0
-1.482984431982418,0.28729657274908715,-0.7779906761743481,-0.19517524026322197,-4.281398779953411,0
-0.8176823966051338,-0.6068253417863988,-0.543744778107783,-0.4096881827471212,-2.274426909598113,0
-1.1338303568063541,-0.2610034893516796,-0.6249338632043094,-0.2980523175575164,-2.7299437190460663,0
-0.4124790118879367,0.920396161254485,-1.546258183492588,0.7400359452968555,-4.157636112685397,1
-0.7386974983295628,1.0678566772944,-0.5732710591981897,0.4444887425627275,-2.7290538574412775,0
-1.6270049208667487,-1.1467830986265493,-1.2059260026768022,-1.080953468146954,-4.783303331633155,0
2.0225902305694814,-1.5309276325126464,2.8727345517184775,-1.511662493684424,8.834929398883574,0
1.2525407310292307,-0.7268893832047121,0.5206314389537099,-1.1467076142825947,2.5699546054993307,0
-0.7790194215199856,1.0452075820322506,-0.17596212692271918,0.24677167192285143,-0.6060932248216699,0
0.27242139665361004,1.2148840301830344,1.0946115395042324,0.3926464798673046,2.690050761530086,1
0.41746508982129527,-0.9247118804011716,-0.5911793988181944,-1.051748375180951,-0.6412437015814589,0
1.1910858547734768,0.3073093537363383,1.4303814097083483,0.46055817344723293,4.454346370145819,1
-0.8186050266600786,1.8344313331400877,-0.5097946194897276,2.7594171302905663,-1.7430808019622854,1
1.092106783982426,0.4153114772403338,0.928602952656473,0.3927340547150764,3.7678882791029724,1
-0.5479053042069351,1.4215032852330935,-0.7929525342400799,0.6088102594438602,-3.2765852598170495,0
-1.3358624041686133,0.9987265700830984,-1.0019354475247022,0.8952674859599629,-4.355570079922691,0
0.7241365593144973,-0.9101987062279108,0.4166456826091813,-0.2845162569684362,1.6961030999457327,0
1.2907584241224281,-0.18998142349707814,1.1821337599133792,-0.5313792277477015,4.294429580456503,1
2.5879089735306846,0.0347544782918479,2.9941264239426455,0.5940562669922934,10.183683763859053,1
-1.1997252650902135,0.10413338802134002,-0.32270373992678136,0.19199574453883822,-2.9800713709672833,0
0.6989196850807888,0.9163289534385712,0.9679118213517979,1.2397697306989994,2.9444994302706067,1
-0.40980124379353305,0.4086847622754085,-0.34305899608627727,1.3381127613774302,-0.4511865659337595,1
0.7833587105240313,-2.936200943778115,0.5251599681936461,-3.854832897462252,2.2398882033223098,0
-1.4704895512312506,-1.312840273092726,-1.9757895715567786,-0.8645881815886065,-6.504461185064302,0
-1.262769775698564,-2.187380914976043,-0.7079806549480894,-2.2347314739167015,-3.9772218711533847,0
-0.7758748231664838,0.17536524065533415,-0.8525997487299262,-0.2992250260214815,-3.112462794928843,0
0.07896404566808451,0.24048764946776105,0.6543156830014489,0.19017033100620762,0.8877032834919216,0
-0.6410812665383554,0.28322495861071856,-0.8058572055360862,1.1287104301864903,-2.770636349413825,1
0.6590543439134197,-0.9589282677146166,0.334410013232914,-0.29145527783679015,1.9284933614747635,0
1.0268946182579144,0.6741440051199892,1.2372940626716724,-0.32621322547566245,4.03340956455456,0
0.5995775412453558,0.7162624964685291,0.5613095716111557,0.33134264346061254,1.781977830379234,0
1.618787639660868,-1.2551490672051577,1.0160233373554992,-0.7837019494204738,3.5648866712916103,1
0.415826629455343,-1.4660382014488722,1.324510794346267,-1.4769102403403884,3.6887590363249116,0
-1.216896710340167,-0.0001316862269378586,-1.5303885972259859,-0.009138356165553554,-5.062363283256448,0
1.3633765135383398,1.7917822736133593,1.8271722741254466,1.007619045717034,5.7534026738778685,1
-0.6051562356059974,1.6997427421986424,-0.18422792090775664,1.3270043210491287,-1.7320580346301004,1
0.91041849968557,0.5634043604480524,0.28068711722839157,-0.11569851306890455,1.7225238053752336,0
1.5737342165551063,-0.7299966715800764,1.072540394246864,-1.5566554106208241,4.215724418595532,0
0.45668801073039916,0.8868426594885851,0.30593334088033525,0.25797366778982156,0.6299392927205997,0
-1.4961588131646497,-0.45242426480904147,-1.928982085453808,-0.9164731435322113,-6.556184651665573,0
-0.9182121665097915,-0.7675070366738105,-0.0549839805704474,-1.148063771127855,-1.4946398850409788,0
1.3227444668851356,-2.143966831621994,1.2226566484858798,-2.5650316926522065,4.578716256640618,0
-0.16912268564281638,0.1023821983476529,0.2757518357642177,0.6126102350564533,-0.044147185200937245,1
0.07957353494216583,-0.629867349137375,0.3363922294422678,-1.0834394516475543,0.19079515780051093,0
0.7588244161636093,0.09643037952850439,0.8908356406617859,0.8095227256213203,2.741688882126209,1
0.6963228620803235,-2.2993576962370614,0.7164834674501174,-2.541345635031541,2.867265838837601,0
0.2787998123854607,0.16982667258368722,0.8973651662798092,0.3894260024591466,1.7433537668366457,1
-0.20866837122046583,-2.431121163971628,-0.6212148578879741,-2.195549623272194,-1.5489912091762343,0
-0.3126684457323573,1.087940253268552,0.550499209495936,0.6390185428721535,0.30177604300832517,0
0.857898825291343,0.5218912341350844,0.21428723503929548,0.3578459516312342,2.279677953463122,0
0.5535695310677933,-0.2786647714245878,0.9443253938790053,-0.5301366898947646,2.4657021890468696,1
-0.2573000006177895,0.5627198600820792,-0.9598819305876809,0.748940216487493,-1.9747108128149324,1
1.0821123129931405,-0.9780742626635524,0.9242595368796606,-1.0424965073724741,3.9792217915837176,0
-0.12903411512978377,0.07237551561489243,-0.08237914609930035,-0.301823621358598,0.4124308558100549,0
-0.8516621743343933,0.7947740384603357,-1.0950098487491502,0.8543031827899907,-4.144169028709206,1
-0.7589706989033446,-3.0942892490913896,-0.8498054837117901,-2.9244812075264095,-3.537122175498424,0
-0.9787408363097657,-0.4472243596775238,-1.6722260602751624,0.47779797959376996,-4.229953643537927,0
-0.2724100166036872,-0.02264413013637428,-0.7661352509654629,0.011419097911576276,-1.440143540783116,1
1.233724278336193,-0.19629361774576656,1.4828566319341343,-0.1912894443414971,4.507835950162771,0
-0.8050951810305088,1.4571018262274051,-0.7902592685417863,1.6713011314574069,-4.40665815517777,1
0.1884757610181029,-1.1239011249228845,-0.15678825189265064,-1.598602306254314,0.009580697346746644,1
-0.6566893456274132,-0.621159243445229,0.005449535937422478,-1.483914043962975,-1.7328838253314949,0
-0.26030904127143756,-1.9158690263084484,-0.8702744912665454,-2.0719200721688593,-2.544862283088479,0
-1.5100412119852522,1.5102866512731454,-1.6908364449172837,2.046336200262016,-5.55613848395916,1
-0.2205382291565374,-0.2462901426088,-0.4733663682457733,0.3704857139755455,-1.11971842636017,1
-0.19370537980496205,-0.438408888036707,0.11381343407556016,-1.378101240902446,0.7277261564155693,0
0.5402879440356954,-0.05248268231071405,0.5643697896042925,0.2805570579360192,1.7528032159747475,1
0.22328091325537053,0.6362358284303241,0.16919828998807207,-0.4561631724835057,0.1851666534588286,0
-1.198392124952045,0.3473634035161247,-2.1205004768856646,0.5769536809324177,-5.579943151663306,0
1.0841982440435427,2.6478842135570875,1.5167154843595891,2.8475638700054153,4.848263616213202,1
0.21030304022199536,0.4539358884037746,0.10139013280612688,-0.408054126353997,0.33666885920796763,0
0.19839351717748668,-0.46524542916908107,0.25622402598269667,0.03477764239676251,0.8259185748683303,0
-0.009182353385138937,-0.5613567375239471,-0.3834639634320776,0.3105612131215123,-0.9697182924243464,1
-0.5177574472222197,-0.39275895241680914,-0.9706718286307561,-0.42399911791804723,-2.3719617307529135,0
0.2178023397487261,-1.501836924629838,0.9674462189865695,-1.4313369871413564,3.1055656923478807,0
0.4755884359285824,0.03986420749158608,-0.41103085320262395,0.7794223089850388,-0.47142411024315095,1
-1.746895691345555,0.7834681062089175,-2.2739952052369405,0.22030208916492744,-6.957888281747644,0
-0.5387608373460957,-0.6133636006232359,0.2014852389884445,-1.1639023294346824,-1.1700490420265377,0
-0.2549469704035893,-0.8073800562841116,0.06542622009573756,-1.2270718082437122,-0.7878479311498156,0
0.2561706056942781,1.5159451462942337,0.09343933982306826,1.53448619844973,0.8524133644223502,1
1.1933110059271257,-1.426483156621165,1.8166091630714523,-1.4092752344899249,5.387984409002853,0
-0.7717408145967823,-2.0678183764773013,-0.5483107563987779,-2.344463514117428,-2.808815963150151,0
-0.497961846817842,-1.1529019436473826,-0.3816318008306323,-1.3031421493761517,-1.505825604000892,0
-0.5125341106465501,-1.5404327171242964,-0.39975310209534126,-1.810216834599673,-1.1288508629408605,0
-0.8015275901045416,0.3862260641045818,-0.5689084814972947,0.14032605841427603,-3.0635717569353247,1
-0.34718649511226246,-0.36070450044957353,-0.094340244463536,-0.7449652305888668,0.16380801676024392,1
0.7708022199879712,-0.21968704502383987,1.8687887464359496,-0.5999069142609323,5.180294848412674,1
-1.0538354953643456,1.1529341769747732,-1.1512819012006814,0.15246225951097303,-3.5868353364903207,0
0.4278143951529032,-0.6913348611627764,0.34579080107880134,-0.8031724083517684,1.3326305674502812,0
-1.7019022300183355,0.7750894117456407,-2.3203488238036925,-0.2027002493629938,-6.319986876545946,0
-0.5613379964422059,1.511322799203203,-0.587286689852715,1.8866023585569138,-1.5354189199663661,1
-0.32948930021798606,-0.45566249801366066,0.6019541495544234,-0.7356214200862405,0.5258863478147409,0
1.6748596729140648,0.7370228555563136,2.167102174131393,0.6773180661981499,7.225188696268518,1
-0.274802304752688,-0.2418179125289801,-0.5466361766903519,-0.42842272890495847,-1.8720460749760803,0
-2.2012434734509183,0.924098128840789,-2.186222791190276,0.8020412411666752,-7.814434953520254,0
-1.9988889068612499,-1.571489187576273,-2.6471080946537473,-0.9398017797779141,-7.559232681547591,0
0.03402958634668099,-1.6455122451253463,-0.4505300858024722,-2.321260451088987,-0.6562240903338024,0
0.6137708557899086,-0.39126771490754075,0.6884914320967674,-1.2029261760787828,2.6284009614511885,0
0.3754558576272528,-0.8889248090597707,0.1282285562170264,-0.8292386457277887,1.4044534428272981,0
0.16757010580099035,-0.5167091094298853,-0.35472978888821877,-0.7646489712995448,-0.18399280033229032,0
1.162259597505667,-0.21952658244713985,1.4071799798746132,-0.0397146217751668,4.152160181206457,1
-0.5395912207371316,0.7200135318362517,-0.5807162640637935,1.0783021517069094,-1.1401787145175322,0
0.8949105560268252,-0.4076605785659349,0.11113537018130559,-0.9608322068485275,1.822710229209475,0
-1.6320148850264173,-0.8238613106230867,-2.669588368110311,-0.5221668889906799,-7.493800525245521,0
-0.9049478329380662,-0.3515133767588989,-1.1899535822251934,-0.8624851202186521,-3.7093909914146725,0
-1.8070413949318163,-0.7691452798066177,-2.6011739666525804,-0.7318576843375556,-7.357529786092468,0
-0.27484530066979224,-0.9340055020627144,-1.2093010039051193,-1.552462363859617,-1.873391805036722,0
-0.04626121726634254,-1.6130168135769691,0.5182233834347001,-1.5469449349813051,0.7793833948543896,0
0.11410149222651991,0.06947811622107863,0.06524604729387351,0.05903947576012826,0.8343518456648331,0
0.06188335288713521,-0.5687057065970534,-0.07083983622561635,-1.120170450900126,-0.031668292059370606,0
-0.927553330811728,0.9662787392346717,-1.0217562388871024,0.2870730685607994,-4.433896161353267,0
-0.19024084441321568,-1.4473960920589406,-0.7591569198097006,-1.0720768000104464,-2.505702609758917,0
-1.4974466686057486,-0.5420835550478789,-1.2919585860986644,-0.7685837813870697,-4.6179414717845875,0
1.3632289751322504,1.8129072206587489,1.29787881176598,2.318922701774922,5.145778498454406,1
-0.303626072898001,-0.9396095170978495,-0.6823304008877069,-1.2113063820101857,-1.5155621831781079,0
-0.4888861190436912,-0.23653325209612397,-0.7927004613061912,0.414556615713481,-1.934180818442314,0
1.5889403284440828,-1.2158439828253684,0.975210971837935,-1.6900387603192837,5.628635272388667,1
-1.2422465335492294,-1.348427512780981,-1.4453679700001467,-0.612054234025377,-4.489913995804284,0
-1.125587114031969,1.5473109830876783,-1.2454010544232261,1.6344969146167094,-4.311643904024942,0
-1.0962203248685651,0.1710394926371468,-1.3123619894335472,0.37093786302150245,-4.332376743311728,0
-0.0678713816994819,0.133678838237623,-0.04029410302868877,-0.36833346848459053,0.6351055883507217,0
0.4316316296375973,-1.6963162351162222,0.39237577725671935,-1.3317086436508287,0.7976044929775229,0
0.7396754681178337,0.35874138810830297,0.8550597374501373,0.7407054543138893,3.4386124553978434,0
2.571995317494969,1.1574219459938258,3.043543835955766,0.9952045172312188,9.95316452039748,1
-2.2494324542007638,1.1494770608285296,-1.9529207155942234,0.0824793648281712,-7.695779816685792,0
0.6087355891244169,0.6683332296061608,1.0860305093795848,0.11166894664947713,2.3600898561463746,1
-0.5571305725722312,-1.129485577595404,-0.9809976874853457,-1.6862259082913833,-2.0573943954828957,0
-0.5864151488887734,0.31312341719299164,-0.8407225959331021,0.5377998259636654,-2.9897489709664398,0
-0.6197721282538776,0.6675849604766076,-0.29297378628089377,0.43506879071653615,-1.4844247828076347,0
-0.9087696708079733,-1.7944435850889013,-0.5730308350919302,-2.0172484432250264,-2.9965912613213215,0
1.6845248346034518,-1.1212795914817848,1.345214525835011,-1.4044357264124936,6.200146249964568,0
0.8422973270139027,0.8881573217434416,1.148089289904774,1.622802460654421,3.6087110831459235,1
0.023195978557374822,0.8760457766719285,-0.44857007976559615,0.8987217570868523,-1.5355357510101033,1
1.3510157524870003,-1.5485830336213924,1.5915436145578972,-1.4497128658297438,4.9952030812023995,0
-1.5125289652988756,0.7950214592691726,-1.525677065731696,0.48532670355017815,-4.623579967173557,0
-1.3307051313309262,0.0953033991536178,-2.0229229332840943,0.08048407065001963,-6.530319334398319,0
-2.1779677321946878,0.7810089546071515,-2.395004643074391,0.2931642832545443,-8.237676519207247,0
-0.6994145401232875,-0.6345213234339414,0.3917193647244591,-0.4626589846549766,0.32789307797973455,0
0.1616985267047529,0.645183496480902,0.2630887081072503,0.07190670749438677,0.9398706427641996,0
0.10285857793233408,0.8438287744856245,1.2530835662914641,1.2159386972852038,2.0507260509088496,1
0.14934191105988046,-0.3513349354557117,-0.5726213538776377,-0.7188110718415921,-0.8095537290390582,0
-1.4110568310660818,0.01775254617328601,-1.0356859347341607,0.4919489526673878,-4.264332157244776,0
0.803154742614022,-0.6485216295046535,-0.46401335328953586,0.3051254993363347,0.30291284875237673,1
0.23962751823899794,1.6516389486858793,0.23950977578160634,1.6521895044484587,1.3117397036256868,1
0.7330542814659985,-0.12027193932576595,1.048662970291659,0.5355356217456786,3.3171999936955556,1
-1.8927621775900518,-0.9220243251771819,-1.4738171300919136,-0.5462998506844725,-5.833168753988646,0
0.31149085879778987,-0.7158259138747501,-0.08814400349241674,-1.4322169333926464,0.21999335574339624,0
-1.187765239917527,0.12677060114211314,-0.6682200289291589,0.18223448990136693,-2.5796858569536405,0
-0.39732325255136186,0.7533311717782117,-0.6641806325737092,1.003930524622823,-2.28451906032636,0
0.5343648986363834,-1.3358268451505217,0.452316273080185,-1.0369691874373739,0.622226182874057,0
0.09109360625591317,1.8476600029424488,-0.12556750342240375,1.936763405429945,-0.22714209205513225,1
-0.8515399797793188,0.3086752940556164,-1.4197346551454846,0.39133099221922696,-3.92764730990362,0
0.006273156184418285,0.4664559729694125,0.7911329498948476,0.4689996520270295,1.3834946913071282,1
-1.531535315243643,-0.0971895438234364,-1.5075264066646046,-0.0306015008265937,-5.575029387179852,0
1.150267395898296,0.019258967351125547,1.6939265852276102,-0.5925805177983973,4.931130430398378,1
-0.2052840194962513,-0.148283137927403,0.31707160138604895,-0.26638852841674215,0.31393933806518326,0
1.1185499442553262,1.0177959690359604,0.6345798371188347,0.29130529163019614,2.2978378921823333,1
-0.526531687096043,-0.007928587453370401,0.08153193673975767,-0.25674242883035836,-0.29604211327760344,0
-0.5235759884065829,0.7670502184927097,-0.2718688666319216,0.47164744294226546,-2.660269534264722,0
-0.7641867866378464,-0.4338475233525722,-1.284637718874291,-0.7611790101878424,-3.445552107961236,0
0.8761739316930753,0.19564052831231576,1.1005993473638276,-0.33036355058220807,3.672109587217645,1
-0.7094311573284761,-0.8039203442394212,-1.22091509976251,-0.6692817073409776,-3.2574640209667987,0
0.6445954324151768,1.216528232549537,1.447824616404497,1.0574930796936064,2.8983290115382236,1
-0.38245239766929023,-0.8337472407191158,0.024440974791757997,-1.0439603685956158,-0.37838177112802607,0
-1.9759632998916197,-0.32497944426132624,-2.011537580987137,-1.0287664415094646,-7.2582705628928865,0
-0.5703140677864662,-0.3149604124547449,0.06208774132212569,-0.4638910085532397,0.06979956986241764,0
-1.1791082143628484,-0.3539513876737683,-1.9701020367146174,0.21881501228421407,-5.528006006323466,0
0.03390272368233751,0.722495769442937,-0.3407679263776832,1.3028989243731077,-1.2190461086936173,1
-1.1904077356744902,-0.3166577647366437,-1.316617596544676,-0.12990147487742096,-5.264100096631915,0
0.9259751007146168,1.3939245305410728,2.0438174414273758,1.2463475429811532,5.169211976854294,1
-0.09107586035302723,-0.8184750861301682,-0.62631731078973,-0.5389836710179053,-0.9834677497639158,0
-0.17759599475873897,0.16937746994270686,-1.0312489656290758,-0.16429932414563886,-1.7526640940438374,0
0.6558921377875826,-0.7757859893125998,-0.06630061946155275,-0.9254121172542901,0.9419358362038172,0
0.9639069340758625,0.4209727825314667,1.4170148686786632,0.049711561232922086,4.319905682890068,0
-0.020098751769651646,-0.015949726976770034,-0.3171948870390801,0.4382334866052749,-0.8305607198712841,0
-0.7712002995492906,-0.15506204469847845,-0.8507436317335972,0.23494093579733982,-2.8689653568430638,0
-1.7739696161121294,1.188474966503524,-1.3925532952748874,1.171133836980527,-4.838199055076337,0
-0.68604975703518,-0.6543418710551034,-0.7650920710141358,0.2112842835901786,-2.7325699884077745,0
-0.6172122466479616,0.5865151576180001,-0.5151389443939338,0.7927724480034735,-1.6266957961986401,0
0.10705745299229676,-0.7689599126747924,0.3746650267971445,-0.5908461395066363,0.6457070535637768,0
-0.34514688113802716,0.11268520016037374,-0.5604850771181349,0.2372453234304179,-1.1320533086794629,0
0.6879329720514281,-1.1955753282234454,0.6047744420865862,-1.8267187370900673,2.5308098278722038,0
-0.6129832712706895,-0.6625171463067404,-0.49200557011018375,-1.1096570620104256,-1.4174263193182701,0
-0.05704116685294176,-0.08214304557286504,0.37704846967366823,-0.10946202241597029,1.609594637429747,0
1.1839874431968893,1.8146491673230778,0.7878028111065649,1.7914574279374273,2.0605937171332878,1
0.3418252139549665,0.10080387045977413,-1.1684627469599234,0.3956852205649923,-1.4473024253574975,1
-0.06003754168856451,1.6546683158667064,0.2797540330042589,1.3207347613395162,0.7040152301274344,1
-0.601944441935177,0.22032329169091786,-0.13808648256013473,0.25566664206918976,-0.9553407166074713,0
-0.6332313967149771,-0.38708424447493883,-0.5332143156498911,-0.34280417892319737,-1.895980323915245,1
-0.8506132529519478,1.5393565226006938,-0.7164666434736799,1.6034540634887562,-2.588912044973389,0
-0.5410068657828994,0.43701762207341893,-0.8231618128529845,0.4452248806000597,-2.2896506678674218,0
0.7556658387443146,-0.6427215938827137,1.0057575495117765,-1.3446416031587116,3.5980112785979936,0
-0.2218882712922687,0.47057145940029743,0.20469513854982554,-0.6600377724285926,0.48970581327805623,0
-1.349773069381231,-0.29259474990761025,-1.321524898671989,-0.7634765678112401,-4.680188694088776,0
1.7681692930597834,-1.989034196171296,3.0137934580634163,-2.2545957075707483,8.586102611637632,0
0.31996519114516303,0.9359731592656175,-0.46190535269052674,0.34674722474039854,-0.4337861458729573,0
-1.4069434005131694,1.094934055641929,-1.3254625650849958,1.0670971212047542,-4.967778227449748,0
-0.44184892724082386,1.8379420299922753,-1.0290254083994812,2.3829955143863746,-1.8307068823829709,1
0.11088638282841785,0.42214369219526265,0.5508093448068628,0.7851602749092024,0.6325663472570004,1
1.704592093297377,-0.2487234240825326,0.9138543792762863,-0.015556776375727333,4.759491837695503,0
-1.1081124582588693,0.834989427378586,-1.7750732296177185,1.3276447967098375,-4.840394952102996,0
0.9760407193559466,0.8498203653189064,0.6594472490813443,0.3875088431537914,2.5177597816425945,1
1.399486426972343,1.638281183136422,1.5324025119000428,1.40988304830096,5.31206002196486,1
-0.6286543050745702,-0.04462762306644215,-0.9263899994053788,0.2627958084626689,-2.1642817252574167,0
-0.27751361886023346,-0.16557897256759446,-0.57023425015978,-0.4028439771535913,-1.721751794973924,1
-1.0363092473737703,-0.7155444197585275,-1.126754474836813,-0.9254576648340926,-3.152005396052403,0
-0.20346114108030489,0.5374620867252017,-0.32458122061105815,1.4686716476798356,-0.39523652555516375,1
-0.03658997434293117,-1.5482616682308352,0.7071347198163308,-1.5005406292991739,1.0044544265799693,0
0.6596499980823705,0.7760873728625646,1.0026055579168545,1.6579004729629334,2.440655699732184,1
1.0901834710204468,0.5878351218657896,0.9278951011281247,-0.3238132113355954,3.5737815177210264,1
-0.7480960646216471,0.585070202458372,0.3004098909851599,0.26963705015672484,-1.1414734682059866,0
-1.9673250642259945,0.13822523650184043,-1.7214944767979898,0.34263352682780424,-7.846327436853261,0
-0.021244779276242128,1.5329782475310847,-0.5057258069330164,1.5798445374176244,-1.288024928736184,1
0.2935375299686405,0.8719934654268633,0.4217943999645626,-0.1557796661716797,2.3710212343928974,0
0.24941768768504166,-0.6070771913756997,0.5171739601176989,-0.7218667816618084,1.1848962596836141,0
-0.326673247509044,-0.5891790496976468,-0.6704856070397182,0.6473297486117049,-1.641229501895718,1
0.1247520996639345,-0.8796738134146368,-0.4015023557390851,-0.7562174274995881,-0.26588161417211803,0
1.5154448083522476,0.5512833327755874,1.5586743533734686,0.8535013327749811,5.3699279893851015,1
0.3817341689625093,-1.0001389212399565,0.2016232833094913,-1.3221105052025277,0.8090362502856725,0
-0.37336842500308426,1.0833921435833522,0.36619551922463695,1.2050342172815227,0.7866966857103972,1
-0.5001978170959955,1.3229733083455433,-0.1296199050535381,1.3168092092278827,-0.9895783801500914,1
-0.1698523576777307,-0.8790162689504512,-0.490239994721021,-0.3196090530809971,-1.2809514762122296,0
1.6367399618306402,-0.1855485345928537,1.8497090173049344,0.35795190879705996,6.553274320797582,1
-0.1833007095261973,0.016620981362413703,0.45026336183617255,0.22037905377278366,0.1107944034299807,0
-0.01979434452070797,0.8839831604696676,-0.7166965674705329,0.91946606826694,-2.094640817791361,1
-0.48231357093630295,1.609343375609877,-0.993702691430179,0.7697896076618562,-3.523328490851791,0
1.0989833574419647,-1.6854923928685774,1.0933990488021992,-2.542470111416324,4.119279363803384,0
1.959837254744675,-0.31818071752668287,1.977638238697192,-0.27722526082792415,6.813201053076191,1
0.4506130494313883,-0.26601669556034696,0.4245142966999581,0.17130036017048084,1.938127085724236,1
0.08277290378542575,-1.4006698548865477,-0.07261568560841315,-0.7347968264084622,0.004383409853299099,0
0.03678283317423478,-0.4851100193040616,-0.12624732805177516,-0.9299793944908721,-0.8827989971283648,0
-2.3843067887857456,0.4277689443506113,-2.1921777203749313,-0.326850352470028,-8.1386222198581,0
0.7451508642848174,-0.27867890283955726,1.3121221411044037,0.18780067360773384,4.190368518811622,1
0.13416641599584359,-1.5446211686074136,-0.1063099488483698,-1.9519670521565933,-0.14245528219174286,0
0.42834205066072517,2.8740826980099135,1.647541723246052,2.085548564173506,4.5310038195596185,1
-0.7114621940837048,0.2661778652041803,0.2688835237864535,0.019338786144629916,-0.7562110233347741,0
-0.38445687897709163,0.11169413010667499,0.2801709358129491,-0.14385535325544768,0.3433354649875817,1
-0.411024936503173,-1.0979263630670464,-0.09978326922239211,-0.43784082491337284,-1.7073989002029322,0
1.0216229840730389,0.26070616197127533,2.025617037308117,0.693523119312043,5.470445372817408,1
-0.3787598366030933,-0.16421378404149434,-0.5238175191027975,-0.5329073354231597,-1.8093090964448202,0
2.0826603221097977,-1.8885234127154067,1.6663581161146803,-1.1895462414373852,5.75777170761907,0
0.4308624190150374,-1.0702554400144162,0.16787638931304522,-1.0077425110572396,1.5380067457118365,0
-1.2756826599957316,0.794926017673945,-1.7771540615407724,1.3253438353209919,-5.787865071696837,0
-0.12854629325195685,1.9440176500004416,-0.067645632095272,2.6076069040615475,-0.699749873120902,1
-0.6516751221564157,0.3671654050430446,-0.501759890092544,0.2358689550082805,-1.3303827510292459,0
-2.1943824698200243,1.1030832782933673,-2.0939625504794708,1.3887430653568757,-7.398773983841121,0
1.5994709401137894,-0.15575530858321,1.5932552640228896,-0.35913454079991863,5.975617707827181,0
0.7031425422200039,-0.08654616068060293,0.7697198063058117,0.378504970279031,1.7428006029418919,1
0.5332073178993125,1.0909790276194655,1.401369222324257,1.136116599521327,3.2032785108719954,1
0.16540366029970424,1.6627772891794692,0.47542959411924623,2.1429383987123174,2.2421591583305016,1
-1.3820175686924376,1.3010966934656216,-0.920763170390027,2.063475025374853,-3.487529025826971,1
-0.4836171395554367,-1.066363075384819,-0.3882221712120427,-0.7927471594873332,-2.0385369700602505,0
0.8417807747840127,-0.06695889031524577,0.03398642554997389,-0.1136888181861718,1.443159283623479,1
-1.0512200297825025,0.2775246844762952,-1.958161265017258,0.2391107461812965,-5.990977768468,0
-2.5317693162508133,-0.2596779635075291,-1.4903643211465558,-1.7381938389969696,-6.081464889144629,0
-0.22710600778092638,0.38785754341559575,-0.49301714539653707,0.03146038349992358,-2.4615671551752984,0
-0.14175755402753884,0.8205768116689474,-0.4501332261035049,1.2868635718366184,-0.9752541079515847,1
0.13556341641470915,1.0028097519551404,0.2583950371033338,1.4877503554625582,0.8502759353738318,1
0.7285186435145362,1.6858701522215231,1.0037201326795002,1.3185863231712591,2.5439034618815253,1
0.6376058122312086,-0.3294411047248347,0.976036880898415,-0.24715379585546687,2.7719065443134245,1
0.2587698052439216,-1.364033164839314,1.1459790716839235,-1.4586663758790577,2.8678845375665136,1
1.1955313880867093,0.3582345940144528,1.9458995794156801,0.7030357833690992,4.796033424060144,1
-1.5189697808133147,1.8838110311848022,-1.9244363931327255,2.9881184128577516,-6.767105797491072,1
0.5045818144773903,-0.4769758599540591,0.9889491011882849,-0.12274157095309707,2.6572174827790103,0
0.6265383633369425,0.6868469770637194,0.43449290423154313,0.35175824977876236,1.3922631682125066,1
-1.2395622860802393,0.6957457924726428,-1.3083166582956276,0.6565360284273062,-4.707541677735866,0
-1.502870608682389,0.19144204734460896,-2.0498652116580707,0.8924061738959748,-6.364074435585596,0
-0.7459421264756015,0.00692472104371437,-1.5924785533913064,-0.6974137411484408,-4.7591001118885465,0
-0.6615414425152921,-0.9234292057213925,-0.6773222988314366,-1.230958038465822,-2.3602450811672533,0
0.7534194635024309,-2.2816620724205774,0.2754285054468082,-1.9266801064172225,1.8299852127711576,0
-0.6145387836910952,-1.1118507066640289,-0.15063194440507705,-0.4646850800613327,-0.833637971506779,0
-0.856348518281204,-0.39030414911169925,-0.9968876400412647,-0.08582019797489293,-3.90121194990825,0
-0.6116337366945591,1.0974226874227069,-0.4573386272196223,0.794075229814054,-2.1463297940962036,0
1.1186323341542117,-0.10312806235137562,1.8023952111119277,0.16513958831182068,5.5770099102998785,1
0.013043374376952133,-0.5190257189181485,-0.7296042165141019,-0.3118793355498582,-2.180688125848166,0
-0.17925102535691226,-0.8909854419534301,-0.5415597196317559,-0.7155745584419702,-1.2989009580662232,0
-0.11000549870105175,0.6568058285094802,-0.01956368641812682,0.6082689900283099,-0.19008670072711595,0
1.2920603343265227,1.3583571664306051,1.4483227422381528,1.3848543205234187,3.5413167388135705,1
-0.7491717266032418,1.0634357218674595,-0.19742297596707892,0.6096857915980805,-1.765776400045839,1
1.315508290940104,0.6061496997584691,1.7490848554604028,1.8462518122572154,5.636823112635544,1
0.21049629892150362,-1.47561274638294,0.25896311178687326,-1.3971130260443454,0.7277450679049987,0
-0.16041938197534772,-0.35167424284377147,-0.00871704667672013,-0.07741810231836638,-0.4952045933688771,0
2.5009004979342815,1.9473042288896754,2.6664384434295263,1.8383486206755044,9.162314150345539,1
-1.0556394897985963,1.1219504919152248,-1.7904956721354741,1.5446056566049504,-4.67000292013719,1
-0.35368575956700604,-1.537503218234725,-0.4318734982444868,-2.1867196890157925,-1.1254811235919668,0
-1.2324312391640002,-0.05559052319927134,-1.108194630165454,-0.9283932909563537,-4.442962726155996,0
0.9524619705361694,0.36309843266103836,1.1817373999287228,0.3478626789489588,3.062672815510669,1
1.6891889336516785,-0.7621584630262199,1.2270072136195989,0.2648691745326459,5.2475313569544255,1
1.6699227814046387,-2.3092040214088487,1.035523825140193,-1.7050436041389516,3.9870625625936484,0
1.2239487531460047,0.09882404501643172,1.1066824568869644,-0.30539916984878845,3.785270918516348,1
-0.19762046779596562,-0.7877582576204393,0.7860625877497813,-0.5297145526338927,1.3761669126711866,0
-0.3652409774898465,-0.7838417390846841,-0.7748647338541809,-1.1018364779999634,-1.5243277815523166,0
-1.671169772494065,-0.3546803599307581,-1.0842056488166603,-0.14147201620860697,-4.032259164337562,0
2.0358735351817927,-0.13367591465481174,2.828243356704353,0.118521023468207,8.740639769020923,1
0.4689780781484677,-0.009082794095686441,0.4917113412650645,0.45415676635338015,1.4321438933660284,1
-0.49195690486948307,-0.8839898989220014,-0.8318808721962085,-1.6668217475008058,-3.0020179470211272,0
1.3280568889869675,-0.2202095296340774,1.5844666708160802,-0.8530035240615037,6.140333734933131,0
-0.9727645167600009,-1.757423370402755,-0.8752693707102529,-1.7952086493552344,-3.35462847004787,0
0.40662203422267407,0.31103906536807824,-0.022929955872480146,-0.205172602464198,0.9029874672121112,0
-0.17262913429083468,-2.8562754133411574,-0.5020305474767227,-3.411136448333619,-1.1646147046672657,0
0.638677139880301,-0.28949008043361957,0.8654670659529666,-0.1535613908221526,2.441148750535264,0
-0.06357353918612146,0.9191861536769533,0.4031466648981523,0.4611683714537694,0.4419550132884141,0
-1.4509278911112244,-1.0593406872748266,-1.6123229917689184,0.06948775791940243,-6.092600319061267,0
0.0755763726700378,0.7164302036574001,0.04100959022601124,0.4498472100104486,0.7565963961699123,1
1.0488641418753617,1.1557327121208922,1.3831834271309018,1.0206166700170458,4.279397744922676,1
-0.029216405853985244,-3.3078999524973884,-0.11545984794095299,-3.1591296822388197,0.4400423760247853,0
0.775115121589086,-0.15136290357574236,0.6254516349411439,-0.9053405941486158,2.189192202253763,1
-1.0455294856740531,-2.875773427628275,-1.4231998955376661,-2.6215211715456026,-4.563704271416162,0
-0.026260793269852138,-0.11820844557094608,-0.4126031049568677,0.05252537934599728,-1.4312294143363573,0
-0.6245104550885774,-0.007171210981326812,0.7099309240230505,-0.181823968670177,0.3273758907449921,0
0.7469808401047098,-2.4825439859108385,0.6488800100651688,-2.345580332112697,1.7981717715875745,0
0.03149156226199577,1.9248383620798655,0.7140207230181078,2.13897961849185,1.6766095173523072,1
0.6900736763366125,0.2860158076346249,1.532070345096148,1.0036111637847747,4.15315581059283,1
1.087710426157866,-0.8490234320820353,0.9959192814112865,0.4011073019080076,4.360842183375179,1
0.6916185751213884,1.4653794274985183,0.8758334793387729,0.9346289336811822,2.0602169138190054,0
0.2731184342936442,-1.7956132206423168,0.32435767531016024,-2.444286925613089,1.6663939504242733,0
-0.9982122585114053,-1.2291710335183172,-1.8043034338407438,-1.1777962278643095,-5.595147182028011,0
-0.0027861106669012366,-2.2994555236698986,-0.7787726167909824,-3.3389147640095853,-1.3896085972136667,0
-0.5330904020158329,1.801045196539334,-0.5086661685636965,2.125752812452086,-2.3896872137660425,0
-0.34406395670422657,0.3323463714720036,-0.5565207260085248,0.38888675300843223,-1.5277505635962043,0
-0.37453415075025087,0.6594017898484952,0.5712560184465442,0.8430450894791838,-0.6745873167817794,1
-0.9799255747822445,0.3010012339184757,-1.0982120441295538,0.14921526635850238,-4.001603224762807,0
-1.9573385891339898,0.5737677611445846,-0.9818740905999275,0.7012756441287855,-4.846706520671937,0
-0.6681430483277668,0.07807771389598944,-0.906338746395539,0.3141975027179237,-1.937168756051818,0
0.19337945192415906,0.27092134270744134,1.149479662228626,0.3709330455407369,1.5250211458790643,1
-1.3481770454274902,0.10760343622295077,-1.0949647969538172,-0.5649458715083204,-4.213334082483253,0
0.015682236471624342,-0.6085918055692785,0.29732818435722297,-0.5225888919685179,0.3588074600061235,0
1.9002684243109647,-0.04662476521466915,1.64438644594414,0.8803575778102486,5.1811492082866115,1
1.0230565552522393,0.27359457326167763,1.3115151454540837,0.3940406025016092,3.59520092829862,1
1.6435415091205292,0.11054911955213079,2.489898225661155,0.179076925936213,7.2095534019011716,1
0.3911278769327262,-1.477772107753317,0.31871412990265746,-0.6977532788079045,1.4576584686760414,0
1.167509822986446,-1.3449866686084093,0.997811415303137,-1.7177944474908455,3.7908367459313794,0
-0.7239647304677874,1.0828414339163912,-0.8473459998978315,1.527680253959777,-3.4368810690637828,1
-0.6443402670219842,-0.3069940458834018,0.1657155354812343,-0.5720727224094888,-1.5520969022586595,1
-2.7391402061374728,0.5847253470359405,-2.3114646026369297,1.1280170187085086,-8.522815107363478,0
1.186145474042299,-1.0921199097223964,1.9099854692778582,-0.6930958324886145,5.501555474463291,1
1.540323979819886,-1.47314587664653,1.6971353350620209,-1.67928530831014,6.510468916065746,0
-0.5531772453472696,-0.843596612531713,-0.5335175669583536,-0.976577175698184,-2.073079015017761,0
-0.25395170639723497,-0.22256507077141327,-0.041979686861918664,0.2663406999377006,0.10672851502846381,0
-0.7538621136909615,-0.6651402992844123,-0.21878284648469148,-1.5928657498960712,-1.296439820044968,0
0.3826535514774916,1.2939335231057139,0.25909443018355915,1.0729689681583647,1.5029727303476483,1
1.1249325453032408,0.17952330153746154,1.809271041981634,0.4897320433497199,5.522147139521264,1
-1.742771973881041,1.8489386185618586,-1.5598566953481026,1.6948852328643655,-5.506705391155571,0
0.4094385306422523,0.40440815407141717,-0.7937005383728368,0.47183984417487956,-2.1191719533944093,0
-0.2766717717191454,-2.412550817919811,0.16507494183345184,-3.433126290750014,-0.2033140746338573,0
0.11339439196668935,1.0560416064585545,-0.5227581146643019,0.6288025586237815,-1.2072337810935583,1
0.45899400167429094,-1.5095516224699548,0.8885803820112846,-1.1698252863940504,3.100978684805445,0
-0.18820243877282114,0.23053366721133914,0.26255656034626196,-0.14497002132086753,-0.25802784855604194,1
-0.10358685340578061,-0.7746840576638448,0.06135944528482351,-1.4259139130748513,-0.1728015971775405,0
-0.2138751675546389,2.1427110344641864,0.05796528188370795,2.6735153009414843,0.1955506737538289,1
0.9703162017882814,1.4395979274301354,1.5197515957102747,1.6974399544649867,4.645460190256652,1
0.41875996012749656,-0.7418206417017582,0.17094612322213285,-1.2860873181103036,1.0536859312638147,0
0.22058353773736078,-0.12735766812111177,0.6172983675886,-0.05810574590506243,2.1200704023695343,0
-1.2709517210922827,0.2445980696492174,-0.6894400696137646,-0.28337582771342607,-3.1552661473787187,0
-0.3785797432131542,0.8634140715616104,0.5014615555560851,0.7871845431238027,0.1625863528404003,0
0.8986691603391742,0.02915191232501268,0.3457790173093226,0.11714600708774298,1.3914270969686446,1
0.037696573123922904,-1.0248948993808669,0.241954605617807,-1.4291430989810647,0.7838049431929897,0
0.6595314695891383,-0.7175586392000529,0.17878687005840604,-0.3463921724374332,0.9618188136217112,0
1.7665118003276337,-0.0044817963767913305,1.2645507914768848,0.4441940547840366,5.058299926409958,1
1.0386060692088166,1.234456978764691,1.2181199554118067,1.3662397412146194,4.533327610611781,0
0.09315833769974234,0.42783786053604395,0.1318862450978116,0.6348289363062446,0.29287317683759684,0
-0.5109891701957271,-0.7734149266150159,0.06151156906526534,-1.4998293457993874,-0.8655775979454727,0
-2.5535495960558983,0.64837277770979,-2.7266378208530027,1.3294663911315538,-9.423407427493748,0
-0.16838492247285253,-0.3869848388781598,-0.23541064057135797,-0.43264733290639434,-0.8497113994738945,0
-0.32601249581684916,0.8904080051868413,-0.22026036464775678,0.4227798226241336,-1.4251387952795007,0
0.3903661943953757,2.5270104183286053,-0.040548231322852346,2.5999283245565676,1.343131894869032,1
-0.1539052269746876,-0.3588263709435495,-0.515440149482653,0.013908625250892093,-1.53639762549279,1
-0.32038505943679435,0.8016051597263709,0.2376642734494822,1.057779943253356,0.3869446874323862,0
-1.7793989305072206,-0.7453933320377297,-2.053876451147775,-1.2877385144319453,-7.286080875171211,0
-0.9399678291500665,-0.11226376719129758,-0.34872954592522376,0.2665551775674515,-1.8326475912352818,0
0.4766510408005575,0.029562286872101294,0.7803073311347047,-0.0007672540274936898,2.360269075566377,1
1.7159076311326944,-0.1936836600443806,0.9421421183882267,0.05691843114768008,4.470661719779673,1
-0.09752538374562343,2.4630136887750242,0.16766396217327062,2.0622379384843743,0.27650818316547277,1
0.3278110735741233,-0.3065930746783823,0.5890509851211869,0.21636272001494378,1.8777982683357488,0
0.9524781569528054,0.5868515387848678,1.163942461208448,0.6782093019172787,3.64315098921592,1
-0.8108939362002495,-1.9300868693234323,-0.8818322993917549,-1.3356752122543174,-3.0685183643008496,0
0.36681404328544215,0.4319965633696103,-0.10321968441048379,-0.33543749105845083,0.6324999381135987,0
-0.7404901063321587,1.1420545923522467,-0.06738372327584852,0.4413450325447402,-1.816479782582861,0
0.8648244384910116,-0.5275973425790509,0.8140346441295938,-0.6476112658967039,2.2771564610273844,1
0.15140304795173262,-2.510222141040413,-0.29030003221595135,-1.776409631054022,-0.26402246532605833,0
0.2984518139814398,-0.0386517688273251,0.5271861570254439,0.9427536800095376,0.49716230912553216,1
-0.7825985974185891,0.017183850385528082,-1.1539885827852177,-0.4270292991518716,-4.323294864022086,1
0.7070323596107849,0.7240750507443043,0.23248934546822425,0.7505985665500408,2.428150561666275,1
2.084712921231016,2.010903035413434,1.8969766151297967,2.0884790230537615,7.695720561148857,1
-1.0079116954282061,-0.38005365060030677,-1.3406105775872434,-0.020974844081279476,-4.478469928121888,0
-0.3397590076475238,-0.8562881236602804,-0.795880133639811,-0.41380679045403634,-1.601809194844039,0
0.23160747416809183,-1.1669178013714432,0.6348133552989713,-1.7241168978272774,2.133937868870955,0
0.7864062119958165,0.1980786170315992,0.7294923047646168,0.2303752971402851,2.874139515320267,1
-0.5595462852894689,0.47935425881850163,0.06659368746847716,-0.5249047030664584,-0.7455947082769135,0
-2.83303029014274,-0.5456553943625845,-3.260285029007708,-0.14025975284238223,-10.45689140767825,0
1.359189494164025,0.7786827457257895,0.49540897534585726,0.6093728115637709,3.4285963759879334,1
0.7605061195841427,0.46538407681917565,0.8348912942088509,-0.13730696283185545,3.131596371427769,1
-1.7429475304866653,0.04323168964489037,-0.8149580695834575,0.20950509462329636,-5.019004630046584,0
-0.6075687917795559,-0.9024147207441254,-0.34207537709855484,-1.0873493422468739,-0.5789701164360235,0
1.5681824295273261,-0.4818643154847231,3.1758695276337425,0.14886619990338867,9.905676534047625,1
1.447796418457866,-2.429755297682545,1.6138259789324105,-2.876046365455652,4.444749276402601,1
0.9386400226789446,0.23578706419803366,1.05641612832299,1.347264664228501,3.7762756789744376,1
-0.17611243395986265,0.026341288747435306,-1.2537937694888215,0.4536190602291101,-1.7488950552744433,0
0.08298741881250997,0.18847899108948699,0.29696113910677413,0.8323261976815729,1.2195443075936012,1
-0.13092580512612648,0.5043190155645603,-0.04659192511648082,-0.010099085209665293,0.2168938391470141,0
1.1282397832688371,0.38582148643222297,0.9245291841665686,1.2800511749991026,2.8221589669640483,1
-0.8758424064951101,-0.11038318064603528,-0.9442318400246453,-0.7166569033501687,-2.8066799138081095,0
-0.8057996548842047,0.048668043162752445,-0.8398499420552942,-0.05623780506403511,-2.7688010174369198,1
1.0102745868360157,-1.4043164166961695,0.9203100103699837,-0.7519881029927896,3.745957773517122,1
-0.044361455511561634,-0.5837206456894258,1.0004960260514189,-0.33033610943718855,1.4166864932077172,0
1.378467355453808,0.05047105368346139,1.1930363415513037,-0.5691099049645195,3.9180283170618697,1
-0.6715122069805457,-0.7358535759123606,-0.586855345053617,-0.1681485449910345,-2.252258344296789,0
-0.0547783603388251,0.8601507958725464,-0.25672890203192855,1.0301280222438152,-0.7852186470402871,0
-0.9224129848439533,-0.6586320809550305,-0.530697391522013,-0.8667321989824974,-2.523732864785019,0
0.007362681423567135,0.21630541124831631,0.09574453140967057,-0.5546992167764941,-0.03723261306508796,0
-1.478546936998799,0.11656565681533587,-1.6185022235840396,0.3339409217517496,-5.555333347671852,0
-0.4876334209549628,0.7462775936104097,-1.4506173939085543,0.6645636921271967,-3.9657338762327896,0
-1.4362538649281178,0.900791174028302,-1.3145997522837427,0.9789458484019194,-4.807718207673728,0
0.6939232331912584,0.6940326109679394,0.5391350964013829,-0.09856806911735638,1.407373412071539,0
0.7165893397596519,-2.1060062013831335,0.6862190113161013,-2.315334730561307,2.7043746826860273,0
-1.730262730484345,1.1941481480131266,-2.3214917041070118,1.4343004587838823,-7.108105720711598,0
1.3338857455005728,1.5273082241945979,2.0505268318606706,2.4655405298469635,5.470968079100686,1
2.497415126419854,-0.4821242843214694,2.9257867143417897,-0.5847650957467847,10.260875482854951,1
0.04600638673634095,0.2366469126728498,0.7613593855566569,0.9582964422069101,1.178303485797765,1
-0.6411142602246448,-0.890831680130782,-0.06762460983416785,-0.4971574697058587,-0.5024450224629936,0
2.8243305910030463,-1.9483785067321513,3.120489242066777,-1.831486023605477,10.642186567556124,1
-1.3189684983025107,-0.7387152655423863,-1.8901097526657322,-1.2448861573754435,-5.258390813623624,0
0.020106466869098387,-0.5401390394636103,0.9418000489050276,-1.0253783112290884,2.0018544574348054,0
0.17962227263192343,-0.3548507313518155,-0.2841953028118318,-0.04608029599851576,-0.015538282281932547,1
1.3451476204524146,-0.9589140900059879,1.2109438084149338,-1.2221618770585945,4.934411041255221,0
0.35973897512678843,-0.7334251668172389,0.7131901154402488,-1.041106526200289,2.9195835743285072,0
-0.4986338957884514,-0.011006321628407697,-0.12036350219474906,-0.10131149114555445,-0.45136517723125136,0
-0.9511843703879561,-0.770226983110142,-0.6650660069156771,-0.8521423982797381,-2.5327942124245326,0
-0.34182182024613555,0.5435243325500279,-0.5419660609106804,0.9939083206468713,-2.270921237062347,1
-1.0069273609451441,0.6816606513974395,-1.3103931746228814,0.4289118022673342,-5.339094543510375,0
0.04782531978468294,2.3803877461644896,1.3150916040877512,2.7810077641766475,2.6367158966498616,1
-0.5641961798604865,1.125679932123462,-0.5838531491104033,1.3455324991506639,-2.371241320482883,1
-1.4940377932897506,0.24310305832841442,-1.5749234856091685,-0.5938949353526113,-5.729765597858895,0
1.2551457883749038,-0.6202642966676787,0.898367542905527,-0.4730104651760251,3.6382378203071184,1
-0.4976725234290394,0.2937473516739988,-0.3753373488935606,-1.0401318654645524,-1.1657865267605174,0
-1.2681368049753126,0.3265959599163561,-1.1691254046862771,-0.12101567090963722,-4.550903915185708,0
-0.16825913448754154,-0.5133130890056609,-0.1763722388396892,-0.2817746657245367,-0.1575370956374345,0
0.06837156596765875,0.7837313967528775,0.25923488936160183,0.77840984662319,0.6377738212448539,1
-1.7464667255790336,-1.3980980146818751,-0.8646979743578569,-2.282044067662646,-4.330289859800479,0
0.33164766712576277,-0.24439983553751055,0.03412131398031354,-0.8039807190242845,1.503212351617147,0
-1.0471575686902646,0.5558584593174067,-1.0256156975892046,-0.7485980973087036,-3.532912935861751,0
1.7110288091907877,-0.287584147592097,1.3871045829155098,-0.958865776114239,5.313681296053645,1
0.5239605120767348,-0.20675440342927123,0.6713096924895487,0.08277727123000386,2.390511156366901,0
-0.39989999010931637,-0.13778586119228045,-0.6841347407965259,-0.41650233047985363,-1.0695470658379302,0
-0.7451677703173502,-0.8356012406877456,-1.007889266034445,-0.7506284698244665,-3.156902054626847,0
-0.10496770756362395,1.1739009315742082,-0.8347293945914369,1.180723122343957,-1.6070313357693335,0
0.6127907415832897,-1.018037671922815,0.661688132993127,-1.0017461366730207,2.1884192591965608,0
-0.02549412858519966,0.3181593274098852,0.1893906823672889,0.829725538966411,0.2890198810115006,0
-0.21715880713685662,0.4136478982823735,0.713079369459291,0.31219257719686144,0.8553742937995612,1
0.058370290817895645,-0.9486219012089668,0.2931215314128182,-0.4932877146790137,0.3937565549416352,0
-0.6038589312369547,0.0731042543807433,-0.8287009928856144,-1.1655674420880078,-1.7151615058373095,0
-0.3432059268430377,-0.9096321727447022,-1.0230454706860825,-0.3539191943226788,-2.837816343285975,0
-2.085792438905004,1.3910424750559454,-2.696435941737743,0.7460034290010567,-9.291881026388264,0
0.9737262308523678,-1.138782936976213,0.3259120611163816,-1.6752527985153738,2.175116859981951,0
0.2987977803217619,-0.6538970942319644,1.2378187980464526,-1.0062058389775923,3.4327429098127547,0
-0.7734558440334302,-1.2242250083555806,-0.6295505955702452,-0.6822973979398622,-1.798026895286969,0
1.8987349813552388,-1.357698726867552,1.6072518717242925,-1.802348651439881,5.465373590809485,0
0.08701648039238656,1.5912152908822934,-0.3929133221842456,1.2632709012641163,-0.09892377324120172,1
-1.036143571975197,0.5427746739125621,-1.4641974921721579,0.06193081489967256,-3.4531409196579745,0
0.8567374214704584,0.140293425700544,0.5520877242172691,0.2679908261302629,2.0472043624915464,0
0.3980482165092625,-0.6565769633469216,1.0561758246368387,-0.2847727959030877,2.6223911437142013,0
0.39457998548421935,0.9076118110467684,0.3796082619553446,1.7597740689270838,0.7353087694733841,1
-0.4257556046515905,-0.824222439367453,-1.149488813288565,0.3756863105259326,-2.010761261839173,0
0.4504957237780347,0.7936392943301029,1.6057253611432205,1.1187296709240877,3.141001079545031,1
-0.26175829022109454,-0.8725112766056362,-0.8318388599040432,-0.6896841831709521,-2.256209265565148,0
0.5559414516458422,-0.6445077018756719,0.2605237966839085,-1.2531775679297779,1.7473040668527058,1
-1.9049444540106388,0.7582823861179211,-1.2498722601936978,1.7129339629834093,-5.69916769668392,0
-0.4338734629791891,0.8638273441557671,-0.22629864667465588,0.9715288988227401,-1.5979655336988747,1
1.7221550978081948,0.5974729338967611,1.48719359799609,0.45294051294294285,5.531499413134317,1
-0.7670674554003002,-1.0496741157567948,-1.3827509184472175,-0.855908231230018,-2.7210249486291422,0
-0.6038382974931864,-0.44672686572282877,-1.0871833519556997,-0.7649022294202693,-3.2081244437999343,0
-0.4479613384499751,0.1568987411985135,-0.9012093979882081,-1.0119370409471637,-2.5778968191608724,0
-1.2148061358886433,-0.8492809619100921,-1.2112902369638685,-0.5633795014432912,-4.802569363688594,0
-2.208280776228252,1.3709627601292933,-2.1127498675876004,2.0421996860962452,-7.3453731508932485,0
-0.23058639852361285,-2.4019469439505463,-0.3049137128392841,-2.1234856263500728,-0.5138453220532173,0
0.13585942408165688,-0.7787395153691529,0.11625251711949221,-0.7822790803699798,0.13314211373355261,0
-0.05250506853865217,-0.5095665028698317,-0.5778666661358128,-0.5029306266741516,-0.9666251304162217,0
-0.14487856194788684,-2.8439436647717677,0.0016894911640576993,-2.7578037909136244,-0.5132028813655132,0
0.043040870850387644,-1.3962291302361909,0.6833001892688858,-1.3254020196918987,0.48430097064719746,0
1.022841471550764,0.6252895125420684,0.9414456306759799,0.5949388538017911,3.6458357847706475,1
-0.19044618592921678,0.030283636552963802,-0.28158953914395346,0.04295507628738934,0.18834314952811892,1
-0.5740825770872696,1.5731360220429027,-0.5325820510608456,2.3506423922631345,-2.524236146277159,1
-0.2811254848880863,1.545226445884819,0.2779769449916094,1.7813630530580855,0.22395558033698168,1
0.5793467597567757,0.4330463786039467,0.13198526003745542,0.4856198706162287,1.7878682345115018,0
1.4120268785432495,0.3132382490007116,2.137450546409317,0.6428516971486702,6.341948497933005,1
-0.6281437391691783,0.06593110857890049,-0.4175326194515595,0.3955806019705222,-2.4906978949051393,1
0.09893378702888371,-2.65508201787949,0.11327413487831754,-2.1820830364945607,0.397428048540034,0
0.3383574419359596,-1.3945595133260753,0.9449768602681194,-1.7730152192425055,3.14266987420467,0
-0.9925780067288229,0.10067550309893408,-1.583609043667051,-0.13958844997496075,-4.909352343846517,0
0.02041716721291813,0.6160257087476715,0.2814399353352723,0.20924698165054556,0.7096270490139853,0
-1.465673857342095,0.2896698121381407,-1.2505190750887865,0.6730312738849864,-5.226312771297448,0
-1.7690503037393988,-0.8924649677156576,-2.2367778359362953,-0.5335294805121451,-7.176867614375631,0
0.366746407892257,0.9374062824694956,0.5970654693691675,0.3007848462083099,1.9375963202986874,0
-0.3838747413307828,1.4824440287546365,-0.2422221516405397,1.677862935164798,-0.9973300134336932,1
0.20228040762121913,0.9379896002913398,0.11291134777625207,1.6241065342252763,0.31349461686106483,1
-0.017894977008350053,0.9895993295904707,0.4135138006068161,0.8719330102282273,1.0216814887592023,1
-0.9764000486637974,-0.5592257979552109,-1.2622771748426296,-0.40223916099205853,-3.6544056441534547,0
-0.045254301964336476,1.0759341227007992,0.08990632095734802,1.4411769741130116,0.47973068662660295,1
-1.2331013050148552,0.14575863932765726,-1.2989381962425146,-0.5145204803717027,-4.5939926675468215,0
1.3909723580014006,0.5115555285220048,1.0836239464975668,0.5875496080175558,3.9432019033027963,1
-1.3559703448599638,0.3654318428247091,-1.1045280023005781,1.0014899376954447,-3.261452016066876,1
-0.19578527096858125,-0.12148710544041103,-0.299653144643157,-0.41809151382248505,-0.824172115139591,0
-1.0422715880472482,-0.8600024751223019,-1.7787748174020215,-0.44376940399288756,-5.249700673176014,0
0.5704211733607956,-0.08213666355404634,-0.3301118789981966,-0.06855585998448675,-0.5431330157804158,0
-0.33143137128150285,0.9867616174828228,0.06309736276009809,0.6495092964159856,-0.8371926198617263,0
-0.5186667196212101,-0.4414758053129096,-1.1289667732346254,-0.48973008072011737,-3.3570927308359204,0
0.8532015450515544,0.893347262608146,0.9928937917518575,0.6302833005650299,3.485296659640687,1
0.029430591677552183,0.7370706706176718,0.05690653849162736,0.2929136497362389,-0.020154664546522066,1
0.5166444459359673,-0.2989373970198303,0.33237855745051736,-0.4261097832463845,1.4473224319793156,0
-0.9813259365174648,1.3888001036195767,-0.0029917079097948607,1.423013259812638,-2.19459726870938,0
-1.404816943927507,-0.355546671190706,-1.314979934697284,-0.4385738624651402,-4.034970865727885,0
0.10720796204013365,1.5095468626126316,0.4850247033811663,1.3768600720482114,0.7621163490154517,1
-0.3188463554947312,0.4341269815409725,-0.17643824782482673,0.5471249230237722,-0.7135847632882104,0
0.6264346724539442,-0.015865918453513532,0.5106649608952037,0.24983706903701058,1.6957019116534884,1
-0.0799084526625497,-0.8878013803376538,-0.08945282778052047,-1.4598489967575237,-0.4578343911815722,0
0.20507533923462995,-0.08826023013504129,0.9343467220648718,-0.2144581648253452,1.7792836121766389,1
-1.6233825299412439,-0.20375951349442029,-1.079329883641029,-1.1905299684913448,-4.445581938415057,0
1.8884369396142566,-1.2582963852509055,2.8644301554585567,-1.3393880647680072,8.071344612262303,0
-0.16424198503203188,-0.21761542271766712,-0.053420938545589935,-0.1423508996818565,-0.19607749762774374,0
0.697586970339199,-0.8038031800970857,0.25911843748882507,-0.5189131740143671,1.5052045829169252,0
-0.8360916702196265,0.5859917689787818,-1.0563501423995325,0.6630441722269341,-3.0518278803638514,0
0.3080099022173409,1.306280475728203,-0.2858791936819547,1.580368297755327,0.25459719533573927,1
-1.3028447635247453,-1.2269156762952407,-0.9193226990871066,-1.1943031854606019,-3.951702698888927,0
0.452067838259671,1.7123077283669226,0.15910968022104693,1.3745485392756853,1.179336818952627,1
-0.3559740843858328,-0.12855103438512974,-1.883633057545588,-0.6865186185799794,-4.525368335937701,0
0.029190503935567446,-0.9750213849385142,1.2610783531005327,-1.1065227385827792,3.2239813406607873,1
0.6979740301300975,0.7577547802081833,0.4126734608859398,0.37461667850470487,1.6928178700687662,1
-1.2325403112202802,-0.446454478255048,-1.520835773963185,-0.506314035570533,-4.991370550995408,0
-0.684491730612797,-0.08173667603149418,0.1513141157173863,-0.3276751777752088,-0.9585140634725411,0
0.4573242810867655,-0.4042782442120789,-0.14680144431199227,-0.19473773793005492,0.02584538825215027,1
2.098221474546747,-0.8167379318649001,2.6665244178133305,-0.7922604196362829,9.497229993810413,1
-0.13808233466148176,0.7239970324019037,-0.43180355637349244,0.9477442005305279,-0.827524813598348,1
0.5911361179239325,-0.2863014028941872,-0.07076160437449686,-0.06510904125690667,0.7792245521385753,1
-0.10697146985848006,-1.4366517921792459,0.7458874108305881,-1.5264883140374608,1.0932071496196218,0
1.9422455947562995,0.5510601242159328,2.403794068287563,0.4918919517552725,8.277512408844373,1
-1.7472216669652556,-1.2055823510237553,-1.2872211747077342,-0.9547801068630746,-5.468095169869484,0
0.094621044669358,-1.1532601726752587,0.2784488180637452,0.0697092926618037,0.7592187985215411,1
-1.625544033562061,1.192606204977316,-1.3259932170232207,0.6980406315095248,-3.9888267085356226,0
-2.5065715705367166,-1.1963398992102119,-3.1226505829107385,-1.175464155215482,-10.48378498880035,0
0.29746205311781687,-2.31644485692749,0.3532674817401471,-2.91429903053951,1.4225152703816046,0
0.13949779614745902,0.6228614849614955,-0.3248837040779635,0.6124053101825397,-0.2962481244822572,1
-0.28483693774220137,-0.3038634294811303,-0.9793071972737286,-0.6408938813083174,-2.1217901701121518,0
-0.10619409003975315,-0.21765512113811641,0.09928257531426261,-0.27760832666419655,-0.10317778317349419,0
3.0982994340712575,-0.3145003933502,3.6773742119010295,-0.23684522637627076,11.706069699665761,1
-0.2581751380314344,0.2316699390187268,-0.44985955014546636,-0.013025617193253874,-1.173735328024333,0
0.5101243612500749,-0.7527192419030679,0.404117915082804,-1.6445985799967593,1.3454077269233404,0
-0.6493648196138809,1.4761148745657644,-1.218440142155401,2.188882713142168,-4.576746502417238,1
0.29523257504060313,-1.4762304803093984,0.29884114808455203,-1.0565919904097436,0.6282981648346201,0
-0.23823367505561752,0.4448749166771231,0.14180438113858954,0.37959530222169063,-0.23207524987017158,0
-0.41051848272973,0.6421210038765839,-0.014754614365843521,0.19475450477130307,-1.184211529728849,0
1.8188985322003248,-0.7596517608333779,2.091486620015791,-0.7171394656918642,6.986814446578078,1
1.177184963184339,-1.0237344452778183,0.8679693795870711,-0.8432400327571141,3.1229181155198495,0
0.13674664739923068,1.0171742141701563,-0.1883178743143453,1.4021801220499606,-0.19323522623878608,1
-2.304211935943967,-0.9908607540167149,-1.9065096993235,-0.559749671816322,-6.185400959341231,0
-0.3610092232525697,-0.6066639407505668,0.04499024285579606,-0.08132578809464364,0.1619679376468115,0
2.7030275644050836,0.8873089624597463,2.617030071689137,0.016879117712256586,9.584347460237456,1
-0.23066166663970813,0.03474123353902422,-0.44374762042255095,-0.11758037347154784,-0.3288732901512311,0
1.1032175720536581,-1.7971436676291046,1.686841118776508,-1.3005932573232908,4.9922156348370965,0
1.4419424019526008,1.7470591445535142,1.2619680695459774,1.2852432932345317,4.655645832960345,1
0.21896391585597508,-0.5300107587799662,0.5919300281178659,0.07962302981087033,0.9845077968386644,0
-0.8418216318681523,-0.40275728990641746,-0.9102432192972015,0.5024315176627203,-2.4441413012287634,0
-2.4353123317828884,0.2557842523263653,-2.9590787223013884,0.8514114120559457,-8.592629642741828,0
0.6841632086089545,0.6250767970040728,1.490319278620806,0.9558720005556802,4.4605881961291285,1
-0.8147560028235481,1.961104291291467,-0.75472405495781,1.7373511776100428,-2.019889067826627,0
0.17615045188769213,-1.6600681494056964,-0.17922153805634955,-1.5192507475317603,-1.4628859263877017,0
-1.2498203395893641,0.8259522089259458,-1.945223173476966,0.1529048845656341,-4.595328682047515,0
-0.2652375404702022,0.743009694050077,-0.910237939588619,0.3524543617541989,-2.2705037880205547,1
0.033719054901053244,-0.13716491087411672,-0.15273664714624735,-0.49256665212985196,0.9230893585283984,0
0.26859358104429787,0.7872736948162224,1.2311580228110943,0.818259981799196,3.7310316342100758,1
-1.1148221873524142,0.9342740176365468,-1.4071531266895354,0.7381853849224014,-4.100326828864078,1
1.1969109487613523,-1.3819627849870044,1.9206383649344545,-1.2511628066769722,5.46512550050379,0
-0.5968947847319712,1.7497665058808303,-0.6622766190335132,2.1886799183194596,-2.140775851725457,1
-1.674469460453245,-1.5587622531381418,-2.265044656004086,-1.9136260245737726,-7.996805783584942,0
-0.1090234199634638,-1.1353162812387732,-0.3456290141886618,-1.0610157347702476,-0.3893934529273665,0
0.03437530902646009,-0.2617876736240963,-0.6061186528422614,-0.46977216853306447,-2.43817687478772,1
0.16058943317175975,1.9249405131870565,-0.2673947928101673,2.020021760015647,-0.4432498728040265,1
1.362132403685079,-0.30825662975338647,0.9192583727471203,0.034829669352523185,4.653334052928837,1
-0.23644883673585937,-0.03193389005081066,-1.1883507704764926,0.42868400537029544,-2.37101235683096,0
-0.11961962436877134,1.432078603904563,0.6367784100385917,1.7672306635510822,0.3291700029532898,1
-1.1031843812330935,-0.30031814256547273,-0.9976758661219527,-0.0933253281009758,-4.320281052756066,0
0.820553502887897,-1.1784367129306756,0.47741430007884605,-1.8885433494404404,1.8869410334286498,0
0.18430906407810357,-0.4172348352383145,0.29518793729479814,-0.9578678000112592,0.9060273625085756,0
-0.4200277272941628,1.3707918338057774,-0.8377679241151936,0.9587026939055319,-1.8673020269160563,0
-1.9046746934654637,0.07086499705513648,-3.2402056761503415,0.2501751004588989,-9.035354338751793,0
1.4444121950550874,1.9306582590562598,2.9227580116683622,1.28515580286099,7.4827572110676295,1
-1.2276799644560572,0.737934926262155,-1.1328800261175274,0.9066960903460837,-3.7979135302015368,0
-0.5912780093697056,-0.6448089363934831,-0.885784529027088,-0.5125743078271587,-2.2958175648701844,0
0.35834451107600324,0.05107630446507835,-0.6086128947627134,-0.916768248294764,-0.43544893792373845,0
-1.1965579286166865,-0.8532181181418798,-1.9436328261879665,-1.3970195290256557,-4.443010221473033,0
-1.4935097782531435,-0.66843303064877,-0.6662638134756907,-0.1464952432203953,-3.2096328146994777,0
-2.123947582700665,4.479084251025757,-1.3729783083014313,4.827788825223213,-5.447966507683251,1
0.7209969529056355,1.0186245100338112,1.0976044709051094,0.5934275114363441,4.214633549805554,1
-0.5451862447263217,0.8610979890066733,-1.1027247639312285,0.34366749629944826,-2.5981703434271983,0
2.92727009247333,-0.623180315308064,3.682257086461835,-1.848353657847354,11.479891472222352,0
-0.9943550656308734,1.569584066281079,-0.7694637566586972,2.3052329101417364,-2.409108676133136,1
-0.9214510234289213,1.099415601792937,-0.5939887992531541,1.1199427860084596,-2.770851238559904,1
-0.5653929702854015,1.8816212893577708,-0.34230749806377836,2.8234833170303713,-2.0240086236232435,1
0.2431346551384891,1.8331141483984492,-0.5103589371745629,1.7372786049123208,-1.10450468540835,1
-0.47020333878531134,-1.479089288097522,-1.0692838141587553,-1.337794638652729,-2.2281981633656036,0
0.612332214002512,-1.1098394892699073,0.3572231307983311,-0.6641902535556093,1.9430674689640732,1
-0.9785883899886544,-1.0037878154636364,-0.6567685362220979,-0.18436647237318138,-2.251001628143068,0
-1.381591718463581,-0.943940643332437,-2.071807759585154,-0.6934298140902251,-5.903457680048645,0
-1.7982147394091075,0.3234523642603904,-1.8858879468812029,0.3246559732295368,-6.374674356447799,0
-2.2235741679371968,-0.5668034520958176,-2.311878923018722,-0.5528246215381358,-7.800113351609482,0
-0.5180690194750568,2.0725985407625185,-0.12169917481126796,1.549680739659051,-0.7249626405819505,1
-0.3009803123932219,1.9046798820816377,0.036355455410609194,1.7137384486488123,-0.6800045267420121,0
-0.6314370274831833,-0.006461594079039767,-1.1365499920092497,0.0191481482285049,-3.8654056136334045,0
1.243405797187162,1.9553262161497902,1.9667488819308128,2.646273153700671,5.556048927900547,1
1.228030209608135,1.4881346272402018,0.6464102952329899,1.2731130304995304,3.4069275800779777,1
-0.3348029874445019,-0.4507065591772589,0.2113167335058731,0.08062076355963399,-0.4034896550921603,0
-1.793921113191963,-2.0092153440255616,-2.068993562366162,-2.0501343496574913,-5.764060471086562,0
-0.5667051080550529,-0.21796838496072934,-0.484742131338367,0.4038108948304897,-1.5989103164126692,0
-0.5998213939170616,-0.644622131078473,-0.4868276638649092,-0.3062608840919973,-1.813643673650215,0
-0.657134962278058,0.20650562514583037,-0.5582812419236604,0.5111033065715065,-2.405433585177051,1
-0.6977189038982449,0.08922828687474911,-0.36046930468095967,0.5786416168725133,-1.3096484592047308,0
-0.6534628957248072,0.06301765889922856,-0.4577331467580409,0.47959761454220795,-2.5016317502417182,0
-0.38654161589775976,0.5236847413791645,0.005282949037509366,1.0555914392310766,-0.4113608068555641,0
-0.6355410988155566,-1.2125219470836786,-0.40323111864298883,-0.14663996746339603,-1.9775387254728942,0
0.20832250862559215,0.4113602775697078,-0.42390512083732973,1.2198076332441719,-0.47486165736142694,1
0.3603687159048611,-0.4396161530170061,0.4952682531838549,-0.2064040359345249,1.7742261764295333,0
-0.9106450871824898,0.199982199863687,-1.1925800384351564,-0.020891229488139623,-4.32395886913533,0
1.2710653260070333,0.9574098452321899,0.7164340870533915,1.1406187400776022,2.504000156790895,1
-0.9800623018406138,-1.2243997732210297,-1.1249822481792637,-2.187497636050291,-4.1858843416631135,0
-1.6178006138153371,-0.2812936526695694,-1.5261828142977918,0.13319965358094282,-5.0394456782899635,0
0.3807780713650517,-0.11853423402886418,0.505615585358944,-0.6485508313156695,1.768964973502857,1
-0.8174081344143398,-0.5142689715706409,-0.2893957618442058,0.04697166641661221,-2.00635438858598,0
0.321291470757388,0.8998294961329573,0.9749460302431767,1.8899740129783158,3.4159028167816445,1
-2.4036686011005304,-0.7203883588004716,-2.2355281857218525,-1.4458555301429261,-7.43401009116225,0
1.3924559414830675,-0.5554003994423388,1.651009129987772,-0.5805525975461323,5.912433164672526,1
0.6722934080404022,-0.7099191329520644,0.7199479246282298,-1.2421255592857798,2.0862332659343377,0
-1.5004765491630017,1.0920554114388015,-1.1168638173382093,0.2279004294705549,-3.968268648337288,0
-1.4787771238462857,-0.49244411241221675,-1.2352830544277535,-0.5456049380141552,-4.518377717576981,0
1.6722659040975276,0.4600453908835562,1.6450218571686257,0.7776289094328297,5.437310122951062,1
-0.7373799034979588,1.9757051012300741,0.33861138000419133,2.352905315889596,-0.480897436312156,1
-0.834184848732624,-0.07481842035058532,-1.1072765304535335,0.0021444859320868676,-3.9850476696590147,0
-2.2660520941492828,1.1120606800331574,-1.538823615795114,0.27994465172637595,-6.83346767470084,0
-0.35077820560155415,1.671354084093128,-1.0279246687650228,1.73304346531978,-3.1541045165379007,1
-0.22771961483575284,1.0271915600404138,0.17908865338997457,0.28091755191764534,0.49487494945219157,0
0.7154930967694852,-0.016801315977740417,1.4337772726329039,-0.730295445006672,3.905331279976288,0
-1.3990784281844755,0.6421077589986135,-2.3526879636884352,0.14369781487033367,-7.27479298882785,0
-1.5202867922406096,-1.2873785931353454,-1.4508115057130626,-0.7624729974461354,-4.9233660351451505,0
0.45096263477647686,-0.780043158149952,0.8086696553984987,-0.50741548530918,2.294534921164005,0
1.0067300712270648,-0.604675181631919,1.132711873291098,-0.44337983269061876,4.300771594056154,1
-1.571152351117883,2.240612120174282,-1.3820743833144016,1.8093050297558646,-5.05420893884063,0
1.0815140862997412,-0.812584514255267,1.149625667488073,-1.0064722060309634,3.20292861882648,0
0.03754184148682146,-0.8274767512618295,-0.5095820716939745,-1.5125380043403607,-1.2112232124907152,0
1.0918053390746458,-1.0439209802489833,2.275828135152367,-0.36177031680293514,5.610766835939395,0
-0.07022036151761657,0.5598117619307609,-0.32198929317551617,1.6584407657159068,-0.46780517632906476,1
-2.5222779174879504,0.14262139266888282,-2.3051972980984976,0.4209205997054457,-7.8515810540281326,0
-0.15196738231603887,1.0867589770265649,-0.4753872208587525,1.4526360825317455,-1.9507161684309626,1
1.06014381867127,0.6712596660773543,-0.0777877763390793,0.5917795964716697,1.3723921484746973,1
-0.8937460190837143,-1.3803898467240676,-1.3560024559581987,-2.1901160285532497,-3.476248494997836,0
-0.3879649689074522,-0.8072777700103708,-1.1117683150450213,-1.2292601653239672,-3.585035470620053,0
-0.1761335035509783,1.3653287482758214,0.36965026606126644,1.1326364738090684,0.2575923647611366,1
-2.899513879868482,-0.203298244576805,-3.2029478878907094,-0.3959262498331826,-10.755281444938857,0
1.6713475754374763,1.1875918180180127,1.4143019058474948,0.8798950037328708,5.869346967207087,1
-0.9013756798971745,-0.14968094791531705,-1.4335410361990428,-0.12580429362953352,-3.9468009760981544,0
0.505735432472799,-0.9676564282885214,0.5527531318303502,-1.3927409725545292,2.238626811308534,0
-0.08670113614820872,-0.3032607776667061,-0.4449303943288491,0.780601282643108,-0.7186825024487644,1
1.25761905635936,-0.9680497955496958,1.7537964219827544,-1.6507368030478222,5.207455681663359,0
0.4060561224280809,-0.5655527624024236,0.5570757839726613,-0.12189799039114824,2.544939320461432,1
-0.23492427152097461,0.20092570656524597,-0.5208371643831986,0.06999835148430217,-1.7295153402083627,0
-0.8935150925192802,0.5116050903690205,-0.46839856660077056,0.7430041379999448,-3.6662751199601518,0
0.7978507013821389,-1.5901913232542981,0.8018209628937579,-1.3361338896654857,1.9001474501268212,0
-1.8734413039546167,-0.01736800750909817,-1.8626928511096412,0.06115360755122942,-6.593993115261965,0
0.6458904202758925,-0.5866157355597524,-0.08542703159007037,-1.1533011093595644,0.6322091929476974,0
-1.0990447515548727,-0.6484148089588124,-1.1345878179475295,-0.8144346841438587,-4.18592502560349,0
1.25228366195664,0.13268461913307686,1.4130559816156392,0.21723225523274836,4.779639645584409,1
0.1612995426626951,-0.5504518726892123,0.8280829537618677,-0.49723495504715254,2.4983291901081035,0
0.6441237678501087,1.382137994846674,0.26817695289844734,0.870572007455661,1.729553642382716,1
0.08198881382471937,1.1880618762510602,1.221043125517475,1.8336681057718436,2.8893445735594603,0
-1.7523770951409967,1.1818282939420393,-1.4739429367265036,-0.0649584190168011,-6.11634530478456,0
-0.8607291633953384,-0.4949101954903018,-1.6204351014122422,-0.6199726393726208,-4.791688542543036,0
0.6723893376113824,-0.9624988349193223,0.24979028056860425,-1.4231582125121316,1.8583424317828163,0
0.166655817359844,0.08202992938811553,0.8771553994682535,0.1731126375677116,2.0583005549518636,1
1.180989905305672,-0.15034836628626724,1.8026044767868692,0.3580145617159459,5.615224877309893,1
0.40327456303717174,-0.6088231624233651,0.41232130381742305,-1.3123076680119041,1.7364163918639284,0
-0.9667018907026598,-1.1757344466669615,-0.8917430391737338,0.0010681694772609607,-3.1504438788858606,0
-0.796064137720634,-0.04151796926807157,-1.3783692745836196,0.05940634921085944,-3.1598816674203576,0
0.10291739052323721,-0.4040694502524733,0.7636387606409082,-0.21320745520473905,1.4158855796294496,0
-2.3140440660001054,0.6883470370380197,-2.807927609387339,-0.03153013063568677,-9.496467120331658,0
1.6734418856229851,0.6651060515214793,2.0958124411846937,0.6418224573547414,5.8193033090716275,1
0.44174673637755724,1.1007998054227168,1.117767920710126,1.5866372161816629,3.272457591486887,1
1.2270345970488723,-1.2592955518800382,1.2511123741586267,-1.1543347657706995,4.057749513124991,0
-1.580603940809169,0.40105830769363265,-1.0967982577480697,0.47115609455709123,-3.931499466961769,0
1.2445651603552557,-0.7274657062336721,2.168385014368103,-0.7533954905728663,6.327593992356678,1
2.2314989110277486,-1.2204142108110847,2.3654833106331177,-1.9094142566427954,7.908798555822235,0
-1.3208783553773176,-0.4286022369487101,-1.4085292635932907,-1.1204565724804367,-5.3256949682167845,0
0.7714017949037666,1.0687049801346178,0.7379753661280083,1.6533685434549725,3.0563092181821765,1
0.0011099446872931465,-0.37231835357048426,-0.3703840066487511,0.06882499940106279,-0.7660468100387274,0
-1.544433848248244,1.5654546599591124,-1.9272257446166807,2.080590246192754,-6.03720114342672,1
0.4928839718518698,0.5488785155203335,0.7140873537647212,0.1374684936180236,2.469721334252935,0
0.8336032048373484,-0.394090478980577,0.7516282937627061,-0.4728743595650363,2.886537878438531,1
-0.6011265526688468,1.1600484289064086,-0.43734196424321403,1.7759485219069808,-2.201282945890482,0
1.1659165202552229,0.4453967721142857,0.42094844532893716,-0.16893089026553437,2.851405688381327,0
-1.6667634067891977,-0.9325593884467056,-1.7130728193827678,-0.36761818467007246,-5.516190378061485,0
-1.4947561464496442,1.8588026355805154,-0.9796972214044126,1.565542839268569,-4.0214141443917235,0
0.13659739558875236,0.2594788230864766,-0.4228647428992567,-0.1681378271307758,-0.3246592056564498,1
0.025385277972271716,0.018796191985491827,0.033648485039547295,0.002838042082235759,0.4681470436498354,1
-0.7165734884241052,-0.8555326699056159,-1.6438781438733105,-1.4140336244615144,-4.560647947180927,0
0.8095944359718859,1.1795382676077382,0.15686342483529903,0.23109147035920863,1.3113398598094435,0
0.5308943142159493,0.5172754273613065,0.9347247580549742,0.5552902706857851,3.7791844711961016,1
0.858139070934016,0.6292381802952409,0.7034969242775412,0.8963710654859353,3.357082436623294,1
-0.1231364353522676,-0.5075313435257685,0.7878999974170036,0.10011374279300889,1.366992398224355,1
0.6025802679783409,0.8341005719100684,0.8188018231904972,1.1375879284958115,2.882888526246136,1
-0.44565030302999464,0.9118135935708017,-0.18035247058533238,1.8945121859871545,-1.4980228111354492,1
2.0538186900865965,-0.6687782387811225,1.5155776651391468,0.011759249087118895,5.812442734190568,1
-0.8125457701219856,-1.416990139680991,-1.005098458544212,-1.0479507638376835,-3.8524703980728705,0
2.1052974294583118,0.581373059338924,1.7389793384345056,0.8156824720169202,6.7787355118563655,1
0.034887947089408566,-1.5733469496057397,-0.4978329226858843,-0.9582958580691242,-0.7946513406330276,0
-1.3755108895687427,0.15201577783777934,-1.043564326520675,-0.9544952778264868,-3.60848193472691,0
1.368079350488601,-0.4472451047873071,1.8003372833729407,-0.6872736254187821,5.546776625317006,1
0.125901388394959,1.218665210788921,0.32536998547868334,0.28942468730856574,1.372886006603412,1
0.851124098380238,-0.39284389076720727,0.43709050176724445,-0.061295074574157504,2.477323815267449,1
1.2238559185425932,1.1072729720038041,1.3892209360913246,0.7358910332983548,5.843841352605345,1
0.33795555414502526,-0.5142094443630262,-0.618383646587803,0.9956171268059953,0.10372402547519932,0
-0.5922408448128146,0.999991005059611,0.06926378954120549,0.7410281059742209,-0.0037553242666988895,1
0.9757133776692501,2.0603415438368318,0.3266382898505319,2.113523126278093,2.534687954541054,1
0.000755507454595548,-1.0680471383662404,-0.5594739837646362,-1.2691804054600735,-1.5649274006804366,0
0.685857818608419,0.29203572173090797,0.7435039533935153,0.04762010265896929,2.6621916434155555,1
-2.1537305737914614,2.748782415910065,-2.0516507936704387,2.1255214739944157,-6.210119836142384,0
0.4469817170098519,0.06658882690292169,0.41060741778395965,-0.5734858780675658,1.7451647817722986,0
-0.6385858251450302,0.061788270229648265,-1.1936497956361782,-1.0279582309068445,-3.7560676107710376,0
1.6533096371785305,0.7884989473510197,2.219983633980177,1.0612300987527388,7.0879164576788085,1
0.6230873478890951,0.04108086409475417,-0.2198872526455301,-0.17124251916923616,5.409950517870632e-05,0
0.23985774584929662,-1.7072259945705526,-0.5017767493749258,-0.7404118815492294,-1.071863979319303,0
0.48630999335022157,1.1322873748389386,0.43281860737298095,0.5102172828053155,1.8015518358152223,0
-0.9984408528767182,-2.0029484138651927,-1.630557843798912,-1.2647911537877201,-4.3890040046392045,0
1.6232566905280539,-0.4167916511383418,2.2345693286660167,0.3693380165374187,6.505062708070447,1
1.9913704184169045,1.2074257491566482,1.4022631007104471,1.845947332406889,5.511803594935164,1
0.3929135105482163,-0.35654242864278574,1.1714270866533725,-0.23914377341002702,2.219036893544979,0
1.5904035685736386,-0.6936964924644043,2.107964651459425,-0.8627993550741051,6.536887650511305,0
-0.5691481986725339,0.8792639051665608,0.048379669081258014,1.5172977536352033,-1.729976619276711,1
-0.7971135662249808,-0.8511147868343866,0.146439425251642,-1.2468463582532274,-1.052363999663328,0
0.04092474872892285,-1.2222257195919537,0.08153871077680562,-1.0868719218690934,0.26425305496180046,0
0.43494103836789866,0.2745139874932834,-0.07154625954208016,0.2526400144822199,-0.3685756535353214,1
-0.3939866812431204,-0.18292329841259092,-0.4454906191274413,-0.6286317297606004,-1.9855902186388568,0
0.5377681903684838,-1.243673114188842,0.2544353876640024,-1.10464962804669,1.285477222050886,1
0.30638948207341404,0.63695253999487,-0.04820615418344715,1.0078716657913762,0.26488342121801833,1
-0.9983067752910549,0.4644876055772338,-0.9228800568876387,-0.0009264991422543445,-3.41840174046613,0
0.5187930174517212,-0.35975501660563197,0.36294091034784803,-0.12969492304770688,1.6480777949583074,1
0.8635282425215212,-0.2913320061249465,0.4874234003630229,-1.4058460998248532,1.4342977077905614,0
0.17146931759039094,0.47039274200915654,0.04876812129676181,-0.054184928520960296,0.7090702526168098,0
1.1526481032616924,1.1903614197520662,1.427137335363545,0.9616885583130883,4.4238831139386035,1
-1.217403793496952,-0.28279321010932484,-0.739195190200604,-0.1041245916262667,-3.602594721690482,0
0.46795042213185173,0.6546884930081446,-0.33351153446364307,1.089345867825172,-0.8975251715748112,1
-1.1702807063967748,0.5652002170845992,-1.321881249561046,0.606611662666518,-4.532972142801044,0
-1.1140813582330875,0.8793072927089763,-1.1847529609704397,1.1626051599539748,-3.7846128310013585,1
-0.63093083373779,0.039309198743465314,-1.222190844851606,-0.04098175289124708,-3.3199918725936124,0
-0.9420601835742449,-0.9123255140663579,-1.0019130500945945,-0.7099514426122088,-3.331509948416811,1
-0.5479958187411378,-0.4624991531999693,-0.47399801397112373,-0.28654461988561514,-1.9395115880940685,0
-0.21415031071118876,0.342853465781648,0.0452669619293066,0.08834315296452006,-0.26096580314446893,1
0.8371544863313845,1.8184643783815932,0.8757334991472197,1.6407744401079574,2.4534680637332817,1
-0.32115903870570245,-0.48401962319627845,-0.7616337437044802,-0.1839560370206692,-2.0073890648140083,0
-1.5856257067695927,0.8047874435273991,-0.5796106929836693,1.7108313478480996,-3.7832107054601947,1
1.1400678464951604,-0.32805645067676004,1.5546312323059595,0.27535283997789994,4.256964633667636,0
-0.8370901336150396,0.11046875588613572,-0.5607302612901062,-0.45408927217256445,-1.9997361033600418,0
-0.05872042710462872,1.5153967492635925,0.44369520140083935,0.9526058796506371,0.011809714548741135,0
0.4465365069407115,0.7642925814204332,0.5688410928459501,0.4964769070363015,2.0696297455258525,1
0.1996104184027828,-1.2412992727409569,0.8427608611637603,-1.1918386038021596,2.2785114211999,0
1.0941795475214755,-0.5724750238115909,1.1226155226643577,-0.5483468953244311,3.6228809515690235,1
0.4790031433927589,1.2562213444413588,0.4798768735298509,1.876361482905533,2.193462944251104,1
-0.861309579697108,0.14187804262849532,-0.543695340301506,0.7894346955518831,-2.6535251061911795,1
2.178562173991662,-1.1488401196158635,2.9667409471371236,-1.1460073274081086,8.89574714450539,1
0.19433346333823323,-0.8189524449737209,0.9503577709828868,-0.9328007331541581,1.5920381172103806,0
-0.14734022662150623,0.7034935227111718,0.14908357250849155,0.9618667388549715,0.07293508081349305,1
0.9639254230555709,0.9944102812176302,1.2222313523439707,1.5260109412433853,3.411021967562055,1
0.24945094593007222,0.017855301482174405,0.5974721514783152,0.29407370647094844,1.173297600410819,1
0.3992281929393271,2.475313800936102,0.8920386496076258,2.259540899240748,2.350232484579174,1
2.492183998600687,0.8241523634556386,3.141549968307308,0.5180254326019771,10.00962224353441,1
-0.27512142825504665,-0.2434810696329004,-0.39341347025697154,-0.7987829288657626,-0.5715422670047302,0
-0.3177608940173958,-0.8157060480993442,0.34126975090129985,-0.7189626243017179,0.6714145867816861,0
0.1165785120124638,-0.9748843046390414,0.2880760690481168,-0.6633242554791977,1.0265160267988962,0
1.0715159355810386,0.3354213204803695,1.3969817468310135,0.702843917045098,4.327962588513121,1
-1.506534030190399,-0.48877704491340684,-0.8155593694234017,0.08710313996404223,-4.092927761222191,0
-1.9655558914765052,1.6737437539834246,-1.592024766431166,2.413898554314391,-6.145679631746728,0
-0.5871152706201476,1.4663118029178592,-0.12911748904372738,0.778828979079191,-1.4170490623499363,0
-1.6339229590592872,0.6330665474972272,-1.8286322257004979,0.8354477642128911,-6.458613992327778,0
-0.42483134752563845,-1.1789961729568956,0.3243244243492017,-0.9593664282665577,-0.027994746305812744,0
0.5024996961292901,-0.672218872552405,0.8503430516673527,-0.7091920767614062,2.015243850467933,1
-0.8907488635522633,1.2556775257411008,-0.8277160046320146,0.841505240768962,-3.400018020812061,0
-1.4268265767813424,-0.563066199795102,-0.8762893833347911,0.15924871757328318,-3.4153815873592337,0
0.06933716171534797,1.1221417339195243,1.3632524105955974,0.8278414783958068,2.140671017785506,1
0.8625434846151703,0.474603923034761,0.2780812337042029,-0.6216805066817084,1.3300888918955038,0
-1.6949734385166126,0.05171788481318731,-2.096839749978254,0.06175402736830447,-6.099502744471427,0
0.8202323983059842,-0.7028328129354411,2.1628850527239263,-0.8217646463783206,5.360049098088461,1
0.8173062037383262,-0.0942438435247516,1.0306536248905134,0.8346047928819832,3.9752795617584047,1
0.954085102156628,0.18964795487489794,1.049519941472412,0.4344949319717731,2.946484975767244,1
1.2184802148716865,1.0325388983011217,1.160787344040604,0.8799075248855055,4.186186095765154,1
2.202013924659616,-0.8857356006337547,2.806231925145336,-0.9841631458302917,9.301398345479445,1
-0.3560920486190552,-0.26281684252611515,0.9495316057860884,-0.36701859644499063,0.9119393712261539,0
0.10957158007785811,0.04482313193228473,-0.22302269028881466,1.1533898192139764,0.555478397395388,1
-0.41643843324802554,0.6626783576861643,-0.46487679684269245,1.0004202917550864,-1.74958613504305,1
0.0019768447558107757,-0.9084643375227769,-0.17338671952812218,-1.6120444236597822,-0.08926319644215897,0
1.5328733556363119,-1.316569792887215,1.899305844045951,-1.4387897669377077,5.758894415254118,1
-1.3450144839306688,0.6739651517100497,-0.7338177651053814,0.6621489277097954,-2.7393503312204723,0
-0.8610496721655755,-1.5179491149467033,-0.050583279499017086,-2.0717332166788376,-1.2410612121034044,0
1.3771809365045613,1.2849797147621682,1.7605400778147016,0.3935019861386233,6.635491510699882,1
1.0200365069020898,-0.15592609748290798,2.2797029025238986,0.1418555934105143,6.678996571043308,0
-0.363131646817078,-1.5475310822744464,-0.6505081384207845,-1.9498475801433983,-1.4271973002209661,0
0.8544020011207198,-0.4804202194034942,0.4371317249043678,0.14396558987649666,1.6783079301251724,1
0.34121584249203324,0.37912363306923735,1.0758879891501378,0.3832208493731545,2.7055267990135037,1
1.500274609000988,-0.5327010875549779,1.5616907687991564,-0.7698354976858457,5.215454792476509,1
0.07450959382677262,0.020029748824347503,-0.6134605678808679,-1.1883370762484502,-1.1020431158019728,0
1.0256321138725824,0.7400783657052865,0.8676006280538577,1.3512372905192525,3.347509815917502,1
2.64201191049262,-0.20219033538761957,2.769841237541257,-0.05542691906496866,9.052351605872117,1
0.5980991550474662,-0.9370576764661336,0.2749750360937888,-1.1611550358748148,1.3688175745887208,0
0.04932816579484364,-0.298983997371841,-0.45800217775245067,-0.7441296911619423,-0.8902065223104755,0
0.7224469852209796,1.41484013645926,0.6186324169580416,2.2143857409748877,1.815821107303977,1
-0.3652808582038849,1.685064345333184,-0.8975475683847406,1.1529544949967558,-1.942807832424212,0
2.387967705524732,-2.019926173942275,2.705533225014848,-2.204249903093601,9.104260614954969,0
0.18007103769598148,1.091027909191477,-0.7918313857504418,1.3759004602200084,-0.9069296099978474,1
-0.27293332022551287,0.25014771603535624,-0.2277208562428017,0.9755310360470433,-0.621232422681323,1
-0.8356890050200364,0.9239826791201501,-0.5759340609658852,0.8158228256012601,-3.262214373901089,1
1.0972201916064386,-0.5504882602676295,1.0519495717322505,-0.9178967473839006,3.3330768529145347,1
0.8671874128277388,-1.768263509501486,1.4137988613631753,-1.8216331137791453,4.954984499452239,0
-0.4973543714140932,0.5844887886474618,-1.1826349885161611,1.03672412012613,-2.7187569837768324,1
0.5764513451224227,-0.940977261282717,0.22590659443436545,-0.3762798186511157,0.5056705889616678,0
-1.5085559682128564,-1.3882924314848524,-1.6735732913383012,-2.0758720060075433,-5.374975018731644,0
0.18497057507315626,-1.3184013824734664,0.5413328597778095,-1.2609313222849616,0.9441641215249856,0
0.4527563520766945,0.6009137824153344,0.5620101450997549,-0.116218922065365,0.7549100741893697,0
1.7073298095592229,0.13945246602919717,2.779012800930432,0.5815610515178334,8.94762481714069,1
-0.7708188027286894,0.7824660218746737,-1.1737117512156359,0.9936579721662502,-3.46598879755085,0
-1.2783526288023244,0.6690752544963648,-1.97584707809265,0.2084824390210001,-5.760733908898597,0
-0.8954279609250417,-0.42093356458376585,-0.0008834694585112546,0.3461392204418161,-1.9732944390572633,0
-1.33656850031492,-0.07047357387745573,-2.0519977922811115,0.09703316612623797,-6.685417083200197,0
1.336657357758983,-0.5114375287825396,1.6781887134585056,-0.3988412885492253,4.565544865855491,1
1.5486392950240366,-0.21032777286549081,1.059304274013052,-0.2998835140384706,5.150055531408957,0
0.3202165779488289,-0.967254737981066,-0.7144425974750142,-0.9712737051483944,-1.7702246501954078,0
1.221294945685148,0.3904842938743351,1.0339030487785321,0.19974304316294103,4.708141000245167,1
0.13395838058023532,1.0751207489817565,0.5837083618188154,0.7045165008736296,0.8749724170912938,1
-0.09511164770076601,-0.8166130298209866,-0.7059971919373028,-0.20204773601828974,-2.1686014821456676,0
-0.33303761905376167,1.2812696454013426,-0.04499025498134618,1.0348983505685014,-0.6172231070298939,1
-0.3103909913775655,0.11352149647794171,0.07104078921566037,-0.14968252238791938,-0.6656095944763591,0
-1.5478015563090313,0.24107897640581327,-2.183646627068683,0.17643193133137203,-6.640347819397875,0
0.2642547636073387,-1.6994295196075182,0.15037411925115346,-0.9871722791801141,0.2585521202165747,1
-0.04033391021404369,-1.807262309565734,0.7482035009495382,-1.2416793627170777,1.2791647617217945,0
0.7453607240778758,0.14411636277968193,1.0706570340597472,-0.053307822004061534,2.880158567341641,0
0.0935234964386097,0.7897321246320076,-0.037222735849400515,1.4031248374113465,0.49645263469227,1
-0.16270370156909172,-0.6713804436449524,0.044944039057868035,-0.617320358430783,0.10214402145733587,0
-0.8711930300076304,1.6700939005830893,-1.2138246842428544,1.2483812665790717,-3.6105793027776363,0
0.07215323682176132,0.7349359742543154,0.6290010760142738,0.4968713002526123,1.8930057187117755,0
0.738237230816162,-0.9083412517079852,1.2948672631172315,-0.22171431706612132,3.8286801346193675,0
-1.1433389910838607,0.030848667053507126,-1.0828860335408335,1.0722712988380636,-3.791380842742682,0
0.08747375368073924,2.476929133723412,0.20282683190958603,2.6368375131000135,0.47688743174796,1
0.23304295152948393,-1.2425640027997056,-0.26635548597335235,-1.525832583641215,-0.541270618751933,0
-0.7180647836182643,0.5282699389151054,-1.3940829971521789,0.4658112050781322,-4.22228434744982,0
-0.5878563049080002,-0.3227445527233424,-0.7761586768787656,-0.7039666436928027,-2.3605413906967434,0
0.23061084876621443,0.7068962909185121,0.18690999392062535,0.39851460145688744,1.2286896571411,1
-1.133421018292623,1.2672736463183818,-0.6021072695986285,0.9097497474199723,-2.619164194651219,0
0.34992371524939253,-0.3862370887113674,0.811137590558548,-0.425908962460696,2.4294698348764605,0
-0.8953543736592,1.118912271707174,-0.8029379294796536,1.1792527899361374,-3.501985484066394,1
1.0628536930332164,2.221203394271961,1.6581231852196099,2.147122823931066,5.1719428412723785,1
2.3378277453883,0.06627473734423478,1.8660846559810982,-0.04438672991655061,7.039307200519271,1
-0.8607568017018197,0.7848886874941853,-0.3220883580626348,1.165134499247032,-1.8474436053842473,1
0.5342078623746747,-0.5904407702032749,0.13899350519994086,-0.7050452326659983,1.3553062388762565,0
-0.7267419048820193,0.019259309031212417,-0.106894639849898,-0.06324859628565482,-1.8820057369497056,0
1.0409541737977897,-0.17667509270824255,1.0342809414127991,-0.26495522822129564,3.708695001267178,0
-1.2652584090852153,0.7969359256585957,-2.264401747354084,1.5685797921342302,-6.30855994150261,0
0.48058675842771265,1.2046759357569254,0.8456653404434338,0.959068623344052,2.9115282002917713,1
-0.8729889668893527,-0.10965484911745936,-0.4682160871389627,0.18849320435330802,-2.5043533545971584,0
-0.20698458909836875,1.5336228457329233,-0.4352746163426598,1.1594339987641928,-1.2116332802513,0
-1.031025275147307,1.530047441561629,-1.2166550643443155,1.7050198572742603,-3.894865900391533,0
0.8223504708957536,0.8468537431799008,0.7425778309534518,1.1199703390740696,2.4602884029325254,1
-0.836980354439587,-0.5160265317217283,-1.7995562607527227,0.026103111679641078,-5.122106930414166,0
0.5519642593318276,-0.6118288167399027,-0.6303998272157442,-0.8039629013861852,-0.7196745454120258,0
-0.34409802826233293,-0.8123813546900387,0.3067147908028617,-1.3693626371026295,0.033421022716203216,0
-0.11447237179886294,0.9491660702381609,-0.5265062055041514,0.5571734086078733,-0.3511773594142922,1
0.14775590740012853,-1.2117682074893643,1.0753879621883105,-0.7294974209210285,2.326372072420564,0
-0.7618246716588487,0.6768376541110072,-0.07662377108939167,1.7177134603543434,-1.0522145530366611,1
0.2103671135408869,-1.081109347824113,0.9939647706757563,-0.6638826418177535,2.3192766546509653,0
1.530334564354411,0.8235461198419735,1.2051850881208337,0.1924764049477976,4.552108805204954,1
-0.7780947858327143,0.017219582730560564,-1.5822953792980048,0.4175460232869794,-4.3438317883612845,0
1.1718101432738448,1.333638561859827,0.6283689899766673,0.8617430163490563,3.399126000019157,1
1.4980976334877842,1.1414545783212708,1.2748702699113283,0.9668832697556511,4.770153272184936,1
-0.8161549890280438,1.4350654120021116,-2.002769855453364,1.5286809504347587,-5.310239459113171,0
-1.4550546050905517,1.4608187182891128,-1.6927674496526353,1.6385031460245951,-5.685503490163527,0
0.3019609001717647,0.1436308339881977,0.20112188641620932,0.17635188132380603,0.35844505293942797,0
-0.547407522766873,-1.1587930664246047,-1.1946180085602203,-1.4593491399493987,-2.6903022226761983,0
1.8686032191630024,-1.0525230549973785,1.348360670040086,-0.5225439226602115,5.276158133391492,1
0.0348075404998322,-2.0868485293159376,-0.07549172009056869,-2.3506317317645675,0.6359326354102437,0
-0.8021994080351792,-1.0836658334280935,-0.6240561338800286,-0.456409460747099,-2.3290583811180654,0
-1.1471595110117114,0.06882365770464906,-1.5925708450118337,-0.6108662876901844,-4.20293826195166,0
1.08990495909083,-0.5596541808251622,1.2360312638789648,-0.4518890098529507,4.006948621282112,0
-0.5711839740841864,-0.18013560440985132,-0.5027609700902588,-0.7932110860256173,-2.22888668926963,0
0.04382879946042826,0.49271541946140096,0.0672717289696237,0.07567410346508258,0.7219005015765118,1
0.9558027451124809,-0.304065258065758,0.6297956831841924,-0.5605713625324671,2.4127883759932134,0
-0.4842583519308302,-1.1218288004125843,-1.1509481499485217,-0.36152607304709716,-2.3855154184531258,0
-0.04592882874016064,-0.05323366756343213,0.8022971612102093,0.6007786654877313,1.8250579542284457,0
-0.016568409822520076,-0.8984904867728449,0.2985845484061929,-0.46136610549424684,1.3045477381974875,0
0.6833245115160919,-0.2707864969790631,1.186190338046461,-0.25414362187063033,2.90913154414151,1
0.5907443355103258,1.3427769644230034,0.5489294930908647,1.436806439108675,2.4622309300908314,1
-0.22011373125482853,-0.2705053040961747,-0.30212645238489744,0.36273427681950343,-1.3057970856771388,0
0.06364906149651776,1.770957553347745,0.30897890185921156,2.1216101964511442,-0.4847810791755798,1
-0.37177901152348874,1.4316359869379698,-1.2891231867496116,1.4406401986233481,-2.6879565416681532,1
-1.4776124069194447,-0.5793053085790432,-2.034934141596017,0.16403048142909693,-6.289487861819254,0
0.2576008573981294,-1.1111237664157756,-0.14128658161605712,-0.7038589983340183,0.5850351499501762,0
1.8921917608330678,-0.05255416192019341,1.6649085495621867,0.06865577099931561,6.214111236049474,1
-0.8837191406910628,1.153327763396889,-1.3235669804261398,0.9238393732726484,-3.9619750640076314,1
-0.773029709602703,-0.4901909062286882,-0.6066261469773299,-0.7648120328751946,-1.623945124023085,0
-0.8707277716437414,0.908090298262139,-0.8300041544123234,0.7400026206619992,-2.9069531891060296,1
0.7245917787231225,1.2084399891360882,1.421024123598811,1.4369354320170808,3.6911857981434295,1
0.4484854541964401,-0.7740256503626058,1.6853650327527212,-0.35613424239620256,3.9992706889539558,0
-0.15853769241645677,-0.6760510882885871,-0.7899628124906732,-1.3981970110641053,-1.7389128868932833,0
-0.9180190616389653,0.7126620321270069,-0.8443664546547426,-0.26063730669860774,-4.48808806198416,0
0.0923767916399243,0.1518475496415706,0.1651397307434114,-0.32389735365449557,0.7143972305155681,0
-1.5646221273358043,-0.6860615265436788,-1.5717211622181355,-0.889899833231352,-4.810923248208945,0
0.14342656685749322,-0.3521804481195873,-0.39898571862525756,0.24579315220850945,-0.6073259810685336,0
0.8715243860879341,-0.07051955272741914,0.41292566326665897,-0.21072863671901312,1.9227590762921711,1
-1.2511991366336779,-1.5648544249554606,-1.1309963306756183,-1.4374677504695144,-3.944907606967058,0
-1.5325182768296637,0.7656431064826952,-2.0051933134832822,0.9745953624765308,-5.437390346741214,0
1.5794378916948595,-0.4786921889391912,1.6590738777783636,-0.990477619024701,5.921902024167208,0
-0.6117596395045849,-2.783716223798099,-0.7347345317773876,-2.0537718078589635,-2.279921698986698,0
1.135947845943822,-0.023870968309452716,1.206776797504463,-0.35627391129941255,3.922185739589002,1
-0.1539976651978317,-0.7415712588935076,-0.6306479004150487,0.03832446908963261,-2.027040500986781,0
-0.16195481694132738,1.6888221923026767,-0.08322019577405912,1.625734191570819,-0.3976688254897597,1
0.43841269949664496,-0.5854450209199682,-0.002063592241650203,-0.7541966697265213,0.6742802450717379,1
-0.8839988567464406,-1.097643363578611,-0.8036510524179815,-1.6530379554067616,-3.899349023148752,0
0.13249714349564554,0.5079326699620159,0.8021952047152243,0.6065753155613063,1.4397443016201537,0
-0.38148941482409265,-0.6604473680075832,-0.2509974898160574,0.46674382901038636,-0.49479847098784413,0
-1.3204934434050313,-0.7794562012522323,-1.1595582522135026,-0.5726620560512308,-4.428891457757864,0
0.3374820747263991,0.5095013828244059,0.7460853334751731,0.6447198187988582,0.7704809131579731,1
-0.26330780687791616,-1.040467307889566,-0.9650869791145475,-1.3737691207841451,-1.5245479948436969,0
-0.1570248284447078,-1.457273658199453,0.7024359584167984,-1.161281783893563,0.7235801353345757,0
-1.2101609434141578,1.725998002094337,-1.7379559397203428,1.8048069056558116,-5.526286942265517,0
1.5914003677628041,0.5794987376006449,2.0312308664472725,0.5480815002299085,6.98068934542303,1
0.8767141863861161,-0.26420928499436513,1.2501691800142776,-0.016811892830110253,3.4443729147915976,0
0.9641558841719786,-0.003477209701936022,0.5130727034195983,-0.9114001991118823,1.4873989490039805,0
-0.305444702441682,0.505864358116156,0.19899836594169917,0.4556021119185669,0.04861244320307302,0
-1.7291828895034203,0.9733374496134207,-1.4802765062967658,0.37482352705406863,-5.155906269475323,0
1.9529173824895107,-0.7559752913150118,2.8979067046906395,-0.7415260421550401,8.490634184037976,0
-0.061097508005868134,0.3661465259656822,0.03559186766477844,0.004046838149004861,-0.0818844333251175,0
-0.7487997960200538,-0.5067041762102383,-0.8030714617813525,-0.8346241014908402,-3.31924073836349,0
0.4168015744831139,-0.1889812445126239,0.15942031052401173,-0.8557018859054741,0.44631119200980246,0
1.1671207880032974,0.1606928674649043,0.2954431523277108,0.7185253530883147,2.1807288367119235,1
-0.023050556085466196,-0.006678573052672211,-0.18216433846104602,-0.3455518221866115,-0.07459839651875838,1
1.2785751679393746,0.7355668983025718,1.1406259708099362,0.4234475864856947,4.248002065027167,0
1.0829999385168687,0.48708655911559395,1.214029029795586,1.252394094701803,4.562582616915755,1
-1.0763811874020586,-1.5081692093721777,-1.7879327428432914,-1.2241904929888858,-4.363631779240703,0
-0.6737901056594764,-1.3578232070654421,-0.7932962112529159,-2.375142826071433,-2.153991495921056,0
0.9575371632797675,-0.36971668475929287,1.2456628592908252,0.3229634011016147,3.1326497425442925,1
-2.712612563810438,1.8286252624418249,-2.3748577260641794,2.6525705832914763,-8.960523315727913,0
-0.14945569316498877,-0.8515918325016023,-1.0793632812336524,-0.07440378837342854,-1.9444122765790004,1
-1.4308312016246718,-0.20822270961275288,-1.0776278972980595,0.1258719118928124,-4.361275069878439,0
-0.47655380143352466,-0.5363460269565219,-0.5998407579942706,-1.0872009069220279,-2.724182652733623,0
-0.29882008902920415,-0.55404438408808,-0.3913255277784812,-0.578657137762176,-1.5068706496661846,0
-0.35824437790750796,0.17823974390505556,-1.540502062835427,-0.5459829072864643,-4.754596551080912,1
-0.5522612521126086,1.4007772761956514,0.19452432916633122,0.9677692484446163,-0.5780910320250747,0
-1.097143649628814,0.45596839988058907,-1.0087442071231665,-0.09947496210077417,-4.005664525937536,0
2.291911266818686,-0.8035309614270922,1.5261810535573326,-1.1170461890218517,6.309906046828686,1
1.8674620041613508,2.753229510803207,2.055062791619584,2.8352064559089385,7.5020561751865955,1
-1.1620658202562835,0.07857322096112584,-0.9898265998327712,-0.14388275362163072,-4.388452608219798,0
1.5821167513035677,-0.5772209563821133,2.1933888277700624,-0.8211518340271025,6.4008448668863345,0
-0.3994654904728529,1.4120963746775894,-0.5543098751182919,1.2666491523158552,-2.278699199703835,1
0.12918747333171046,-0.4690706179438185,0.13518550780100358,0.2806657218321223,0.999820265370212,1
-0.06327395989691587,1.6629136549874428,-0.3846778600158698,2.7447914061628444,-0.2986480498746087,1
-0.6597486412539658,-0.8706427909666666,-0.36077433425759675,-1.0959908808762617,-1.5311339974573563,0
0.9838523436061467,1.4300303889213692,0.5921071727686219,1.5980674901698477,2.8141376622655603,1
0.1258865305766578,0.20104766428169443,-0.3206087279634571,-0.21959131699662862,-1.052556772808786,0
-0.4765514232192414,1.2910522327024336,-0.5104501921092016,1.6748778851306876,-1.6361330256414284,1
-1.3045894438004726,1.9017657087015443,-1.917521329452387,1.663540677737673,-6.352882031364751,1
-0.8935950137191204,-1.1326072905212539,-0.0925294044495033,-1.4881597220661524,-1.5048543523845488,0
-1.6413801156020968,1.2757718207583224,-0.6777467517311592,2.276565453666171,-3.9892379274150533,1
0.012223548415169466,-1.4089039044254048,-0.2145714942957382,-2.086938525921208,-0.7078911074587575,0
-1.1966655922843958,-1.0471843552482283,-1.8899630955629783,-2.273598032592215,-5.560773400022562,0
-0.26556051251854124,-0.803409459792437,-0.0972644930675105,-0.4359943367179366,-0.254238804503512,1
1.3701018536103708,0.5036366361778611,1.1290505946259088,0.31982243070129046,5.200982428717396,1
1.1992995729215856,0.033015876934859634,1.7866401391856015,-0.2899824126921014,5.647722106576026,1
-0.03227689410261781,-0.16713608416283599,-0.4258501918675696,1.198693416057486,0.23887917766321032,1
-0.08708472614314992,0.14623527902236097,0.1851718850710714,0.5113485653137089,0.340179199439194,1
1.879874549421008,0.5912895892934729,1.9368713441168546,0.5620325405407348,7.585498177324633,1
0.5207561203587112,0.6682481239413528,0.18262536505200627,0.3142823040775037,1.3641769544725528,1
-0.3278064598765229,1.094166835615131,-0.20778154563055212,1.3170607600309745,-0.7873779901950869,0
-1.426018117120452,1.8200348127674395,-0.9867518378830273,0.9536084981702647,-4.196644849134264,0
0.39387321816474324,-0.021362372441476974,0.43729747769244165,-0.2794130919273777,1.6149552614830518,0
0.8293237725828624,-0.5210889621309163,0.8779661051459917,-0.539638447029814,3.215707118627859,1
-0.6316515245136439,0.6135361291851883,-1.0680432384404814,0.720282045033656,-3.792290160577738,1
0.2912027551380327,-1.1442548162646202,0.8633051540901007,-1.2154704846616748,2.5134414678009946,0
-0.3635732949150293,-0.6787041321116114,0.15869999415656255,-1.0253097539760596,-0.9699568603911698,0
-0.18403239919900272,0.9993809463927898,-0.389311993542251,1.4597120192235589,-0.704086909046423,1
-2.4878220575623313,-0.12412837481770417,-2.549966287303829,-0.9499551569172653,-8.532188945392678,0
-0.2217814037161355,-1.208192458358039,0.4853289326290279,-1.3471543943655861,1.3486095225629287,0
0.9693693024080543,-1.4898030653651742,0.40258389188432664,-1.7487683465256687,1.8281704934203376,0
-0.6314025555665582,0.04871667939380729,-0.3292583598871675,0.5546382294151402,-2.0991718521536766,0
0.05252636821531626,1.1418965369680099,-0.22678051835024793,0.9124549898033275,0.17885779058809786,1
-0.7559507066919204,1.1285457775311865,0.13308823168390005,1.3473775559198418,-1.4051692253133354,0
0.3604416762927729,0.11088050289283735,0.39216504062544144,0.2774039009725436,0.7383759417143145,1
-0.2165231975361736,2.008909419096128,0.4136660615338476,1.091350248042568,0.6068562814647384,0
-0.9392415406820068,-0.10482036594046269,-1.3199052149125712,-0.13764405839527577,-4.072018512327149,0
1.3325514676651278,-0.13856762339741074,0.7082871265029939,-1.009935534284787,3.493079122270462,1
0.9289320135322151,-2.567435909739,0.8118022849316591,-2.3917933005118837,3.28586594068589,1
-0.6049067639281748,-0.44736294916121566,-0.47356503495475655,-0.8125237161498002,-1.5828350618141305,0
0.4977883094177774,0.8520150349084945,0.2424224684095707,1.4453498233331932,1.1925909707941076,0
0.5374120028203807,1.563961336859704,0.9165657159578644,1.4735772869207233,2.663326079408108,1
0.642301235011176,-0.8302346336672846,0.5373244511059613,-1.2152627847694022,2.0046081202489003,0
-1.6942558959950778,0.4622523292930485,-2.7349744768783806,1.062181762390507,-7.993695618675544,0
1.006606541032628,1.0468790323232877,1.2830125306291282,0.6109339499691112,3.382210420804624,0
-0.5696989629257314,0.011208153195899085,-1.0109674924993102,0.458555683869719,-2.4982884493470947,0
-0.3578279334412669,-2.2832804575272303,-0.5386266242795261,-2.049516120518164,-1.0894784592266333,0
2.6378817522602,0.24728999957425232,3.414447354029878,0.06457418827445002,11.104431947284699,1
0.3018733807210118,0.7614306240608931,1.1882792427815567,0.09344172130407202,3.1096201745614396,0
-0.3863224754471755,-0.9474228950184589,-0.6740691929935814,-0.3265916241097875,-2.422922674382608,0
-2.205294372755906,-0.254154530874387,-1.9164010574399861,-0.003922502194707134,-7.8483726365134245,0
1.3897641339463556,-1.1554960421287641,1.1136268887350331,-1.5414700525088487,4.72734636721684,1
-1.3452096708086025,-2.5701475485803527,-1.4886461602579042,-2.4478447062830577,-4.980822606994239,0
-1.0034389034995035,1.0270044117876564,-1.3063266109487799,1.5300853611538994,-4.033045385582814,0
-0.3313522990878492,-0.0037485338018516225,-1.1935241392860916,0.052260863296592,-2.776830917430247,0
1.4164117917002925,1.5976749967049828,1.4639394035671471,1.7168744130315312,5.1810228776333505,1
0.7732399866657592,0.8573221919061772,0.9173226801388425,1.3733240638081912,3.3177757075371925,1
-0.15783750984025996,-0.35420976166544893,-0.4933383824958291,0.41442162548613926,-1.271147165541885,1
0.308292063638821,-0.08318066010440868,0.8521879193573755,-0.14298024758530903,1.214267196586849,0
-0.6003856928711058,0.5661773907701725,-0.8184258014187156,-0.10254404189403221,-2.19322738501965,0
0.13965368956535082,0.9668834167557434,-0.1789522228641566,0.3155952599677204,0.14034940182639055,1
0.07333674477813665,0.3226706307420114,0.33658830383218974,-0.022825775677934257,0.13585944376620163,0
0.968769895681353,1.1055931452894843,0.19742890069508845,0.6381473820799923,1.264989273269547,1
0.9671781224389495,-0.2966687366744716,1.4205176382903524,-1.1379031847248138,4.73329809687381,0
0.4939773822056448,-0.9971435467856865,0.29289280350846336,-0.0732310452199122,1.8862884912892517,0
-0.36234755754610226,-0.06480925356113006,0.1322954806509426,0.19924037757703678,-1.6107506905973872,0
0.7418222943901266,0.20518489073618307,1.3858875573047045,-0.05671390768131268,4.104930086134339,1
-0.0919684662030466,-1.2015353947392868,0.228108254975524,-1.2177938159352761,0.20794063542817715,0
-1.081914368713133,-1.336722084146622,-1.4879010150772887,-2.229921627898343,-4.561591467184554,0
-0.40328779191093866,0.4473862964734275,-1.0287036451531408,1.0260472454277985,-2.596700078794155,1
0.08452698378432454,-0.4063568513704236,-0.6325093478832935,-1.381162047142281,-1.519299583558912,0
0.9102157836647453,-0.1658409056620021,1.4616711345154008,0.08917298516012956,4.615001078779101,1
-0.18352817215715306,-0.3596926657008235,-0.2509282282572447,-1.2789037430749737,-1.121223434103376,0
-1.209198711239606,1.5206009017632118,-1.5088096085050304,1.3135968542035819,-4.457910880136104,0
0.05674168329681941,1.261761160395,-0.009299392472626462,1.883105596530446,0.5510283169275368,1
0.11345604005655238,-1.237353690039168,0.6537666445336364,-2.0543297358600525,1.0416378572956568,0
0.18583762890275304,-0.5327932130804469,0.5752075215825282,-0.6071476631897668,1.0053118054646015,0
0.9198715159544302,0.850004267969593,1.1391245938088574,1.1638896058331865,3.7148842295925637,1
1.0189232400898984,0.6019362371032422,1.3378662688031009,0.8340209872754347,4.955945700929134,0
-0.5942108723816666,-0.04145796232978563,-0.5041246946331923,-0.006364962440604242,-2.195920209914726,0
-0.6161434580489434,-1.1376002049642353,-0.46508692940073104,-0.8897184487951362,-2.055987278253324,0
-1.0401987109554731,-0.6825400461535457,-0.9296860953799496,-0.9879520239556902,-3.259134186090849,0
0.6988156702804763,-0.5167675675462897,0.6987850474666994,0.44963036012020896,2.7741838116355493,1
1.4488201083377155,0.2769943311191006,1.8255070502533561,-0.5283145953268171,6.087727928527789,1
-0.3150819279089234,1.7037271546972377,-0.13444087480872605,2.284762526861625,-0.7253578321418441,1
-0.24143056472499316,-0.686880234788128,-0.6817880802784722,-0.5921329663963699,-1.8784814949997086,0
1.4667825568989763,-1.0260352475552401,1.731219749660303,-0.7174806318730654,5.828524737995343,0
0.5055578532150077,-0.10858647682794328,0.6291813864046599,0.28868653196392646,0.41641458934985853,1
0.43623570480105506,1.0317389805140587,0.7419424392586046,1.3095532822456801,3.072865351252834,1
-1.1909165059737268,-1.4468829667607033,-1.243019962781241,-1.8523938470401888,-4.365317643218564,0
0.678728069279419,1.4536341508749477,1.0845982261629978,1.310499306130557,3.278437430176127,1
-0.9291363405097582,-0.1720313621156695,-0.9598406159428368,-0.8978261956450853,-2.2636958370588687,0
-1.1340201859349581,-0.7343200023133737,-0.7720803426346856,-0.883567865319085,-3.6158464113266513,0
-0.34677157676671216,-1.6001892867621594,-0.5750073347419676,-1.438929789357938,-0.5041131838289108,0
-0.5857927234486902,0.7065207734206274,-0.7794197504981664,1.010084911098979,-2.0676980406923535,0
-0.22159969438503938,-0.17117119524153482,0.07942656722002292,0.024545977255595985,0.04972357760374352,0
-1.4409816345249191,0.1707054827545068,-1.6068683313972911,-0.7068393879605605,-5.053259767161387,0
0.9588163064676725,-0.9008117410113639,2.0617076538417534,-1.181898707221728,5.140897271208214,1
1.127686294516429,-0.31909603425102373,1.4109087879059423,-0.6502207789347876,3.6888686747560917,1
-1.9473424741408143,-0.4865812463547379,-1.934880731063714,-1.141665212976417,-7.381007014255943,0
0.9784578056665502,-0.10059310537820755,1.3884081940459747,-0.5185598059300877,4.7882113335711844,1
-0.8105286298216263,-0.6695523263758105,-1.0508688348098847,-0.6689127361910557,-3.7853163794244367,0
0.8569755369827861,-1.5341809606872214,1.3184829465992949,-0.8272867002980074,3.095380015044599,0
-0.06844649266641564,2.728499745296607,0.37917111566535056,2.251967580692109,0.6160141714536363,1
0.028775564080998586,-1.363404247337514,0.6555425929707736,-1.9278364648403632,1.6415996974732683,0
-0.1850976494212187,0.18145900694253897,-0.4055024150955074,-0.11827721487973802,-1.069325661888129,0
1.2121292042334861,-1.7720278284240423,0.6007625771646138,-1.603294634880987,3.322912475820755,0
-1.2395880125250283,-1.997047436617975,-1.5446653321263026,-1.3851934914387034,-4.371205994259928,0
0.6078403387350085,0.09782649185226754,0.467025080748635,0.05457203800728272,2.1314499608358357,0
1.1013301648895504,0.17436758776830327,1.9349359653154279,-0.5485717852077023,5.444840774081324,0
0.7163400805404107,1.2614989908023837,1.8138460951042852,0.6449575766623585,4.4300434751959115,1
2.3246989143234176,0.3995468410157058,2.497030066645409,0.49368753534567794,8.866510812408334,1
-0.5289467627246989,-0.14981071874579097,-0.5242514587153992,0.3478164785922373,-1.7042658950153138,0
0.9573048225935312,-0.9496002440650042,0.7823509073564257,-0.04172928164436296,2.570275790105754,1
-0.10609063534142033,1.4990120682335486,0.30625453976401323,0.9078116507821807,1.1044642297597171,1
1.2334060763526695,0.928851246050224,2.3276967723484283,0.9987384366923835,6.636584234467689,1
-0.007688995721369474,-1.2463294777484246,0.8852364498727663,-1.7612519963710245,2.085396144333533,0
-0.38787578186246957,0.03796372821063529,0.1811125244404473,-0.411349609581678,-0.415597891245404,0
1.306072203871629,0.14405223152649677,1.8677234694285572,-0.34760363461092386,6.259912801941073,1
-0.4915619390189299,-0.34565365660566916,-0.07540699589187261,-0.5127842389929362,-1.680836034647943,0
-1.412725758900556,0.771850485806795,-1.4363710817548234,0.33071094282055974,-4.154082053855083,0
-0.5168468831738283,0.8317331383481771,-0.8851209944442262,2.0711561668149105,-3.514932043743424,1
0.6190329465885323,-0.19048569780510585,0.6086259019245616,-0.4203235894479419,1.4574902909506453,0
1.3920387515870913,-0.28086924579765843,1.603208552652768,0.21301980963208794,5.420390351609351,1
0.11112937529651211,1.4989584626675316,-0.6156875740626354,1.1691946253501324,-1.3300591515831912,0
1.318197067234025,0.9328388923622372,1.2417217025509206,2.049459157296351,4.2965730573185335,1
-1.3581749214775931,0.07236038990838448,-1.77114109877323,0.24189288061779898,-5.845089770180835,0
-0.4432634648179029,-1.6292090390800535,0.06365711571616783,-1.2107431743160422,-0.9291186602887307,0
-0.28857511715410117,0.3440001063050359,-0.5634293182324566,0.04846135150206676,-1.4012325850046263,0
-0.11455942747252029,0.6980834649176682,0.049550738517973425,1.1863037674688561,-0.09701854355553033,0
0.08409438825019698,-2.754521628398373,-0.2659157582175913,-2.587077115489414,0.036727068869406854,0
0.6909109573921928,0.2518694483180255,1.4897606203726506,0.062380675380423245,4.055973592978614,1
-0.44480683817049027,-0.4166919867957354,-1.2951853064377832,-0.9566377050105509,-3.4659886902870363,0
0.1390286869531256,-0.2208542801295516,0.376948875375109,-0.339626035614339,1.349674875578173,0
-0.04512289032405165,-0.9073809527633208,-0.683751724544018,-1.0689526920745545,-2.351306569876974,0
-0.9258899038911499,-0.14818929040364193,-1.1805562291335754,0.2863248478895709,-5.040816902921055,0
-0.11366668908143539,1.391991576181331,-0.010573337239182981,1.2758671433825,-0.9855577789270427,1
-0.14365952989711814,-0.4463984988155158,-0.015981014238699243,-1.4071703504577584,-0.4192122083756062,0
-0.1650805650030461,0.9655735587931841,-0.05044714445533956,1.2886635830447748,-0.15278107732497548,1
0.03175945658145075,-0.8063312188796102,0.10763402706920097,-0.15974792791046455,-1.0726821024599487,0
0.07567354061338613,0.7587561926560389,-0.24524859032333515,-0.07427754985818136,-0.38279197564719786,1
-0.43229517910733023,0.0016558556219512324,-0.5143218406517358,0.9040211623199783,-1.854375351002149,1
1.2727147339712648,0.3520248287892806,1.2885317420607223,1.050350730365956,4.554616640348014,1
-1.1694806292030167,0.007153256097487521,-1.0718004308235753,-0.308287076468998,-4.851612804328662,0
-0.7209701084698963,0.6416252324412085,-0.7538103448733905,0.08304542903238532,-1.2814425238055682,0
2.779963624223556,-2.567585117933758,3.144758834715783,-2.0410963894711496,10.475716619155058,1
-1.03799135498923,-1.4198253134575696,-0.9912978699137587,-2.1046499032266035,-4.148172150060147,0
-1.3537546747097586,0.41708049800864466,-1.253091690898952,0.08291020889994144,-4.472094748480877,0
0.7344767450012178,-2.0435383538962357,0.5431505708454594,-2.701103224649379,2.9354363223898003,0
-2.077119853773874,-0.5305803556472093,-2.6033408170810852,-0.5276264509067562,-8.965686111733952,0
-0.2352739099724389,-0.05434084103664975,-0.15825944460620367,0.6782517306494142,-1.4168310674511069,1
2.1458249250764885,-0.8281401376128967,2.7495479470579576,-0.6406817204372331,8.65881334521685,1
-1.5449359221534005,-0.6915614026937736,-1.323005306788194,-0.18252415333236138,-4.979765901569895,0
-1.9819644857387133,0.27158220015359236,-2.3907114563461094,0.09568096238625032,-7.3996672327294855,0
-1.4991812019576982,1.0092949557798092,-1.0918111890483961,1.057946370460732,-3.6947477563741655,0
0.8983595683469856,-0.958449381254808,0.7308010344500073,-1.5716682635795731,3.1991418374525047,0
1.1247767199858125,-0.5750581961873703,1.4821037102259562,-0.623501160456528,3.9575290756415122,1
-0.5125887969785089,-0.7312609733270449,-0.6969867294265895,-1.1042460281553161,-2.6983775720137126,0
0.683212404001069,-2.4213797518772786,0.8598656239147539,-2.5015149010654145,2.345399529015748,0
1.3902553275119895,0.14171179031750872,1.1310066591998162,0.027205754008524,4.736234045396266,1
1.7873464144298254,0.9347177458284922,1.5408201661946581,0.7774978068214846,6.0660130040617295,1
-0.24633528117984818,1.016643207315882,-1.029467964727718,2.0704217072809685,-1.797670359116604,1
-2.301471717669987,-0.8707663764407387,-2.045434308089407,0.013005949915224524,-7.264019422624271,0
-0.8208789224096867,-1.2516980485201425,-0.6357941049995182,-0.5436268577492712,-2.816642168837945,0
-0.4268041949352576,0.021605547591684655,-0.21358283680478635,0.9191350313403134,-1.1657723046801034,1
-0.2589387965783906,0.8292736865664673,-0.12127351601248507,1.538925011205401,-1.3616661001898933,0
-0.1878594010087195,0.15485044831038394,-0.5689844176703711,0.14366178125529744,-1.1056858266626937,0
1.1188945979306693,0.28930463587376126,1.6018442301774594,0.22684983335416717,4.569000434290666,1
1.2744284266875814,1.1418309277362335,1.7708180767337165,1.2595310529965233,6.0654279359269285,1
-0.17167365392478334,-0.7391365592307034,-0.5657923865100747,-0.8444790185884101,-1.0889467638303063,0
1.0984848760518187,-0.21997008667302992,1.3645468717267977,-0.7399927773892561,5.34582082065588,0
0.3576613666310894,1.6346055117612015,0.7951569593150779,1.7829081395347086,2.336703923617649,0
0.06450597286257172,-0.19681112309762697,-0.17054316380928902,-0.9798716648742923,-0.04379074319805887,0
0.9065441571099638,-1.2673369659665714,0.7585263124877878,-1.1985161457383915,2.7856097139130647,0
0.07225204823791581,-0.6693560962502949,0.3393087523438088,-1.1667425387883672,0.5947076758335982,0
2.0578111770977623,-0.9381798512212423,1.3026462923906117,-0.9786992864065925,5.562683429834735,1
-1.4384111667945592,0.35716258570127063,-1.9826697775615592,0.45276430697083825,-5.623382292943826,0
-0.5151708990920177,-0.8959470035887785,-1.0100584030267985,-1.072373739290188,-3.4671783877827047,0
-0.1265188969539503,0.27103425286124455,-1.024677079366698,-0.5492211785740828,-2.2074689028293735,0
0.43945269045799057,-0.7360652185406498,0.9819225775517308,-1.3300746352654083,1.789858504334764,0
1.267960487103089,-2.123378538398228,0.2738945800072554,-1.894256727558203,2.6362174651162946,0
-0.024398567236156642,0.3066197869819221,0.14715676447952641,0.02789869005847856,0.02845087024355064,1
-1.422229649506207,0.1484636815468889,-1.016387952128597,0.4288885579390872,-3.914309395765987,0
0.8425138964550043,0.5177578157088407,0.6957159192483706,0.5226084615246249,2.2839536083468284,1
0.7549587661419644,-0.6729872191652566,0.42077495377634183,-0.7719031647204954,1.8454988450985939,0
-1.941858659379406,-0.7795444753593765,-1.8254374340110864,-0.6057226812986127,-6.247484799649744,0
-0.0038041336707993834,0.4014668584815456,-0.0028876333735586486,0.06401832253414097,0.051459171774544094,0
-1.590141830680298,1.519019572530981,-1.0883893994720901,1.7192170315675233,-3.7905948769890174,0
-0.6646510975020625,0.011168009506327682,-1.978911667701041,-0.19858553173385177,-5.195573047180495,0
-0.9028089269627998,0.42458509604714495,-1.3621626650368637,1.6927278755668624,-4.36253256505303,0
0.8092646982419858,-0.32158768442570723,1.0900531402000135,-0.8885554929937491,4.012399232814819,1
0.11683017417218379,-1.5436305218736848,0.14205389555941386,-1.7222548369057065,0.27575978589851635,0
-1.2855910007560276,0.9674294191540579,-0.9095739211575941,0.8089759206777807,-3.9541434785915834,1
0.8800659629573423,0.9084142390861619,1.0110759510771734,0.232481458555727,3.5338015997601087,1
-1.4338058239284144,0.7107740251751941,-1.5011743555490706,1.073680319724457,-5.234984377072385,1
0.3301137904709438,-0.18194543834241864,0.1789695689241917,-0.3963074788827101,0.6973371604952429,0
-0.8140106692915562,0.5970560997385407,0.34851683864623706,-0.5928330110990264,-0.8704801929936945,0
-0.3656770825305199,0.8937617973878307,0.4017960544852357,1.2413260831604975,0.9362389596820351,1
0.504270748038384,1.6201586849567073,0.752023297085995,1.3020742942802794,2.185131018175337,1
0.521449399059529,0.988526104647442,0.5606813457837364,0.9360753931875587,1.62246259546618,1
1.3369690735559603,0.06382122503363889,1.6060353482326775,0.40223251496156814,5.06908251393133,1
-0.08225369967145327,-1.3082532554243715,0.3311636592650007,-1.490606547935429,0.7164075183993901,0
0.306450862963341,0.15565829767174108,0.5158642058155957,-0.030790022031552428,2.222046715944928,1
-0.4377373224043246,0.2565773958493077,-0.8134273840976037,1.48892838801039,-2.3680203245948697,1
0.18198988262279764,0.709029775318304,1.0742452664850528,-0.36784309874915755,1.9900782102212617,0
0.4394860480085117,1.3538918593234255,0.5625901618855212,0.7109091160087031,2.743844022917398,1
-0.09830984745437601,-0.09515051205677928,0.9086551677405312,-0.6411809795195015,1.7376210465041282,0
-1.8037504840924963,2.1009871898131114,-1.7101767406538293,2.9954985602676163,-6.178942900706923,1
0.3314708963308953,-1.7592870200405772,0.20864422026812834,-2.081593673061602,0.9504120839865817,0
0.364561477355457,0.41934187246162524,1.056631539378689,0.5394463098844604,2.037375302615152,0
-0.6801734763479509,-0.7985203921840281,-0.5295799973090674,-1.03555949364519,-2.1021230422245996,0
-1.284387036072514,-1.907221999688803,-1.2176757188178693,-1.605621828523359,-3.9821280079317978,0
1.475879150503965,-0.20177437629915856,0.8756970476826679,-0.20813115015490535,4.575272947474096,1
0.4914455108944023,-1.4571726984209565,0.8215544134623164,-1.3306231003211706,2.2011718446674027,0
-0.2290810309217098,-0.16142789803281682,-0.475736222399664,0.48219528761877345,-1.2011172814237774,1
-1.1370328831474874,0.03476924809445675,-1.3609284876844745,0.2549040715189393,-3.80841942736746,0
-0.8218148284213459,1.1185414093359494,-1.0670892511239318,0.7510077206078184,-3.34813632060599,0
1.3025903967862316,-1.5075851347639375,1.5221073141338828,-1.35155161021965,5.357837589006933,0
0.1376619408680461,0.9084451656457725,-0.6300261959197989,2.1177715398197154,-0.8414038442186053,1
-0.5505870670007064,0.09808045027979402,-0.65600973836361,0.3805656847816729,-2.470038016622115,1
0.5096892312246559,1.0288491536095945,0.9998287267793449,1.1048039810990955,2.3061240084498844,1
-0.8143981874463236,-0.43175117503112775,-1.4372326221163274,-1.117027651411478,-3.566401907760308,0
1.5008430302803781,-1.3322445867634454,1.5872825107476707,-0.970035321430968,4.088513293836696,0
1.3528005348967251,-1.2174993262158662,1.0371008247613078,-0.7813858861250066,3.76909102058575,1
-0.4665740712027766,-1.291807453667116,-0.6684206309355933,-1.135445880273466,-2.7343526032193077,0
-0.6286702470308603,0.47781415292065516,0.1989058831640932,0.5348612124675541,-0.014796660720697519,0
-2.618133198692279,1.4769220222146995,-3.4433777904647833,2.893191862801667,-10.131564642704946,0
-1.481580771551368,-0.5649515266552204,-1.0987656024655599,-0.1372376520930172,-4.782068668547276,0
-1.3394697749577562,0.6291352982577835,-1.5784339093463626,1.249149429179265,-3.783620909552128,0
0.13519034098738605,-1.5234420581356198,-0.12864165158544763,-1.4900009809247092,0.6341104794949401,0
-0.3262337044413599,0.180321249177299,-0.8820148756854935,0.11452404015827115,-2.154802655014763,0
-1.3453354874152414,0.6685626163371267,-0.9683856687784236,0.9846121551881972,-3.204779811559127,0
-0.2811640424645573,-1.4481247752768684,-0.3768663506065654,-1.514396206378334,-1.4963429114887699,0
0.5053371476473485,-0.20388346897985454,0.34650244075002234,-0.2291004613189035,1.3127152361346501,0
0.5278393499155871,0.7159171404855652,0.5827578145176244,0.9475199814227462,2.188879858623193,1
-1.8996702808588812,-2.933770647229477,-1.9848138437297815,-3.190175570038143,-7.16515894575592,0
-0.12826348048383082,1.3354530617017426,-1.128607420360593,1.4456576692315513,-3.0917652369960433,1
-1.3833407769716102,0.35367937589104814,-1.6287528684602894,0.39372144915407364,-5.801512873792799,0
0.9017286971402737,0.7167276477173428,1.3494491426144357,1.2002404664443596,3.953149515447992,1
0.7841464163534986,-0.41271927919476437,0.030838184297344307,-0.7183764482708012,1.4725536655022995,0
-0.8980272263244585,-1.7227224815653555,-1.442996176252636,-2.722688434204086,-4.401978424965015,0
-0.7660452024003999,0.5340629563169517,-0.9794409000996627,0.378745496245614,-3.9278708158384186,0
-0.46126705049830724,-0.08259032541651207,-0.8240787598168782,0.11605268594586146,-2.104897840089109,0
-2.252793394731339,0.03211545543232061,-2.266736135802143,0.5141691840124389,-7.275975293561783,0
0.3359681734405766,1.0876069851989536,-0.21057020239879376,0.7411854838130459,-0.2471605397122133,1
-0.27284454634013083,0.762063873862598,-0.46677180824481734,1.0331138036840428,-0.5114151389114936,0
0.9701750825678594,1.9212374170896127,0.9461778167681923,2.488814599898629,3.782054828473052,1
-1.0984092179625526,0.15385422887349898,-0.7739390098585671,0.5294795604262439,-3.722570876393698,1
-0.6191229482499316,-0.6912124377911172,0.0032717447998663607,-1.0865299895139913,-1.2460956509047858,0
-1.5065252580391153,-0.18841684690872615,-1.6372988349658353,-0.5300300343274102,-5.690875533701745,0
-1.0042905634942532,0.41566337253860597,-0.06026044287134036,0.6331650973759284,-1.7195950939193467,0
-1.1819819960682185,1.0158565189929774,-1.2739342863404806,1.8285266750555271,-5.540031375658836,0
0.9959736788464455,-1.4670339514387187,1.410411252974711,-1.4599513717475079,3.9382033384419093,0
-0.6982618487513923,0.008537615179168945,0.26749201861199723,-0.07412624448561803,-0.7892259002259014,0
0.12417568474461345,1.6095416570383692,0.19382988936258105,0.924732924481911,1.5192032585226136,1
-0.3807634038618044,-0.2402088710025202,-1.067526714650572,-0.42235231091462044,-2.592735721906312,0
-1.269465266012813,0.9310118548691044,-1.2240133374089974,0.5733927779102105,-4.75123226396758,0
-0.1683004231716427,0.4931175272160051,-0.4741218672740981,0.5067172143074598,-1.4199597283069938,0
0.5991033318635947,0.95586060652498,0.4618873183773686,0.19944861005739611,2.0349734106077495,1
-1.2077593925433525,-0.8097605415999324,-0.21527095129574503,-0.9740557687967871,-2.4311579090210254,0
0.8091127907313789,-0.8054016700655807,0.197731079119441,-1.309868842946174,1.3164582497832875,0
-0.8497209214776963,0.020271892122288065,-0.6994875103247669,0.4903865450417124,-2.9501606553835913,0
-0.48298392607284074,-1.5322217872403114,-0.9218445662337029,-1.961807966178553,-2.3282998343891683,0
0.5306831230100478,-0.2697406066116577,0.3768541524095906,-0.5559152254365292,0.8588754803258329,0
-0.663436157219488,0.25287665751566707,-0.29101498961724614,0.3939399204929712,-2.1206339197031805,0
0.03757485933586561,1.7846356069497724,0.19665683107237703,1.5577778181978101,-0.014146484090156564,1
-0.31469082878809246,0.40271818926982167,-0.427206963268887,1.5824445005129837,-1.8784970618184027,1
0.1293680067038185,0.6252284708731023,-0.19553215592849552,1.0904860495128135,-0.6088292407286247,1
-2.380739105523497,1.1644758470500058,-2.22270000944669,1.173079136207115,-7.568077568082842,0
-1.829681815208083,-0.9646575888950566,-0.9758384566313977,-0.7806068961715541,-4.17802169570481,0
0.6159670060468382,-0.16508266237098573,0.16529103473502632,-1.342794256188779,1.3903861049018473,0
1.0371814056490503,2.4254125918038927,1.9930133483779366,3.0412751786591405,5.649205193351014,1
-0.9104867035315213,-0.07912222238450871,-0.31073797816894566,0.1768261124990762,-2.322196981035189,0
-0.24402835217113436,1.1164307487822074,0.4406483316177492,1.0798518373184962,-0.5252924305846687,1
0.29471925290230155,0.9637378771731073,0.4489354433671022,1.246662718550318,1.411875582710831,1
0.6932176016587042,-1.4781137143876892,1.2787824894136515,-1.1341890924662859,3.7462596086984177,0
-2.0276772716708487,0.3104792770059333,-2.532092912896162,0.1022930183378088,-8.442539277106938,0
-0.8860402469783771,0.1467474722052258,-1.220062200902633,0.33682849278610116,-4.307220706245316,0
-0.33257937984987496,0.32995878784043503,0.050327527110321235,0.8543210585837853,-1.034921806479297,0
0.7031401972360493,-0.75411247979106,0.8510627248479574,-0.5266636081899524,2.840653598532782,1
2.498430483721495,-1.116919511912159,2.42424085447261,-1.2432225055308286,8.63707951702778,0
-0.22800572680971787,-0.4760100000208513,-1.4793101721134287,-0.32768461919191777,-2.703350774688844,0
-1.4069774621039888,-0.09779499708420289,-1.6247144861230742,0.5933245347271142,-5.762616695447461,0
0.40226807720129804,1.184984447600316,-0.18475881294783475,1.5769724181080416,0.08991699429022884,1
1.32099578954071,1.817310819725607,1.5677629451964612,1.2357772425895859,5.1256198708795075,1
0.10801412097950092,1.3965978462231778,0.012429856695883076,1.6899397533293885,-0.08804864432871154,1
-0.9066485451542928,0.8601852107818442,-1.2207988172375452,1.0872641633777722,-3.3820624967276833,1
0.957993941480019,-1.0043402622995898,2.2794491827921712,-0.4222835004438049,6.614962324818642,0
0.663545618498435,-0.4088961749894955,1.1826328568455524,-0.39248641852459504,2.8078005987487855,0
-1.0260808441956244,0.2099260524129978,-0.4981447735175947,0.025255906713655102,-2.7644524035339053,0
0.38142561753434195,-0.632439038076175,1.4825331898754286,-1.316521445304646,4.19948228711515,0
0.9972655676588726,0.5772056525279509,1.3983614590004274,0.22990844903230712,4.454203253868978,0
1.1818900425588936,0.7204861082542877,0.7964130378224608,1.3244588931304349,3.4242670393913714,1
-0.06644897530945597,0.5362900625654685,-0.5103971511553241,0.6352683059150587,-0.9498475822574795,0
-0.35807944617931886,1.0251346045575813,0.12437193319779855,0.9752406978440931,0.039569418604411655,1
1.227273822081263,-0.9045912137130739,0.19759668219367454,-0.25677932241679624,2.430685995890368,1
-1.2101605029808855,0.9328287040921978,-1.2490503184856683,1.4776299377651902,-4.206543885157432,0
0.4385792909210054,-0.6956454501201963,-0.6469828978572187,-1.0635182269342012,-0.6313093332248646,0
-1.3700266273644293,-0.9409359526428854,-1.3206048731696762,-0.3404377858297184,-4.022137533925608,0
1.0653762722596027,0.5321161341863817,1.4924113976155795,-0.29717438115318695,4.449745174514213,1
-0.2580455156111615,1.2158735621989807,-0.11833774830934538,1.4456460331491923,-0.6231252612344194,1
1.2685832356474693,0.48801348637600983,1.7376379151327683,0.6586676850729434,6.154147449823949,0
0.491412756355527,0.02080402377254423,1.4738262271854843,0.5956949800917719,3.847634846203163,1
-1.22322023006193,0.31015382610150705,-1.2949894486929343,0.5006596642242602,-4.458102112648161,0
1.4246277320772434,0.1364269180672801,2.8284531237166837,0.01414681866577501,8.109221188876992,1
1.5512452664277294,-1.1259508961353941,1.6575802445128067,-1.2087322666604345,5.7556731591204855,1
0.8822864925992157,-1.2426201449449152,1.3568690239443955,0.10400434842672812,3.6676101753227197,1
-0.7615878650362199,-0.07882587947345479,-1.0671192223187536,-0.03750565548265641,-3.1540694298344287,0
-0.30601395435740886,0.07985683576930377,0.5036430354579321,0.37839468174308066,0.14388148821685354,0
0.1454272174057594,0.011332378367734082,0.666282316677074,-0.9992485016150264,2.464091630763435,1
-0.7037103993314333,0.6761016136499133,0.03201525195256549,0.26242316457257264,-0.8721466201160117,0
1.6923465724632047,-0.2154767161643399,1.7195987833501822,0.04390730615122246,5.508613720193078,1
0.14432647172603683,0.562979181904856,-0.48338231046560787,-0.2442820798558395,-0.9465903441907069,0
-2.703348047107357,-0.14458676732644782,-2.4731493272946543,0.13011264950717777,-8.62153159992449,0
0.33935581275622034,1.8233589620364659,-0.5091540939055377,1.4607962848275982,-1.0548389858052394,1
-0.34815739681731317,0.08071372672644667,-0.5162502986282893,-0.43621192825129124,-0.19450451940633218,0
-0.07492655611844788,2.340722611525677,0.02061366219767749,1.9763044847115638,-0.7987889316184893,1
-0.36861936578569976,0.35201159109086433,0.819992780469684,1.115781020163045,1.5498839526865096,1
0.8070464166066876,-0.21367717058821567,0.966320722577658,-0.046968209843076314,2.8999064678146196,1
1.1196877785533812,-0.8994479762596744,1.1894565130949004,-1.354666165135137,3.654011543259081,0
0.28305316225865373,-1.4428885740576936,0.25153695024100753,-1.0552186479036398,1.1965196393291393,0
-0.33931118713815905,-0.9914422843961568,-1.0103566395206678,-0.5765731123502209,-2.756658607396274,0
-0.041337204809170254,-0.8796063091639899,0.0015757151973335853,-1.0702603595653102,0.7369220485783412,0
0.019599616577628296,0.3948200204121767,0.07104095464601452,0.8744068329598387,-0.5291646033391788,1
-0.8024300398648371,-0.5261653710601875,-1.2867342875916956,-0.0227905532610696,-3.4959743974596105,0
0.5789286485712348,0.18692705255449765,-0.014444158642947569,0.6125930362278638,0.7018933971133225,1
0.4600423238604662,1.2819783623766863,0.21925698247659953,0.9451023457571577,1.2767168948137941,1
1.5404412397766734,-0.0878083516348536,1.57290772906302,-0.6773342980227645,5.713524733523784,1
1.255349780288475,2.079156698466804,1.0265726895977458,1.2327230363663229,3.07036078870374,1
-0.6856749175901302,-1.1758109803391978,-1.211112642415891,-1.5035682999129718,-3.333734128007812,0
0.8202983745089647,-0.15058354837492782,0.9649345005111174,-0.3344890275597453,3.7048432599767005,1
-0.9509533830944716,-0.5393129236109787,-0.6815199710098572,-0.6825309666698145,-2.556276451851379,0
0.6959321009408497,0.9365066060570079,0.7565809555519671,0.9129048456812381,2.372674813072897,1
-0.5166141987601078,-2.239791630366121,-0.7981055556985746,-1.3732973557610721,-3.0780348321441307,0
-1.0232532233755844,-1.4431152891778112,-0.7258327127594553,-1.612903875793598,-2.7325700710906937,0
0.28004534269740444,-0.10734682245096279,0.18477669783391387,-0.1317338807457998,1.7276749974115893,0
-2.6745671281541408,1.5513777210094932,-3.2691089818267156,0.642581801534706,-10.219134146433346,0
-1.750975574405228,0.2258418340373073,-1.2328533969045288,1.3398275663063277,-4.513310696852221,0
-0.17749188377428318,-1.3515474542642338,-0.0007378741410382084,-2.0095011546117894,0.1987947957762623,0
0.08244176663484246,-1.1971665926902302,0.02279661378697293,-1.5505939449349084,-0.027283554777510516,0
-0.36931877015818887,1.6729897028449527,-1.1548448725755514,2.0208507262800355,-2.818423902122972,1
-1.5794362987175987,-0.6211347987962408,-1.9518664382852045,-0.4980385796871535,-5.838625727898297,0
-0.8178918421385055,-0.942963372449764,0.191391014052958,-0.121370237300229,-1.6339158103014195,0
0.3912093272373939,1.4773725606308608,-0.36296170370295466,1.8373793884946146,0.18676210803785082,1
0.5817817706283626,1.0110970055869908,0.4561071308075163,0.9704549799680607,2.414345828395386,1
-0.01622311759594124,1.2740596432667959,-0.024390998772751128,1.796101577688975,-0.09879630607282414,0
1.1568337810369889,-0.9500418802658166,1.3170721757427661,-0.3693879073316303,4.776404915825278,1
0.3973970234592343,-1.5251056410143606,-0.35118844445397274,-1.8551850217054295,-0.38346720052583966,0
-0.7474556539582122,0.1331664893627056,-0.6603675257559121,0.6146811824448253,-2.4228013710258964,0
-0.2805020534116174,0.33512613307366396,-1.1235547846474572,0.2239955517244589,-2.8044188205562786,1
-1.4028661572078547,0.3646018037048318,-1.354151759110099,0.31286284991208035,-4.582696408448584,0
-0.10813899039141675,1.4781839356390023,-0.4343379498962079,1.549650577153455,-1.0831471897470801,1
1.1121006192213385,-1.7337670900082485,0.6791659857624335,-1.924157526178625,2.1883932048831665,0
0.6852900847109679,0.8596950512977659,1.1026986640447616,0.6423994773847597,2.87426873512653,1
1.402009325919122,-1.096625044147318,1.284206204237181,-0.604264620022972,5.64268069353179,1
-0.3028852437989931,0.8557353208608411,-0.06602984134520729,0.09126586818579963,-0.3026199570096698,0
1.3460997945142577,-0.47495670452137745,1.5995132502031664,-1.0057701772509713,4.169215450248319,0
-0.19330422644796988,-0.8139717958905116,0.4416725180295812,-0.4766048043352657,1.1972980723293265,0
1.471585082569894,-0.6099027069492022,0.8674562117593816,-0.64635243652878,3.3658793694294507,0
-0.02185674744212368,-1.4456102007765625,0.43765108381775464,-0.949853874765171,1.2892044513360745,0
0.7072313738042767,0.04042893983346719,0.7154621850233002,0.2193950788951958,3.1378885180291487,1
1.4751123643098556,-0.7726733906604571,1.2860500741250587,-1.4395257201822833,4.835613706592125,0
-0.1934276285812056,0.7862982309002783,-0.7680528881763469,0.8177154405390713,-2.3246936637536675,1
0.21838898754417418,0.6400560810329173,0.5216844183156049,0.9073299815775258,1.0133704146712783,0
1.2888634252063023,1.6881570529027907,0.8277511645393597,1.805176882169451,3.9034265365363408,1
-0.1330031639300636,0.366327483541077,0.12590012955850785,0.13219039672735228,-0.5154466542575842,1
-1.320892282506161,0.5206777670800734,-0.3569768960225951,0.3837076070199726,-2.98623879029228,1
2.14300705458491,1.4000998118278138,2.632995574764574,1.1200572339474362,8.73694872235116,1
-0.4697644643371368,-0.6276626960266963,0.22595269823818764,-1.2902612368272866,-0.5783286650780644,0
0.15875605093754283,-1.4882582128230326,-0.20074633767497305,-2.2196279952469005,0.5470320922750269,0
1.156006669451127,0.2000940591283936,1.5373731925171246,0.3951045371755778,4.289716669811888,1
-0.6084939037312018,-1.422633469214404,-1.1806013812993972,-1.8583626519788556,-4.918021983824405,0
-1.0078679132221302,2.45393867292539,-1.1246093645094373,2.7417378866514195,-4.150130982759071,1
0.25373729677483314,1.4554982920789428,1.124373324884393,1.1579645483531777,2.7844143014757994,1
-1.7930763979123896,2.1639763333015796,-2.0969975011256317,1.5074020399441053,-6.451944643019095,0
-0.28790607686792025,0.062446976663129296,0.26777201521862637,-0.1415248409491447,-0.10050938513229599,0
0.2450386643154059,0.5505735937015979,0.7528620308152634,1.5977610799106245,1.7346669734402218,0
-0.2699518968251642,-0.45947543195264406,0.2674187282852548,-0.5072808215441594,0.11446641692774395,0
-1.5434509431857473,0.882924805586752,-2.176951931246384,1.2058581397528676,-5.798124155472897,0
1.5941779562040121,-1.215543212051057,1.856778439211852,-1.1311413070890184,6.294203289102043,0
0.10353815394917538,-2.543093189474779,0.02523887099074379,-3.2456922075580095,-0.040601608369020215,0
1.431152117761741,-0.7907106194885667,1.9754005465262967,-0.06622899647698177,7.1234118187963045,1
-0.26003625018044474,-1.4554734756173158,-1.0875364500438673,-1.579384380529283,-2.559523156166231,0
-0.8800119816907639,1.4779267361595356,-0.6961180371579623,0.8226704538001883,-3.749912431505286,1
0.2691809202551599,1.815677455080316,0.38236852167519336,1.5595607008586487,0.4750950434005643,1
-0.21578712632821961,-1.402929072413111,-1.2108454949526872,-1.5060511199002102,-2.466253308578333,0
-1.177761457991358,1.2917156075212395,-1.6204716360388467,1.6664553692718522,-5.8961990713834815,0
1.4697842587874956,0.9513849835007704,0.5547081522290701,0.6110033931956302,3.5631182349457227,1
-0.622270222893996,-1.5697766847188763,-0.9854478738554494,-0.2596038847269104,-3.2942850625799553,0
-1.840266384795568,-0.39026753093161815,-1.5656578424629943,-0.8588520221859217,-5.302857196116477,0
1.3281660539573326,-0.5801637221245197,1.4258488417816364,-0.2741662410090054,4.9277031977714865,0
-0.5042980158126232,0.7479953986272,-0.4195979755158488,-0.23899097207860598,-2.4141541793483468,0
-0.6078238926156243,-1.2287793509050138,-1.1276979470813155,-1.2906286840346635,-2.7100202100888167,0
-1.765387587029974,-0.09887262565948242,-1.205162341274708,0.08474451400157502,-4.376607287177228,0
1.7409414865969908,-0.6859345039496177,1.7315316474163207,-1.2457261308609275,5.43605886989009,0
-1.2894805872096875,0.47334118338514336,-1.2726286810809333,1.2228639239059782,-4.880872583535459,0
0.05844948070564989,-0.21679203168792927,0.5286492651787151,0.0004462939041562919,1.3961648427290503,0
0.9126203225404405,-0.5352457039403952,0.41694744869417116,-0.6940659363636088,2.543682828633129,0
0.421716933003097,-0.21329657563207796,0.5359908179390586,-0.001457824818090231,2.881179854715544,1
-0.0596543119921916,2.036042832840112,0.1520769338085183,1.7393857518717206,0.6601266762345243,1
-1.7016658582874162,-0.4168996361193892,-1.9744499334343404,0.20879031508439883,-5.301006626149229,0
-0.8097248357672839,-1.041005218283787,-0.48353814538739587,-0.533355917372699,-2.1719580574595394,0
0.18780033804252202,0.5834335691559652,0.4263619233573056,0.770128602709709,1.326237687608402,1
-0.7871740699869963,-0.1435246694229566,-0.8377624261257091,0.16232135432600503,-3.140350357821199,0
0.20335945999876773,-1.4152339308664725,0.13728401493133674,-2.1538320359170817,0.31830575757329227,0
0.6817434088151417,2.231496335202466,0.9435172377507943,2.9649688885746985,2.983199754015508,1
0.9625028858001017,-0.3524789455866479,1.356738405806697,-0.4021578562192984,3.865979057108229,1
-1.2261793578126834,-0.3778694539613509,-1.1947293991093633,0.13465337075169986,-5.510770900816196,0
2.196646054978954,0.15983535190809733,2.7567407851823775,0.5347564636704458,8.47505031214211,1
0.7674793445541306,1.7301167692088393,1.0967423257694222,2.234974152980775,3.883050731070138,1
-0.0017141536690639572,-1.6797453265189957,-0.8959461285324715,-2.203626801648473,-1.7580589774568898,0
1.0895365830766406,0.2759858494205397,0.3870882343055694,-0.18426382173741584,2.447686083669493,0
2.3654077719999735,2.0872721617936274,2.9565253815108044,3.211409546203913,9.079439956568718,1
-1.4387201010568695,0.12872868073964835,-1.5621066667923185,-0.63094235600653,-5.115818312807084,0
-0.2252626424913536,-1.23533397930348,-0.14317473109261664,-1.7841391560578344,0.20508571029833178,0
-2.3784316598733284,-0.6183968529606526,-1.808786401043756,-0.5967748546615729,-6.4848671043787505,0
0.19265153264802468,0.2068825297567905,0.18944592396210416,0.22937239342109544,0.8508036019479526,1
0.36539424192514075,1.330803915639862,0.38402804671981516,1.0607948770736244,0.8892854343478469,1
-0.03916211544275943,-0.3393358444160607,-0.47352673183862376,-0.03129640845642462,-0.12219760532234936,0
-0.6545335709983099,0.8266517974324317,-0.46953631738454965,1.277693516232682,-1.3912516456357564,0
-2.0495145161883253,-1.4353688270468892,-1.7562584067049136,-1.4444526435012888,-7.327210601184425,0
0.3735336834117687,-1.4437183695950546,0.08459276491034062,-1.577963299439253,-0.14891104626670593,0
1.455434483915325,-0.48280068868494963,0.9944237947623916,-0.4939317834925228,3.459283590527895,1
-0.591018455733432,1.4380287218732621,0.7221261718641822,1.1893483258860529,0.3108904993519632,1
0.440059929023145,0.0688746395137692,0.39360569409900353,-0.7802438315806557,1.8981926917937098,0
-1.5681443134200506,0.28981119556661905,-1.9099904832246963,0.4402734140703919,-5.733221702890167,0
0.45721306369251385,0.27807959557352696,0.8105062863386447,0.6609974524475475,2.477192090806709,1
-0.39338229774465705,1.1092079825867307,-0.418779315358603,1.0322443434247774,-1.4978591169287918,0
-0.7624179506029144,-0.610220692537854,-1.3053011122339657,-1.7427597834906385,-2.568575128365011,0
-0.7603636412161305,0.6882851084882323,-0.518836855390408,0.40242758582735616,-2.161225153701405,0
-0.39361158203300994,-0.8308826638551301,-0.8201720665709193,-0.37802162792116517,-2.274254173115277,0
0.3824333156925354,1.9832726559207603,1.1706623167703523,1.2641483996523557,2.661185320635242,1
-1.3121632011955178,-0.8003911042966898,-1.0649108863193166,-0.4524490932448298,-2.992069920559053,0
-0.39711533156785284,-0.8823893030786208,-0.5355555438308948,-1.1050973672635072,-1.3063341299078517,0
-0.04147177799914767,0.5496698134880496,0.013201731011908836,0.5402822381505791,-0.5530482067338465,0
-1.0990392245318592,0.07978843143232382,-0.6473951639827625,-0.2631613239596119,-3.519830734114097,0
1.796665201675017,0.3268524062609343,1.8896458284554163,-0.2409388485480392,5.6342707744076455,1
-0.8534954800613416,0.22731379549231806,0.20755924855543262,0.944437029627504,-0.9135095357810264,0
-0.6694369136334904,-1.0903921988074388,-0.10150315543572819,-0.6824726825216936,-1.9564002479631308,0
-0.9783079498224979,1.6133589290794836,-0.734504266041937,1.9357194438305036,-3.5202718546688327,1
1.7984800871381175,0.8935422058891092,1.3299871503838754,1.3478199469900654,5.891865105671935,1
0.5529052285994815,1.358949951267116,0.47946117664848603,1.6103073874183644,2.2337783527118793,1
-0.9365920062436421,-0.5283308891104243,-0.6971545212174158,-0.05626526122030717,-2.0534960623911385,0
1.1062315588599687,0.4165235447151714,0.6948008509808995,0.08457317172496392,2.3137889040255835,1
0.2006986942888783,0.1973684622346911,0.8474121317703531,0.8862119058742138,1.494712238225766,1
0.25725342111150185,1.1280026262015077,-0.22982524977751845,1.7722181559701724,-0.38805267438671476,1
-0.3444772087524529,1.160248131829619,-0.663090057775404,1.3504891155885885,-1.0228534498328146,0
-0.7494159869569733,0.19305080295811483,-1.030565579404414,0.049053529015590486,-3.1538140800202754,0
0.33776609905460137,-1.5179511318432517,0.7096783293711679,-2.1297157411681216,2.8370185365559095,0
-0.5450872299955903,1.779661887087689,-0.9475554135809768,1.8939907741897861,-2.399019565876538,1
1.8167556295751046,0.5559874336901389,0.9167673443655772,1.3984450235241712,4.502457451318707,1
-1.2692911052431042,-0.6084370413911422,-0.7252716873622478,-1.1888556280666411,-3.067561061910621,0
1.5361567728549452,0.406542138266695,1.3139636303021645,0.915579712529498,4.06747191685743,1
-0.11131884879780068,-1.5110935484525234,-0.6455726648737692,-1.7468129854058017,-2.4852423473983727,0
0.2990857340211059,1.055353067471044,-0.07834354258016413,0.8623041750634048,0.42157037119916874,1
0.8331577666294346,-1.471211744279153,1.6915391412216099,-2.0589412399105873,4.640015954241629,0
-0.6302492950044363,-0.22083449203708258,-0.9587711436408917,-0.5970809553205683,-1.8961074624821632,0
0.8642483846986364,0.2444544496055498,0.8025643320101856,0.5678454923861231,2.2120263772957633,1
-2.707543855381177,1.0388397119820936,-2.9310030365241846,1.4244034963604781,-9.737095630096375,0
-0.7199895332219391,0.10654467643437403,-1.3363208049388173,0.22447371697267665,-3.4049866265012687,0
-0.9240628073410654,0.6349628736125502,-1.295422088464547,0.384556441232624,-3.805531999293996,0
-1.2535060123717616,-0.028166908449551217,-1.904060215875009,-0.5799455095656706,-5.13890644785211,0
-0.21495483807895113,-0.03218595094428071,0.2629857997614059,-0.0013067175391677233,-0.11264677957864494,0
0.3857499681816948,0.08547725034829733,0.4361895004884927,-0.09699990176001162,1.86711977270875,1
0.7026599984993058,-0.1890579208523746,1.9439988795864664,-0.08346720963365946,5.222750312332145,0
0.2408767572004077,-1.6865702430814355,-0.11357860529488689,-1.8471890929916013,0.7170850541029414,0
-0.6656934648935471,-0.7683234936966282,-1.0951235879663568,-0.9161558870393597,-3.444369158481243,0
0.36901643782516713,0.24477484111169842,1.1358963220028315,0.32425518416793,2.232215626967513,1
0.12428569485085071,-0.2491210034887189,0.6532742108849181,-0.07302477116685771,1.178698849015992,0
0.9360561679360162,-0.1558090821819066,1.1284386788215273,0.4561515628669609,3.1294324613320827,1
0.7769367029315166,-0.3233536694387154,0.22009094538738083,-0.4918478364760617,1.3230979533600529,0
0.03047641392062887,-0.8635983927318178,0.9029745477845958,-0.5908511342056797,1.6845220622933654,0
-0.8972530061612568,-0.49309946097629387,-0.9333045860464309,0.4087115685397438,-3.6681844127661707,0
-0.6529501558320808,-0.30683174438859473,-0.8682877200795988,-0.020793582274813482,-2.7121138845080175,0
-0.5497893596380333,0.005143140541849398,0.02169050882110657,0.587268637324339,-1.3708115672732828,0
-0.31526633391625575,0.3933783444697126,-0.3264138945431207,0.08306467483535068,-1.1623275016021808,0
0.2680504275897533,-0.18055029088573923,-0.31478461522618806,-0.5407281110599108,-0.4751047109226646,0
0.7151743901280584,-1.0296552556924194,0.7353256898773493,-1.1093423198848882,2.4827974518831906,0
-0.05111869301537766,-1.3980820399187832,-0.4417930938007596,-1.4245519825256527,-0.7635852404079853,0
0.016124787900472528,2.5974372073752243,-1.4885457834411144,3.1328494659331967,-3.1620199190834275,1
0.14330630500000452,-1.129815030264563,-0.2975487910750615,-1.4946570048552403,-0.7691194101442338,0
-0.51590531313234,-0.5186250012643829,-0.7797730985662654,-0.5629389563631763,-2.6606684521636543,0
-0.9253922576429561,0.5170003025139351,-1.50321481228948,1.0544129260205402,-3.882956373008359,0
-1.7554378973107099,0.3608606095656809,-1.467814631253691,0.46863240126501843,-4.93062859438541,0
-0.6951493580768724,0.5208656925615726,-1.0838732367412631,0.5154572074092815,-3.4679200070378133,0
0.47314545326778695,-0.44271706953217543,0.7123585536850151,-0.32346825879871,2.057168724089453,0
-0.7029114380395675,0.23855807063954726,-1.3195713062237249,-0.3252181801158841,-4.545709103499116,0
-0.2378070374259397,0.06134366424086365,0.21680242311532952,-0.5105328928801165,-0.014076015292208713,1
0.46643128741231693,-0.31213136754128723,-0.1718099759209289,-1.1062382433580913,-0.3697507703639469,0
0.5206894964226687,0.2454097417713399,-0.6500757082728679,0.3487506354561415,-0.7632858952517406,1
-1.079532852166039,1.0553655467507066,-0.46090155958442536,1.514792921672215,-2.0024161904532987,1
0.9970593564536414,-0.022200223435328126,0.5691124545880557,0.3605930188666071,1.8828641294261697,1
1.1273500893554853,-0.015547153643576948,2.0058146184551893,0.5562668426388306,5.251648990682692,1
-1.12984985721856,1.0681610348759842,-0.847553906614525,1.7952721444029216,-3.838431312528577,0
-0.8238368696411542,0.9613603598188132,-0.4287052104505276,1.0336840520628947,-2.9275924429583298,0
1.1910906831461916,1.5839364409634835,1.713826933379228,1.5516325820767092,5.6456426301052165,1
-0.14685352125530088,-1.756230234479577,-0.09051384813076621,-1.0182478870583473,-0.26268896124394675,0
-2.219777947451851,0.9051191831693894,-2.1577502385325813,0.5546115848308459,-6.7407402907222105,0
-1.3996815047326863,0.6015800454021792,-0.7590114926355319,0.012313735210555232,-4.115204442038911,0
-0.24936962517248124,-0.8856523977532653,-0.1936903773234322,-1.0550921240378162,-1.6475108784987218,0
-1.1630426502846019,0.25158791799884483,-1.5271310736829067,0.023716263331737014,-4.328166713391711,0
-0.41342377063644137,1.0511217477579986,-0.12054449055532956,1.075285120668509,-1.041643549381166,1
0.03239621368357873,-0.8291589224854002,-1.0244254935088972,-1.25416876805696,-2.233568705267206,0
1.4622546040347288,0.4425624290228071,2.122034004814836,0.6274290014044733,7.176463120456216,1
-0.29045391622778904,0.8713536757310174,0.37976565175475674,0.5867976555357758,0.408731610391332,0
1.0725417995727589,-1.071019562531488,1.6716251336342984,-0.4569176493535516,5.404160873665859,1
1.4287601620367705,-0.142285692445148,2.0086461432256177,-0.7395684441650014,5.84910885366752,0
1.434309669352076,0.30096837664241116,1.3922220066815145,0.23123196861636,4.5733361927559,1
0.28475459338556824,-0.7961315055429548,0.231413401139057,-0.9635886513317105,0.7072721004629643,0
-1.9632891478389742,-0.8791531990935461,-2.578109192724402,-0.7637082377583121,-7.765968803190834,0
0.4608248654038653,-0.1350446018627742,1.3348454912593892,0.3283076395505792,3.386378325019551,1
1.048399887813541,0.801639716903692,0.805890801300402,0.9347451700981635,3.418361921771071,1
-0.08106710543541713,0.6437340011921098,0.08887554944052332,0.5794384020165029,-1.245465820519915,1
1.744583870075249,-0.8614127291863422,1.871606511552638,-0.5157852103036951,5.419104664921883,1
0.8598335614674578,0.6521678851156861,0.18962397066537962,1.0736802698237617,0.5921586673476604,1
0.5682733771527843,-0.8359397761665085,-0.30406413490881856,-0.7013398778143372,0.05463486876854137,0
1.086380711205838,-1.6101697979934344,1.089174021639512,-1.4163738843401865,3.109089172824671,1
0.3333698512608781,-0.36714357104723133,0.10649179245512361,-0.043825797899424535,1.557865743560055,1
-2.4928104993953535,1.1229693715857356,-2.537528929017021,0.3010060086611105,-8.824966090287486,0
-0.49913895147036563,0.6559605521413735,0.03356886363125061,0.4805579464131453,-0.5732264734918759,0
1.1971680272478535,-0.0015718073731942623,1.3096401025163649,0.18654515823113746,3.87013618770756,1
-0.807591340098296,-0.4167054835910575,-0.4283300697159307,-0.562509225478245,-2.628541194959388,1
-0.22347250523693915,-0.3897621361164312,-0.0008084241491504163,-0.533835580935526,0.43879371228437875,0
-1.0448363139030714,0.10878490586079619,-1.2030034105229872,0.2962356772607631,-3.082055129603223,0
1.7839225952017694,-1.068437485845829,1.2830210116052374,-0.8696149988381137,5.449836922258879,0
1.6814924574180155,-0.3481073452012972,1.8138513914747496,-0.11457766791585405,5.134067550611083,1
-0.8838688951407293,-0.21556946135976882,-0.8419225854676836,-0.6116811922199217,-3.2223875789583536,0
0.14729800038908406,-1.3510744584514975,0.6048761691414577,-2.0599761387285884,1.587333082112716,0
-0.6804940477640479,-0.8384482508975749,-0.7559440826252943,-0.43625485972132,-2.6466123719235566,0
0.6149446390313781,0.4105067914863815,0.4662738664736168,0.03929903774213178,0.7948816461988939,1
0.509683077242329,0.009511839940994225,0.39493338535152905,-0.39625083819514384,2.479149174587612,1
0.8117055716132655,-0.3087617911933829,0.3523422541105426,-0.759637553899395,1.504495889118557,0
0.3319184477078873,-0.9114274375379635,1.0553734201181162,-0.335912366870194,1.9380499481235074,0
2.935406206388468,1.5768498255892167,3.5052205836963486,1.6828632316324483,11.398112378984457,1
-1.027923765010739,-0.8379792146793184,-1.6344386794897623,-0.666717515487051,-4.218636274215381,0
-1.7106033544365142,0.25159280726173744,-1.3086292834502395,0.5963683988754718,-4.926655369615893,0
-0.3930902007014615,-0.48786908807379537,-1.3155927326676442,-0.5090543532815687,-3.878641092976693,0
-1.5679882655602673,0.036279292638335174,-1.075343649004756,0.5426235239711894,-5.2429665007924955,1
-1.4924622700059926,0.45760974194037257,-1.8406374955598304,-0.14079183604940654,-7.015757761354855,0
-1.001314654197967,-1.370256589207886,-0.8213643753588412,-1.9130600920848893,-3.2905030376749713,0
-0.9221889054316275,-0.006616244153488004,-1.8869437502024633,-0.5770009769865073,-5.3937163257489695,0
-0.9546181019500601,1.1907286489798454,-1.5539702177890353,1.401562897765012,-4.282932286179923,0
0.5182189504454116,1.761501893492003,0.7525704340701163,2.014710741591348,1.9397141724186762,1
-0.5061890610853361,-0.13001397325513103,-0.8566431527767262,-0.3663049916118827,-1.9857161500033915,0
-0.17951457487248015,0.04168120721690878,-0.5994960100585794,-0.07453796717747875,-1.140921788112987,0
0.8942327745009349,2.211333028601533,1.5921636232269836,2.845368328999149,4.161235585453426,1
-0.7663225247814263,1.1349242815991982,0.33915708085501106,0.7877061836226518,-0.2755823281757276,0
-0.26454589870472217,-0.6172845692552191,0.20396106970501943,-0.4695681736285763,0.6755893369762003,0
0.36575998609291555,-0.6189834508861233,-0.1801802997746163,-0.9618413863960582,-0.2920735953657721,0
-1.9415678006202213,0.9565494617872685,-1.0598081342113717,1.5045366242573532,-5.1386319051961085,0
-2.3849055089505824,-1.0110371300457304,-3.1656216387747733,-0.6968240379093965,-10.024995637113902,0
0.3461173287977227,1.087726751338853,0.19387160176005974,0.3882660383365595,0.7280616781475143,1
0.49201428056689855,0.33429996375100834,0.5194031640605852,0.2038994489270354,2.1777759038472775,1
2.0642201348524107,0.5177207640270725,3.026239056771785,-0.5217826315043879,9.589349605135919,1
0.15809487586680993,-0.2567338034800533,0.6144244446426725,0.19349398702536164,1.6693277986600705,1
0.8197397172580948,-0.6298248042464097,0.587860869858335,0.3938296712143078,2.5847988693384916,1
-0.19547264358597383,1.46199283086832,-0.6679507789758488,0.3717722708680451,-1.910214734354822,1
0.29722722158508635,-0.24673728055347494,0.7983235484867135,-0.9602866260219987,2.2077519088572126,0
1.667256841749534,-0.41093507657386175,1.400577363139356,-0.3272750347889353,4.659455166817254,1
-2.1239928181256356,-0.0801370678798094,-2.015622774193148,-0.08936647302453611,-5.977963769557805,0
0.4136162575716805,0.19302213271794338,-0.27127198705787725,-0.012400453184616994,0.7530136100741406,0
2.135586730077366,-1.0308251267194486,2.4202156576894662,-1.8996351353450156,8.522079765235683,0
0.2820342192093425,-0.5648714942069116,0.5263817920830818,-0.40314807921934726,1.6799836024335026,0
1.6505729632328479,-0.6180320739060579,1.029762932403762,-0.17427514793256843,4.739976318071186,1
-0.6292121495294424,0.8452803046068483,-0.11340059309362227,2.268773028983964,-2.0156800142887237,1
-0.03204749416371351,-0.8859625679998893,0.24532540995767732,-0.23231860693147877,-0.18672618787883588,0
0.03352470238858753,-1.7557678577580538,0.40353682877863645,-2.405125853728672,0.29037584025976215,0
-2.2175910793587708,-1.967094562906154,-2.406930425733836,-1.9730402684870383,-8.111072114156162,0
-1.1681778278502002,-1.4703801346757173,-1.0786996222069791,-1.1743412739513595,-4.050426415258039,0
-1.096875079383986,1.3615382028481113,-1.065185644951324,1.0174074790864631,-3.370019732715021,0
0.8220660780325274,0.01620659948405166,0.7479808756554125,0.40621260025549655,2.2462870251196825,1
0.872153105684055,0.5012490868072027,0.9574047447669779,0.8529379817756699,3.7363458429001803,1
0.3240364427065333,0.5364877271213292,0.9522579296047246,1.1551675849892455,1.9803803812209269,1
0.8241028968557058,0.05618391839232033,1.3615782162076693,0.4573052950260801,3.750328959211598,0
-0.16414941272177394,-0.07478129665130821,-0.7550797514562023,0.06779052840257126,-1.308661243765723,1
1.2019316695395432,1.0445264298181407,1.694632577993013,0.725560556313698,5.444489953747804,1
0.00878844263207182,0.14599591431263995,0.6043601290060895,-0.5005433829339386,0.5961749275798541,0
0.05786404742675647,1.3990974792634143,-0.017724789249426658,1.5086055483403902,0.5833768042048034,1
-0.2655926332624114,0.6208299452898662,-0.011369081363523104,0.41891289943469073,-0.3766339629606127,1
0.6844504776364279,-0.617796273481028,0.9314513112879368,-0.7713948923175994,1.8184750519324568,0
-0.4211988166129132,-0.4971340238699362,-0.8461821249500638,0.06376122148974783,-2.7455034289095708,0
0.9764313771980682,-0.7274648064542795,0.7854532334339042,-0.043002799551349224,2.830740271288214,1
-1.1321491407160067,1.2175480219507155,-0.7567440212902031,0.5998647138240636,-3.7963809673084046,0
-1.0989162547281939,-0.40505095294555277,-1.3468273731439195,-0.5102662559031467,-3.6706728066875063,0
0.6874267551265042,-0.7984727967996325,1.175176534757658,-1.0150753819479157,3.194113777735469,0
-0.0885442145830127,0.31977804112682007,0.563942005841868,0.4772323621281559,1.2251591803817727,0
-0.45389141615312834,-0.09716710637250317,0.11794450483710706,-1.230305950860584,-0.34165428295924166,0
0.8900577324754597,0.29456851257516387,1.879960034060188,-0.43585047994622633,5.447879356918445,0
-0.6072614140860845,1.8898139038938433,-0.6526275552316407,1.8310664373746404,-1.3796219108099073,1
-0.20020125430036984,0.9130708059288597,-0.11160071731583836,1.3061284080815174,-0.18565304087956724,1
1.3992279500711593,0.027010554301906357,1.5595594739524794,0.06465592302869339,6.08926796110448,0
1.5391423458106503,-1.4084233842060088,1.5089433833152812,-1.0726698476771577,5.677726244961891,1
1.5723982102703271,-0.49996249720863567,1.8434876973211494,-0.4013083083651424,6.111338682016694,1
-0.2821257769339113,0.7110461025453031,-1.1377277914399058,1.3491908894173608,-2.537916196193748,1
1.2307029049844702,-1.1710410396618163,1.3331555993307298,-0.4280972652457261,3.1996812873009794,1
-0.948952827768678,2.140970296330354,-1.637671152710126,1.760738852747607,-4.92634927729735,0
-0.9069028747220608,0.014416562635548644,-1.38821451352585,0.45623923252932447,-4.208574616799946,0
-2.350455852624361,0.04884839320948488,-1.9840109471094043,0.3029081674430122,-7.274678522044162,0
1.67286820189853,-0.6666451929579779,1.5733100826740198,0.5856888795837577,5.64316765851846,1
-0.8639798490760783,0.4967377567757186,-0.5151726117181752,0.09782024726866007,-2.1593770065364577,1
-0.12653257974705998,-1.1580018065222322,-0.23692088154762497,-1.2163695720381413,-1.325235605158531,0
-0.9103243419282839,2.1648925891014574,-0.35712118373270607,1.6487557724435238,-2.8704003164794436,0
0.6951652483301405,1.3173513046520113,0.5756248955194888,0.8308831886010108,1.6024315753830627,1
-0.37563366071734017,0.9842964451970457,-1.3530929054989018,1.1770784560195964,-2.484039081648942,1
-1.3048168904329494,-1.3904290057898094,-1.192120599427314,-1.2876572955202539,-4.975415963518568,0
0.44166256418606065,0.2054132704577508,-0.6427673586652148,0.47613881741183983,-1.0173433732505668,1
-1.4337300248102285,1.209086398014004,-2.1600904760764323,1.4689632617385366,-6.418199250224795,1
-0.8374057253154913,0.5931053993577392,-1.2788789898147763,0.4752860229455337,-4.609678039349131,0
-2.106889114626081,-1.002109104633775,-2.6107438535111744,-1.1233786389828564,-8.817993792648057,0
-1.4239581121976068,-0.6500937553086553,-1.6964835144057495,-1.1354931215446127,-5.190513298924195,0
0.17852916972047786,-0.4519361380059906,-0.3425047420450751,-0.8025132901482879,-0.6362369295879219,0
-1.9645360381029247,-0.6034378344886075,-2.667512369895761,-0.6318387227675781,-7.4400856805786075,0
-1.4811457246217157,1.5287788357103071,-0.7102278522013287,1.6272936566313476,-4.491452325630406,1
-0.0023689161328080566,-1.921013138823256,-0.34144118932875595,-1.5656191930289616,-0.8592373478139057,0
-0.5436068960930526,0.6559191396588365,-1.6589907226667515,0.9603494695549233,-4.352280841715468,1
1.992036635959309,-1.2923033749284512,1.8115774494546804,-0.5137649921455848,6.606742775669791,1
1.8338965460243755,-0.9612514874510678,1.2715310170105987,-1.4475955336998523,4.680525054335035,0
-0.8679224627511536,-2.0097333668687174,-1.3104062763975604,-2.126026072190752,-4.212935186010252,0
0.5571376184034819,-0.5490544311588659,0.9123088590797244,-0.9917067092577516,3.0548858610917047,0
0.7492825568794511,1.5107316515392135,0.5252037474868422,2.1493751862202486,2.0396306748530617,1
-0.5974788580244031,0.264824242464778,-1.1737771586333459,0.013587298366566303,-3.778636556906682,0
-1.4955415364982039,-1.198361546999097,-1.2724147815195817,-0.6208478207767788,-3.748116737836771,0
-0.012298449308057612,1.0171476743793124,0.5626719659964853,1.743540741242342,1.131446163364406,1
-0.17284567481411092,1.2313042635686857,0.09559040650581149,1.4380227452990768,0.23858427909971697,1
-0.4357644969706192,0.10404648103908559,-1.6625422827958318,0.2505758949016007,-3.596659154780018,0
0.44231686816448523,2.0347491581525903,-0.11517788303402177,2.05407173089488,0.39774062478647987,1
-0.7507296070055988,0.8215641246246144,-0.7270053416874962,0.6630111065414028,-2.9749769128237324,0
-1.151997547579143,0.6826525072925881,-1.2741472502111508,0.46396012537855535,-4.1766919838372925,0
0.10908297034983186,-0.8033787071662901,-0.05455460661976641,-0.877087069023444,-0.2955405727906321,0
0.3859700925688759,0.6273984856213408,-0.10540825385154112,1.5395876808608908,0.5539230294575787,1
-1.176644943900053,0.2167912776044933,-1.879436985438773,-0.304136329878597,-5.605961556723973,0
0.9280906109910811,0.5198290026710267,1.9319814698975912,0.6221336145590219,5.770806361118646,1
-1.770481137776078,-0.6845856191413306,-1.7569256612066222,-0.3289326370476306,-6.740323258582312,0
-0.5781134587156433,0.12809888435898667,-0.25705256428193446,-0.014089036312191383,-1.0220168550823863,1
-0.258008536197609,-0.8168615002149581,-0.2548829494057045,-0.6088203145941687,-0.589888568892498,0
-0.6362237126519298,-2.147132099966032,-0.613049363332935,-2.899433006307752,-2.2999459405428775,0
-0.5650604735511925,0.9983045685783835,-0.5961121734558362,1.6608261417359733,-1.6747172852034808,0
1.871074482308114,-1.5023889816895173,1.310851552770898,-0.9368146259689721,5.637761263215344,0
-0.8508840890388987,0.10718646478241609,-1.6081288180560225,0.057973515095591455,-4.159007879985869,0
2.441221722471914,0.3330021294490398,2.634334409344407,-0.10691580320349447,9.232259457462037,1
0.43712677973105185,0.32656301586305486,0.5310479833666351,0.7230120896565086,1.7428463225014308,1
0.09205513731199198,-0.2830790735982502,0.5611955865418455,-0.8571388067492816,0.9623717303498128,0
0.4762403533876659,0.2712114752799734,0.8439207667086792,-0.23110055767482723,2.0983244585490093,0
2.5299277492519523,0.4709670697851621,2.125671652877117,0.4441623242508205,7.938911719408347,1
-0.993593003931448,0.7349648157519848,-0.4272973494705121,1.4939855992459925,-1.9234125286819475,1
-1.1204179189363894,1.733441339384263,-0.7379043213591308,2.0537322673519225,-2.8403110801592946,0
-0.7548661965719211,0.23419415149820536,-0.4094454116432536,-0.08930343349643746,-1.4481993795078036,0
0.032143146964560894,0.06404884501770187,1.1568065429539653,-0.7770001257400494,2.914966916571789,0
-1.7257711248125733,-0.9067289653500941,-0.7037917435584793,-0.885968758534187,-4.104736848460179,0
0.02233923931860801,0.435946323899337,0.36729612259605093,0.5616572168501359,1.7493119425558656,1
1.693547133413672,0.6673831031405686,1.9761457363324368,0.6309930623461668,6.440622148397031,1
0.1514073906247774,-0.1923031842816272,0.6922349815096176,0.7108926558342108,1.3646328180839462,1
-0.2926854589752766,0.5446125041840371,-0.5846623438104622,0.4786490593798142,-1.4416863859868407,1
-0.6181604486836274,-0.2925161935493418,-0.9030750774791525,-1.4335763806372266,-2.4915348425033224,0
0.8985117045515645,0.6709926520889239,1.2352224080975212,0.46742287300072966,3.447432353319892,1
-0.8258327732380475,0.9126023140297435,-1.2540708178018336,1.139924603303458,-3.826216796644795,1
1.8463959205992475,0.8986278667304853,2.1427806633608752,1.0920765211064716,6.831669496910543,1
1.9333597477143571,0.11784432614130065,2.0117758309824523,0.029505183023785395,6.994362737383495,1
0.25675079866178757,-1.0399681516170514,-0.1713442536342718,-1.2110772446534623,0.44036719756062676,0
-0.0115150880766451,-0.6119130526418207,0.0014181670675045555,-1.611724495040938,-0.14739093628847605,0
1.0306598082415594,0.5951573238847284,1.6832006043107675,0.6380427019954954,5.19874841525001,1
1.094798502227325,2.448812305740227,1.1359837275542435,2.2795009177007457,3.219741416734262,1
-0.8059917310594154,-0.34072077153208186,-0.762717907250427,-0.21609583051035217,-2.2895304987025606,0
-0.526555133136702,0.4558376783881398,-0.3620624936844038,0.7014823153982852,-1.7406728655362935,0
-1.3223474346832955,-0.5560525574794032,-1.092753173237491,0.06448162854291728,-4.40465823816072,0
0.4090649383340571,-0.9739670442491007,0.24364470529346058,-1.4517495949060348,1.3010567647646296,0
0.6666278834568907,-0.6763158635773625,0.8417584074404146,-1.32330694083522,2.9099093558474305,0
-1.349925637861273,-2.0824719767026716,-1.8744608176566397,-2.369455342264872,-5.829964082078116,0
-0.4551989048161591,1.3534350629077507,-0.8547344332331033,0.9856384403795971,-2.8366665766883115,1
-1.3472539175813496,-2.2301302529146136,-1.682828471619161,-2.6428350402727525,-5.626322283269093,0
-0.8987998102438378,-0.2638282304006328,-0.6639184654267838,0.4586249900334934,-2.62841543761529,0
0.5510170602262995,-1.1781278953500545,0.631133474004438,-1.1039199595809073,2.333713109975585,0
-0.7334820666782794,-0.8843802153622045,-0.8006618553002559,0.10181651595183638,-3.1130213527948025,0
-0.30082595603229867,1.376522659738668,0.04455903876034473,1.3749874482262865,-0.6821918969503491,1
-1.6273117279473155,0.201066990031392,-1.4378806865761475,-0.3848712345015886,-5.185257147293957,0
0.1869902097246643,-0.9653961591817005,0.04200181973322839,-1.3694834512805854,0.3228749908228779,0
-0.04427331984464883,-0.5895171324965108,-0.5618887412545548,-0.07728945897453177,-1.1169383207260875,0
-0.7289592500331622,-0.7654812204420857,-1.1388136506465387,-1.3324070889223476,-4.678286714434775,0
-0.18901429768247416,-0.043545672078880604,-0.92241903037892,0.2353926500530587,-2.275815641116174,0
0.1802948805034444,0.17289168478769248,0.2505796555788573,-0.005484579788637839,1.1982363681591,0
-0.8148681489093441,1.89557477322856,-1.24593754013618,1.4306619868961796,-4.022114788846357,0
-1.4762625440017794,-1.916300765997707,-1.7239240349937148,-1.2230408999235949,-5.4189790971445975,0
1.8055744326868153,-0.034812314757952455,1.7417790923723833,-0.32909533291796245,5.587547511552425,1
-0.6332727047102726,-0.31556769253452227,-0.11127510904492988,-0.729353204834706,-1.9538518097574964,0
-0.09676010318688932,0.9465485277167827,0.36763519597152045,0.9071019879403711,0.7990390268016918,1
1.0108397350203135,0.3548181181783933,0.9834854993933264,0.10069927175746085,3.45599812525398,1
3.529055187570484,0.5903622081149453,4.1618069322706335,1.6978551584148796,13.449253170449827,1
-1.2444864498888657,0.34508618601508256,-2.250660704549296,0.8752648327028724,-5.944817875518851,1
0.4498272137265099,-0.9319911252835396,1.3884374886097661,-1.227337336511121,3.295695422345915,0
-0.7075522852941063,1.211265496493013,-0.3613024281418138,0.9735969408637972,-2.1002429085010763,0
-0.5387903045767108,0.7985049046156689,-0.4873886620667461,-0.21121923291820033,-2.153372784199398,0
-0.7202120210067899,0.915529791724743,-1.1658918613828215,0.9842316172704654,-3.8882743446620402,0
-1.125654967800585,1.2640501705071647,-1.3446886508658171,0.8905204990377613,-4.144535900144843,0
-0.04129136178466144,0.4176751006519598,0.2633840860043592,0.46168079173192655,0.30878209844139315,0
-1.4745026870482356,1.4809924041174929,-1.1584629952825287,0.4978553566653777,-3.957419549865701,0
0.9468075665118705,0.3776395717866411,1.281004251807264,0.3642614037921703,2.506054018796621,1
0.055002936033374625,-0.21905858802460865,-0.3092454311498556,0.6302770650921384,-0.07456632248590361,1
0.42243497290144,-0.006603910483364725,-0.04248888360616487,0.020466670132798702,0.7284894998565269,0
-0.4661886119462232,-0.023843768136116463,-0.36858598976997,-0.41118486166138696,-1.4818669562469557,0
-0.3672039342117483,-0.519391322090543,0.01772304467398833,-0.5296246845454556,-1.1610664451089265,0
0.2875639051673281,1.6318888483702207,0.28915632991975737,1.5997644802771775,0.1797198573370261,1
-1.1640506324058255,0.29629536550366764,-0.4233085089632419,1.392211935881813,-2.2171476546678788,1
-0.35799043441333583,0.09473847583290661,-0.34142170331828015,-0.07168248877743667,-1.098755754671309,0
-0.8596135138784541,0.38827425492643364,-0.8599678357949472,-0.21337239668499486,-2.8977465763733568,1
-0.8905688105910143,2.979854516737147,-0.5552888149946797,2.9905836038508657,-2.4976662663484595,1
-2.1098382406256415,-1.1317241885996594,-1.5002231718296222,-1.0339575696800098,-5.740299888129637,0
1.3393265894799997,-0.8450385117162756,0.6646989595777273,-0.5638905285391977,3.0454518815582294,1
-0.6865387531537689,-1.3805710174469963,-1.245544607171568,-1.0026900923313034,-3.6890999173703856,0
1.1633760551635501,-0.23259923843548608,1.006745336291531,0.7451638043194118,3.6702569591992114,1
1.0687923213942923,0.24551844332736034,2.648263213688624,-0.05231340750890895,6.79288496643698,0
-1.2859997065164936,-0.46532251834107735,-1.4167339877869596,-0.8085973904301698,-4.094181289715765,0
-1.0884112356728457,-0.53972679815177,-1.14930270717813,-1.466795036729094,-4.558441237169161,0
2.560502959355684,0.14240486662813231,2.869678924259643,0.47323174998599393,8.602827028501384,1
1.7509259419271435,-0.5021078248296975,2.2393903933338803,-0.9457650075492694,6.378156581190353,0
-0.03151851332810415,0.31017582718283815,0.053374044899273776,0.7560579671401481,0.40129579540210747,0
0.2573731064173494,1.1142343467426044,0.8395468539374775,0.8684168899496816,2.01476605574142,1
-0.6308464029471887,0.6770304698008064,-1.2278319944601486,1.5400094556809902,-4.201293861906371,0
0.43235271420033994,0.8810133471652023,0.04930850182897745,0.164259902675168,0.7969785901331745,1
-0.7171819007224715,1.0859184115067195,-0.1359384254326519,1.597381163183067,-1.5096423901821305,1
-2.0323537642983847,0.2828281601187029,-2.0268822069066474,0.7347494415250961,-6.8225477621671455,0
-1.321555786511051,-0.15864102604310112,-1.9527810890153834,0.10464719318900848,-5.490762656074945,0
0.021092747850587245,-0.7722530708831956,-0.6401762179580165,-1.3308849203769655,0.010366163367608205,0
-1.1310672355025877,-0.391178163635721,-1.53653763817494,-0.12560275348144406,-5.360751539670995,0
-0.06727746491353452,-0.5236855326768944,-0.06621469383457639,-0.4602481622785418,-1.1647256647388031,0
-1.0746610394328626,0.7316723266209116,-0.8409712545694683,-0.18345577858542106,-2.9993752964951703,0
-0.7823539225019935,0.346782554594196,-0.9468839224740633,1.1259190494615272,-2.5739424101893857,0
0.8531653064131918,0.6967578627143011,1.0456649010329513,0.5239521547558055,2.7332305692085184,1
0.24748054764010466,-1.1603368561001515,0.02894730429329717,-0.41972800808795874,-0.20824897960227184,0
-0.009664421313347188,1.431749484241079,0.6022956794951115,1.3979187591900872,1.3622778705253475,1
0.8789639730706512,-0.4269803715067624,2.154884020356829,0.06418266014260687,6.485455409869781,1
0.48060859334734735,-1.1000166420746627,0.2843022273051354,-1.5297791979448037,0.851212969586308,0
1.4465632912513675,-0.43921776482181274,1.6865296966508403,-0.33200028765757084,5.586437727851602,1
-0.4598592623151402,2.483765992587508,-0.26065385024008403,2.5557369891513466,-2.1606689573269646,1
-0.4296349785275087,-0.38771686649156756,-0.36028726539754596,-0.5495173801878841,-1.4643197691212209,0
-1.3011092663913453,-0.32509647147092546,-0.9744837937206996,-0.7597078784282589,-3.9574553616874444,0
-0.4289807173724197,-0.1921046806296761,-0.18957012288250616,-1.7255050460493924,-0.28884109912155476,0
0.9647698943024456,-0.1486203834314553,0.7292431091099983,-0.571500087678248,2.5523021628041773,0
1.299987372262134,-0.7814760658012543,1.9582602585734779,-0.4312215090133876,6.20970677245292,1
0.960305168086668,0.1432130832061304,1.061138291830056,-0.5544016912389513,3.1768533861995536,1
-1.7941918665494363,1.0755949081983303,-1.9865920764646179,0.4815280882840208,-6.619305822167808,0
1.0831452126607344,0.3142893154787071,2.304746474584435,-0.4031420887036462,7.272871361842501,0
-1.8385186232720707,-1.1111652988999856,-1.8966253118498708,-1.0067212407447075,-5.654477843947027,0
0.8981173241223475,-0.3443459049337084,1.0255892448342223,-0.7910491974803374,4.378638444963831,0
-0.3677845265710552,-0.5515274001016297,-0.2800643542808871,0.05864408849843861,-0.9130193944376586,0
0.7025333139338557,0.052939468234801106,0.6375860084582518,0.4202493217944383,2.223840756022852,1
-1.332448347894566,1.330451671562317,-1.1081159953725581,1.4305137035377984,-4.072441671773284,0
1.1711676327061467,-0.148882796020883,0.7486676781603341,0.0030920372670434626,3.487110941632986,1
-1.464974746104889,-0.08815486887039078,-1.1667030528433602,-0.4696289051952417,-4.336210863299397,0
-0.6684549108531777,1.7776448188194294,-1.5476319250493926,1.3962985058220578,-4.453639486855584,1
-0.9980946277690352,0.8762059916716602,-1.6471295033975997,1.231719264962667,-5.167180839900197,0
-1.754284852822499,0.5740812821065351,-0.8414225792382414,1.030777293925056,-4.612401395278704,0
0.09452756758846836,1.9581316153017756,-0.5335624457724248,2.3092628012585488,-0.3901758266688631,1
1.8060891178369614,0.4898112547940131,0.826109691818531,0.25451992658231376,4.95087162371607,1
2.666905222320009,-1.9865271419775221,2.0511971377869154,-2.182188180737664,9.694469068191426,1
0.09715578708624777,0.8326657578803606,0.9671844216846148,0.36678736697784603,2.2929254097981753,1
1.1166812750675223,-1.5920084571186501,0.22075040493116482,-1.2078815384897075,1.7223081590961657,0
0.2320946379285372,0.4520053685824477,-0.2458124533672382,-0.5287224124377026,-0.3829279900876462,1
0.49888319476821275,-1.71374357412924,-0.2302130473902807,-2.815861726557758,0.20914761224324946,0
-0.34214865112723886,-0.46685541039991946,-0.4792132496722431,-1.4692850966253417,-0.7185251645555338,0
0.19507692542260213,-0.3637845296098712,-0.02293352366776613,-1.435129170957036,0.6132177496976676,0
0.5374787046064285,-0.7701191072317533,0.2971004512429118,-0.09154865648268062,0.7270146560633657,1
-0.5784597288763313,-0.3488519971912,0.34960717082623693,0.04455068459393685,-0.19689704106975311,0
-0.07749429989298792,1.0325617203605524,-0.677031958711762,0.43326341951902536,-2.206043633235611,0
-0.05843011899748824,-0.7139529121595534,-0.10952400885604369,-0.7669193655032764,-0.010454222730873486,0
0.8264033173305246,0.5451408795105409,0.9957039404908918,1.2780360664347232,2.8776089597456695,1
-1.0660321716276806,-0.9656496396073002,-1.5561368026637525,-0.7155503291510885,-5.016938903868386,0
-0.05154220860765155,-0.18949957639212914,0.19175278201564971,0.8676885575932737,-0.6331734095430372,1
1.9120054690526975,0.3238392663274503,1.7121002217760437,0.2667061992810412,6.670617849670612,1
1.1640601525859375,-0.9965284166185597,1.3512146856808656,-1.3241078898048424,5.052852957932101,0
1.3491790488887052,-1.3117204329106897,1.2951794231258786,-1.8522750162542467,4.267656288340813,0
0.02443184017803416,0.49187815057888806,-1.000833772605118,0.5037004784786107,-2.0460272628796807,0
0.32099756368602317,1.1230803993406389,0.9740469200688937,1.5911125951341225,2.189936721398675,1
1.0022361667029254,-0.0790650194873722,2.037465324379961,-0.029502502852727194,5.469154955609392,0
1.5602555295309308,-0.45731290655670426,1.4718784385635242,-0.6364104063782113,4.874312479815485,1
-1.9516029128828867,0.15567538768838682,-2.4005789388161887,0.7839356053469932,-8.2786878969452,0
-1.3154413070498456,0.055479918765380484,-0.5624349464620015,0.3199259668318828,-2.4137219972361885,0
1.3094441014026479,0.24290254071125145,2.2546355528363833,0.18618429240129758,5.153579507797527,1
-0.2768893557688036,-2.5282451003137143,-0.3612870615638023,-2.9115407370362583,-0.885851022273412,0
-0.6717207892580773,-1.0691042911659632,-0.7810610968683347,-1.1963256869318606,-2.428037265306811,0
-1.2541609869956039,-0.8452301054368538,-1.2941165358313536,-0.608856494058401,-3.6425150818108136,0
-0.5550167015441094,0.15086762851156252,-1.392291146166762,-0.23930680954598307,-3.7353002794088757,0
-1.4023692834238248,0.1858778836222664,-1.5479322227704388,-0.43094858576147976,-5.385069825006726,0
2.091094272732477,0.6361804886840361,2.9485652165070997,0.3961048603831948,8.629541298579586,1
-0.02243605198057349,0.25758174921043675,-0.10678038236585366,0.2329769031715676,-0.06943299811585116,1
-0.05795054176271757,-1.3007350703873355,-0.5779678056988201,-0.6190899878044469,-1.596977203689476,0
0.5880766751678316,1.4470046175850602,0.8364194848200717,0.8669859326538005,1.9905612689221206,1
0.9623451692665693,1.2719183034223662,0.6287457700195132,1.3852923518887907,2.3324673390513517,1
0.9458881565546393,-1.2581972900269258,0.9126620947206758,-1.3969830266805416,2.770749841456223,0
1.0736219439075716,0.3327052943741829,0.439197553633932,0.21873490141281912,1.9858496768453473,1
-0.6308455507908564,-0.5954243852430158,-1.1491576313842224,0.1742587661991125,-3.2019291566337604,0
-0.29786680495686124,0.13886398920054824,0.07096282247493524,0.17947005786323206,-0.402142860291527,0
0.7690316554422755,1.0533102796418705,0.8269650451428194,0.5965328237839811,3.082273920201869,1
-0.52738906163962,2.130104266320959,-0.9154177550610281,2.5744776270937617,-2.5483041643908058,1
-0.005106632027225019,0.7512777051426099,0.054660933125226435,1.1588980467960412,-0.49969893967906165,1
0.398763764424814,0.29493473511013585,0.09519041006118445,-0.20565082085067093,-0.27274891933086143,0
0.7851850823103762,-0.3398211683082972,0.3933049976252915,-0.9362895331518195,1.436308384785252,0
-1.7776809623702012,0.18213487101117645,-1.1956637637460483,0.38739473336471164,-4.675965739044033,0
0.7147456498889451,1.3597718933283136,1.106184426483331,1.3432874339575025,3.6550422657532646,1
-0.23372405785172545,-0.04470875675958535,-0.24436048266727284,-0.28000010911404927,-0.3469682923520257,0
0.707457710864381,-0.8861126513476503,0.7796263794892327,-0.3579633973534654,3.0394093067484254,0
0.7769316923548287,-1.6196898655166265,0.772732683687657,-1.9158302135345053,3.2544356780964643,0
1.6079150611191575,0.5130478674102508,1.851419690705927,0.7238293186619446,6.3178701651653855,1
1.3534536476212031,0.2472881256277393,0.953702818393356,0.8346103096031332,4.8390566003505455,1
1.3465716626102961,-0.6459081732622967,1.7778240292946177,-0.8154736033363893,5.722330843036455,1
1.4436703191662383,1.0260141257072977,1.6204532381116448,0.11146475834268543,6.406043863865179,1
0.29137898481594593,-0.42177686438763046,0.15985081587117012,-0.623310756085055,0.4435758216083957,0
0.0321850870368397,-0.1346440918247952,-0.21170392871743124,-0.04000222103707608,-0.7010999398619921,0
0.8728170831783343,-0.016664133297943518,1.2933825540617385,0.48483883808346023,3.799799457480959,1
0.7320809514330224,-0.3509527421380881,0.6568377933579693,-0.6115330872560374,2.3930572869585927,1
-0.30906623673826017,0.23586506574957086,-0.6585127846531789,1.0974117889811779,-1.9412469348771682,0
0.40482340880826806,1.151515145933001,0.21253852532110623,0.5021039565661303,1.3021461028361698,1
-0.03509646678459442,-1.1424818981184228,0.34950585765998554,-1.0604100658447622,0.5952067068023092,0
-0.853932908460056,0.48852013847400877,-1.659209509083076,0.36893862161940627,-4.902906018331936,0
1.2904607413763498,0.17215866960644105,1.1127562885861135,0.8457041161764305,3.9631895797034575,1
0.05519924253008922,0.15376382954470624,0.5904905773679712,-0.5830597608462647,1.872591606072795,0
2.0487082576988507,0.8718445698740908,1.9645998716472217,1.0846619489420524,7.160845052084407,1
-1.6254922701998327,0.0492974252171587,-1.489083904060912,-0.07281839073019679,-6.254544659209403,0
-0.5567787728433663,0.4802292619057029,-0.01339429057476893,1.244799736748698,-0.10664453074650637,0
0.03263883669087142,0.7158646295711472,0.47880366338945646,0.3015852889598563,1.2233198866706798,0
1.137381097628914,-0.5043652003806066,0.9173517111089531,-0.29670606913338815,3.860340464081682,0
0.39946937260218507,0.2991834608137983,0.33427259650026686,-0.11991230940512593,1.7322849691258408,1
0.31047275418075143,-0.2507876072106319,0.7628547050452582,-0.15675651849920735,2.4817845973575365,1
-1.127263792554147,-0.1326817797198955,-0.6575290489121978,-0.31736421608528165,-3.4655105822568752,1
-1.1569413972294713,-0.3220613964783318,-1.2009664598869418,-0.5146762741070442,-4.672452409496628,0
0.3225046602899047,0.47108040409688623,0.2957318341436913,-0.5226372482884376,2.273421253584324,0
-1.3641059938183584,0.08164470901825371,-1.2302641465514328,0.28893674119730217,-4.855726158403021,0
-0.5318777502893286,0.39454403431667434,0.15157259471931783,-0.14657553415925068,-0.3053447009430087,0
0.5009173290858575,-0.017517362895748446,1.0347003894148357,-0.5758571704216942,3.6365092558549112,0
-0.9823242722767759,-1.604121012470325,-0.6356309203772668,-2.381762715249712,-2.966501227943707,0
1.6053559623618066,0.031368416099708474,1.0660213243298609,-0.4966562630997851,4.360015372037107,1
1.22393634423789,0.063537955156817,1.0865196409637616,0.31377783832141,4.472175841608255,1
-1.5714199983383004,0.2425959371534602,-1.6825633351832519,0.46818258139666474,-5.615819731752212,0
-0.9323712431819872,-0.593729193685742,-0.22312872688025076,-0.26187371341512744,-1.597258091150526,0
-2.28577724449495,-1.195469716665512,-2.405209440084769,-1.7089601630879172,-8.279298035069269,0
-0.7825913625481332,0.624606644894278,-0.15586995100932644,0.7319974576806398,-1.7488100173653995,1
0.7663884765723994,-0.2736065565341689,0.4810391413068572,-0.5812983230362294,1.945190441921288,0
-0.4138949422748569,0.17124404768499576,-0.6593369211052365,0.6486088918541536,-1.3425282985787612,1
0.46079724361596747,-0.28146007988829563,0.7015242965225379,-0.06845310246614461,1.9464350639258108,1
-1.5223343182817441,-0.0060618257735948035,-0.7382609654958656,-0.3343209891304009,-3.545661572220727,0
0.7979752545819053,-0.44928534793580827,0.6920866899479667,0.07100241972331028,2.0967360604749037,1
-0.5551092279283498,-0.9680835891538281,-1.836493158858949,-0.7144114188331658,-3.485510588152846,0
0.012169682282905197,0.47373166076865714,-0.7699220188865383,-0.21976975268825527,-1.3621521091713662,0
-0.09287450139305273,-0.6031200882261201,0.05610627668917548,-1.4388811788919078,0.14270683310045695,0
-1.2715485208922839,0.16395148089481063,-2.008946534283168,-0.5098914293684982,-5.462076486446567,0
-1.1530843317397823,0.41046022190207787,-1.5858657449379885,1.2350510801653969,-5.141805873569926,1
0.967794469003426,-0.5868127156030817,0.9739654443225545,-1.0945440286212968,3.996496655445375,0
0.3989921575016956,-1.203885634372985,-0.8256914653715349,-0.2658155305320743,-1.8110472032684632,1
1.0500490415534267,2.426085613853053,0.8601861468906995,1.8924263223258564,2.9882356251998052,1
0.3246582355025183,-0.5277718759454261,-0.25774604342761614,-1.1147044035840983,-0.42911860817959124,1
0.14299063480921648,0.6234171586011584,-0.6065992241411587,1.0633933991327895,-1.93901140043083,0
-1.7260106186667665,1.939463549570124,-2.1271028382757966,2.402225205021342,-7.1075641306228725,1
-0.27036669676116976,0.7899077468538932,-0.8049711592958854,1.0678203336707028,-2.0414681741576737,0
-0.027384320403744018,-0.30044280882755153,0.2073557885924074,0.037612338068270745,-0.17132416289159108,0
1.953107198272574,-0.06711638753511132,2.551370591614016,-0.467927275214278,7.415240377489819,1
0.6869566320986773,-0.8326072197388483,0.5047432062931458,-0.4161056219985236,2.0604589511820164,1
1.5360611817095284,0.8816964269577422,1.2379982921861103,1.0016947628170432,4.740092600489448,1
0.5975377058947282,0.5662707080586883,0.3904352053157788,0.38363301326674193,1.544304771974485,0
-0.7113032269494793,-0.5144258182617432,-1.2653967809187106,-0.46711586936935934,-4.230814274406616,0
0.11712421614985134,-1.0421748070984445,-0.5272467316599877,-0.5118518980238053,-1.0760756229995412,0
0.23622364626423303,-1.3212337376636916,-0.5865535801824355,-1.1253084361847832,-1.151908875464931,0
-0.9391555697706817,0.9865140038042008,-1.6039160489297686,-0.09238704254597252,-4.573626183636433,0
-0.38438737659292116,0.12037312895556052,0.4316081269633934,0.5659870646014991,0.007219042702495626,0
-0.205766993677172,0.21498453633275116,-0.550977511358901,0.6223038930640257,-1.4299824861727453,1
1.605619832565118,-0.8229486258623573,0.13480559668323666,-1.0124809656826343,2.0226321378101497,1
-2.0807405253909783,-1.4635031033044061,-2.374268994631482,-1.4051289566948446,-8.568072201881716,0
1.2058184207160432,0.9626135747116324,0.4106111523356324,1.0189834502912984,2.908719934748636,1
-0.9367952349593828,0.04203903699723074,-0.9070527649608013,-0.9476907509911534,-2.8366221742167523,0
-1.372079187269614,0.9072346600576203,-1.3962560148881165,0.7063995055105656,-5.046992875593538,0
1.179942130038464,-0.3859331265155641,1.2078849488844914,-0.5674216654890181,4.199501156680547,1
0.731898069234381,-0.23681784303685838,0.7115350298617887,-0.31618127746350616,2.2960605658672852,1
1.25451870238119,0.7132981766206321,1.0681635500713154,0.45037429468680984,4.566718020274266,1
0.8007019475455768,0.7323480796505245,0.07275388677558359,1.0637689642622155,1.2450102112288242,1
2.059845001737402,0.797565622685954,2.02251796575169,0.39300117340362556,6.8853656076746095,1
0.5587238369444854,-0.295201253102696,1.0681861315123322,0.15983732990908023,3.4576074449762846,1
-0.15647737612315848,0.6145472376508676,0.7503591657744434,0.9224182793494176,0.878962114019711,0
0.34292637732134257,1.1090994654767188,0.2239307136683394,1.7893086593775145,1.0405591615719916,1
1.2434691283459636,-0.10477201168153431,1.1786641557041209,0.7621275053869926,3.698297009254759,1
-0.779375325260117,-0.5134883637740536,-0.5291617357156704,0.35673754693372595,-1.8951116493507985,0
-0.6518885825313808,1.3427476033167658,0.09473219720467141,0.7499386211327516,-0.3806590496154824,1
-0.3089600145979074,-0.6544457335513071,-0.552108319850181,-0.482352815753743,-2.2120035607597237,0
-2.1045827987653323,0.629476497114477,-1.7582571402901634,0.2705833689577726,-7.39570937471468,0
0.13807840841754682,-0.05842231051986135,-0.27333122434464746,1.5817274843246976,-0.19527398430611673,1
-1.8861287039510257,-1.84156561648456,-1.7212042088182744,-1.5345299369921648,-5.30119197894876,0
0.053059312932619035,1.1285940674785802,0.5383614012418043,1.836750062325477,1.5982973080794436,1
0.8652897561352498,-2.757853629547368,0.21985945286135156,-2.5401688777981235,1.6314861396327718,0
-0.47687646064383565,-1.9841280667576089,-0.7394488216529446,-3.301849609609177,-2.6213629713428936,0
1.677115870186871,0.5273300794806717,2.1545074185343718,0.1355475636725596,6.216627862585677,1
-1.4605008994184878,0.5270711986781154,-1.1524202841610904,0.18427972833496148,-4.137054738142705,0
1.1912606816318325,-0.6375798578775357,1.70923375178926,-0.8326474966593489,5.666745585371785,1
0.6751370564069207,0.1478220903032449,1.0993568796339541,0.3276062404299598,2.895839646282256,1
-1.7160332483106886,-2.5314300457780043,-1.8865850122690415,-2.280763683570822,-6.470583985859259,0
2.7107942990405327,0.7069754644705996,3.810389373237878,-0.6066927553876956,11.710448364093907,1
-0.06374528550396617,0.2497254870535971,0.004709709872731185,0.1312657049655656,0.8202247209202611,0
-0.8774840221556317,-0.045642853333795405,-2.4053384967277323,-0.288580914026625,-6.094326447417365,0
-1.407087194784017,0.02084148213777202,-1.5482603809726667,0.7113606439890177,-5.69762748158238,0
-0.22001802765967404,0.49325417619303186,-0.45460365615933823,0.7893764782332477,-1.8175555057910064,1
-0.12740687238995974,-0.028901523497860945,0.2702177112936792,-0.12044028469976265,-0.10628702259908551,0
0.1026455285396643,-1.87405550273122,-0.12294712905940097,-1.7622150907998793,0.5400850393394769,0
-0.29779615622395983,2.1963322345225222,0.2516888416856089,1.3528207156631589,0.3132536485747568,1
0.6332253101150935,1.2008008194284512,0.9122749963184473,1.5314768418443547,2.601641131140354,1
-0.38762983266324635,-1.2849446619548281,-0.8876750633982765,-1.4827141222512144,-3.8194431938903453,0
-1.934964117240471,-0.34513723047659045,-2.0051507850461836,-0.7488266168574689,-7.3390638151155105,0
-0.1493614956496412,-0.23603419015604085,-0.5371282177873417,0.4210817297620876,-1.1263139654950143,0
-2.367477653373278,1.0788495665089635,-2.2750983299464433,1.21563997784776,-7.925329332701149,0
0.3537706308913895,-2.159268935319768,-0.03697480272617104,-2.4919844004101153,0.6284358776370538,0
-0.9793002302826354,-0.4990082644297892,-0.9420826150281044,-0.8012048375545291,-4.026767970060675,0
0.16336035491580048,-1.7606364433375037,0.027207479420594843,-1.5776832735172568,0.38795618649416774,0
1.3140749815246042,-0.28509551582833836,1.2379633541846922,-0.1410098675913574,3.9590839341282984,0
-0.9487486952680001,-0.4725008930849044,0.07672149463104938,-0.45778836737268214,-1.2687345398888032,0
1.061256258512118,0.07969406738271223,0.8810136451585157,-0.521984126915265,2.9700245366047167,0
-0.4333895666861532,-0.6048743990091834,-1.4006061104947483,-1.1326064090638144,-2.9160806026856654,0
1.7531948020655854,-0.7510233913905242,2.261107874432759,-1.1251803804736533,7.320731433959355,1
-0.36515261319821335,0.6196566917631479,0.1388253377027907,0.52158347638678,-0.3416945863401358,0
-0.8404929855066914,0.4546727409425804,-1.8299630724051044,0.43401720938866045,-4.230476791591531,1
0.6872384503952884,0.5513983427782422,0.3367886397912548,0.47141282991080224,1.5181886988661841,1
-0.43578972962363594,-0.17690009049084274,-0.21788445120037436,-0.23402257102608437,-1.7969899961930955,0
-0.8414495141290085,-0.5717385822251897,-0.5793478835204751,0.3688842167353452,-1.8929332704356276,0
-0.47783985070379115,-0.11885248202077082,-0.48020173243015063,0.3057725612758148,-1.55105831157508,0
-0.04460653218300141,0.5011620700684524,-0.035693842716362084,1.0952704483425708,-0.2976360743838412,1
1.342180131244854,-2.1767797009718484,0.8728861947032618,-1.9446477051898585,3.4371699445561372,0
-1.934087745459577,0.394111930370858,-3.1340121021874205,0.43031326652898194,-8.913764050977122,0
0.023080658950420684,0.3091381873347979,1.047834318042189,0.5141173071419043,2.5371071466787587,0
0.6249035946540432,0.06215090608572699,0.1405699558006861,0.17506099239344705,0.8351378441894995,1
0.1934485749917961,-0.14931342187167515,0.2817014200240373,0.2546756824341013,1.1362458043815986,0
1.3098651694335341,-2.5661193859324136,1.2304411716038661,-3.0536896192566303,4.550983147942221,0
-0.07434532975852405,-0.4398532631004059,0.3742534463782489,-0.07747971579219232,0.22227917610564224,0
-0.18455144218594463,1.7894387110773733,-0.1271028354448654,1.8729680454660242,-0.5291036191527826,1
0.5923295470133433,0.01290129556830568,0.6690500235593433,-0.8906422232562639,1.953268077291981,0
0.09931381495134962,-0.3072898386747181,-1.217845309053115,-0.2644289953591716,-1.6665507934734014,1
-0.390408738280471,0.01690619559011259,-0.8070782745515976,-0.6362027048544793,-2.5242282929237394,1
0.5161440395863797,0.35477286862800855,0.8884605628858784,0.08727403193498351,3.305574083216092,0
-0.6525282932166449,0.6588202446894643,-0.32519418068068023,0.5792249148119937,-1.5634750858551467,1
-0.6111771520193268,-0.22888016315794182,-1.0870035638279325,-0.9824310975787779,-3.9635293824174096,0
-0.5279940217656136,0.4249196023936837,-1.3170083131261747,0.39804901094057293,-4.512566961474707,0
1.3530691601664073,1.6766508027613596,1.4163588135278726,1.7108848412966138,4.758017795459904,1
-3.2210163559857135,1.0062507994327152,-4.674403380383621,1.3837876653311578,-13.513518201191642,0
0.39559883476294233,2.340300215856979,-0.178738291405939,2.1134175407148765,0.8512315915516909,1
0.034271814200222225,-0.6567703583517164,0.9143523517778774,-0.5195328561919719,1.9632689641528827,1
-1.6808704592381203,1.6761895075020152,-0.958336794801236,1.62848313294511,-4.806513563092279,1
0.3097267791360022,-0.790673639922595,0.5533514585185748,-0.9998090080234168,1.3626437138414746,0
0.475751991831532,0.3535661467404635,0.6294201490721602,-0.48172250082972123,2.0761432578315815,0
0.5896392313574,0.7324765292380994,-0.38544616090479944,0.6766763755733505,0.6572197670418976,1
-2.651828063044949,-0.5107771919044725,-3.022161681369507,-0.1385209432032209,-9.737465568974569,0
1.3663894118544384,0.08796427747427568,1.2188051128715505,-0.37889411781828264,4.97133662662342,1
-0.7377367046848409,0.910461102451841,-1.0974435794354351,0.8015691718027043,-2.9796548873021114,1
0.6865677467531761,-0.710270898311908,0.5114460792992439,-0.7455145615257256,2.5221862322019177,0
0.741073780682286,1.6693834595476476,1.3906859928554332,2.220603775438529,2.7623828754060122,1
-0.8766970856192929,-1.384596624727349,-1.1476086162549541,-1.3695427127993285,-4.056541761541418,0
0.6604599523515503,1.9396914427283842,0.4899903620731676,2.08373513038493,1.4182642586890646,1
-0.38549324091235826,1.001326134799592,-0.015727597570482588,0.9969981112678223,-1.2096234433901698,1
-2.0713771793381577,-0.0897255763277786,-2.7811150386395593,-0.33587848881451676,-8.666510749359341,0
1.167741925527779,-0.40266821123673147,0.7476396361083557,-0.9699051700154866,2.523252455648175,1
-0.7750449630162398,-0.5070282627910236,-1.1439062568946612,-0.6495643114933316,-3.922263099413764,0
-0.8544934627380543,-0.13579564025701485,-0.8266973894621805,0.06088401197258861,-2.984487730438617,0
-0.4030658680367221,-0.048495861548826256,-0.5755469017835547,0.013042322450962374,-2.557496999610253,0
0.2722367253273881,1.2552262466345816,0.11556627065382111,1.9949847114916586,0.3964035780902986,1
-0.05727041082210227,1.9686541003845839,-0.38969740437334977,2.4415801186931736,-0.5458789136027462,1
0.5480669247071704,0.19937992065400775,0.012651794599793043,0.8196588709147458,0.23469522014074884,1
-1.3394893665286587,-0.8456284879894044,-1.03491790442337,-1.8617667928150472,-3.680920478028889,0
-0.7423863704307346,-0.545726040636194,-0.9112884299118619,0.2439410855557831,-3.339243218660638,0
-0.11599707232153356,-0.18309078461128447,0.193512417752153,-0.049684986947711784,0.3488538453846509,0
1.8978872926587056,-1.0301221052967755,1.3420736274181317,-0.825659374085875,4.977876539291975,1
-0.11381253841375806,-1.1789414021073787,-0.44643361728857933,-0.7309277292767884,-0.8369061782954326,0
1.0852222636616315,2.097127212373027,0.9746307497382486,2.1077858665798406,3.425303502943914,1
0.03855516878431771,0.30261352594625407,-0.025378349623787558,-0.23257674780540488,0.24017453128168834,0
-0.4836586374375685,-0.8331331336803468,-0.10647427447146351,-0.10942931711551063,-1.211036344446347,1
-0.24672442411444054,0.8166035703577127,-0.4619790689106198,0.43249254029576917,-1.0160137621854914,1
-0.16841971202888115,-1.1783461248068454,0.2049514093765565,-1.6712048145481018,0.5807231113668752,0
0.6036457389607386,-1.0960120478710536,0.7911177432405859,-1.2131625053739725,2.5475666092501887,1
1.3746112675765545,-0.8030424010642451,1.32118496253508,-0.9960443683375125,4.464515956359699,0
0.3596808476863211,1.6545132808650334,-0.11596855056193894,1.6564166979790962,0.1907367813934937,1
1.1870776787417554,-0.2528800657783739,1.5655153114734155,-0.3019842055978039,4.27951475366792,1
-0.9647897376296856,-2.4417069869024868,-1.427958471286511,-1.7681421031178661,-4.201642319613677,0
-0.4146305088140307,1.2100659331755932,-0.4252706988926701,1.4397272327016986,-1.161005523470875,1
-0.7243025342076669,-0.30638136416235745,-0.7512727556757067,-0.7352798537288218,-1.8058647904150633,0
0.31444459087485244,-1.8494080058784057,0.2108970195662111,-2.209660135107203,1.5476162076749653,0
-0.3589583851794136,-0.3166834879634098,-0.5536182466720709,-0.5107778117924504,-2.134334243671632,0
0.7297729370341954,0.5210038966049031,0.3187345895533598,0.32890339421965703,1.838182320921053,1
-0.9310017116324415,0.4040491665329693,-1.7394699303174805,0.1466770981262407,-4.941935603211811,0
0.04303097332128144,1.798414979164819,0.7449333397414574,1.2475439701430222,2.1634112507437786,1
0.6868579110122561,-0.8527678625699304,0.4409961788836315,-0.7075667938518541,1.5576928940062713,0
-2.0653027750406103,0.046720120264972284,-2.1293588225993454,-0.18108213100443438,-6.917631322196494,0
2.1216313073302038,-0.6995692785784218,2.0545176153632334,-1.1754700081009433,6.7979660089093805,0
-0.2831518848798757,-1.542192894187223,0.26465028373449845,-1.2994552966408779,0.05158211320094144,0
-2.025039913676173,0.8855273723059548,-1.058442802917353,1.3094383716926001,-5.596701136846186,0
0.15809389857678602,0.46326956914752015,0.23801760837112934,0.3404510202474062,-0.2693443221280577,1
0.03344346797315094,0.2836784496988527,-0.04505786625530789,1.1744216319581104,-0.49215914509199704,1
-0.081894379572493,0.42679019325864453,-0.6436228831521991,1.5345505427742316,-1.538843535978941,1
0.9911911129266663,-0.6854728526884201,0.26939688822028396,-0.43702777600778225,2.738665099013882,1
0.7474449714270557,-1.0056950873181933,-0.1395424933949948,-1.240100446915369,0.2984066164722141,0
0.29787619102384505,0.037647372169360274,-0.10004628873788901,0.17212414935773918,-0.05614328141169145,0
0.45015563394664765,1.161211402411614,-0.5952717647099097,0.5489898697879777,-1.2354846359912348,1
-0.10435844943808653,1.608077135453547,0.4350565274319695,1.1721453316708828,1.2912149323682027,1
1.7754908492400483,0.7954327068074329,1.9870389712367607,-0.045911862393017255,6.407083181059705,1
-1.4791960183577666,0.029174426768095948,-1.6050162757001567,-0.2850580644826366,-5.598009913441329,0
0.13965167421589658,0.26978392939993606,0.6943436645962917,-0.3464761956956764,1.4242975585664868,1
0.06502463118878012,0.01159385932537144,-0.47055340751285735,0.32362222528321494,-1.8188554218076458,0
0.813280406064593,-1.0259433396994282,0.4032898783823156,-1.4005226024945825,1.2931975480308293,0
-0.8438538774248993,0.02464737821054295,-1.8107505175757717,0.16295802396883294,-5.363172957596234,0
-1.743672602396536,-1.3348268175884932,-1.35649575488643,-0.960873597226777,-5.020492053760433,0
0.15682301609819319,-0.12407722610303959,-0.24834762705644367,0.4615939796512212,-1.5110829598248745,1
0.28123049221860413,1.6361051105963191,0.289078298856516,1.4593928399408038,1.2706557022726193,1
1.489599409447649,0.8228592227833518,1.9908876097349877,0.9781779722532487,6.387723552175291,0
-1.2703620463250862,-0.9231191842365297,-0.5849366685753757,-0.7518684339547772,-3.982861213907087,0
1.15469376671672,-0.0724290696422832,1.140120590971435,0.5636166211188076,3.853795778141488,1
2.3674143640271215,-0.8343763117547379,2.5595330821627997,-0.4425972722127649,9.252117932573503,1
-0.3777648875224771,-0.06251376817721002,-0.8296900105443072,0.5891587262161454,-2.7612880046593897,0
-1.290942219493224,1.041107816524563,-0.44925554798945744,0.2087820873842554,-3.110912772163121,0
-0.40697436637337114,0.6530079383099038,-0.4900496465230542,0.32087243327397835,-0.21003285934737526,0
0.014004967371380734,2.484144080745336,0.054147443305440884,3.000052497857299,0.29225127532100786,1
0.5637878750069146,1.1924774025075715,0.36036133887530164,1.482828320956484,1.4374075148016157,1
-0.5913947298380474,0.20400038107769147,0.008229769368830797,0.1414776082164265,-1.1091618667419632,0
1.555198534147342,0.6771499741332931,1.6549954956889368,0.440125032453287,5.829318603444746,1
-1.1145323150080617,-0.2024431741833357,-0.7340650263012496,0.1918990981311289,-2.7974743835035087,0
-1.7392051521728,-1.1275042470864962,-1.5622260821833591,-2.1172927828060573,-6.811140648711208,0
1.1067104242873174,1.3057765782875206,0.996505732679315,1.701872170943888,2.536109322644627,1
-2.2746210312061996,1.008991476931648,-1.8098867505564038,1.0543356099520556,-7.5307286344931885,0
-0.2041297688727162,-0.24105421459396426,-0.03147167158502567,-0.48547397339009674,-0.44605969490245656,1
3.1176811292080484,0.2739357369313382,2.6371915987844314,0.5251561878829109,9.988689523560272,1
-0.0120435529599315,1.2409391873848064,-0.5066492448646217,1.0479146462422482,-1.8830930960048384,1
-1.1207676506962496,0.8463514262060201,-1.0463542861804325,0.8608607935689552,-3.8762518752630255,0
-0.057397463786793744,-1.4631012512496988,0.39633148740702007,-1.4862241516948778,0.6706473296826679,0
-0.05080078861953355,0.24362002148982426,0.7689094856336682,0.6158849834815563,1.0366940833365912,1
0.16064994035311653,-0.16763152548836402,-0.7279567884372848,-0.08804061489673248,-1.4821838435392891,0
0.6622629821596197,1.1130006991386807,0.6750929067089801,0.15844087358204317,1.9803298615398852,0
-1.0391111683677392,1.0310427387826613,-0.794287337280241,0.33499583753104967,-2.915091273901145,0
1.6875480552367936,1.318607828178045,1.8353826227341752,0.7765247265785814,6.205522090378947,1
0.24511428437261784,-1.1178943387202076,0.7497778368894724,-0.8896220053309168,1.2960852657752517,0
0.7267940464018038,-0.7841115340562388,1.054561034647555,-0.5056853232948615,3.676836513410229,0
-0.6281493997556425,1.1140824361354387,-1.1208994915458126,1.949261028512541,-3.8676693976465906,0
1.2863821369955335,-0.5916458153424456,0.7789862926501679,-1.0988610208262266,2.6310914535944256,0
-0.2570524088130647,-1.5214329809143075,-0.10082498073720253,-0.8668064959703993,-0.7098039304581198,0
0.2775525134935317,0.5325964876140653,0.7728052257047943,-0.43634284487432495,1.836829406976756,0
-0.9331060771871093,-0.5472184402659728,-0.8613973007107615,-0.5383394615204121,-3.0860602061229194,0
-0.9969316264021268,1.7897907703084006,-1.7858981611862657,1.9123924703307478,-5.657854266524031,1
0.6882053064528826,0.29618455398846355,0.1646195987947462,0.41697968227317833,1.8080873899270171,1
-0.44360683020738584,0.16025928664166553,-0.09784890227472048,0.005461527763142238,-0.0037391264200048457,0
-0.8538230875043771,-0.36924389161575705,-1.0281456329629433,-0.3102960956855326,-3.3478500882418456,0
-0.6431833420270304,1.5908353339269714,-0.5842046904253865,0.973225548609322,-1.97517918854808,0
0.6989530717174212,0.3585544598898207,1.2316620912933,0.7911352032880319,2.454183287038478,1
-0.6290378612036109,-0.4084995181562062,-1.2301423850135886,-0.2836043014294859,-3.6212865360063136,0
-0.11765493160216407,-0.7940837066054469,-0.3247762595531411,-0.6129669998645126,-1.174033163958517,0
0.015027750287097009,-0.07347305456421788,-0.24640865639987486,-0.2129812853412583,-0.8993280335672837,1
-1.917348886010299,-0.9776468371548056,-1.7396476177463656,-1.1416366495292225,-6.68406897273934,0
-1.471126405373518,1.0288774416789441,-1.0846823162375219,1.2912428887615781,-4.654911793323612,0
0.3362778892475625,-1.808342054024234,-0.4038558392018283,-1.01335512904553,-1.03076132701185,0
-0.7370293611526971,-0.1395140283330708,-0.7397975407358318,-0.8363295736326852,-2.8287731052562224,0
1.0567249112804185,0.6101335450879344,1.4913894633035243,-0.11190154230901095,4.047025577175382,1
0.9668071042505444,0.3421194201096571,0.03941387852012668,0.4752220763041189,1.9232050897381554,1
0.7191686663554372,-0.717282973015669,0.6869724456356336,-0.8833830161928276,2.617862740346547,1
1.8197717873125976,0.6602587067065493,1.2118795669209836,0.7223115925427962,5.319266821459483,1
-0.08308932774318312,-0.8860393883859076,-0.40387277951794953,-0.8979340456855772,-0.44398635735474773,0
0.6488819259038391,-0.02238465649681007,-0.6036353688369219,0.28862002743003673,-0.6470874131753819,0
-0.5844009765960311,0.6518415719803554,0.11196608278148235,0.5087598568703833,-0.5177747873754813,1
2.4523699128687237,0.46291277949311305,2.2744553491669675,-0.1411931154565208,8.762575460270826,1
1.9836336524360194,-0.675039011419468,1.5800377204180622,-1.0699659919654538,5.687445391578094,1
0.01188043451779194,1.1974945165643633,0.17601395724636704,1.1172686891171153,-0.644737061104542,1
0.3865862299051922,0.08669457148553406,-0.13456888643843246,-0.5407906629501649,-0.034604712627771705,0
1.3592975993648058,0.7429954109391514,0.7906753349241588,0.7245684575636594,4.0985574821798005,1
-0.14713950481410695,1.5291010066732473,0.6080250800927567,1.5594783345304981,0.5188060481770733,1
-0.6566240707997048,1.117520548774607,0.24770744336369466,0.9386187488390327,-0.7220708210431281,1
0.8739897510068825,1.1201294063310439,0.5779579148656415,1.224740473226941,2.077052920601457,1
0.07843924608367009,0.19267992984947224,0.6121166010417598,-0.6144593605816828,1.2467152582623384,0
0.1829944496452604,0.7939351209105097,0.36101467163930356,0.31734295162889037,0.47226987135589826,1
-0.8342713430679655,0.21359657456431608,-1.5411869889231402,-0.3577528685874863,-5.07534312025623,0
-1.7176721483633963,-1.2093244677784134,-2.1817380952882885,-0.7693960988047016,-7.1604078652218295,0
0.23614240987910107,0.30274379250504235,1.0116923094775687,1.4558257937953596,2.242393840234793,1
0.9049620414941998,0.2563609837384655,0.19156452508211141,-0.18404880624767178,2.2988127896158903,1
-0.22580674907604184,0.5837293615218192,0.9146929199613876,0.4661082430381008,1.5238068037568688,0
1.4364295195588668,-0.12799697521339518,1.1507484316029772,-0.4747115965211357,3.8702835978929144,1
-0.7039163254155445,-0.7614555567638507,0.08649112773107215,-0.650842936359879,-1.2487331922574287,0
-1.05470445496592,0.6565060831752271,-1.2074863522873385,0.35230175846514944,-3.640282985989928,0
-0.06723030719613125,-1.313272287252248,0.33272148855444433,-1.1718823488786543,0.3526893688022298,0
-0.08259257535129046,1.4588191358564693,0.614923994709054,1.7913324442172627,0.5594056801736639,1
0.7699687313352226,-0.2314180612049924,1.4649456401757273,-0.8433305301503712,4.126008886416971,0
-0.7749628240639848,0.24552817205616823,-1.06714558946047,0.38128532981865243,-3.69167950150467,0
1.368094236814898,0.558558153281572,0.9394001868653348,-0.3384698583279513,4.170014141721635,1
1.9669169625082537,0.5906880448441909,1.926310957632686,0.4624210626239643,6.98448043074227,1
-0.03914402696834188,-1.4089842999517348,-0.6893838374853309,-1.5708245126921196,-2.011173836183298,0
1.2497104201843185,0.8240865805442636,1.3693425079895978,0.7095180552867176,5.505734924034427,1
-1.05649707062526,0.30315382837627336,-1.4668953967640177,0.14712360018066564,-4.580010821762337,0
1.075221541181916,-0.6352613845586089,1.6165764279533739,-0.8827249448418032,3.514097569410306,1
1.0472764085594626,-0.7496669509459138,0.7622202004503934,-0.8825580401433564,3.285632392464139,1
0.8634372801898786,-0.3340530820568454,-0.007692204550131532,-0.2149842361684205,-0.019364814624623472,1
-0.015563088870293978,-1.2987416866104915,0.6848942992143541,-1.1656130829166171,1.8663589750272707,0
-2.954248941242031,1.7222673909870256,-2.8625649395760995,1.7798670633368419,-10.127972079054384,0
-0.6417271436521294,1.4861513251433442,-0.6271596984420926,1.1993526133201065,-2.2900010740732633,0
-0.625916017684602,0.45170020097593927,-0.0787186252114973,0.9918685251033306,-1.1386361576959223,0
-0.9782549380604774,-0.22339841634209087,-0.5424666869113989,0.5392791254870092,-2.3014436081867,0
0.12224300454706621,-0.19710798793739537,-0.25868376745814653,-0.8413151454600213,-0.6165806003790795,0
-0.41896344552123466,0.7580657061739683,-0.6438542485343148,0.8402002841489283,-1.9635994419134482,0
-0.8246120097650219,1.7578268995019506,-1.3810896347946908,1.5237559332397044,-3.982410699777083,1
-1.0588001482478198,-0.5703967395967432,-1.7910261758102273,-0.10759771314924349,-6.6532304530642525,1
-0.7155129854852287,-1.1175860426233242,-0.42621671802753397,-1.1238831432275782,-1.6710513853424778,0
1.1214992118499283,1.547640773595271,1.317591366870769,1.5742297475468392,4.656482864500319,1
-0.6610250546274942,-1.7871385875844514,-0.2806104488662359,-1.5396546758887295,-1.36904317795732,0
-0.5149387064332724,-1.0085308082526463,0.12586401431469885,-1.1573002875177743,-0.3723214958083899,0
-0.45669761502324635,-0.24685789251085274,-0.0694602175604101,0.5918826461881472,-0.06824077160477426,1
0.33899351380941967,-1.5604334678050304,0.7707232519620488,-1.3055636036467553,1.9854098246523262,0
0.4562494885285329,1.1121490628065982,-0.5827311405575357,1.577952810294013,-0.5284037084233937,1
-3.0446565392431624,0.8569052705051,-3.1981491602056593,0.7466274725230341,-11.331858075994115,0
1.0216352138276081,-0.5747932272153171,1.5039234611626018,-0.6362210580082857,3.5409307831299284,0
1.436368034243754,1.2796141191777477,0.8522636661411457,1.6854265489597502,4.045548457661465,1
-1.0501865373616694,1.4492924284038262,-1.0043508459427877,1.804883562533619,-3.898576132730667,0
-0.9722982447348347,-0.11317064829006354,-0.7125660244280816,-0.737504914456377,-3.8884056001795946,0
-0.45025338777827145,-0.4506681775680075,-0.22882664085902812,-0.3868518793265979,-1.21312743294232,0
-0.7560040194566048,2.259602027742478,-0.5716058654774548,2.4965210005256915,-2.371287901911473,1
0.22392687394660638,0.721161822084155,0.523383233469394,0.6560115095858063,1.225072941471431,1
-1.9465252863588642,0.2563246529688533,-1.8561533388947546,0.44578843581051636,-6.606760165787229,0
-1.1179276080367397,1.3635459466396125,-1.8493917117322463,1.3195488227167647,-6.198658138821502,0
1.5391972001749075,0.30193063500302136,1.7926749678766543,-0.8214448369748009,6.347720394848508,1
-0.9282199673480178,-0.5056205859191885,-0.7858466870711458,-1.1610663059052717,-2.7897572816643414,0
1.2434282781029249,0.08015976048755348,0.5185540526751982,0.5676519775839629,3.481135825551926,1
0.35533819559013696,1.038654287319735,1.0452058011334224,0.9164641621085693,2.303617970110012,1
-1.8092677145882583,-1.9921855663492136,-1.542348864714238,-1.8973400687279978,-5.626005668773946,0
0.6353291952162062,-0.28803073943922103,-0.05484496527252303,-0.28985914093481935,-0.13352143971707175,1
-0.11766730219285336,1.383057398581605,-0.5262798841789286,0.9704082491672856,-1.6882682763720742,1
-0.4554670562497405,-0.5118684010935176,-0.7374930771228303,-0.7454076370050469,-2.886759651674594,0
0.24495709317200393,1.5461085604314098,-0.037424626228320323,1.7105832988504934,0.38002576670438964,1
0.47463348556679213,1.4147438193598127,0.6211585799760131,1.6302418872084026,1.3595495734438354,1
0.7075918219746196,-0.06552911548895132,0.21941594644548867,1.0286756197512068,1.239040760366899,1
1.1782528475480023,-0.5685393048890007,1.7423212211089696,-0.8074103942778068,5.207543661566724,1
0.40813591277835637,-0.2873588741496345,0.931037638462352,0.5479607050133113,2.228054822740998,1
-1.3756340887863618,2.6646144920014345,-1.065975433986567,2.2344070505511664,-4.895979547521432,1
-0.47364545765119104,1.8744244469332438,-0.4515245699542656,2.118724543805923,-0.8329636785977642,1
2.9430483352686214,0.1253909718067383,3.41177209284439,0.21432728157265568,11.253314056484744,1
0.7244910603817276,-0.6081535516204094,0.5865171989797231,-0.6710863272080023,3.0448213099080186,1
2.369287300811497,0.11704103558126315,2.0070428701198924,0.1142118096499102,7.009614628414914,1
1.3954340821991853,0.2438269266167647,1.9904889050090557,-0.06748056933618052,5.843780742253581,1
0.24180207155574857,-1.243358737609354,0.40057345006525336,-0.7914064598774311,1.1648906449170549,0
0.3014070697811174,0.08004126921526018,-0.04062175050957839,-0.341266251079194,1.0946125613824869,0
-0.0365800398768458,1.3224043248117296,-0.2454512233976354,1.4811672849691768,0.23574397448865292,1
-1.7378046158464995,-1.7993566812164732,-2.1060186077291334,-1.4214275144277833,-7.078277917538579,0
0.01804725246822428,0.8265839651372485,1.0291346818825267,1.518685511831108,1.6780610691427493,1
1.2106745525421971,1.37479797005478,1.2127237712674594,1.8606827045037686,4.196276972422613,1
-0.5996399948212037,-0.5605573450943682,-0.5207543391943693,-0.2743426218955061,-1.3832676763420455,0
0.41195299906180954,1.6941757581910564,0.7725625229927797,1.37530977661606,2.188491544973483,1
0.8515910458931973,-0.6903370624483454,0.24391055458969446,-1.0832246386015527,1.8818556143250063,0
-0.9096804393124754,0.44108266186040374,-0.3614068061693638,-0.1282067807044362,-1.5342703359032552,0
-0.4513028643436645,-0.3067726846636304,-0.755225929737591,-0.9239054693770031,-1.7149965566658107,0
-1.017911490477159,-0.30699635716260354,-0.10290334741958451,-0.3076983762347751,-1.240936054226802,0
-0.8221656066894072,-0.6172990697580454,-0.9784949716967037,-0.9810074209413063,-2.8792172190533636,0
-1.2876052836530616,0.6985754808620197,-0.7687852762714686,1.2981882981068193,-2.7929301479537347,0
-0.9004484613780268,0.8488054577314491,-2.1488475199375703,0.5593246619512346,-6.255892242470237,0
1.4194556807978391,-0.06442219957718869,0.8318891427548539,-0.017294280891347345,4.917593139869089,1
-0.9154770290902925,-1.3599682136722742,-1.0622806085891057,-1.4922900978923601,-2.96759717794725,0
0.12645921906069005,0.40317016663438976,-0.8889322800017555,-0.29875855205768564,-1.6683299060176986,0
-0.502868753670956,0.4220143594106939,-0.2024265292502539,0.966734775200853,-0.6042988193759965,1
1.178865937036939,-0.2167150113864274,1.3353449997550635,0.13102603093606907,4.265265702939071,1
1.3111622966036165,1.8672312871808086,0.8157484716736778,2.272492331642333,3.8356531520638044,1
0.8640699821389469,-1.563929264900654,0.8560906672066976,-1.266455934776177,3.30427374355402,1
0.30613455310275506,-2.217283710253568,0.7093731680643176,-2.5970262277511282,2.309023984876761,0
-0.2310595368408984,-0.7308348996976709,-1.2825842952758852,-1.1008593823160595,-3.141595217569183,0
-1.1918747041912499,0.7104245340914495,-1.8286192123085783,0.9364183546880072,-5.003358763949478,1
1.9435288811221971,-1.0558446374338408,1.775984731510525,-0.28438485444174044,6.246311862705523,1
-0.7596730177525534,-0.9809709185260753,-0.7478112044363155,-0.7879814696044758,-2.2696450313746936,0
0.6636463470328414,0.9510213361781547,0.6343406362320696,1.440254674603641,2.2552113468580135,1
1.0595655726233972,0.46254792279774964,1.5042129653412526,0.19961175664879294,3.6857943971380487,1
-0.5552804969053294,0.37706090962839983,-0.31667487407763095,0.9259863646133906,-1.8346501869015628,1
1.0380125273159622,0.7814289194655282,1.3863299476014919,0.5716947233981408,4.753739985582944,0
0.7642132033388553,-0.4251929532728843,0.06927533693667287,-0.30511331764978455,1.1330452604503685,1
1.7279638353817652,-0.3789840740581913,1.8003757627814554,-0.5620646217475982,6.799471201539324,0
-0.4693464664267112,0.809779272561425,-0.6229177210456829,1.2543573593998718,-2.5565014807258586,1
-1.2858640172797149,-1.3448867807811995,-0.5548280764453312,-0.8935057861386295,-2.6903833396048302,0
-0.5054897554445111,-2.1427198463985464,-0.41829193675556126,-2.881110386470131,-1.6185846541975002,0
0.20885354253433172,-0.4332841736278544,-0.1256734248236828,0.2293647434832355,-0.06145914753380492,1
0.05821272708505647,0.9308732890656916,0.4844633650625765,2.1190778854452885,0.46709298555557177,1
-0.39343789627455045,0.25555969898680325,-0.11178899834222661,0.07789335747115816,-0.7087246690569291,0
-1.909197458977243,0.8572915041230154,-2.319998295297483,0.7938907182914042,-8.008241204156228,0
0.4704829961291065,-2.0162943104231656,0.29623814474451904,-1.396579413303089,0.9801703324083466,0
1.9723444790822,0.3154968083234918,1.8066212492780194,0.34888053597634966,6.501425277973802,1
0.46425123812300356,0.653864504642378,1.0779817842627721,0.6518773496258308,2.6694777885214815,1
0.6091355190535136,-1.350797422610685,0.7107564559927346,-0.4023130556669785,2.8491110996486064,1
0.5724453061551018,0.8620575905465448,0.9358365454351877,0.18490900984253134,1.4352644255187694,1
0.3970466698823999,-0.11151889650579287,0.15041080931735848,-0.5060004615726573,0.807203862670259,0
0.9316659668680948,3.071336701606002,1.0990661124378154,3.280248198383931,3.4142418728089257,1
0.39537368118566585,-2.1772360688967356,1.0470541326504947,-2.987008365834586,2.68291327753094,0
-0.31267716965327597,1.3691143676747508,-0.49321555227859987,1.182609775973219,-1.727584244507464,1
-0.795988910008754,-0.39415809652607375,-0.7384115080898659,-0.5852409115636871,-2.1588658137042813,0
-0.24897365528067522,-1.6171517144400436,-0.9306267833994788,-1.1362648043288859,-2.3635704655502803,0
0.31412949645066596,-0.526955143564992,-0.06864954850434785,-0.18052862631403238,0.4003682818950616,1
-0.31608296112297335,0.277479241337466,-0.48330440712188494,-0.564134383077195,-0.9946053501751835,0
0.3143386831314305,1.0374666695650434,-0.21608097134443,0.6909049987227687,0.0653473509352884,1
0.43915013370041756,1.7219642881321755,1.1001369724613408,1.376936146085375,2.224394382687057,1
0.8331794312701818,1.4218930887043426,0.41417592114942536,1.3136051503291721,1.864828823811718,1
1.2827949688389804,-0.9653820207044944,1.6761942648976031,-1.514155615509168,5.214522427627958,0
0.0780074184788575,1.1301646922661168,0.17142553724459586,1.3559886632519498,-0.363418889542548,1
-1.3077765651476607,0.3912849571208737,-1.2923505908924293,0.04419142246900176,-4.902270670536349,0
-0.3451040968191901,-0.6546030209289879,0.39797772566338874,-0.3602920529271264,0.24416594585946907,0
0.04406256740659937,-0.21191059347748104,-1.0862375810571905,-0.2133377153933294,-1.100279341136189,0
-1.8357687561770906,-0.7098426594447239,-1.933871204588643,-1.1963802289499186,-6.435844563278247,0
1.388664520102482,0.03709234193645585,0.848474351819761,0.7312309933092042,3.85881502033544,1
0.14237791251046628,-0.7296578822941205,-0.8383322920560525,-0.02079456515259903,-0.6177837308432697,1
0.3813528345802849,-1.027994073217439,-0.21601303229856084,-0.8828214156125492,0.43392723273796685,0
1.3655264625262657,0.47911912778277205,1.3741452300278012,0.3595160213607632,5.16102762203765,0
-0.6301428301423467,0.6287305482596371,-0.9928163947455695,0.10058414157224715,-3.1342949258702526,0
0.57404193088403,-0.18759700009161193,1.0223487257966042,0.3479596848446035,2.2730231014946094,1
-0.10986412310193568,1.3676513039359723,-0.21678704707260094,1.7789710714475384,-0.46754650354933003,1
-0.1840868670159194,-0.26043058649511314,-0.3464560443763909,-0.6674285590016257,-0.057942853632412694,0
-0.7721923878043793,-0.3027745451255383,-0.9323328630574255,-0.6461809119659463,-2.2664382889360235,0
1.6656032136865273,0.6604889823456973,1.6163560106217578,0.8889492144335536,6.060037241296807,1
-0.3755000400755709,-0.13242558494333675,-0.5847393075469474,-0.7201474586189204,-2.076030934219746,0
0.6994642468957021,0.08479772902614344,0.2738373981136205,-0.22804548284855222,0.8215541593256684,1
-1.8750073874719364,-2.520438470619065,-1.3804149454839183,-3.040721303105381,-5.98446461330113,0
1.1799885296897865,0.016707384737974892,0.8679410044953135,-0.48745962007920113,3.614720603282022,1
1.0522111559570586,-1.82719593747126,0.8604478477839658,-2.187228184570111,3.063706842182876,0
0.09743411029730303,-1.2209505709988706,0.3121366503424583,-0.7679484937460993,1.2714523084150602,0
-0.22694246613792435,-1.335322538755505,-0.06757184305929781,-2.21259577892569,-1.220151421998022,0
0.4000000056135664,-1.0425831535338261,-0.04671902555945856,-0.8258410135443406,0.44218267526391586,0
2.2887906608802893,-0.548853859632253,2.6662816329356627,-0.4198801932271542,8.38240498057645,1
-1.7632366989034851,-0.4864926155454853,-1.494401528984283,-0.0023207335030200893,-5.138014326101503,0
0.7820273875741276,0.6642752042571255,0.8710148046677547,0.7927996978223751,3.1863761770419794,1
-0.9116173021539026,0.22238781413469702,-1.1272757274446485,0.03296815180163046,-4.037480188298465,0
-0.019918396299731203,-1.9010744288179857,-0.2232837415604355,-2.3087292915379183,-0.049340216959246175,0
-0.24788011907866303,0.08329463754680776,-0.34877867057946765,0.5785004745015334,-1.8807592457696667,1
-0.4283182577977557,0.3182552465834273,-1.0442342283616386,0.5667292887110738,-3.6241933250993754,1
-0.010465129052729338,-0.3285665162529581,-0.03009935335120751,-0.5751343456610655,-0.5184814811810701,0
-1.1341711452777905,-0.06088597690670255,-0.688120125054291,0.3935698851766277,-4.06894749067978,0
1.029180436127967,0.1903101253970567,1.4673660310449788,-0.03262898220600022,4.422221016346663,1
-1.7941435111986004,0.7645995976355802,-1.9845693968368268,0.7641286648885822,-6.700748086003792,0
0.539764512828342,-1.5748799874627346,1.0718061491911102,-1.8771218417350497,2.7505072219061133,0
-0.3265358525345711,-0.2443170386396489,0.6264164247301514,0.02260391356046529,1.0324869174464708,0
-1.1709248938074537,1.5083360980577285,-1.3290286614388673,1.0112404229627885,-4.776140523279617,0
0.2023833705986952,1.4166613082979562,0.5481407238147794,1.2673669642648806,0.7510385045201581,1
-1.556951086706478,0.85093692777578,-2.688356068051874,0.5236600361502226,-8.110754648115302,0
0.03971382171963468,0.536824683955676,-0.5893595423713609,0.6686806647866843,-1.729336356798628,1
-1.4228769078115544,1.6546347484020885,-1.3773163931447945,1.848878707522605,-5.19482632740576,0
0.4612720843178312,1.9178480016066657,-0.042094446941362884,1.3657675380608278,0.9057278978162793,1
-0.9243573336303755,-0.12907998804685242,0.09524368873084865,0.0741357063655202,-2.074257738214852,0
-0.45099401702930925,-0.9694324432883201,-0.1520541733810326,-1.7077941351338382,-1.1504438785395625,0
0.2939493879431621,-0.2702923176244952,0.7768652113722273,0.8256942680949853,2.4734636200061733,0
-0.7725421118422359,3.0966955137720533,-0.7870553149225294,2.840958979132004,-2.1970685623520243,1
-0.05796399966830253,-1.5693563427251942,-0.5595680096001286,-1.044726010240723,-1.5470948593876241,0
-1.5138305012448536,-0.4705391395294173,-1.773235642332294,-0.3699559432465006,-4.710605092822217,0
0.6308756035961556,-1.4126911524926313,0.7580658434093355,-1.291793401983046,1.9366407830303096,0
1.7649138055507714,0.12476386287738533,1.4459561363462659,-0.45827310004574334,5.425047908067586,0
2.7922088679099613,-1.2026910288948676,3.127804863773561,-0.7809705993540486,9.858779176374975,1
0.09116814666643917,-0.10875102283361787,0.4468756312687584,-0.08442745687641796,1.2470464276198896,1
0.7882041407971867,-1.950095160018759,0.7906947927669808,-1.715025315676564,4.164306159274936,0
-1.7806256729074892,0.6176206650846503,-2.693443216415989,0.5722635036620916,-7.135954427109901,0
1.5027343263055881,1.2223452564679744,2.3601267931385674,1.287366787926287,7.397551959502093,1
0.7762285047241061,-0.383943622063459,0.6698920763793472,-0.8275294191793432,2.2003816923998447,0
-0.483933444951233,-0.13513000707570208,0.870704879284285,-0.21157554549106394,0.9315431017835388,0
1.2371808002890092,-0.16340723073131225,1.5634486484651067,-0.3733518348909848,5.540691690464298,1
-0.2544760766453415,0.18091067522502524,-0.35945361501136996,-0.17187492365303203,-0.7258682103702341,0
-0.4580251830145565,-0.03816958696642825,-0.23411424476555448,0.029093282881028346,-1.1138075691773452,0
0.4753349254274913,0.768116952430694,-0.5343078331118147,0.9498104303399518,-0.2846570736556416,1
-1.0633544998303186,1.2330391334509456,-0.5502832982123353,1.358425138315869,-2.1677479359719882,0
1.021624764399948,-0.8140712224921829,2.3050953831646863,-0.8652016199104157,6.7943180490010695,0
-1.0559898119268434,-0.3093284927742968,-2.100606548848533,-0.10377396525916929,-6.53556675644672,0
-1.0500547898231862,0.9016194489247448,-1.19375929473604,1.0227015549156324,-3.849085914315114,0
-0.9096897884083344,-1.4216690480590324,-0.9623588498040975,-1.372905445811543,-3.0001657675640803,0
0.7595000375161222,-1.97072128184557,1.1971143520976542,-1.8876457718610908,3.267400649120518,0
-0.6167753615197077,0.22631595289847858,0.43621247556306064,0.8178174477824466,0.5867722718823377,0
-1.3479957843671688,0.4963464110704922,-1.1565547230693864,-0.10619036963083289,-4.47936349070115,0
-0.605679999935798,-0.7223001879535923,0.4652159121719657,-0.8815982728625389,0.6753068656062159,0
-0.03204237068048687,-0.5786510541204551,0.0531738677618443,-0.409563749809019,-0.12588699593879005,0
-1.1809724836643856,-0.7601923217408988,-0.9552605742662706,-1.5515602729822318,-3.552292538582637,0
-1.1516811090343435,-0.8669252393444344,-0.987563325954216,-0.17563299768139917,-3.5840174240781018,0
2.1112963340995843,0.6934958206046,2.7214462256021275,0.8209047584668407,9.441150302749126,1
-0.8605654038138869,-1.1804984869976387,-1.0717259328689885,-0.7020476047857684,-3.063801454744088,0
-0.3230423687730068,-0.26552286143334874,0.08610101060774766,0.2943580778440928,-0.5411841823624473,0
-0.36723700079928584,-0.9053361675148525,-0.9826353039274993,-0.6991097030595262,-2.652253415726101,0
-0.4213568077704417,-1.4552889759012155,-0.5636088600961463,-2.5715858286232405,-1.8973375519180078,0
0.6213467399691021,0.8701781747467708,0.3029749284996979,0.9440252856118758,1.5472186771226264,1
0.9481429504720496,-0.5198252221735387,0.9921237297810207,-0.4138817654092397,2.934186340830982,1
-0.3059544315315921,0.18844008042075674,-0.4639943062334829,-0.35499329736494534,-1.4275860442585737,0
-1.236478286592349,-1.50807587980101,-0.6704114403638615,-2.402912608177419,-2.511502942927058,0
1.2744402278489033,-0.7419394537564759,0.8351061802630821,-0.511104802355799,4.243697734486953,1
-0.09534109119668262,0.7560878806950055,-0.960999059102189,0.13149271208603752,-2.8474350737932124,0
1.7303218148571686,2.58727145584531,1.0516799050013899,3.617980060328703,3.837244916992989,1
-2.245585897565163,-1.9762160643903117,-1.748501874414503,-1.8446474234837338,-7.161948373096537,0
0.19540322128332027,-0.20110779528942632,-0.28937545037479073,0.4746480634630281,-1.1751984078704172,0
1.9186063338762078,0.4122805981435,2.1175285416365623,0.4278622978273907,6.481272814749959,1
-0.3532641354381582,-0.6161001532392837,-0.5006578870621982,-0.24033073925114234,-1.355607519948063,0
-0.22549342333463607,0.849521986994124,0.1866286040419915,0.8761539526089831,0.01607555901518947,0
0.29551169159033874,-0.8667326706603131,0.18012883903203358,-0.36394620547247636,-0.05694398505992604,0
-0.5587958188849573,0.1538476602166413,0.8233784391736108,-0.865318290551032,1.3935796340266458,0
-0.31207193205273287,-0.5220719044983598,0.6369865758565195,-0.07799798255364931,0.5948847591491182,0
-0.33781509419140304,1.2194310829547725,-0.4954201843942493,1.5538131634218808,-1.756701910252671,1
-0.6274207344263732,-0.6763645030356056,-0.8534880289738663,-0.753440332077116,-2.1398292514888997,0
1.2288565502005595,-0.3518737962865159,2.79501962560479,-0.5564557386189124,7.638763717096048,0
0.4610780322964351,0.9456890374971552,-0.07834744836785973,0.7961379122422699,0.5137117757959668,1
0.25062823210330204,-1.0280386590928636,0.22311645814412753,-0.8866551749018643,0.5748812706768287,1
0.8085710068901167,0.06875005676357226,0.8197954667428304,0.6757697390915551,3.1372578367123864,1
-0.2643558332034669,-1.8225343436866017,-0.265524782110754,-2.0896289475753576,-1.143989582023926,0
-0.7742038183529005,-1.0879334586290748,-1.6435596786181637,-1.9388170042084791,-4.562608954628667,0
-0.6026243046145574,0.38213127589080353,-0.3543230997765872,1.6244217680133353,-2.200830519267991,0
0.001783041104608902,-0.9906975095362324,-0.4833920045915496,-0.6549102272793879,-0.3928292803902015,0
-1.059211708372902,-0.5445729318237914,-0.3412171462883665,-0.7401787388447839,-1.494953981186208,0
-0.5002610165866755,0.4930864020479375,-1.2282435378039864,1.0875097615464617,-3.100931989775407,0
-0.5161166418714347,-0.5791861411469302,-0.4863836781836966,-0.11233919023937788,-1.9900164733650905,0
2.1245562298290137,0.8228420732163579,1.0164959063530699,1.0689832600513078,5.687551029259908,1
-2.7738149399339167,0.21566278748606432,-3.8510067931042786,-0.022863058511183088,-11.568410533141305,0
-0.17961972140563326,0.43568311192450304,-0.5992957005519496,0.7693443714166717,-1.6899057647412734,1
1.7256937928147706,1.2409655987385322,1.3765887516462565,1.785745010584887,5.9172898785450245,1
0.12184446413245396,0.31982306261406573,0.8547076706271715,-0.540213303531357,1.679953609450327,0
0.7534174734210928,1.538847290469344,0.7331215552901437,1.6510947814553998,1.9533056509022504,1
0.09982631509976791,0.9112622830378235,0.7460297655555448,1.0603501344265578,1.6089030496870713,1
-0.6673333812164803,-0.5234524298344567,-0.8572266785548188,-0.39041409912002045,-2.1732814137702503,0
-2.241915934508913,1.2931480750212714,-1.9388733430687473,1.31623988327936,-7.189236402826643,0
0.20545568703630285,0.2638660209029454,-0.1572819714231476,0.8569025585798964,-0.5926977517582169,0
-0.7756066046023912,-0.39467970866050367,-1.1723431391516916,-0.5003381751990856,-3.7096583861695365,0
-0.8003354061653037,0.27838569532088264,-1.7107604756242512,0.2769929706763976,-4.02386655284429,0
-0.49898725597911187,1.1123268243902629,-0.3311102590534745,1.270159483429491,-1.273789151624709,1
1.7448614066234935,0.45504509424222184,1.8759031139735682,0.3660103305898134,6.35965847155566,1
2.404837542253973,1.8223928325513976,2.793493985896899,1.1293922041758204,9.12903772649613,1
0.2172079375284009,1.086530557898822,0.3246670810990986,1.1935955797432884,1.5150846636723694,1
-0.4647672239117277,0.5231600334021624,0.548330764685256,0.6358882220878915,0.906844538375795,1
-1.1772264174512106,-1.0260680827411577,-1.0892125991124557,-1.2086506234488823,-4.644854017866778,0
0.46854016154606914,-0.17973251401012086,0.9644535187151294,-0.24588997227477194,3.1016813575692033,0
1.782905600065144,0.0716641397508513,1.6208510585655926,-1.518270980069139,6.174271919337215,0
-0.24734038702515676,0.6966315012177466,-0.7015754041758512,1.300834525884814,-0.977668472551425,1
-2.3789960407532242,0.6373330412721927,-2.020148455659906,1.0878481292024924,-7.643356720722122,0
0.6700496718155238,0.16954041021828617,0.6254756779053533,-0.49937518002297265,2.823642222428755,0
0.9853997114500497,0.12034991537717118,1.40142123441486,-0.2173837071366099,4.515408524343804,1
-1.5858456403858476,0.7204568950760699,-1.4093773694635072,1.444717575596865,-5.754472023678319,0
0.17648418366295282,-0.8585862256299859,-0.2200224797321253,-1.436011564290462,0.33498014634561074,0
0.4512260161360988,1.6955158192498565,0.988394954974613,1.9347451638679234,3.0583395720232005,1
-0.07310730200893852,-2.0471668851634712,-0.5087022789012724,-2.2931752507036935,-1.452028718469347,0
-0.7907709190853537,1.4554094821720291,-0.47810778743760135,1.660480460514612,-1.9976160002204757,1
1.0159372235635562,-0.045185528425162054,1.6567427793264828,-0.02011651584662955,5.891268439443875,0
-0.4033797459686826,1.0025798142715938,-0.5956771651762615,0.8609638996330478,-2.0379433831862843,0
-1.485186162699932,0.36384043429261276,-0.9071889358637746,0.5581013709183398,-3.6790728255003007,0
-2.049474485669681,0.3460344109108019,-1.8506660686430847,0.09951081798657824,-7.322983850927982,0
1.2608495199993097,0.5542544760265209,1.6868214091974414,-0.3378619604512163,4.979762670771616,0
0.6166639764711183,0.8090542890877784,0.19828613091982522,0.34519315471091117,1.72684992226305,1
0.0879735471291689,-0.32883082658723994,0.19512366315604274,-0.8527601390277129,0.6505482471509197,1
-0.44027463685080326,1.034799130526236,-1.144315291863055,0.23273955156579995,-3.0496613273561595,0
-0.5289984142031271,-1.0844706235787835,0.32665184345210485,-0.8997705904049309,0.7110543461495122,0
-1.0757366484416113,-0.0053305733261247,-2.0827358092338653,-0.09171391863137827,-6.239982882891203,0
-0.43145564455988483,0.8359699242722769,-0.6088315543743099,1.0129404571771867,-1.937836184216103,1
-2.1200872151201744,0.9950175796158893,-2.5859415122199856,1.2553932574175772,-8.106127588873857,0
-0.7360636534685142,0.46078884826140104,-0.39871344586739527,0.8390232666415218,-2.337276167772805,1
-0.31093751635109385,-0.3933924379557356,0.6510354566138656,-0.18993156738134487,1.090279754986619,0
0.6098800471904189,0.8967077783687035,0.9373375965341817,0.4069034799715941,3.326832987617918,0
-0.03992646337336377,-0.6693662391187534,1.4407153851023118,-0.3796034764932657,2.764240055602492,0
0.794923113875559,1.751409073748911,0.10595302559613906,1.862311443352764,1.0616609879822712,1
1.3491351051134295,-0.0846708974996642,0.6985430388491468,1.0103814920627494,3.2645686653479107,1
1.0581700938241017,-1.5396256942059605,0.6116129780164016,-1.5356665242694578,1.471277041667211,0
0.4705098473785568,-1.194683468016552,0.5311321950265098,-1.0032335751500858,2.2710909931467804,0
0.011862679180784205,0.04364363687958753,-0.5015985084608408,-0.0037691675275635383,-0.8531078321346837,1
-0.9807880084135592,0.13982527132605319,-1.356619385566072,0.1642731966743271,-4.272633940526477,0
0.7399440513793163,1.9696566849510957,1.0501858133429602,1.9603500079095475,2.37689258072034,1
1.6797473822215292,-1.0384993376142264,1.0601614406646203,-1.2558111257145526,5.194463617387958,1
0.3421060396504182,0.03946219930393072,-0.22449196683463268,0.1281390281813889,-0.15462321410673954,1
1.917259148426123,-1.0594214070820567,1.717989771931087,-0.7485411860205021,6.594489872718292,0
-1.5255717080610838,-0.4926548532134034,-1.6777932434807443,-0.7024081928987327,-5.649640673407289,0
-1.1541633847795414,1.683972030069338,-0.6491555261688835,2.101758674324451,-3.8370053387227276,1
0.8552015077482625,-1.1363362231559908,0.4048816337592023,-0.7791810583560934,2.726837081542776,0
0.26429021015325105,0.5870424240678338,-0.09584978190719773,0.1469112981545106,0.744027540412697,0
1.3137821765718076,0.3929073590143916,1.6046172347113108,-0.08893750379468057,5.561924520316323,1
-0.015471640726739578,-0.02417142635820863,0.3852255211649516,0.19990527369525476,0.9046671771157095,1
-0.8679754225283319,0.5194366231917376,-0.15361318896503784,0.22566873070216426,-2.207928888011662,0
-0.21359324220504247,-1.1600203819432886,0.020966935227334643,-1.6828757055780352,0.15602604968257822,0
-1.532683970923734,1.6563225078035575,-1.4675019409428207,2.514771230880259,-4.131530416210365,1
-1.1285906730970345,1.924845495123521,-0.8410714697239574,1.4416817129741784,-3.3169610589817893,0
0.9724439979180102,0.047104697759313356,0.8387375949737363,-0.7146930263203063,3.2039853392891926,0
0.87278741446961,2.423106130613554,0.7354036172818705,2.0312594364029968,2.229068767617065,1
0.3630042848060769,-0.39902793154992044,-0.5240508713332999,-0.2832038346886385,-1.538795261047897,0
-1.7210775209604696,0.40043199385628025,-1.2743695426158026,0.4372080325233869,-5.3099131646566375,0
-0.35840357551288854,1.4318890637745134,-0.25267410298701504,2.375495778856929,-0.30211948484363604,1
-1.2249998886600506,-0.4590044602229095,-0.8364802554758978,-0.8432009341092918,-2.838580987094981,0
1.1765332537877655,-1.3815490588794384,-0.23137199345088155,-1.2634708553854768,1.2693517546051944,1
-0.5837221335626015,-1.611717065618854,-0.6072729875093745,-1.047472621424279,-1.8750645281716962,0
-1.0857477107815494,2.060826563902659,-1.5136884639703656,1.7313186396559845,-5.265179372050126,0
0.029796165121424436,-0.5290246506387777,0.7804774175315411,-0.17716254660429193,1.6612622119831948,0
-0.6401544568346118,-0.18573676341849865,-0.3330459990926973,-1.1018223138479857,-1.8885392548868842,0
1.4837439102037069,-1.1127640783210544,1.600861615608987,-0.23338680861568517,5.454674673668477,1
-0.7348108975341908,0.9483392793291884,-0.950777382204703,1.445718160082796,-3.1410978305632105,0
-1.3992282592246312,-0.7815598592245849,-1.200624104158808,-1.1218973578290707,-4.646343667110421,0
-2.1529135157575157,-0.4912630276613219,-2.617006330446568,-0.0763541387444639,-7.965183465662577,0
-0.030786502413415195,0.2995204194161605,-0.08064917625629807,0.9561118691461271,0.7744832680696938,1
-0.5619301138579263,-1.0640459272455725,-0.8511118073516364,-1.7083802191539368,-2.6298466129033433,0
-1.4289046065117268,-0.17858226951422537,-0.29565977902088103,-0.4785212190016157,-2.0253612748663126,0
1.1892264612557852,1.4022095895032698,1.9242003393512053,2.075251296424736,5.011458219360694,1
0.6672451474292419,0.42825439751686323,1.1987688894206572,0.4619908422368448,3.352286198566305,1
-0.028217878937229775,0.13054229242835844,-0.7733733900143087,0.3486253752781001,-2.237170414341628,1
1.3643262441708666,0.21486470946386504,1.7964048003128934,0.24996332376701025,5.483117045992486,0
0.662536033398613,-0.38913509597656376,0.7563693709695818,0.05660932585634165,2.8643922202854952,1
-0.8228559015184324,1.9961523197549256,-0.21112583176035948,2.2526181400289422,-1.0972184531565299,1
-1.039220163990766,-0.8121571305340674,-0.8780226164272964,-0.759048498573066,-3.704138209438318,0
0.8179815444538614,0.2109261619639301,0.8146227114347095,-0.8399201619447297,3.0852509998868203,0
0.396366956467351,0.11502556634280714,0.5132591046356304,0.4350308816002781,2.236065817804008,0
0.1697477679706617,1.0087625071331352,-0.7330688778406107,1.3733829954627408,-0.667652304851015,1
-0.8464978028689074,1.1031739387936397,-1.230199438952806,0.483404502415126,-3.60066707255324,0
0.607947567005754,-0.032018804487070805,0.79461533635739,-0.6178182586048723,2.2065599047220075,1
-0.7554988831339492,0.2906664931130496,-0.18580470393065796,0.549465790947848,-1.8492755806227263,0
-0.10198665459367798,0.32853475391394826,-0.3772332127497371,0.425697287981083,-1.328771400630379,0
1.4469441463869799,-2.272141655570607,1.426540706455013,-3.259538446531437,5.007691904655695,0
-0.6608342358101458,-1.5889896024777754,-1.4613304581478408,-2.0000004545505643,-4.325489995100662,0
-1.572989257072861,-0.6050636907219706,-0.8433338503959811,-0.4481421412709533,-3.70713190220936,0
-1.0525471918701104,-0.5615986763768689,-0.4956763257535499,-0.2232602417924348,-2.4560050891483582,0
0.9942988266876233,-1.1992824219641323,1.3203501359712226,-1.4914420318770332,4.223656951153554,0
0.25473113738020947,0.7495825713736299,0.4581342311956547,0.6758543271244486,0.37812739563797615,1
-0.12887737868875362,0.0021184210174724715,0.647397153884645,-0.4375576318298386,1.115368194087239,0
-0.5090938053115696,-0.21469454738683721,-0.911599300968928,0.44726728969392815,-2.816398466235092,0
0.4853599075531901,-1.2561552745073867,0.02877912938986077,-1.168861135744382,1.8688069321700898,1
-0.8491048509902235,-0.04454486424478854,-0.318344957862009,-0.3783890056521618,-2.550320962124335,0
0.3056655686425959,-2.6266847559986117,0.8028222594966581,-3.2048354720860206,1.961430581368625,0
-0.7312545688129569,-0.16295631080584103,-1.328002361857533,-0.7963999952053253,-3.5613373202711567,0
-0.897659385275054,0.06318366880775604,-1.163339326063487,0.9689610284339214,-4.159524124178406,1
-0.6374874348250117,0.24191498432149858,0.20705913071368298,0.1551590622239406,0.42201345258556133,0
-0.3754074464839619,-1.56410176347928,-0.16957378237601,-1.7638623085684044,0.0721353377852223,0
-0.048829835933703165,0.22481673669147476,0.34475092307538285,0.11819482942562413,0.18704826072233632,0
0.23545579511111434,-1.0414312698645425,-0.3440674761535639,-1.3565361629329535,-0.6308553569595063,0
-3.688365291428444,-0.8124698322923339,-3.360043029159855,-0.8659750788316222,-11.17922754857024,0
-0.8076505577467649,0.7179313858226648,-1.5174213306322049,0.7353955876251493,-3.5486831067759685,1
-0.39156997735603927,2.014113723359744,-1.3814806601563818,2.0216154894308382,-3.5349896497391744,1
1.50506203860833,0.05135875880268002,1.868474018698764,-0.5799401405355472,6.21025899236462,1
-1.0800026083821321,-0.8170954586402323,-0.3627800235648875,-0.3708799686161355,-3.038928140041944,0
0.16279661809991253,0.1886704475099986,0.03590358022532858,-0.08780926906028477,1.4143712211083121,0
1.4950303097358375,0.9390291574991458,1.2217549688086082,0.609697483893739,4.722486178293342,1
-1.3129685299472729,0.6209975658727355,-0.4575442018240876,0.2690845576064642,-2.591747997295154,0
0.39397522586440237,2.743112872463746,0.2965835413070985,2.2168770258981976,0.7166069553201193,1
-0.8022718339345204,-0.7153375690946667,-0.8351561957131503,-0.5814387364510104,-3.4417655394774807,0
-0.5046337422892345,0.25223147991929806,0.34234487093093324,0.6997224660892982,0.15328477091922213,0
-0.8031108339533145,1.5489179534182036,-0.9799032404674195,1.187423344101297,-2.206323194479748,0
-0.7318573084158859,1.4861592370185321,-1.058871113088319,0.5645963443276463,-3.485767408634043,1
2.721912147906493,-1.9500779265243806,3.129666259975037,-2.4636352253285922,9.852649257568308,1
0.8444558720716657,-0.0033576200399812245,0.4885277948821078,-0.22750059468700737,2.3963048379858645,0
1.101737861786209,1.4845207658486996,1.029437092725118,0.8688031101330733,4.530077495282051,1
0.49199348683649613,2.8906429903991375,-0.16758581401960349,2.591277145898102,0.08352415513544226,1
-1.606256788401958,0.7037958837508185,-1.5135582442137017,0.42803247161045155,-5.561448105191918,0
0.39495797032330715,-0.3678632936964837,0.42900671392485357,-0.3756083047549474,1.8690125489426856,0
1.0729296145073468,-1.00920315243739,1.5569397518689188,-1.7366803855635355,5.1954816665049925,0
-0.8533994740391115,2.2187433575308493,-0.4247712057082461,2.508800044027002,-2.2718635050801073,1
0.9653266671611266,0.7287415864657592,1.2410856713959175,1.5592109958156541,4.478484460133479,1
0.7043362098540789,-0.8480669268854175,0.9014640562445853,-0.13350832414536662,3.123816604037687,0
1.85204004481367,-0.20315636633378137,1.8154129879374994,-0.49517843998291017,6.416981607137971,0
-0.4177830125136188,0.3101865168287043,-0.11300502801571732,0.644514097407884,-0.40145636531261025,1
-1.0976109822757267,0.5438066538881178,-1.6537770691102203,0.8189335568391234,-4.571668218744876,1
-0.36162810937254564,-0.89961865754579,-1.5361111452997003,-0.9213812390104055,-4.138170825811377,0
1.4355709931636234,-0.6141904181254927,2.01652982877007,-0.5256875975379309,6.92817227098695,1
-1.828405880841963,-1.6529345623729599,-1.4913256497180063,-1.311412663943438,-5.552560387700234,0
-2.0683757154310323,1.0397622896047818,-2.1318689325709896,1.4814501917915024,-6.678494635493299,0
0.08939527893161327,-0.3416184667703161,0.6266745831546063,-0.7474545984711796,1.4133389206881242,0
-0.44258929277415615,0.4663216491832921,-0.8083380012474197,0.8401673441746336,-2.156740275783476,0
0.0077278931756846435,1.4222585085763269,-0.3450183728658906,2.2554897703190497,-0.47900157756451245,1
0.9453117712358652,0.21987014237394562,0.5232429093887816,0.6609609633827154,2.7378782283227334,1
-0.5525693461188524,-0.11297047594906802,-0.2687583585609101,0.6552609816958622,-0.6022710281611758,0
-1.8730058309306206,0.1939214768839347,-2.664484869537997,-1.0978382015385824,-7.90525779554795,0
2.044481557199944,0.06319360385022701,1.6610007538089235,0.36104813516427414,6.374729255527344,1
-0.9972282874387761,1.2461649978779448,-0.8523707758207084,1.3782906328320477,-2.6958174494358436,0
-1.0590371220120975,0.3108383975387898,-1.6611126599734032,0.8243807461505728,-4.695571511430168,0
1.1037200137225964,-0.5444010195789126,0.7735648108920038,-1.1072140983681136,4.680476192806118,0
-0.38448912104151794,1.0478490568897503,-1.4902729095987997,0.7947785110038914,-3.4115705403372796,1
-0.06338985203481078,1.230484356358352,0.2395134726659579,1.680752722848676,1.0027744170127373,0
0.48279012406031796,-1.3383306268204636,0.1388725273891786,-1.8681649055493796,1.4429713096356387,0
1.0835831031099956,1.5327838847681055,0.5339424780394185,1.653941013493796,1.6683104701271154,1
-0.33346069318177196,0.36471177320848547,-0.9809720561610595,0.35624248175571105,-2.8305292915543556,0
1.5199520059142992,0.28326995014659845,1.3108452498117493,0.18530461671359155,4.681906302590214,1
-2.1357998487348056,1.0066246315965148,-2.9258776421805255,1.2929739526449597,-9.805280749534663,0
0.7597872369530771,-0.5669763910042788,1.730977075527411,-1.1247267846939617,4.404006543411628,0
-0.8395275580176573,0.954164514190924,-2.03189986660215,0.5641061233758611,-6.008683769221594,1
1.3722713166079914,-0.3767754697378553,1.1469617417147464,-0.44639986746133536,3.7977479898195474,1
0.14204447883054525,-1.4749506797103382,0.19549794347617266,-2.075541862295795,0.7248537099894493,0
-0.6729053320094016,-0.9977562791069343,-1.060594834077679,-0.38229537794041324,-2.1708486676115015,0
0.6628410930216325,0.5670218329032267,0.7689069616681903,0.16763826418820543,1.8509704205633883,1
0.8931883472072517,-0.9454683399946582,0.49338755973417103,-0.5523035399742112,1.7188154241818832,1
0.6418941228586382,1.6100761231896492,1.4069413546952128,1.1723244697159916,3.5103541988157994,1
-1.0296962396330605,1.189283453439643,-1.5891347466879489,1.5413820565110188,-4.796402267248089,0
-0.48401712362208477,1.3334391660329652,-1.6596290942962444,0.5290148288095174,-4.816350699410071,1
-0.004072837121435025,0.12477857967741192,-0.6533227623480958,0.8290862801996659,-1.6622972510566605,0
-0.0412596526500604,0.2578616172949595,0.15198773475679578,0.8254281198482764,-0.15363933478853287,1
0.7497454754383477,-1.1937118542442775,0.6907832856639154,-1.4700036083055537,2.665366129941095,0
-2.0149012325066082,0.9957835101574903,-1.63883477851555,0.5829631941189235,-6.087207048939407,0
0.3343270545535034,0.3798334550370854,0.5851993629089867,0.6087347112871457,1.595508773304699,1
-0.2899813544366399,0.5673056252922603,-0.6081215292992419,-0.1957474856096143,-1.840097385574204,0
-0.8385006163839525,1.688311811452882,-1.083042363281726,1.7056878548500074,-3.7786857384656836,0
-0.7424867777695998,-0.60596298394751,-0.9351511655962129,-1.0097572014064298,-2.958243456837608,0
-0.21453766451796363,-0.12614154987731818,0.7276353772303628,-0.2532966075163052,0.6454213853520097,0
-3.6010851044595187,0.32667092154216776,-3.255673947115834,0.004746536005333535,-11.139356548573456,0
-0.7012895707915497,-0.9354354054587067,0.24455387879770296,-1.3346197219055975,-1.3117774848860155,0
-0.8758148246462931,-0.18759882127683974,-0.4554251384753861,0.6647982575354532,-2.552724402845433,0
0.5327832093226242,0.49294981046696934,0.5009915118618485,0.8832215521354553,2.235258564698928,1
-0.8055266825105205,-0.32542127137283106,-1.315207426003353,-1.0653527624589039,-4.038023532679562,0
-0.2151138001704899,1.3089894097291122,-0.11435396459611799,0.8710827073454079,-0.21539201859691087,0
1.542276627661302,-1.510924561816994,1.5118420415531868,-1.0822000471495377,6.195695945913288,0
0.9943515198154235,1.1227712402333418,0.9475278771463165,1.6071146621355958,3.8031345016595064,1
0.9022713999434526,0.6611854748160046,0.7977218614938277,-0.03135587301041842,2.34783823998027,0
-0.4998724304108518,-0.5688285875565908,-1.5261037841989629,-0.21952616321093904,-4.379130329956156,0
0.5430322792896524,-0.9244085682299981,1.17345218755698,-0.7918940101634869,3.067752589030681,0
-0.23389780045359396,-2.080282617242452,-0.25912454506225263,-3.0511175997752527,-0.64757189199465,0
-0.19609321067693788,-0.795175012413834,-0.9032197686912588,-0.9967738716104887,-1.4975115733992732,0
0.4096853437465495,1.0471766550029968,0.6505666982833721,0.9790949968277456,1.5231680358880144,1
-0.5969935884209322,-0.05608572627867428,-1.0249116727241963,-0.0318398235950002,-3.18776576895981,0
1.4930031044432035,1.1629808803918416,1.774073415928595,0.5026894867318301,5.6623264349586675,1
-0.16013013959793715,-0.619871070624552,0.28069809065829315,-1.0013788227169054,0.18584310991134295,0
0.618360566259665,0.7071061601065628,1.1281788115943239,0.3956342907823557,3.9317210751173475,0
1.455600479257298,-0.7174986020844216,1.3751421159298878,-0.9853364604142969,4.881661446747186,0
1.031653774575175,-0.9655750062098389,0.8247649105659165,-1.225073729836247,3.2735370630393774,0
-1.4089191026905246,-0.10712721717067626,-1.7216882828228597,-0.17344367262791804,-5.101013568453184,0
0.44489589500988425,-0.6649665113199965,0.08361785077963585,-0.5101482037647878,1.6301234859604687,1
0.8507193944606469,-1.5428221490372125,0.8421043623551884,-0.6557092867799227,2.9426898759055184,0
0.8918630221607488,-0.18231470071699332,0.787191490964879,0.2531296760562899,3.5417731957153165,1
-1.1132948341146311,0.10643541643128884,-1.5259467420257142,0.7648671111861653,-3.80795034992513,1
-0.6570352370173239,1.2683586114960674,-1.2289276139187764,1.027980768984226,-3.498577937052517,0
0.9945582357416216,0.9368056771330601,0.9401801896123304,0.4348441020115952,3.0903785006036135,0
-0.7617603706826457,1.2199431992328313,-0.978859179654561,1.6206558370064974,-2.0068252729489817,0
-0.29969605666431426,0.7203574983935084,-0.870379543305247,0.7122520284511282,-1.6297620969313231,0
1.5758758095019694,0.3326127589499748,1.9911613162126731,0.6977716590147431,6.352381720120333,1
-0.04779925038478981,-1.2289449064718925,0.8382471250278345,-1.6700950187644135,1.9297761893327356,0
-0.726774137833843,0.14987219793527462,-0.24548003084173076,0.47416074731909574,-2.103609355810572,0
-0.8776173568629051,0.5967937773308145,-1.237711362700927,0.5091690341258687,-3.2371393507325923,0
0.3327193295851879,1.4574379493704361,0.30760448729021966,1.2269874571363015,0.21427277254245314,1
-1.3331480084772085,0.6862885417318136,-0.5629335326334782,0.5029106589068079,-2.590268008062834,0
-0.24733596389641815,1.2403834346054217,-0.8341857852851646,1.4856001432293604,-2.4002309504601875,1
0.33323053499002175,-1.031997891365239,0.7245280983326344,-0.6449272331930441,1.1219626991342735,0
1.2991498205476675,-0.32641762614809505,0.5751082164756726,-0.5096247050085237,2.0982537782296924,1
0.6675480803699957,0.4293507136612708,1.5095668940856601,0.6015056278729354,3.7823796189606695,1
-0.7140651179821789,1.1609526907425614,-0.9292223803576738,1.3313608879091503,-2.5739855248011363,0
1.1784193175637205,-0.14522864583891965,2.292941179825627,0.22393978417689342,5.658565405267465,1
-0.29951503754747755,-0.08244595914915345,0.5645168617734375,0.4110116374924234,0.0619748725045014,0
-1.235703022049409,0.6871403060029787,-1.2889182768401029,1.592750999639335,-4.678501327513651,0
-0.1720413592654725,-1.1258708271451243,-0.5317440458206778,-1.3584560204066305,-0.9177736232967768,0
1.438169201145702,1.607404549823429,1.5355569370911588,2.3374094996535213,5.6946324188241375,1
0.1652400500649252,-0.8791360931076848,0.07516056674164337,-0.8205989055770149,0.4681163414316992,0
0.012521864329786338,-1.918589423559303,-0.18826161746300987,-2.4659900262651524,0.1339443783141141,0
1.6372116447028535,0.0100670085225806,0.808155017413705,-0.31517523450105556,4.415932869587228,1
-1.4313548470544273,1.698458702375565,-1.6886316388817209,1.931438762483672,-5.732789196228511,0
-1.2855991140527723,0.5864531303336101,-1.8408386749308923,0.9483334862963471,-5.155319965646508,0
-1.615846470966832,0.751090543003633,-1.3400226177542138,0.24295661463971818,-5.745903685137943,0
0.3726481864800551,0.041385762307114465,0.8681838447787674,-0.34055636600200045,2.5385831683826754,1
0.1664931271151245,-0.15237749727117775,0.5368351290769229,-0.41893582570063437,0.7404027541386559,0
1.542736367279776,-1.5449093695931155,1.7139239120935297,-1.9765933805421474,5.813352644801225,0
0.24347507713677022,-2.259386257904186,-0.1829784564336808,-3.1994287530279295,0.6085395531026978,0
-0.40415715947930275,0.19627233844086328,-0.30145677317834774,-0.9133845180407891,-1.1025501956180737,0
0.0017948728781070852,1.312549194340226,0.39817744470029487,1.1216456365910403,0.7927583738465802,1
0.1177074184609581,0.34413370482806543,-0.17541036873890692,0.4701733496412487,-0.061244060037624865,1
-1.671761273328167,0.6235995270520134,-1.612268062630664,0.9513923304313388,-5.400523289211382,0
2.710331644334893,1.5837175456395398,2.6376008496999312,0.9025505086523176,10.407700175231486,1
0.5198710181019115,0.32876685144105805,1.3510543529071537,-0.3439027072552911,3.808135568180663,0
0.21000830802258905,-0.12265510030761956,0.6357823756548513,-0.38661940185979765,1.335320298827452,1
0.6151639842785803,-0.8185248056500652,0.9197437901527761,-0.8168535792057793,2.6579070802118636,0
0.709410980586605,2.022212562972086,-0.14893588639611244,2.5266033631704854,0.31568138968307985,1
-0.14055348550243169,0.5265477791536803,-0.05413482211864004,0.8854088137487903,-0.9387189462463504,0
-0.6312411362407006,-0.9436017159193308,-0.7087478507029856,-1.1275158014928623,-3.5805954869733716,0
0.599450686321704,-1.1711676678012368,0.5176221310367676,-0.9910900154923546,1.7036192457786907,0
0.38571084053145244,1.2530637269289127,-0.39599589583936756,0.8312941073638274,-0.9156443378148394,0
-0.8098900990894081,-1.0374416964083255,-1.3537744102381928,-1.0002688185834139,-3.8738573050680656,0
1.419035611367264,1.853834157502221,1.3850268674143726,1.8226225109854493,4.6438697761860395,1
0.29335203632298334,-2.756462797090711,0.8505299254182139,-2.0543116521767173,1.598327028659209,0
0.7298193622676307,1.4225951977899767,0.43455707734791904,1.6693727397027056,0.9120904998422159,1
1.391920887679919,0.48689481116196437,1.1919515241277852,0.10150228816061291,4.297114986086136,1
0.021888821164834777,0.11859442305687436,0.9124348188079388,-0.26168298984946653,0.9815108500802043,0
0.31695200698411535,-0.17545843504176337,0.1685408124001971,-0.3420042014891632,1.165590559419125,0
0.8100272385061165,1.8907298485940296,0.7456324765793259,1.1084968463724911,2.8337545956319894,1
-0.7248610838000522,0.7070588584012034,-0.7824834748259228,0.5920486693278086,-2.765657780628201,0
0.05405166284600126,-0.9032036088954514,-0.618700910356254,-0.9750332137196328,-0.4309506966158422,0
0.12554858665114904,-1.7189099560288814,0.4114476483587065,-1.4856465165456956,1.0161314328152309,0
-0.9560585516833944,0.1772972131473084,-1.2824966109755638,0.48335988922173384,-3.806039970227094,0
2.317636788673878,-0.0010711335374141854,2.3026014801540087,0.048387071156605295,8.425390369413854,1
-1.4072934434924025,-1.5198680373755091,-1.1851069612835037,-2.3348643806952896,-4.739595263656344,0
-1.2981039036871578,-0.055393525482335705,-0.3268251091694616,-0.6659167910562037,-2.8564514622441575,0
1.3142265757035791,-0.5739346330742002,0.6553415534304575,-0.8764870948739099,3.302746430486077,0
0.7132662507965424,0.009290068306694576,1.1457573433296542,0.33543579262413914,2.6881515380427143,1
-1.0259648174807778,0.7259236116484019,-0.5916031893937939,1.035185597185731,-1.8294966820919272,1
0.6072890151016929,1.4926099474640355,0.2881816287120562,1.3678908109166517,1.567685852730942,1
1.4678504449973098,0.9088890363692873,1.7676023690233005,2.088754241252724,5.636509650159943,1
-0.030263057596985755,-0.7214407498302056,0.7914550180489601,0.05934304270263946,2.5802789358887264,1
2.598822900074582,0.3689151288291944,2.216337295468361,0.9888748277551468,7.780162658799467,1
-1.7240618108680354,0.06310712149202398,-1.603326912300458,0.4134361987883402,-5.024671179033499,0
0.693823453859102,-1.3321289546309008,0.8962241358289946,-1.1028580777100436,3.239830352337139,0
1.166528336221003,0.3982327846922723,1.4336177636977778,0.591020802747809,5.175542775908459,1
0.8913439016052467,1.856672337917714,1.275989781963253,0.9541577737364805,3.801220479034166,1
-0.20435572664564833,0.03242660418700401,-0.12120331251956128,-0.49321557421035006,-0.5210075542854322,0
-0.2904414820111494,-1.5941826797254006,-0.033723388837148205,-1.7052510730996997,-0.6747556597290587,0
0.4441451710872574,0.030268671108619073,-0.011591653974604266,0.09420491881407292,1.1412055527469724,0
0.8157544866520694,-1.2137121989732502,0.8977562334718482,-1.2759404603945468,3.215012041743631,0
0.6024734362823633,0.8636055068862878,0.3643028034421062,0.999743897491787,1.3530731809871532,1
1.0400578907933893,0.5248649917251288,0.4251434382163455,-0.5267852831461909,2.154094542475038,1
-1.0188699570667352,-0.17091005347474328,-1.2734422317851855,0.08192209793492347,-4.082595885849758,0
-0.22777097912363467,-0.3311642658558212,-0.09304278302460561,-0.3000954879498234,-0.6938837562230209,1
-0.9400159321237542,-0.2122343016155467,-0.7221172939386578,-0.3059592809946993,-2.133372057933569,0
-0.38611277608614164,0.008274494342320362,-1.0203423365475273,0.4719305116057839,-2.2157463287569,1
1.0152208918143053,-0.7722350213415419,0.5463825334518699,-1.29500171302632,3.0186523694766776,0
0.10798392072522883,-1.387753081001437,0.47031206057183933,-1.506200507315433,1.219558601468048,0
2.6068591631497697,1.138698946694648,2.860933209457701,1.2809081523938917,9.21890225786038,1
0.19340636718971696,-0.3854009764969582,0.6369576982128934,-0.8119066308017788,1.91207872404542,0
0.05969188057973627,0.16704310416914414,0.7436070941680164,-0.8346288848719353,0.5276607165585685,0
0.10618291944021628,0.2852819511674943,0.37512647423551565,-0.2912381040052047,0.9965549277533726,0
-0.6378086928599359,0.3220204796552139,-0.8452125064453719,0.2896601860332683,-3.0531975185568494,0
-0.057836612377593744,-1.1738179970984242,-0.0004118833366352839,-1.298327868929861,-0.5321371154579327,0
1.1277880271116458,-1.6758401645518477,1.957736577575337,-1.6849731891352022,5.375488117933584,0
0.11397066812777235,-0.5886925246919921,1.4961951670204658,-0.9183309467537224,3.1213779083984603,0
-0.7934597298834714,0.3957115324169533,-0.5619115470122917,-0.2604203838596106,-2.3257204999162027,0
-0.9250846204786352,-0.727949867474313,-0.657307551072982,-0.6594457383703493,-2.307122956473356,0
-0.4502018916658434,-0.3549213536992336,-0.08734770816713522,-0.43818285094242815,-0.9369406438655804,0
0.07386343441088038,2.1272974137495684,0.08575985732056186,2.4462148551304,0.23144809859056456,1
1.193586535476262,-1.8454238848045357,1.775513486647574,-2.21926627626843,4.643600378391261,0
-1.3404886413664368,-0.7550339959104986,-0.8364659950000113,-1.7654599913331581,-4.316359012647827,0
-0.3198262778887562,1.8966040685739283,-0.14263805431434798,0.5943740793488697,-0.6214810036056085,0
0.14431001943507887,-0.04459867199522342,-0.014699933567728918,-0.24533327923576348,0.5023993527167211,0
-1.833705767629435,-0.7059851654989105,-2.5940539613180036,-0.6420305844400124,-8.06890251167861,0
-0.8335982829664064,1.1687689170111202,-0.46739150915928124,1.0526126560302052,-1.7187014596934862,0
-0.6798885397361863,0.05523043648111129,-0.5734593821231343,-0.22734478967951302,-2.8706975343052785,0
-0.7959703738504983,-0.348308395044006,-1.164854239177549,-1.1439996016230531,-3.3243946777323097,0
0.1918895450216474,0.1923689270375111,-0.3730705874756663,-0.7523121753160974,-0.8841956603635859,0
-0.1605596095017974,-0.6581088093827661,0.17015681518982842,-0.4744714188854662,-0.3659008681355081,0
-0.5552861026010363,-1.0174910628880782,-1.3559042634095189,-1.131291677782821,-3.9271956427629973,0
0.427962626552635,-0.11359692763474832,0.5777832202745374,-0.29535608501477817,1.757127595938501,0
1.7230747176462498,-1.010996960076007,2.1448499222306965,-1.7818724375345665,7.093760385692662,0
1.639256516741752,0.01069331179648031,1.9142029599500638,-0.4724349881585253,6.4687802995204295,1
-1.9227717720623363,0.3544065674743389,-2.1181416592415565,0.37695874222920916,-7.265682068545379,0
0.5770721838351396,0.8530604560516108,-0.0476150584023175,0.9953684327841387,1.0865118301596084,1
-0.17802329006383844,1.1279249855168274,0.11548632983375662,1.0458049194792465,0.80730842124676,1
0.1551553428653563,-0.40573650163225167,0.7554168888420665,0.28388821144894366,1.6838611912566475,0
-0.39828303354254857,0.49941460793906933,-0.684649710914069,0.21166766001091913,-1.919326085261439,0
0.11758862988720224,0.4925234462063564,0.37104273003363186,1.135959406961258,0.6126034157412721,1
0.15140739607201872,0.3278187158159839,0.9421649554379232,0.43625209646198365,1.9154617346002274,0
-0.5789517573489231,-0.47945941095045846,-0.4095282091281181,-0.4253926898067255,-1.0633104216051472,0
-0.8963675478251808,-1.0280678124641107,-1.0948076202640746,-0.5618064542244117,-2.904837453054337,0
-0.4486956826194842,0.5020018890665597,0.07173108741209477,0.18993821532446936,-0.63011508864047,0
0.23425926445676556,-1.70686256219305,-0.13452122262214058,-1.8714642917805313,0.32747228448473803,0
0.5989963416842641,-0.26783943256831116,-0.050099665842247454,-0.8796102155892402,1.2585238245214416,0
0.8533489773401466,-2.5536310156485977,1.2595095729131365,-2.086024754895896,3.5757840924609643,0
-0.49419002306691273,-1.3364024233582634,-0.6972711548086944,-1.1686497027406988,-2.788781469815009,0
0.28384456730273677,-0.8771339384474245,0.12558406030089453,-0.32823726249511553,1.0215894464349051,0
0.9625025919532985,1.0967242076292842,0.6490322741777628,1.199155909202639,3.1900122443504118,1
1.1655948951441282,0.6881080244042689,0.9291861973670863,1.2396291319999275,3.9814041375214977,1
-0.05883285413152208,-0.5539346838422423,0.6426838596319108,-0.9275792459821331,1.0100440260118484,0
-0.22093172493961213,0.7293697951297508,0.6103176579522215,1.2229896236149922,1.6507931641995264,1
0.19112423383639218,0.8876229633803967,1.0886135519086968,0.6887154996535766,2.6060458337987114,1
-1.1497074728974057,-0.16066484837472153,-0.6046471623086495,-0.15939888019959972,-3.507650318086912,0
-0.19360951103550816,-1.3843781442136902,0.03952611885111068,-1.0202003875501833,-1.009405758566236,0
0.7445863984731301,-0.20791231006611424,0.028443602506573518,0.9560083114078157,1.0251696947454323,1
0.6419471294437011,-0.09789240517213632,0.5481847779935263,0.3121340316833878,2.1716960152038847,0
-0.270267604363889,-1.232454390830226,0.8081096399479548,-0.77528132335394,1.0668447818172173,0
0.21771820108716664,0.3670467929299679,-9.258828916045014e-05,0.09435781566249496,1.323173324472143,0
-0.8246503402906876,0.27981185430235533,-0.06757810290455013,0.3583108497821492,-1.1701399531227648,0
0.7034921482250248,0.44504269989418677,0.7310100577402973,0.3971090662267536,2.0306839696744032,1
-0.07782143613647309,0.27892309716744346,-1.4168926290630461,0.9827561644442561,-4.085688291430165,0
-0.275951451696138,0.729843035114983,0.04429133013834341,0.6568759375126896,-0.20783749266760704,1
-0.36172383609338643,-0.17932802787303154,0.2714035119957693,0.48494289830164833,0.49469831469853637,1
-0.06289386689985824,0.20178510737095343,-0.08739185122013043,-0.44903824598874165,0.6627591015248655,0
-0.4478776449319587,-0.39774028424553226,0.16864785731074816,0.3016483782793887,-0.4357266259186585,0
0.6581430360025633,-0.5844992156219503,-0.17577072120598003,-1.015199638881045,1.4966726639709642,0
-0.3952835480161807,1.3382496307620757,-1.0880656799658652,1.7651917094724772,-3.4485205015651594,1
1.5929640960273812,-2.0437687015264965,1.695396250070225,-2.4759339327611,5.608284621188478,0
1.465210503481381,0.8767599891542641,1.7037678673901469,1.1859336178195987,5.098152762923808,1
-0.8915434898545047,-0.6205408754456606,-0.2132540555583654,-1.1018344557043083,-1.3677728915231053,0
0.06970426942928022,-0.750038177643121,0.3891665028035606,-0.23179770693148427,0.23235071982513034,0
-0.6506566213361947,0.26157748406540704,-1.247471166018716,0.6842002170339709,-3.2700524517494096,0
-0.3266475631886114,-1.4896096123510028,-0.2201247521514184,-1.789953324483752,-1.5511355348013143,0
2.002427467644797,-0.816023071946203,2.302791190288872,-0.5269808174514473,8.488114358570629,1
-0.3075714171157992,-0.849139646512992,-1.2446884164643637,-0.3754233223517629,-3.1378619773658216,0
0.36022603707742873,-0.2213982581850948,0.3384093022084211,-0.6830577849969268,1.4061405846092154,0
0.5413212940082783,-0.8041376881606882,0.37353002203916574,-1.3211391102899217,0.6646556737245716,0
-1.0006293724832407,1.6011186856392685,-1.3279759093561132,1.0654663201548291,-4.9042969849806815,1
-0.8550954744092049,1.797016516497954,-0.6057069485328688,1.1905151663101554,-2.880755343937169,0
-1.206022371408119,-2.021993522748063,-1.7808631346870811,-2.560039945754857,-4.945500762601728,0
-0.8859707338977771,0.5443227047657363,-0.6775309778959524,1.0067168093423964,-2.3544728135417934,1
-2.8500301093171823,0.8586634390775747,-2.570284544712735,1.137588349709572,-8.872919272851274,0
0.5445824007936281,0.5429852023911051,1.086464055924115,-0.30501589120470096,2.234936301446462,0
2.05419384125607,-0.6581134930916945,1.4924842098597675,-0.9131969857948203,6.319693868239302,1
0.14782073903652695,-0.24409556215854147,-0.6047963701407467,-0.8230138565201831,-1.2678103656104585,0
-1.4162688593406074,-0.7482746547776955,-1.2768170556711014,-0.3175095565232717,-5.082089568594276,0
-0.642776382899948,-0.4202640311588286,-0.7859119998337989,-0.6450868992518698,-2.8046024060786263,0
-0.4588768450249969,-1.2099650286671761,0.9924482862218635,-1.982178740077451,1.238347407872699,0
-1.0175847772133757,-0.1147888216345503,-0.7883355390919097,-0.02970628774926043,-2.7725260360200177,0
0.8601826383951567,-1.5028017113050698,0.8892634942472476,-1.199555657239387,3.6302035965316692,0
0.8102600443753339,-0.20013455422813764,0.7238460665371259,-0.6769837708473553,2.9236182638077803,1
-1.1554517938176598,-1.2485816890997645,-1.7644827165373842,-1.3810396474404742,-4.945507755690826,0
0.7250810444475082,0.20681636179140384,1.0070218209248067,-0.24438138052871844,4.013189982510679,1
1.5268126635772652,-0.6794195609428907,1.4872401504418662,-0.05739586488349968,5.6132358420529105,0
1.9025582052295598,0.2905803478745374,1.8634013635148423,0.0749012794385715,6.473722619127809,1
2.8652120230859626,1.081580728364782,2.9124336858352904,0.7206616297335815,10.41323777370856,1
-0.9019926494431975,1.589446936104708,-0.7913863844845747,1.5637841891801367,-2.0819387910197213,0
2.824220426395203,-2.5280045890204903,1.9545926034364423,-2.6317792540039444,7.71033551381407,0
-0.3542063885087883,-0.8341940938737827,0.0643051146766776,-0.48994739694078104,-0.6181678325814957,0
-0.5924654553805143,-0.30308607711201396,-1.0156876427884756,0.30493753585243,-2.1950095939730807,0
0.3270723748778453,0.46032781838148307,0.2580562761435316,1.072139443892733,0.8614846558885804,1
-0.5820613340930124,-1.6503545041545293,0.06089112623963211,-1.8413081844507668,-0.3691649110730278,0
0.3990441406465261,-0.9820924068002156,1.288768436781583,-0.8295355902263881,3.820646713031948,0
-1.3200771877373016,0.13035720265710996,-2.1703244070504972,0.8746071578023344,-6.948674835193302,1
-0.23875260206343432,0.08488824152666716,-0.2236301882261099,0.8483876457141698,-1.0096005849425749,1
1.2855822343616794,0.377618406420093,1.4220388269446975,-0.06033467092667477,5.374795647451591,1
-0.05706129143115594,0.4436757268881162,-0.8108263045268793,0.7397983352097884,-1.770457845704388,0
0.14159578673988274,0.3385944331158625,0.5428914689489652,0.550197219501776,0.28888037203594785,1
0.47525860471731124,0.19365531663149269,0.5333899434243977,0.6568490888538426,1.5246829074037032,1
1.1706616293176602,0.055739773326367856,1.2677414271651584,0.6775485572452616,4.688706525729523,1
-1.655224712189433,0.6647630897243628,-2.1140011713604006,0.14427508507726006,-6.072592861202061,0
0.5845240518374347,-2.239322666564225,0.7909673735281091,-2.584661819081513,2.484143474119772,0
-0.26813913924176325,1.5443334869712346,0.15097283895320562,1.998137865125031,0.1416277731987651,0
0.16663789531183848,-2.204482050880324,0.23028683717480536,-2.130466673455331,0.52600045421605,0
1.059950169762376,-1.079161816904492,0.8029822192808492,-2.192782420682399,3.6474817999744253,0
-1.1941866514118442,-0.22676079665014462,-1.4122213104350263,-1.0599020177230445,-3.903124819382906,0
-1.0126444414430895,0.6726128910898422,-0.9024465878801067,1.0038994617393313,-2.939759887797607,0
-1.9354299597138063,-2.9952668907996163,-1.9110312705234915,-2.57571142951379,-6.784290853874059,0
-0.5491589417637764,-0.0281243239418344,-0.09674788220407887,-0.7028681760819664,-0.800178644433081,0
1.3304323443788164,0.7923950394157345,1.0903032006167335,1.3419788204796554,4.65249886837025,1
-0.12058718847346953,0.994518116028477,-0.729777489843882,0.8959444504826511,-1.6265849184583767,1
-1.3401248956547858,-0.6973296584974588,-1.1604318569945342,-1.2085667233914745,-3.9307865493909055,0
-0.485678744575047,-0.30083528695503226,-0.7244436710743987,-0.5809832319792941,-1.9922509702294826,0
-1.487861703490623,-0.616148128892628,-1.0960207289724395,-1.22751974191703,-3.7141551116744593,0
-1.1251861017311617,-0.3926746535260845,-1.1214167865023614,-0.7006301452166159,-3.5805439025701404,0
0.3888189102637133,-1.031826550728435,0.7162255124461245,-1.9662755361727469,1.7664006918679096,0
-1.173873326306029,-0.889252162470918,-1.681031849671423,-0.9261686369699761,-4.4206266838612756,0
1.1126343052033019,0.434376922028368,1.1843274368182124,0.7279362659923674,4.267633927563287,1
-0.071120290830336,0.13161537327274178,-0.42075189452229417,-0.542097110456605,-1.018052194686494,0
0.08559470394452533,0.4915865075904735,-0.5245921225935848,0.5000966429019471,-1.5977940357666693,0
-0.2783729676078937,0.2140143897008368,-0.7089269066434014,-0.18831162438737253,-1.719723800169559,0
0.7728478385437232,0.7043386011475956,0.5006092926557937,1.0387390188297148,3.0779347903319545,1
0.7831598877770107,0.8782139981549947,1.4055071512889366,-0.2789895474944569,2.621066009203364,0
0.33505435191217137,-1.741716619866104,0.049584152165841666,-1.3857721958416054,-0.7431067345271718,0
0.564789105907648,-0.8543096504143626,-0.0709810192314636,-1.7631879491408726,1.088891296787504,0
-0.21208966992042563,-0.2313759574900389,-0.14635095867209122,-0.3363461306017357,-0.49275026752591966,0
0.5422030069090485,-0.022677525487341064,0.5567933372478859,-0.3771365837286905,2.263083042775026,1
-0.33787777547380676,-0.6700905738180335,-0.5839042814789057,-0.8504420372224644,-1.937818190389725,0
0.0022316221624020006,0.9120236709883057,-0.07838011076066129,0.1473282925995888,-1.2243014559275598,1
-0.27464374936629743,1.9799483682905985,0.21346979363198798,2.8100171885474894,-0.40101853757831,1
-0.4572185393191959,0.186161955581734,-0.12186565661960763,-0.4571195832234346,-0.14955647135534822,0
-0.6891117977217902,0.08434103219821125,-0.3969966942849247,-0.5194857707896516,-2.053455701916447,0
0.4676901038588855,0.8494562551043311,-0.12414928840122968,1.74686654764709,0.23177224409606967,1
1.3106059128134633,-1.865839755203436,2.7538799436711248,-1.704488937165604,6.158968759829984,0
1.1711019716695594,0.028468940438410424,1.6967280768066704,-0.5986593212918888,4.247869118794997,0
-1.2565653359454354,0.9790358254675168,-0.9980510543499994,0.914641987515594,-3.3258665306613375,0
1.2892030514068733,-0.6431539972011118,0.7070471642082683,-0.7610187318440111,3.2181848780416633,0
-0.31815850161792886,-1.2265605799019654,0.15570655474912487,-2.070385998689281,0.32977629989911866,0
0.6007330151455916,-0.1858056100997783,0.35016875999592756,-0.5649369071088927,1.2245873569287216,0
-0.906215332047211,-0.06068543320192063,-1.0033507343651937,-0.07387578913957103,-4.099915485796037,0
0.14197991387400533,-0.9086522819154584,-0.6984097241556362,-0.27544332899668234,-1.3143113679428515,0
0.3137231828969071,2.096161276050951,-0.30701836007334754,2.0017463544379357,-0.42992850536773347,1
-1.4846047919196528,-0.47869638100794565,-1.2653315425060854,-0.5355189848149494,-5.17411536094962,0
0.6082671663441893,-1.1536593514265687,1.1113845039794343,-1.5612426869066685,2.7316650658330373,0
1.3459350078383152,-0.09362131907061147,1.6883872177358328,0.45432407153350574,5.328207895913486,1
-0.1746479456816279,0.9078606377044912,0.15076155268984648,1.3590215134549668,-0.2062331273736858,0
1.3601681308280127,0.017414248998230967,1.3277849023481594,0.41208163548898974,4.229687837357218,1
-0.18969349345240752,0.4855939200440023,-0.3930470011355136,0.5415133525787932,-0.16827705580799113,1
0.8495845310466172,-0.8715105943331573,0.994032102829314,-1.6707973752849954,3.4914185146445034,0
-2.2185699659510996,1.4876884464035136,-1.8078658044009628,2.031023395825031,-6.864345180670974,0
2.4187777793134635,0.5617110279184433,2.4212089067802594,0.590375901887334,8.437311781513298,1
1.495458245242957,1.0477015688776097,2.100584255199659,0.8934058081344377,6.777163211511513,1
-0.2846255042536789,0.36516063247516933,-0.3921601361616827,0.5893901634214851,-0.9453468120221554,0
-1.972089026643818,0.8248840377287843,-2.4622284942918435,0.9369788896427923,-8.399730106097804,0
0.28802836830548917,-0.8730525596772274,0.2828472472849888,-1.4076515564581773,0.2316019844644781,0
-1.4439255470737569,-0.4914104166895625,-1.3909394079439727,-0.6518093474325848,-6.0848094285255785,0
0.444853537557488,1.34648059555603,0.4038385039192833,0.39443419934819857,2.3709228699471048,1
0.4115657191642819,1.5597419472839638,1.0518934996054126,1.6027552645834426,2.4984806086812186,1
-0.9414031690020248,-1.1470655997190768,-0.5387521786400054,-0.48200171606850684,-2.193579341698883,0
1.1209670236143776,0.24973606786381217,0.40549652930352276,-0.6480715008704253,2.593474228439754,0
0.8055747028061735,-0.4309438004852274,1.5727582099053166,-0.36662976557948934,4.810157843184035,0
0.9758233372885634,-0.6970314693648616,-0.3948851931260229,-0.3627922024676001,0.6416956881229487,0
0.008857703668895378,0.28483969535544995,1.084369890095144,0.6930181872176833,1.5180418009790104,0
-1.4155240669137066,1.140962932365408,-1.5591768236921448,0.7678680519549688,-5.760198157754663,0
0.9778722722111376,0.45166247328419384,0.8830884038853875,-0.09945289154830805,3.0576061055856716,1
-0.27037139913579117,-0.319512449919035,-0.3003795186226112,-0.6130384324803017,-1.7989511753552236,0
-1.389780143192669,0.51486117993516,-1.1971774267725788,1.110296694914886,-4.9061887571300336,0
1.352039365974326,-0.35997617358090106,1.3519077653409044,-1.2147539962428828,4.132463366211541,0
2.0994075205025093,0.4121143007306019,2.0327099260838755,-0.1958691967953034,7.05018774944657,1
-0.041248128979203026,1.3964657004557333,0.6132110256988896,1.1670809581928423,0.9165337590940601,1
2.159121154603292,-2.0771596593008277,2.4419191944787166,-2.564995268256896,8.182260997289672,0
0.09131472861134962,0.7972522985400335,-0.38808719857403107,0.7764159308330143,-0.21196863205292144,1
-0.38045590416635117,-1.5390549215704685,-0.010118946998488865,-0.8317919518560912,-0.7122293431430922,0
-0.6304584541854775,1.2283277105444614,-0.36840495259380796,0.6264184871403397,-2.433702506172044,1
1.6370824079927424,-0.6370256098728607,1.364445545202133,-0.710208698121744,4.16034601348877,1
-0.7801438813877718,-1.217671377606484,-0.3840746682066911,-1.2217968623067224,-1.8572062537572906,0
0.7352693099749874,0.6952692270887474,0.6564830093634675,0.5279761028047669,2.0831202177252015,1
-0.5591638350592083,0.36417006314241074,-0.6700005711217586,-0.4250424248982,-2.2574275892642715,0
-0.4603067625743631,-0.9991869029616581,-0.5847633212908303,-1.3180996640501033,-1.695216208867104,0
1.030249693969567,-1.2529997571683937,-0.18380933450663273,-1.5704179329432917,1.8993443788568556,0
-0.38003684628935364,-0.18748148749128224,-0.6433865127566544,0.12927049032750682,-2.730581038393631,0
-0.4047953794202932,-1.2040869501711966,-0.04820875835749261,-0.9942973013219444,-1.209839398571789,0
1.1328046971748071,-1.0614729729236276,1.1215990757229257,-1.8374208476890264,3.8997880502325133,0
1.5973972932216232,0.11562079042143356,0.9548040782937484,-0.07794738858695585,3.7356073037865554,1
0.6446898032842333,-0.9658716342550967,1.127005430880252,-1.2159992383469747,2.476517582679077,0
-0.6547697756239492,0.42653929002654295,-0.804069855395647,1.4038869318851661,-1.9355056898861065,0
-0.5106084992975795,1.490143595883477,-1.121396244628341,1.6363001860342883,-3.5326837584585746,1
0.07991526374003749,-0.14855541490058238,1.182921494575545,-0.6872746244158499,1.83112327418281,0
0.32093006192565754,0.13015106198558457,-0.2056562353182203,-0.25824789931524084,-0.5039921218383863,0
-0.9878659101397719,2.018096732835487,-0.5481201544969168,1.828824033237792,-2.0350422766636718,0
0.7230379395798638,-1.1876011173773469,0.3383808891525616,-1.006417329681576,1.4136278626505008,0
0.08551332963959904,1.1912351951807418,0.15342674692650993,1.433695668261861,-0.257684538803156,1
-1.7157083186381297,1.0708575979124821,-2.1667988003222174,1.1710989192582049,-7.3272410290264975,0
-0.9289264824607304,0.8543173391737832,-1.5485785730975596,0.749434716355651,-4.5146322008239705,1
-0.5041286736516637,1.2917478507326312,-0.24302740131595907,1.22374768863746,-0.7963623153062758,0
-0.07285768884105508,0.280574965958619,0.12978758372614524,0.21609035275155986,0.5541728738037827,0
1.889278795503996,-0.5829294955992675,2.4616035176135282,-1.4743844442422103,7.36824072550533,1
0.23817130613962828,1.0945732912205675,0.22098034099169678,1.0639274803987273,0.5336555780239685,1
-0.8407718898986251,1.132842211712895,0.26940400716462076,0.8442151838157086,0.3290922149708486,0
0.22063080430716323,1.1053139014932878,0.35480413802568106,0.2788987911009223,1.5383967477528566,1
-0.35208774745388094,0.04450208231923648,-0.06870040683527479,1.2534433713374789,-0.7914225303171706,0
0.3247582395335419,-0.7161945136133265,-0.3544563830200723,-0.560542710619767,-1.3693516268131949,0
0.5805676870356151,0.19136225411161115,0.27352552947434977,0.19791388325075968,1.1884882603010463,0
1.209230647223938,0.942230017567836,1.4690704974819266,0.7566660222699412,4.088677284730142,1
-0.024286495670025846,1.0243517898599654,-0.06640037687681732,1.3894630191843087,-0.6005711901492025,1
1.6389605275998334,-0.42967612707459496,1.7328020951171512,-1.010826256678102,5.441379070747568,1
0.9080226625361915,0.31537289612739006,0.4997757846790948,0.1590207501559835,2.2459814817539385,1
-0.7074395448121878,-1.308778304485956,-0.6464660580763769,-1.7848637458229928,-2.319211625087347,0
2.209855665748464,0.9849501030058511,2.2691286115443323,1.3457315298415273,7.487250300918705,1
0.3269945132700978,-0.7833087567250638,-0.26322299667252164,-1.1966793296513907,-0.6748073785669231,1
-0.8351245039722355,0.7852553595715476,-0.5138495816319402,1.3359192653883962,-2.369851552864188,1
1.6529130512304218,-1.1493045773901618,0.8028805777714373,-1.1989422711920565,3.8359913438354285,0
2.0777775851984446,1.0314159064340078,2.1698966254972865,1.418660954847536,6.50769003188644,1
-0.03302526371956056,0.32183519002277056,0.8497710831931896,0.5217646322082079,1.9537897420701602,0
-0.5036502603755963,-0.7813576956169465,-0.16337499146605527,-0.251735278619187,-1.4466489914716103,0
-0.17237495745366196,0.6913563810805253,0.1647746655648902,0.22376808306626367,-0.06373922911624952,0
0.7147317275176998,-0.5903616918053307,0.2660183900433572,-0.13755009933201046,1.4942111864410197,0
1.277856655030514,0.7495550374451283,2.162387681606944,-0.18173928916950344,6.233839891012806,0
0.5704873308635735,-0.27411147538072145,1.258846378164718,-0.25254809432387854,3.446445413309269,0
0.10172320847176979,-1.7210471256296629,-0.3200718029760138,-1.9940080917811702,-1.1398576771260909,0
1.4980117703044276,-0.982416240480937,1.2606301493969891,-1.6846869324784555,4.924457200525056,0
-0.3128364730515222,-0.4304147086872844,0.3144915494118218,-0.8771757711839545,-0.01233831131804003,0
1.030919338366907,1.3681890237485779,1.9289930275252858,1.047861160608911,5.94658655683231,1
-0.2880627983512786,0.9011436305292249,-0.9204058158964228,0.8028677894772919,-1.8654163173271492,0
0.43102295801089313,1.623861412322142,-0.07083242685139518,1.3614365863975455,1.1662509984803011,1
-0.11356256479045149,1.6536352160298582,-0.18545594300153617,1.6936482027996858,-1.0104384570377445,1
-0.05585218265281086,-0.534750804590915,-1.1413991973740685,-0.9498299623851998,-1.7232441681319437,0
-0.3773865174622099,-0.18848685975882942,-0.3678639373574983,-0.4269157102594964,-1.2547703848427312,0
1.3448540311806945,-0.4112799243305384,1.9377257881956869,-0.5558129568509692,6.237826510815681,1
-0.7329260381085351,-0.6715106053010765,-1.4522445462264097,-0.5804624941356982,-3.6666876953884637,0
-0.7402322525487084,-1.8414947093364584,-0.6766787700611647,-1.417071068417677,-2.2341784217116802,0
2.1209935658451093,-0.014747718016842406,1.8301082133474527,0.41208378551584707,6.2975947228370845,1
0.9778475646543314,-1.2855655937111103,1.7978205390312902,-1.1668235978100279,5.539952736085473,1
-2.3851136986930364,-0.03417188153432739,-2.670009629759562,0.1809546267684719,-8.741850551507945,0
-0.5652587392104036,2.1157708095629846,0.19423780466388796,2.271704267485722,-1.195955217540708,1
-1.8119893375620542,-0.5093450963307088,-2.1107168729676675,-0.666666184262482,-7.1812580425464185,0
-0.9506906934152551,0.19477400562806732,-0.5651027907481904,0.6450655069370068,-3.1627824528813084,0
-3.1385146662340397,0.9066483858092831,-3.0125418570526903,0.4494078395674016,-11.445959355228338,0
-0.13698957769394238,0.28029129196590696,-0.20612591095109317,-0.7437814421860157,-0.19107406626325868,0
-1.1419418191613115,0.292484187942296,-1.5372061036882994,-0.22826050543488208,-5.52701169639951,0
0.059905256796438384,-0.3624024336880802,0.22145296745538492,0.3391579738640632,-0.12779532745264144,1
-1.6251212588825248,-0.2318779750612327,-1.8453888901249809,-0.37959454431007206,-5.1393481854043355,0
0.08291185317203993,-0.9600105221878286,-0.2619712592320292,-0.8229460190959448,-0.6235176395306795,0
-0.41491627812032733,0.8460450088894076,0.3214450925675328,0.7090700006043054,0.34934616513647887,1
1.501952965188596,-1.7414916566140959,1.7757180789352094,-1.460658992200917,6.366781372937915,1
1.411356861745625,0.9710883383822022,1.7331763376992264,1.006444671385391,5.970494772272176,1
0.785345603010283,-1.4036983847452424,0.5895463437041517,-1.4379943893613687,2.4318975131694676,0
-0.3266137806612126,0.9626072740766523,-0.419602954202865,1.2694964416018748,-1.3477586190098136,0
1.9853803952602933,-0.3538175262121811,1.8610920615847375,-0.5866564955215928,6.969057890483631,1
-1.5530352778398206,-1.2318686881330803,-1.384415821589332,-1.0458297967845545,-5.210715836327272,0
-1.4035586295636626,0.5792986450796365,-1.0826569036424099,0.49193781454072844,-3.923208289698374,0
-0.08378309988906465,0.9287675350757748,-0.09890878504485051,0.8750544084693288,-0.4529716796578024,1
2.254038108921119,-0.43807864810353686,1.8577156118307987,-0.8473773977651742,7.023720335932913,1
-0.20233890687008754,0.7206105486789333,0.1779463216431868,0.6126327239857969,0.9932643445863156,0
-0.18324524320928193,-2.2850844946693503,-0.1665433091051138,-2.555705769792941,-0.8481496076838023,0
-1.4419103561118092,-1.3205962897466006,-2.1623285454972994,-0.7556362003660535,-6.477901930448274,0
0.9459295852703784,1.2924089304687292,-0.12171778976946568,0.4503730985393487,1.3907401617660475,1
0.9531762543293538,-0.22366927419791616,1.1021248420595906,0.22096067152431514,3.881410794103494,1
0.7890752013999099,-1.8622133264488476,0.374338301961058,-2.7343421667933385,2.0787206145458836,0
-0.6292206728473624,-0.6988661804419937,-0.413689608149136,-0.43025836163701286,-2.3964053064054784,0
-0.7067067683730057,-0.9234004725250807,-1.0945159228049728,-1.3422655896312947,-3.168070314027606,0
-1.2931222504049704,-0.16596173147292473,-1.2265293641574668,0.11719940061124565,-4.271327636938226,0
0.08387250176093364,-0.37075098380764737,-0.10532826222011202,-0.4314304878157295,0.4851323636436738,0
-1.0804073292785017,0.1789317289381608,-0.20444692414184928,-0.5372449490062345,-1.6598840786401072,0
-1.1774165052492886,-0.0694660516125747,-0.7022586763399665,0.6098432183093339,-2.5677119307617664,0
-0.42369071691067595,1.3597392550370186,0.2499577331832391,1.7480624099648403,-0.6372233047345232,1
-0.48915617518421617,0.4245485997196691,-0.4771322906246832,0.6761363282190971,-2.186009038232715,0
-0.5379785288219551,0.457671611193586,-0.12679805926451448,0.13748673899965363,-0.8965140763456688,0
0.4664445968402613,1.1651571238945215,0.5122696356408322,1.5706994306207545,2.290632159461869,1
0.07904780215027922,-0.38876875042958176,0.8138434858671423,-1.030394561228703,1.6460417136933474,0
-0.28815603051111766,-1.2618774433584852,-0.32443706313925447,-2.3757005046121504,-1.4512529404748111,0
0.18301292831148205,1.2069703246322492,-0.5157317418689148,0.42580739003614865,-1.5576776919736814,0
-0.9915270411046322,0.13584174810811248,-1.9908378037316017,-0.32515227005509495,-5.287451536287553,0
0.10527862390967795,0.13935120789892844,0.9394341836919353,-0.23806723414633793,1.9803293963042476,0
0.15060249284463378,-0.6333299215302364,0.3898547299200634,-0.8507517059532811,0.7886400386917888,0
-1.5030468593574806,-0.6168553331035775,-1.2309184343366097,-0.8120719504133962,-4.263812139662848,0
0.995693754370362,0.8467223387708438,1.7405176755161529,0.5218031976253279,4.9311786711491274,1
-0.8814337052269955,0.9846557981376104,-1.707301177089973,-0.07350158794547779,-4.736309468907856,0
0.09030979920643496,0.7838234057466585,-0.08899080840946898,0.8798850895519826,0.40741994328637177,1
1.1644117405352703,0.792961605445475,1.0463768257277535,0.6606242287198074,4.934739151939091,1
0.9256767577138694,0.5690295372597589,1.2968143743173768,0.2208577449860672,3.75991264955511,1
0.03433338856883548,0.13152273007815626,-0.3119867239816059,0.8305333757645034,-1.0105932523529302,0
-0.36249900288206854,-0.17537968432098017,-0.9631858746394635,-0.2964623665986624,-2.964649738391666,0
0.9475119085755672,1.2103238499415532,0.3423375830770137,1.2395897161696408,2.344355114909225,1
0.6746949778086199,-0.3737208704904336,1.24940401594463,0.024204205401132606,2.9655910049167327,1
-0.61836502004413,0.36997921388074695,-0.9896310669456887,-0.37495120723300013,-3.0934208393158915,0
-0.7948936470016904,-0.8040129979542465,-1.0709023891625962,-0.8153180247881975,-3.47678523897217,0
-2.072355181695998,-0.6592990368504504,-1.755106106332046,-0.26302510984213695,-5.840545439872232,0
0.1540318416835874,-0.2361545678572265,-0.19544086243386244,-0.28181901920668256,0.43659614687277243,1
-0.08269774501839866,-0.8039383767271636,-0.9351719563962195,-1.4556096700699594,-2.762748128346648,0
1.1361913746425418,0.7978518254783004,0.34534078778009236,0.5566141030056634,3.1873807664332996,1
0.35905509348036657,-1.3480342515450294,0.33065139512263747,-1.2535409286732055,0.5918098207858653,0
1.3342291941726903,0.09922962338107293,1.582893409355301,-0.9542093216934936,5.2472761136846655,1
-0.6973642279161707,0.1325080968421812,-0.7984868498413807,-0.5438224007084408,-3.0602918349418062,0
1.1381503309676182,-1.8107995783196809,1.3533716828721527,-0.8240311303521262,4.219816557890888,1
-0.5289163791046552,-0.4410238205236087,-1.335335142108473,-0.19872870668115258,-3.9542493255467046,0
0.7775960617922721,0.2556995380481427,0.004944291308218163,0.9974348184062832,2.0140439355850597,1
-1.4587583925306935,0.42872799329406813,-0.3317904343835727,0.8618868440480094,-2.9217662289864568,0
0.23513529936618852,-0.20430720860016585,0.8515274354345286,-0.007315387013100999,2.1685527293785722,0
-1.98468794144591,0.6768882044807154,-1.600201995496651,0.5223485850089623,-6.713574012159304,0
-0.2671374859417547,-0.10931625723604081,-0.5969998213089742,0.08129067995636778,-2.30223830816424,1
0.4403539938779136,0.013652912075056728,0.3213508985126882,0.7386350075062345,1.0811605511950972,1
-0.5209685512310958,0.2516538689865537,-0.5218072097978959,0.6644233305702685,-1.564337212187254,0
-1.0504376287559674,0.9269996287341687,-0.3932645718977055,1.0104047811575585,-2.422911662637436,1
0.8461184692959337,-0.6757180024155319,1.0475098525184796,-0.7618915370153538,3.851467157181653,0
-0.10346278984692345,-0.48682187251829767,0.15949411079697726,-0.23766007878286588,0.22587948217502207,0
-0.4895706470306716,-0.668896491729215,-0.5733981145894215,-0.9349177953745005,-1.8779195916683775,0
0.04189592115427648,-0.33219771614193333,0.4382284545743188,-0.0829605109347073,1.2068571336763092,1
2.6366691419455885,1.4262342580797647,2.7878305156612253,1.07725651258174,9.580814509979476,1
1.1535028497815438,0.5727253193298222,1.175514216154384,0.39576487558711027,4.553297309348607,1
1.1625736681878402,-1.131089745168842,0.7910315820947047,-1.644942478277092,3.603529060354467,0
0.435546318992364,-0.6004469655886748,0.37876044794154784,-0.820328487635839,1.8663228352833627,0
0.16648527257714707,0.3727672242764023,-0.3732810793128307,0.03090339503327949,-0.1386058751897895,0
-2.3960822883304163,-0.9065077809327704,-2.4161517913238937,-0.06055008537821682,-7.746291709433304,0
-0.6789803464631321,-0.7253400408147569,-0.6345246674806824,-1.172587919428651,-1.873052776989276,0
-0.4805744132024745,1.3449596661741487,-1.6828336055056314,1.537377313978094,-3.2127310609439457,0
-1.874892064047533,-0.6133756284731867,-1.9900618335977849,-1.0868167881499777,-7.063054505220723,0
-1.1574157902154336,0.9546668160293867,-1.74535589251773,0.9781148343674448,-4.80944339457539,0
-1.980836470922634,1.2553231895309385,-1.7315168081642867,1.4002808905081334,-7.124646712515143,0
-0.038323835697372494,-0.7334620911689643,0.2802560360781249,-1.6590139281308147,0.9765628410074791,0
0.8187659708488161,-0.8899625565571414,0.6055960620161573,-1.5888133007182423,2.467563370518928,1
1.1067745186243287,-0.276132086481165,1.3812855621852866,-0.7534686821001566,4.891133197643194,1
0.41478446207924113,-1.0886277206736248,0.7103179302467717,-1.740246157697893,2.882568077069754,0
-0.963396341198569,0.1210338785027424,-1.078254260904453,0.1630764794755008,-3.2010546753835416,0
-1.9320651585199595,-0.20565191185338647,-1.1649216708681305,-0.08436180747595368,-5.434313880617224,0
-1.756868699401502,0.36058001588630156,-2.119406167904753,-0.1709559617974658,-7.4181014204397355,0
-1.2689825772544985,1.3969434562328211,-0.5332997256279153,1.4590426746990985,-2.7020678894714902,0
-0.8888596980356747,0.8174849807703192,-1.0014594126272773,0.6054456738846283,-3.4791768925847686,0
-0.15974849799158664,0.48923977541235625,-0.5814116746045703,0.43950175862791285,-1.0706465488677899,1
-1.0141642181269683,-1.966048412967918,-1.1899384560291595,-2.2802600577708763,-4.154493520673088,0
0.3389758936682615,0.44337598210237517,-0.2107187201964002,0.6872043483334482,-0.37771252847279874,1
-0.23227350279947281,1.7226276607045492,0.16000543089512856,2.540092289173388,-0.14926929937681482,1
0.0105457117410256,-3.0105225163135167,-0.7908387772966126,-2.6233554085042274,-1.3153828987722616,0
1.1402505526712048,0.6893825429756253,1.8350548295556177,1.386077967315184,5.441584840414788,1
-1.18023173420037,-0.15935857475646428,-1.6481653350736,-0.8607709663096103,-5.473221133801351,0
0.41870457829236835,-0.8497950030229446,0.8370312642153456,-1.1876495541595158,3.202376452516043,0
-0.013973228476073308,0.8011285839119535,-0.0018602979458393325,1.0837465003109612,-0.09405188887233716,1
-0.3334862809696951,1.7097059006073305,-0.19807863944489704,2.4638529880490516,-2.027298783700977,1
0.88525632086596,0.7752307288377537,0.590234635227278,1.1004509422910405,2.9745024455358946,1
0.8790141545570074,-0.3711919512615264,1.0554181547235735,-0.8843039939484582,3.423805589479271,1
-0.9464907959884281,-0.9434698244081563,-0.8790036517129961,-1.1607984918175966,-3.263004484446373,0
-0.18216058385792389,0.14462763378954377,-0.9111161179425877,0.31132985208361424,-2.1906702649999663,0
0.28121168258406504,0.8731692923815881,-0.20003831888256396,0.7908395315662146,-0.07064058006955476,1
-0.2730067480225845,-0.3870530262337276,-0.5434628035274878,-0.7864392550929129,-0.6619474088602644,0
0.5850213322877983,-0.2903829916507967,0.20752307322457353,-0.43551021332301176,1.5248442124016308,0
0.2811920179102754,2.8220002498383985,0.9075974906021012,2.814782240458609,2.367171937589526,1
1.8325612403560125,1.078651945959726,1.8360683322797622,0.5361912932209365,6.28960901340817,1
-1.5302791359297876,1.1501286783936322,-1.9196148097497285,1.6423832146619997,-5.270411409939415,0
-0.12243598974739747,-1.460285906058812,-0.36782090174891724,-1.680093317338332,-0.49783050666435147,0
-0.9085025115121911,-0.7071886792934604,-1.1607340532857244,-0.7434767924488576,-3.189694865072062,0
0.6041074554390441,0.07468163945423903,0.4600827194365112,0.5922079913162326,1.965410607874138,1
-1.6171718900455445,-1.0011375578851496,-2.1548365924053443,-1.0636368909381273,-6.235462258683858,0
0.3463127102248866,1.6003972988892943,-0.06065284507377289,2.0905767131100887,0.5947554911575084,1
-0.6300484313483412,1.4103123065906455,-0.24674497576623594,0.8957118761322823,-1.6242072174625277,1
-0.7341618661210142,-0.5335453373840539,-0.6414903144375574,-0.3170673800759123,-2.1995155199316985,0
-1.4464982035406873,1.7839186066074848,-1.5226669768107874,2.203579784464462,-4.166538483329192,1
-0.46507594620100606,-0.004252096719942134,-0.4637645375434562,-0.41918609595946665,-1.5232338274335533,0
1.0845005302909256,2.5893897173890488,1.0617201520032205,2.500204921205846,4.385275963222918,1
-0.02518868352947947,0.14468613052503645,-0.12975423589530147,0.06584833820974632,0.2983983622221129,1
0.6276804178744745,0.576192750328422,0.886232837228214,0.6810123589032753,2.99542113936759,1
1.664641821966275,1.3999034411695586,1.886221814890238,1.6373042498394428,7.097793547491373,1
0.26375558482257566,1.2776333498078092,-0.522125901791032,0.8220302504966539,-1.7350807103275554,1
-0.5587995720623404,0.5107320661358935,-0.6245806650169619,0.48070463698523463,-3.0055495817878013,1
0.4672522151827898,-0.14114031944383582,-0.28565748448759276,0.6545187673434536,0.993476623843857,1
-0.5442961463142919,0.5141326999931192,-0.22650754458643868,1.0410710958055212,-1.5931723373673918,1
-0.5044226832971694,-0.816184171876115,-0.1205894048720278,-0.4192622492541967,-0.9419267987239722,0
-1.5198927996189848,0.15213371886411586,-1.8252822484398328,0.055743919896799846,-5.055114585267758,0
0.9262574910843923,-1.1093075324979949,0.8678780134170343,-0.04489212013443322,3.2249673790622233,0
-0.3860025756494393,-1.7808816400803014,-1.4417227242105621,-1.2659745458271712,-2.6176449278809937,0
0.18209824581586204,0.05042676413944306,0.6684931528618753,0.06913619810415923,1.4160138330692147,0
-1.0359619286066395,1.2622778906716723,-0.6811250584809385,1.372483248467023,-2.6082458424353088,0
0.4359476297154724,0.9258046415960592,1.0109902605842356,0.6963798142265387,2.704969569771658,1
-0.761941238135084,-0.08191229572560826,-0.01866916796653406,0.11477354985354452,-0.4349333891787388,0
-0.14170872170182425,1.7469896981754969,-0.7537633681902118,2.043527215038954,-1.8508974124009703,1
0.8778260312391258,-0.5690613908465738,1.3218481320583466,-0.2177573485730253,3.478283635243329,1
0.7907593122325293,-1.9178326617980228,1.5304115344417593,-2.0081746078932468,4.013152530353872,0
-0.022030072516940464,-2.1821012942009617,-0.7693190080315585,-2.918950963014798,-1.7833094369280755,0
-1.7681310327067183,-1.181190940595717,-1.853736638629575,-1.0602967675058048,-6.683244845612576,0
2.9928105700606413,0.8166247432622288,2.811109578445929,1.170021496227532,9.767073489201804,1
1.745858970273136,-0.6348026834673862,2.173589902368885,-1.1240793536449853,7.526826898094588,0
0.7226748248882985,0.46095864185730195,-0.47429570828374146,0.41554235285961555,0.8393305755097235,1
-0.7532037815909708,1.6462833835839772,0.1547750665251264,2.317016296204174,-0.6242917911749293,0
-0.11359216170196468,-1.100096962577806,-0.16986069379926141,-1.7018344916128285,-0.8337744010060371,0
-0.5434204297765168,0.47849973179588984,-0.08537322876794395,0.3366325569016577,-1.2778923569315135,0
1.2638559390963882,0.5389630726557222,1.2337373202505928,1.282532646624897,3.326802900004216,1
0.2625028908518338,-0.8607379884731032,0.5085654163416707,-0.7818803114162182,1.6007280246337465,0
-0.7841638583598328,1.3542109252450831,-1.9448729876679076,1.0912050111249634,-5.40735687247362,1
-0.4707550991247819,-0.28770705554947656,-0.663196285525137,-0.29122285210468013,-1.2969750427321816,0
1.1211881425699046,-0.3837529809130093,1.545068748241744,0.029205585226131148,4.082862759610995,1
1.6000978468204783,2.111613218417973,1.7444640201773256,2.0098604508260944,5.59289859431113,1
1.5283315634862455,0.5227667423667182,0.7099110171228667,0.8215577998362558,3.664538544839897,1
0.7570320650539775,0.9252905496854981,0.787744511992284,1.0427856290233706,2.943651898107277,1
-0.2526248688026368,1.3548929315218388,-0.6619960317333893,1.5134321366961587,-0.8014565352513758,1
-3.2415138253291205,-0.6504739994592169,-3.6942234509158394,-0.31970324395515054,-12.935933090422765,0
0.2971600238082216,1.2498210970536792,-0.46318711285013725,1.1024070555670327,-0.6316031829261104,1
-0.0018287588441004044,-0.50189411499767,0.30752255210946455,-0.9741494914338135,-0.10178257440447536,1
0.13998209632135453,-0.5446233893382973,0.696489318289172,-0.30742558661474495,1.9979275763822972,0
0.05389734703320638,-0.27199997230813616,1.113968914114629,-0.33820202869652094,1.985336758458874,0
-1.326262161949157,-0.6220648349449548,-2.0632863578206213,-0.8461204479016469,-6.167617818427074,0
0.5574085568511856,0.8221564326571629,0.9410946374644235,1.0853490773111865,2.632170341082114,1
0.6322163140318503,0.2672106551450557,1.0488019992423046,0.9058841957419039,3.104071938707033,1
0.6823387820596591,-0.491224414617113,0.392086443450655,-0.5685136061265053,1.7295458873268252,0
0.9465770035733866,0.674505033154822,0.4877878108687212,0.6787298024338769,1.9096001090919903,1
0.6040516449216232,-0.275182437386346,0.061180484438158045,-0.8660660469495356,1.0708884239493555,0
-0.4100294115389108,-0.3280703703646766,-0.6737060332690183,-0.4394176745706124,-2.3596497714694107,0
-0.07083684791609023,0.04868388490154364,0.030473950011884646,0.1593291083269684,0.36197422917654026,1
0.09112486725337687,0.4634603556662172,0.7711808725067831,0.45323830632234835,1.7077558262536676,0
0.10769944910661848,0.3898476493774196,0.6603686181116767,0.2087697329503683,0.9624150200072606,0
0.9982176559717297,-0.3632491822528304,0.19050918383739845,-0.00032834718604701774,3.081782684774705,0
0.6436687530224908,0.8471112074394023,0.24924712872223487,0.8761150467285472,2.29342332295751,1
2.0773434395699533,-0.22239415107965607,2.7271636267246886,1.0720074081111688,9.792078730221286,1
2.206468979884672,-0.654984488608719,1.8409225635871382,-0.5511248561806673,6.820100942529888,1
0.07964958261392499,-1.4680216487673514,0.051192500908836924,-2.841273075112574,-0.19573366129157083,0
-3.8366555484593694,0.9831784809990213,-4.689300015766412,0.42716267663144925,-14.730333772639778,0
1.2368324661272665,0.012390076194007553,1.8133491738837404,0.2784497158288593,6.0359611024586854,1
-0.5403763389870544,0.21087235851051483,-1.4967504419127484,-0.11078254146005023,-3.705701770024967,0
-0.8014839218310068,1.045802915699516,-1.6228892122243164,0.7551877817847434,-5.499874456740185,0
-0.3984452749893668,-0.47740623159781603,0.12696325542898484,-1.09702115357418,-0.8342936882203349,0
-0.4466430468146064,-1.3743992484741285,0.5133877929686721,-1.6127654837992929,0.5680633385174654,0
0.6122698101053926,0.06978070221521851,0.4669642677429352,0.16674458015236077,1.5222465937181806,1
-1.5594357791262254,0.3079615520802954,-1.582867185057638,0.5008794092742552,-6.187393160568217,0
-1.0777207457916016,-0.2628490661603728,-0.6235809659001073,-0.7727968919092589,-2.992570870396358,0
0.3431585541974166,1.473737578076169,0.48788246154610787,1.8764406347344118,-0.13281643616670014,1
0.6229440304133081,-2.4861665677213565,0.43633494072497603,-3.0818511126238177,1.5054331332557207,0
0.641541644936012,1.120056637899783,0.39881483424316555,1.3390346923954068,1.5469304892857088,1
-0.787036278933299,0.7911536503642258,-1.5704352576757907,0.959677037682575,-4.1662264686184125,0
-0.97826564926624,0.4567707777004593,-0.86179476320613,-0.010408314816784503,-2.9171774248468028,0
-0.5066348337879193,-3.3359015494690962,-0.5525932448226574,-3.862559312511075,-1.6762838323732039,0
0.23987275228472507,1.2838887832702683,0.020949662728384694,1.4750340035727092,0.8503328703639048,1
1.4854773692725496,-1.0264341106358854,0.9845699714913553,-1.3063753699372307,4.113366416325062,0
-2.0474371857707503,-0.5076919783833869,-2.4977026124174655,-0.6029416510383346,-8.794355030772264,0
-0.22072875695836655,-0.17059266479006882,0.08845970329498334,0.1730752441673267,-0.13207647236091127,0
-1.3326784410252037,0.40741803465197535,-0.8918466168206802,0.646986615267464,-4.220461188614003,0
-1.6522426773534897,0.6394280421925499,-1.815800755498798,0.18145578464526424,-6.788409054121717,0
0.9669566453448166,0.8928405543192964,0.7507168587216271,0.8660509591708834,3.2413769247778403,1
0.5446245744993384,0.8158535100785161,0.11780055119223676,0.3484959091320973,0.3460965565436672,1
0.44943351594726205,0.25292720421312587,0.917843537734391,0.6878966791912942,2.8499421134749676,1
0.9210258397309934,0.41592265905759085,0.9365237245589468,1.1841810911984412,2.6085068434030694,1
-0.47971889676613605,-1.0907537158222467,-0.29576840710250346,-1.513301373418943,-1.456388015501283,0
-0.43263751633352826,-0.7510268068190222,-0.25340245128679684,-0.766610358802204,-1.437772542786234,0
2.1857306167225743,0.8954602236748322,2.031879806455606,1.354190729340387,7.910803036451871,1
-0.24657105425957435,0.8372094867286812,-0.8292511041812852,0.8493149908928317,-1.7311904853834377,1
0.7351321130540912,0.7237994164444209,0.23706553521113144,1.0045520601346343,1.1647067636093493,1
0.006381540963314977,-0.5144167616565275,0.5703243072870406,-0.4886135959010559,1.0714233520047174,1
-1.8482585300784151,0.9104921319436957,-2.211100687503701,0.38209027800014106,-6.529882906646904,0
-2.044629003801268,-1.161244452480358,-2.2498101636754435,-1.101781943891422,-6.820054030908349,0
-0.5789842199399048,1.077359809862273,-1.1461794876255098,1.6410016294787986,-3.845240023389177,0
1.056101251669989,-0.2608708012458901,0.4480679922067856,-0.10372476634210032,3.138386231526226,1
0.7882916566360036,1.6841704063406322,0.40370915812164226,2.4960075482352293,2.6096797653655197,1
0.9140771642240336,-1.521442092065485,1.758280756346263,-2.407194021576198,4.9769838577446786,0
-0.9870461789363153,1.7634040459185218,-0.6580274833401007,1.952927770738625,-2.8420042715143645,0
1.6158724901223136,-0.36146432916346183,1.352478054410502,-0.685468321755051,4.853547018239804,1
-0.9648933001863843,-0.3794792560117442,-0.4234549029103867,-0.8172948365746303,-2.920951683882755,0
0.21282439866996872,0.1948388189855969,0.13667496202174545,0.8620481232714614,0.7620580700180825,1
-0.010352289907736689,-0.6970789128006968,0.6668177335881825,-0.8245814016453863,1.2330786779500207,0
-0.1738738203145863,-0.07232900130230689,0.9319913548835203,-0.24810163196895751,1.8206322219345739,0
1.3385921382956065,-0.7376262652708545,1.8526730079287022,-0.5658383227114124,5.942639583390475,0
-0.7051105201659605,-0.701063530979187,-0.6578350425546718,-1.7773227575023376,-1.1143849684303744,0
-1.349605255711928,0.48688595030057186,-0.9999503189537482,1.1643189202424062,-3.42596668430556,0
0.019995486206419288,-0.901565495303516,0.02753109584752534,0.05064966175355157,0.35851374533975466,0
-0.3998267342865268,-0.7681942350054822,-1.3178259162740482,-0.3106375124943662,-4.303872775767142,0
3.377382919082646,-1.372791249746409,3.0500702119766236,-1.1667963794607104,11.362369511020969,1
0.676507476439975,-0.5039306799613394,0.20071167861336642,-0.6122183935320724,2.207318346382084,1
-0.4093405752186243,1.311602029723922,-0.7477360961340607,0.7739958703328309,-2.3229632503543143,0
-1.0561115691870866,-0.8459336401029685,-0.15927585286736456,-0.24890173223658651,-0.807378557409723,0
-1.8802884105687847,-0.7316332651872415,-1.3192135391414554,-0.2734624535528058,-5.1869274962190115,0
-1.025219085737433,0.1939219464815356,-0.8047766850166094,0.41898007394022835,-3.0001045090852716,0
0.11494177175913174,-0.37079643379952637,0.5211132469848107,-0.20398198907535536,0.7192542396312639,0
1.4273286515947694,2.2281544333496495,0.48127190864184144,2.3784506402823027,3.8553869538934835,1
1.121689142387919,-0.16252796467625671,1.4857809989326838,-0.425496324570921,4.238782537146317,1
0.2290948316463794,0.33521834621737173,0.6989069897474632,1.5858027601832774,1.4592694055355366,1
-0.3231676657024847,0.943768784799322,-1.4430412595461262,0.8009570145381623,-4.3113725200380175,0
0.26881235641215423,0.9245778658628506,0.6514307333018537,0.7112257691236312,2.1541569237815645,1
-0.518637997484576,0.23328758155737903,-1.2306748188181187,0.7935907375799538,-2.945474054439048,0
1.7183639957638757,-0.161127486686001,0.7333613175408594,-0.1757303728981749,4.049369692504262,0
-0.18919018127507997,2.024028536379257,0.47396892715470923,2.0145312787528367,1.0342750456653764,1
-0.08633785824672688,-0.09976027531426664,-0.589862382052898,0.6075244107256352,-0.9862365306093837,0
-2.215822425020668,-0.4416901044284806,-2.573795794712857,-0.10238248165329245,-8.654083590116137,0
-0.19543484652276386,-0.6458489882940185,0.29936742485590884,-0.2811397149068721,-0.08683600771891797,0
0.8364841379649409,-1.726803202706756,0.6838650018387403,-2.435658449803115,1.7648200781185361,0
-1.067722577038545,0.8216157522371632,-1.1578052639030862,1.0218858415416865,-4.006032564115175,1
-0.7507203344928128,-2.3480683971008265,-0.8517637877117775,-2.850872364898265,-3.483682727797935,0
0.7927110177336647,-0.005722840904920714,0.9665104032210575,-0.23321984427738163,3.203421382689966,0
-1.4766572235180533,-0.20486063427138504,-1.5898244317133914,-0.11703999948997544,-5.4748433839248225,0
1.0578010075419184,2.239965192231448,1.1148640447214686,2.2218602911936554,3.6154142042550266,1
-0.532143890173102,-1.8316512287136264,-0.783922952879455,-1.5045420756992403,-1.8428036613443046,0
-0.38856822049120293,-0.901103286984357,-0.21265842555152195,-0.515753461063552,-1.5013512828461975,0
-1.1238784051255941,-0.13609645868164963,-0.9669568891733105,0.2867204609596614,-4.543722621735944,0
0.3780462604278832,-0.1975293374691687,1.3269891792699744,-0.8696298090392495,3.108351225653184,0
2.45987198502938,-0.5495445908100448,2.2692465101925285,0.631784540208394,7.85832938118404,1
0.781497239460632,-0.0809879094021674,0.689414480558142,-0.09327734379010333,2.611859400917252,1
-0.864285261940536,-1.2595627288697413,-0.7448730989720154,-0.6530960520361363,-3.2429721161043075,0
1.1356205854914763,0.357192878994939,1.6178384076488361,-0.8999635448963603,5.149371704470179,1
-0.31667954593424946,-2.3214853420775783,-0.86247212252285,-2.454149741959431,-2.686403892153409,0
1.3744849814275593,-0.02576935587725707,1.4262732423150932,-0.7561104047127284,4.422422794891713,1
0.8066764021643629,-0.6003566942635733,-0.44723661586317065,-1.0310393792430825,0.6237587854553338,0
-2.9431415654717332,1.0162879427566356,-3.078907523832931,1.041565818548544,-10.595753395794114,0
-1.0040796329550274,1.7553110706333046,-0.46771611790534695,1.5879363513728748,-3.035085339015709,0
0.9443852228353897,-0.3310521687503577,0.5813140046617307,0.32595633481518405,2.1032980103763417,1
0.15165727214501756,1.390725929141431,0.24007607978767348,2.2752219276281065,0.5212308217162742,1
-1.0237559477078506,-0.31611628063041075,-1.2882087348996516,-0.7995333869964267,-4.68353228784498,0
-0.6335895154938127,-0.9661265231290901,-1.0632906143606542,-1.2100091058130202,-3.2209329800626145,1
-1.9062366200893806,1.7459036321856196,-1.4204936209553298,1.2303595130695772,-5.826713967291915,0
-0.08837328752639603,0.5207764447340067,-0.6110026324492229,1.0987265344427346,-1.8130976441522673,1
2.2106897260157647,0.004438522609814357,2.3571723729473115,0.08396032497168825,8.355398502342977,1
0.8049333907323256,0.6871774750986485,0.9591092011154051,0.7033430600798224,2.6154272637110916,1
2.190417001188423,0.2742150351301673,1.7645172426691114,0.4304482404938349,7.437494118851645,1
0.8823970897899802,-0.06921940794151801,0.9602397182687945,-0.22480485346617446,3.134832987217167,1
1.0274793433526916,-1.3264348273079964,0.5600054246187031,-1.7546698402262613,2.331400635641544,0
1.9740786877450238,-0.2705367371612667,2.234974625199603,-0.24500936026586828,7.700750003680377,1
0.3772632593422264,0.6232554234584727,-0.2802095979792205,0.48975124093975475,0.022698822123441334,1
-0.18722732150688023,-0.12277142568681056,-0.35703007310280077,0.05074061295053013,-0.6149547801026397,1
1.0326575166220122,0.9023257611303859,0.9062716867930624,0.08633647687027435,2.361001198763663,1
1.4538402371218848,0.38365502386678896,2.0103179062272196,0.47683431522343467,6.4598218823069695,1
-0.47996464271220896,-0.8781363180854069,-0.4099431068562629,-1.2227593209870948,-1.7994716990169608,0
-0.7215690823400293,-1.3191719578321237,-0.24406233728399962,-1.2435194891253458,-1.551686157499079,0
0.13885603243088018,-0.15717849993016805,0.4162015566758196,0.2953663047552073,0.9966021542201604,1
0.8314988669316621,-0.5242284481045876,1.1056503673795415,-0.8023523236621892,4.131857079475411,0
0.7980910486615617,0.3363218096216861,0.6321244535465278,0.9346820675067763,1.5311372967010266,1
-1.424167600187599,-0.7181376587627298,-0.9137146584251559,-1.5885189512675306,-3.15663345622794,0
1.9116060670633215,-0.6153923257548771,1.7335208624123202,0.15652208950581603,6.687672874391428,1
-0.6411649293968504,1.0530697175949124,-1.5060776693619042,1.6723167437688695,-3.8978345041979883,1
-0.2650649968885794,0.14820296862789786,-0.37245858112202584,-0.2950918493273329,-1.8592771251160283,0
-0.9026543599878197,-0.7027270654272929,-0.6759161576657857,-1.1418397714848223,-3.541847758708235,0
2.6983288359370876,0.017641808735019672,1.895015976580681,-0.7298361678095886,7.557051854575291,1
0.24207067028796736,1.3789112430016826,-0.20048050907222564,1.8396006390620028,0.2796964993417546,1
-0.8509750806815649,0.29378668827472265,-1.466269300770243,0.12858128193362392,-4.21200253049526,0
0.8639235499624459,0.5929508094251296,1.2572821023169276,0.39106585939572647,4.09956959638781,1
0.7691357793100331,-0.7522345365274425,1.6055670978162806,-1.3136420178967376,3.633159670819232,0
-0.18772702357988397,1.0264193771346004,-0.29257660068649216,1.9324063243523142,-0.8445439001889548,1
0.8406067127833834,2.3181022604638017,1.1063718943175131,1.8317217956388654,4.021344545410003,1
-0.8252919608308644,-0.7914676425128534,-0.5725322778810027,-0.7793845731502352,-1.6570591118504843,0
-0.4929182749492523,-1.1818939743719892,0.28398019827072846,-1.073909119509142,-0.7984006302561961,0
-2.010216654566063,0.17554224383514822,-2.3364931065423664,-0.023793347586004515,-7.864272381554596,0
-1.3239510842195628,0.8755050498444104,-1.433890566598725,0.5750596920318667,-5.024106287245679,0
1.8076308056706858,-0.09138967205026136,1.6372464809586567,-0.27602039423699215,5.672756792392293,1
1.6414286277223145,-1.0532063960426628,1.6791122477424458,-0.7705397296661651,6.2742524365025005,1
0.06578864864896251,-0.10858416178038999,1.3179470497073669,-0.2821127392863264,4.170314761068179,0
1.6629314471898375,0.5980922727774546,1.6783370047884942,1.4108651164272192,5.294213885696361,1
-0.160074486608305,-0.4070318269460593,-0.587429812911835,-0.795551169847857,-1.202587318805266,0
-0.24341030256790827,0.6072550177549216,-0.8206589160144678,0.984308394090093,-1.8586670482976069,0
0.05651064846555637,1.1647107852399101,0.6828331521220798,0.28651142932262996,1.6089240671263703,1
-0.12492159532356542,0.24023062577044763,-0.5545488473126049,-0.1482318916475468,-0.6299814695292475,0
-0.21519632356018042,-0.02794777127829265,0.11659715603936727,-0.4360938543178996,0.09704631384484438,0
1.1433981071495527,0.8293439252262819,0.8035524425202387,0.2773871586444516,2.2540530327471053,1
0.1501356539562031,-0.8561008274372303,-0.48321071433538276,-0.714364573809428,-1.4596302420373566,0
0.7124817644338045,-0.9547098336929224,1.015081564584715,-1.0098034304889953,2.5654153504465147,0
1.031380525277331,-0.2665722849289853,0.7160080918955651,-1.405986143855438,2.60480393683698,0
0.3881857956547334,-0.4918794548144672,0.6008986152741802,0.5058882648117891,1.714285012215332,1
-0.9702713259082385,-0.8033419752904754,-0.7206298554852166,-0.7153338781185938,-3.00402069148207,0
-1.3528658889640386,1.8304684749987743,-1.0797332664578043,1.831057152256647,-5.100464229624572,0
0.1487806348073052,2.1719932094942913,0.014706292835711926,2.827052633792784,-0.5517675936166977,1
-0.17125630482493448,-0.35370504225558225,0.17183547342741928,0.140725402440168,-0.9727044019068976,0
0.08739142892012171,0.09171894974836545,-0.37388173530391977,-0.05736769720088372,-1.39368308563032,1
-0.01605403924858619,-0.18784282006379097,-1.2430991647806533,-1.1640993499143748,-2.0146972615046628,0
2.583573660166567,1.1074992401181563,2.9370197467266212,1.3896920627608889,9.614173382165104,1
-1.330226255641338,1.305645561840047,-1.247431003222603,0.8242224744657207,-4.966553360086356,0
-1.9899462698211248,-1.7772637986896467,-2.29498539182811,-1.1576315693949346,-8.533678067523272,0
0.33237683351960967,0.4760108000656256,-0.40319954746791287,0.0879289687667793,-0.8142458630169662,1
-0.3764225545881953,-1.3068213411611485,-1.394711704005867,-1.5327547887561355,-3.0504659094394597,0
0.3160678697299512,1.7582721578752782,0.34193954383443725,1.0866816105556087,1.3958129017088177,1
0.5838830222840011,0.4402480302103979,1.4082760051489773,-0.19089965029101913,3.566145091247476,0
1.2841046951788975,-0.8233495383626358,1.2148259869634075,-0.8778872287120888,4.222289663843038,1
-1.5072258203839384,-0.24132138793785318,-1.687893513729711,-0.3424511521843199,-6.5222517799526045,0
-0.556717897857163,-0.2889772582661584,-0.5689018191050845,-0.5269185650265829,-2.3609086371096035,0
0.42876125888076383,0.5251129428858157,1.5183638148351488,1.5516187548902556,3.957659435142095,1
0.7704635956872266,1.0419126041774782,1.1464157090137932,1.3437357872374323,3.111119471817407,1
2.1934495502883857,-1.14820729197171,1.726661924438191,-1.1430856305085835,7.555236376737181,1
0.9557039711138672,1.8387545009121138,0.9697559230649188,0.4600916257772474,3.9758505649828506,1
-0.0567885958862771,1.6056901078208434,0.10942985969119332,2.018574222168002,-0.09321038468013246,1
-0.8904357529426612,-0.8753235675910453,-1.4186051862320836,0.6219445814660114,-4.305547012519572,0
-0.564289852719019,0.0728017943623093,-0.18472154154773923,-0.021173333398712232,-0.10434024062135161,0
-0.5927028229571063,1.7108085441143155,-1.001607221529283,1.3055522825482244,-2.4686712194291203,1
0.6552336285137607,1.232918586677483,-0.10023925515627474,1.3145809140480336,0.8175095356441264,1
0.2569974455858305,-0.33674303004789563,0.2950642225057196,-1.052447396374002,1.0684759008596945,0
-1.323649570842179,0.8143398145678733,-1.3647275005873565,1.0453700867011844,-4.640483202962754,0
-0.435901469090433,2.9971982917191387,-0.4364124201917803,3.7473077736877607,-1.5351638410010084,1
0.8775475534514207,0.1051599818512121,0.4952252446200267,-0.2303055684159696,1.7712830457103115,1
0.351662354974059,-0.6326482514400192,0.0391060460385384,-0.9519686428229879,0.40454747928365364,0
0.5686446160127705,0.1724198520913992,1.132867946197326,0.13257193772622888,2.400683056976469,1
0.38292171005726305,0.24655209549731796,0.6034645175576372,-0.004057520451550917,2.143716899342536,0
1.6264307346088593,-0.5245367390000981,1.148057696320217,-1.2806953429379944,4.669517601013189,1
0.23604306382437004,0.44162506781421695,-0.7393053833856837,0.2490062215219411,-0.7368037877754458,1
-0.386022797870698,-1.2544010597275013,-0.843230998926803,-1.5479056693815185,-2.9027102233774205,0
-0.9157550411335605,-0.6655338670086792,-0.8371055050534653,0.017743564658457722,-2.336803940004928,0
0.24960945820971187,0.7582447761547977,-0.066356400967509,1.3359321355481366,0.8905564131405614,1
-2.4407040147750845,-1.7548708515422513,-2.795529117363495,-1.056214363918786,-10.039328458719535,0
-0.18428900183271194,0.9031675919947765,-0.47886922129804343,1.3040300928431308,-1.4871120427335016,1
-0.20583985992134396,-2.011981365705703,-0.2421936412894879,-1.9090899099651653,-0.9918115592315098,0
-1.364470853617281,-1.731324578876315,-0.9721568971381065,-2.1685285925985,-4.709967556425706,0
-0.9282658386559959,-0.4989787430558854,-0.9284754406288424,0.16407907077018025,-3.3792836608115575,0
0.8096575301482412,0.28686384281935035,0.8406260409070665,0.46075856119146885,3.174784308697257,1
0.23071174907496253,1.3252636031273883,0.11828156713355233,0.7012484292598623,0.3479163274163116,0
0.1017883337073275,0.05762276315959555,-0.14789008237004203,-0.3993113329343605,-0.9995386182334736,0
0.30634753393202263,-0.24655360757598987,0.7534679695919875,-0.8784261986077646,2.352701292110402,0
0.09262758794892355,0.5795812479848041,0.46382862187102164,-0.44643323232348986,0.6707506943622659,0
1.2428625628583145,-0.8708988204679343,2.2655025216913396,-0.6766377279933693,6.0521635179508495,1
0.12342918170364875,0.1394151593464063,0.4287113308982752,-0.4795225265698672,1.8832126368739404,0
-1.4582131138187504,-1.19944625795536,-1.707420274722482,-1.5774188983707353,-5.4038330930273775,0
1.6301299648744103,0.08259051687541312,1.1778043103193154,0.1020103311992969,4.3962738169676925,1
0.37034026732884573,-0.12983632584940336,0.846812897684654,-0.2237827877930298,1.6545872381535671,1
-0.5892537307950677,-0.8042679214494173,-0.9967471729501227,-1.1609888421135026,-2.3944296616467797,0
-1.2534017182950186,0.16504063653773915,-0.848533375033983,0.9245051430686181,-3.128646847106378,0
0.3959142209580454,0.1585496531596428,0.015957224011738436,-0.6047775927165318,0.37242026109076715,0
-0.11717200497437547,1.1754540123391348,0.057407186919264774,0.43377093816393153,-0.690448626323313,1
1.5741467860324088,-1.6056334030627877,1.0442711785992276,-1.376711449268519,4.64256217615013,0
-0.34590728066682785,-0.0760489076970426,0.0440353964992129,-0.3891153898723592,-0.133829184575516,0
-0.8373807896824669,-0.7602623997034793,-1.4542166174370914,-1.0928862879377386,-4.350874465068791,0
0.8957962182359285,0.8697620581762918,1.0322748829892794,0.3302440426033111,2.856662394616726,0
0.9252818927168314,0.7539120651921329,0.8263619256033254,0.9230126584306169,3.053025990350492,1
0.1686513676101955,0.507879845068621,0.21955458622332544,0.6206957823751859,0.9229608842043313,1
0.6763570476749083,-0.7038332580694631,0.47845513059409134,-0.6442717037327393,1.7278964146914622,0
-0.0376871207422379,0.8854705829400954,-0.24731709442773356,0.5939921222795921,-0.4202182651057734,0
0.23386510100924698,-1.5301309287433318,0.31125570301413286,-1.9056457304489844,1.1537959053950873,0
1.164990882563923,-1.7353107035927715,0.6639216935189971,-1.8168576228786966,3.6480616820021123,0
0.6253183340215028,-1.275870999901924,0.12130730318816452,-0.792601095283668,0.9702504839986889,1
-0.16927443833262468,-0.03347481032690589,-0.34854918815183056,0.7506048887413775,-1.520638054314027,0
1.3523625459261508,0.6751644009882938,1.1536274760666472,1.2308420575032093,4.302138935754548,1
-2.3648553727915127,-2.9760324740095245,-2.8675536046937,-2.7231638030615413,-8.438639235248914,0
2.052073311421935,1.3227428318797865,2.514180657879267,1.813830918299053,7.224909243669796,1
-1.7059590948907353,0.1311121961784342,-1.8731958041065377,-0.4598557387651885,-7.461860235926613,0
-0.627092824772296,-1.5677723475897751,-0.7404239262703517,-1.9246574848826556,-2.4755063771488275,0
-0.04091753519506904,0.10094697028958102,-0.7046816981798423,0.36314622314001355,-1.6603773508227806,0
-0.14648067072816137,1.0925254146784196,0.8893372565778983,1.0334449811542032,1.454771004389528,1
1.0064110400265547,0.5994410153062589,2.219944737804011,0.7681942050494319,5.826719084086003,1
-1.0578366186102344,1.099073062553966,-1.4480359078124083,1.5888056580659204,-3.980038254602803,1
0.2607668174830632,-1.366246629397111,0.873810008067612,-0.9542324871816981,2.117539365584535,0
-0.578212098219754,-0.4140052351384046,-0.6241187900885492,-0.9594869901715033,-1.7057610272923989,0
0.2951409793374166,-0.9246922305235321,1.0970257757439696,-0.9187700774742614,1.3980112058045404,0
-0.06477225979787651,1.717580205044318,0.10334428340231666,1.257168914113625,-0.15498893382149326,0
0.09293565268297786,0.63936284348663,0.14281673706667733,0.2507038241665881,0.01738886008584728,0
-0.5499248324643456,2.847009588957641,-1.7995596022736366,1.991575086414331,-5.566332189154263,1
-0.5100639500960824,-0.46760953341722744,-0.949366936809424,-0.40080931223995325,-2.612131508499984,1
0.28727251402742693,-0.7246742116823047,0.2975328488148982,-1.6170614962483207,0.9758194771519468,0
0.9437155057560443,-0.14282663859515055,1.0430486321080334,0.054239980830938145,3.268146718382464,0
-0.5982793341978477,1.378357221422549,-1.20569619116654,2.0575810269139345,-3.371799501645808,1
-0.8687675445729097,-0.36611968937534733,-1.2331533089110491,-0.10095162988509077,-3.7177626430851656,0
0.613460165671837,0.12443759790694367,0.8901836742972468,0.15038177682482368,3.207106934824356,0
-0.0325038930576894,0.09669070288681912,-0.7241092579243682,0.8639147655883671,-1.1757094794425846,0
0.830498133985952,0.03949676120218946,0.8973629958477216,0.20321960988696994,3.204750556349688,1
-0.9057972133711476,-0.652398460462478,-0.28682044762661996,-1.0837701201059127,-0.7787173483619672,0
-1.7794389254234309,-0.13729106791036658,-1.5867041108675206,-0.07473784204478953,-6.19660307975772,0
-0.5330040818263343,-0.18010260135135786,-0.36526071024334583,0.799743148945717,-2.209978222290897,0
-0.766352609265016,-0.007564659674649148,-1.776428333853898,-0.553884076995808,-4.115309532769844,0
-0.07878840008029991,0.9435168181527083,-0.489744788289248,0.2534548782853444,-0.16425312025035232,0
-0.6368452142703895,1.7606280346244925,0.39025570252513053,2.068082358295262,-0.492352479683994,1
0.7410169513364492,-0.8404347626697068,0.4414359925634831,-0.9524613466512503,2.6832983344825116,0
-0.28815026242251623,-0.39199362478771504,0.3440878423510177,-0.6579945625376411,-0.010777617626262836,0
0.15047449877390098,-0.8250118984061866,-0.1549459459042404,-1.4546016085071063,0.2081963641057863,0
0.15763455844094396,0.18710153722227268,0.01872430768621236,-0.7879545817710996,0.5940369156402135,0
0.19495509241218734,-0.5383494575109768,0.4527485150889466,-1.2665644769266873,0.8824032225358278,0
-0.024129110454973405,0.2397968337419887,0.026217397542031364,1.0472595964056688,0.9396036361527658,0
0.5106006904103135,1.103626910444787,0.7013569159108535,1.099189788872548,3.1494061793215935,1
-0.7956551338258075,-2.5258316858046084,-1.204850261189301,-3.507013926831327,-4.113786477425244,0
1.399417926653883,0.4917798896006909,0.8312828319195048,1.0838228587600727,3.8622196770105908,1
-0.2365373833685352,-0.4601870488978789,-0.6794731905637859,0.15722993460910822,-1.25650131848989,0
-1.3115491378986817,0.46042226798438896,-1.577708208629865,1.075039245825807,-6.06403179299448,1
0.18807335699177305,-0.8964694377502004,0.07343266596306743,-1.1077350924922005,0.44209067398806584,0
-0.851180482447485,1.196260988306875,-0.33254279212757476,1.0618556824355891,-2.768445227811483,1
0.665334534508875,0.9132806180402842,0.7090052625213991,0.9820945498943263,2.7497544533865854,1
2.2096055760423776,0.5683521485426429,2.45190412729667,1.2688754025399849,8.261203215586123,1
-0.7865720915578501,0.7932257178100984,-0.7157715852677841,0.5157752082657814,-2.7982858543755986,0
0.3323723332239848,-0.7456204671721736,-0.2253447935404032,-1.1228270894625307,-0.7355817914494124,0
-1.7555055887046276,-0.6196237546892899,-1.746870825701803,-0.2717853205107106,-6.426300941423193,0
0.4539052294413472,0.7524362008174793,0.5192962845371152,1.35706356774231,1.9790489035037997,1
-0.8857137997996896,-0.767729142768612,-0.5057521891290357,-0.7941244898768908,-2.3605601384722816,0
-0.6248346184344822,1.445635046658087,-1.1591286532562148,1.7808550005590567,-2.6592438199947437,1
-1.101286489839828,-0.3235910712810315,-2.121491922414008,-0.2673676892440149,-5.331034313435594,0
0.7321512260547355,0.5018943898606217,0.8202831336399842,0.3762720868083611,3.281440467509936,1
1.0073043574732625,2.09924951925509,1.1842293582674526,1.6846104200121643,3.610530911442065,1
0.023385214658507663,-0.7062233540680766,-0.06630718850001613,-1.283153304791551,0.049951091328992725,0
-0.8644267053357196,0.0687617508447828,-0.8504162549723241,-0.238621280040474,-3.4800896880148016,0
1.5895230361038624,1.0541831646373077,2.0289092253952647,0.5661535717030461,5.812135797870663,1
-0.7504101277546562,0.9512773888765313,-0.9798129160184106,1.0930186554062464,-2.494314324672617,0
-2.162032299927439,-0.3278153102393581,-2.3013527210067286,0.28095757346903544,-8.439015903117147,0
0.4583890099570684,-0.516730437521854,0.49790723226398437,-0.4147257618364042,1.0364211199131228,1
-1.1047746736415167,-0.23313593254505174,-1.714682013226188,-0.6934876023883871,-5.033928708885181,0
0.9886087934991747,1.4478577661513639,0.9126601809752976,1.8755463066643436,3.172895612211848,1
-0.38113769667341885,-0.27910585635994656,-0.41300935534052186,-0.13066510831009231,-1.4898343988080545,0
0.6037132405441962,0.07811569248346499,1.4222343477043333,0.32552870283935526,4.902865809922625,1
1.401500346552158,-0.4267864709234251,1.2524425177379277,-0.6864703264646064,4.109902379800134,1
-1.208858864620722,0.7055485647959867,-1.1088532446484884,1.2722368509552329,-3.783478180518422,0
-0.5659371308924055,0.15552503758365635,-0.10662832819753437,0.7196578866731338,-1.0188160737523568,0
-0.07567107265706344,-1.0034338107582292,-0.49441343531227755,-1.0954673830874486,-0.5976640156478684,1
1.5375513190343435,-0.9688241140349945,2.2254215124724266,-0.6095981907335324,6.36427556698787,1
-0.6583827179404454,-1.998605566555507,0.2235523980881935,-1.4478609905196729,-0.6527016987392348,0
-0.5945036959490072,-0.8313214091256161,-0.6089518397733448,-1.0640075221698766,-2.0525858887802566,0
0.4781405755558084,0.7939458036321722,0.20842754482611836,0.7533264798147699,0.4171553598706875,1
-0.5772287257105709,1.323760538012268,0.23633098648462303,1.3636562166134711,-1.2959562802667581,1
0.15252588289761657,0.685558363217184,0.5503413192816906,0.1366482840942852,1.319072143234635,1
-1.5515374209681267,0.5546322006406813,-1.5105528186362087,0.7754634564178849,-4.679593050418763,1
2.2143299425565965,-0.12652604952864957,2.9277518523644477,0.384735358271054,9.000896753014562,1
-1.3477092303094034,0.774914554913987,-0.6872131360347437,0.7029715468050631,-3.503532415085445,0
-0.32175270399020833,0.2862782230818843,-0.48988118096931965,0.4562032502580181,-0.8870385546909425,0
-0.032481035842094615,1.8044489719871246,0.0918838908074803,2.5037393699462127,0.060638267838198534,1
1.9126881343567956,-0.09844531417674844,2.2010843783197735,-0.30102125157822246,7.659655444743819,1
-1.32484578093274,1.343008083736131,-1.3104807659888145,1.5231405825496327,-3.27499634811166,1
1.9837041354787512,0.8741140818178601,1.288268840026611,0.5892079809830232,5.263561733213942,1
0.7571768211020226,0.7354432862041588,0.28804706925289936,0.4368901366694517,1.6233320096118733,0
0.4170953244232462,-2.01149132546182,-0.2620360683068674,-1.8405446947254265,0.29967992196854126,0
-0.9846336870179557,0.9291895615477108,-0.7381715355059537,1.0498743452043544,-2.207481723411488,0
0.5711412420380737,-0.12750797890915327,-0.021034916523798408,0.1500269408546957,0.7570786415314347,1
-0.7234866224198,-0.4439264944348915,-0.6272775870110849,-0.40584711962266684,-1.975150482780595,0
1.2666612531984123,-1.4829130411779132,2.182613166335991,-1.2503416325283359,6.43916077022679,0
-0.9710620291077331,-0.005587133968183114,-0.25717693665165997,0.8271723520675013,-2.00706689982871,0
-0.11315849445608393,0.03355159681824261,-1.0318668179230732,0.5635067994710312,-2.4436821744747474,0
-0.5552730880131714,-1.3030019218148046,-1.1946238233986746,-1.1338110724425603,-3.526764918341698,0
-0.9875229624269946,-1.473280172893692,-1.3757811745169237,-1.2208266737253566,-2.7000838434863796,0
0.7413198169079143,0.4866194801281112,0.1568079722982305,0.3371684733760099,0.6550715574748704,1
0.5354587474096335,0.871705131061377,-0.29144844125123326,0.7921105854924125,-0.5028536016484925,1
1.2090101989009971,0.19028290992242175,1.2035900290383768,0.43651337525815453,4.343065580374789,1
-1.7798751082081674,1.1508346496843629,-1.4273248334998854,1.1946597620422925,-5.422829329844626,0
1.0641707023410438,-0.0863849843514986,1.5411877217024874,0.3101243537642609,4.891807911846272,1
2.505448905356894,-0.05435127440020238,2.268210819984989,0.5791852273228102,7.857322489304981,1
-0.4516410891769469,-0.9170280287407906,-0.5875929393347427,-0.9679110092376728,-2.3658837599541034,0
1.8951486121089698,-1.5602419775537173,2.0729872346713476,-2.5648502471122194,6.845948972938588,0
-0.2631612720598266,1.8546621338595848,-0.31740405297940116,2.8717565967548904,-0.5757428945995805,1
-1.372409737561307,1.1312990502497464,-0.967106349513406,0.8050518337141205,-4.501694519590557,0
-0.3056324424067956,-1.3925125671384784,-0.09045001098953886,-1.2949317155891387,-0.5637862771406461,0
1.048203967675276,0.15575190783128046,0.8600517559182613,0.5194980511947673,3.0362796937832774,1
-0.8381764823315314,-0.10004631110366666,-1.7664946381582531,0.6044404583178747,-5.552494453791415,1
-0.6003386590064871,-0.27399247316304337,0.14917714373450963,0.62902463112202,-1.2428575418752597,0
0.5935394322931908,-0.4090178478149397,0.25049828757103004,-0.5909544166986698,1.846479613619881,1
0.003060116738572855,0.38126914696797887,0.18183943960370302,0.9761140304394426,0.06635257592033106,1
0.5846229524867408,0.8181755254714744,-0.373672881872808,0.9171654821589067,0.7514930050933339,1
0.23782954075833587,0.40239116902820543,0.23217124906543343,1.7739930041343932,0.8024629993238682,1
0.47962531955157295,-0.12051837437919372,0.5297562999826725,0.42970398775082613,1.0950374656854556,1
-0.4323011858095411,-0.15722671689112,-0.35800014953571,-0.24596376109727786,-1.1258526263035076,0
0.23173094203039254,0.9368143169226666,1.7386275833893907,0.5402779083252187,3.4241810080957986,0
-0.9273730056959336,0.4634449381160623,-1.24293219259265,-0.8498499241409134,-4.065346505197493,0
1.2884336225033886,0.07268946303543318,1.698765735981735,0.4100274279755023,5.896543972140617,1
-0.6342747168173137,-0.03590129760010782,-0.37265849071262513,0.4683230813952689,-2.3415683338133384,0
1.1288474875493895,0.34527050961228883,0.7895279912155964,0.7180007318122676,3.047519596882603,1
-0.2336069609828654,-0.46834868855944944,0.1692277406075995,-1.6450559122440545,-0.5537209615814784,0
0.20199901075732124,0.8215388173082104,0.11983854229192004,0.19253332246347743,-0.0524908618323533,1
-0.4949645508907007,-1.0758585618378669,-0.05734294210234131,-0.8354468228894734,-1.0937283046828066,0
-1.015995431168029,-0.41145650976648196,-0.03551411945717187,0.4813053579739136,-2.0238062572443916,0
-1.7447603876053015,0.611106095446024,-1.6693609422882516,0.5833291940846724,-6.092815977530286,0
-1.0553241585924595,-1.1328828133542732,-1.1958867731266851,-0.5871236850584315,-3.6553397536261585,0
-0.3239088532159216,-1.5730085426495004,0.2018692386892849,-2.090211954368749,-0.45755505323448686,0
0.2118791788288839,0.0630776754292401,0.9102057617960546,0.16664169175540203,1.4041389260042192,0
1.0103793132832635,-1.6964581544464707,0.5687505435872389,-1.8337882199247229,2.9738080551047488,1
-0.4457574597968489,-1.2988035540518614,-0.6722360045658865,-0.7050088171364081,-2.3918975502560125,0
-0.8819607642671741,0.7565941185064321,-0.5442491283465432,0.4866759530382406,-1.4975549024120025,0
-1.4427147860027125,-0.20478525760573577,-1.5087307912100723,0.6337210843267341,-5.3860318307848765,0
0.4800636179041039,1.2854869497089856,0.0028976114107104323,1.1316307078989916,0.6579030571552218,1
1.3831945153293432,-1.204814340937455,1.6535419292770406,-1.7397458390135383,4.229829482242222,0
1.2663302679562887,-0.09395236563228432,1.6020751258096748,-0.6121060245012433,4.522778805652641,1
0.7099327481472374,0.399584553207759,0.5427398701987497,0.08837098703382973,1.010808587538154,1
0.638543317267599,-1.1705149301289088,0.6692176999332174,-0.9852312661675506,2.44329403628919,0
1.697623779709341,1.0317619044996247,1.4093372452362813,0.7267719169790633,5.324211784243514,1
0.3320814614168105,0.5106788831660388,-0.2155372515391758,0.10044019534055287,0.3821092942622919,1
0.6461296760241716,-1.609287086687434,0.39759737271007833,-1.164383060920231,2.1680942474320335,0
-0.3207838618519991,-0.037741796208600506,-0.28381768676404573,-1.6433511014278332,-0.5680751985638952,0
-1.3620433708547575,0.38595673625863275,-2.099587981589406,0.1710159180408077,-6.354761113063266,0
-0.6838489004995763,-0.5900566735280575,-0.8958553661256556,-1.257175747395629,-2.774777692711482,0
-0.009159038534655271,-1.4798649055088138,0.0347560267617141,-1.9141421246807246,0.3452445064108605,0
0.06078537250130285,0.27845878944741026,0.6581153275637366,0.40033375124195336,1.0100447039258384,1
1.9262858548553932,2.2112429502825615,1.7699896774551276,2.1086266277650387,5.960401913836725,1
0.0812771675910687,-0.38698409915769044,-0.5416740074635423,-0.5347670813929073,-0.19139864366906878,0
1.178843444025644,1.5692411812847087,1.0740134376767794,2.1639956207668414,3.013209937202535,1
-0.43507724157631605,-0.7522888217614683,-0.7183618936213613,-0.7590979016346784,-1.8393376069457652,0
-0.31167588576523414,0.21554563500995175,-0.03558660823655241,1.1185740718134078,-0.36808118684977964,1
-1.3290076372234483,0.7715225308761193,-1.497960300404563,1.1276184198765018,-5.551092343929919,0
-0.7423280128765718,-0.008413665971365013,-2.0976113236662073,-0.4917685267375195,-5.642636195877729,0
0.5269813913637531,-0.29773564888123116,2.372793641962655,0.669310336261196,5.357638855975838,1
0.007560180394133265,0.7261275213503737,0.0787418261895981,0.8651801935958796,0.27716006585229536,0
0.9429386198972337,1.8914551152692207,0.9875343750515233,2.8273290448891606,3.5653123145589345,1
0.18125394834505026,0.3005869246391313,-0.5894510376534657,0.16753915312275175,-0.9224859248791755,0
-0.3524537316377418,-0.5160601765303474,-1.0847383646185478,-0.37994430282638403,-2.603961010626218,0
2.1482968637869586,-0.189751557259683,2.1023223849504427,0.02630552540285397,7.756815199769843,0
-0.09390356871304721,2.5197076456453744,0.07418209744277278,2.435650758536515,0.31414045673880875,1
1.163000969705304,0.13490711633812782,1.5140580392936802,0.7708671141315708,5.539770736386111,1
-0.4012092065446777,-0.5944136985779728,-0.28249037788554743,0.37187730567418176,-0.6452266976670089,0
0.7095994793835665,-1.14506791648254,0.1166283777994993,-2.291781055790791,1.3065516366378058,0
0.9280156591516868,-1.8259010941126057,-0.32421764538833764,-1.4184919066168502,1.063929231745586,0
0.20849197057558072,0.36358427384619,0.15838079588647813,-0.08366763107940256,0.8414111201848586,1
-2.354482922696602,0.6546419928245036,-2.621470258001166,-0.6417622341103834,-8.692461609869309,0
0.018252460856112946,-0.39669617996520684,-0.6130334012000295,-0.13818705173311047,-1.6329873270892539,0
1.2304600477599754,-0.014970418030954094,1.6444891598127882,0.24466633071898528,5.2157963285514075,1
0.5274808330277304,-1.1704617092886238,-0.26030754156226377,-0.8303981217576817,-0.7620181772959322,0
0.4458388752292466,0.13292846482750106,0.7543232949575379,0.31844240377926336,2.7135674949221635,0
-1.722256933957519,0.4814953205671245,-2.42732592146626,0.9190079322089622,-7.262863385517093,0
-0.7204550706750589,-0.5351642671676379,-0.6534107278833934,-0.83668866783976,-2.4670965785577432,0
0.41135763115143903,1.6904526695858397,0.8783447921607499,1.822119864163299,2.1633668925612812,1
0.41038327678689207,-0.8371063267469117,0.24141661898575503,-0.48802319253262705,1.4256594284237252,1
1.2146667801329027,0.28347660401898234,2.0596266973863138,0.9599546652986705,6.860010605073054,1
-0.14486675514609437,0.8483172197046055,0.8140764076506576,0.8702399560806724,1.598392630898393,1
0.40582408667381425,-0.07728950014938255,0.524411586683642,-0.18418728279813745,2.608683231237705,1
0.016374241931293703,-0.18847681889449142,0.2870669272264303,-0.21609626615332408,0.9908723251197836,1
-0.9869427365015568,-1.4288661504496623,-0.45658830334329714,-2.025662703172707,-2.796291959259579,0
-2.2557913310947475,1.3573414957162835,-1.9835781448520027,1.7421536385769296,-7.10697865974736,0
0.43100969213007667,-0.1698932016675959,0.6496313009293486,-0.8985516550667821,2.1408111848046496,0
0.17394720841281136,0.5373654249348249,-0.08808749297523255,0.7328474764535061,-0.31825023272366515,0
-0.6181750421001689,0.6727204878601408,-1.461853129689025,0.7150075989898679,-4.054832000482315,0
-1.6191730565158646,-0.6282984920177531,-2.314220763140603,-1.403784774726366,-7.270976257232391,0
0.629739514408738,-0.1975286042912149,1.8209231937894974,-0.9445016551571128,4.636568398772146,0
-0.265920074195552,1.3344823507435037,-0.10469059529305177,0.9076366142536226,-0.7482806894545921,0
0.5568747223681456,-1.117197665740445,0.4340329816724799,-1.2891686544880798,1.8377114697069432,0
1.8640485304117584,2.1279180747572566,2.4957121599707133,2.8681577155829636,8.0028402419202,1
-2.141430880319705,-0.744872785276274,-2.5161598667506198,-0.8002403684406736,-7.610631837124124,0
-0.6996008087023639,-1.1795174566405118,-0.4080466749957699,-0.9062739888045538,-1.590924666966008,0
-0.20937561331191326,0.1323090206885346,-0.17077959653189423,0.7656117093275876,-1.006593022330287,0
1.4548261741466506,2.2083482643398704,1.6848399246984518,2.7449319099161693,6.6074705678201155,1
-1.636403019206485,-1.9109659355922048,-1.8046079538534132,-1.9144957920275285,-6.411554053549932,0
1.9358610256806046,-0.14101571848969216,1.4535138720354144,-0.4937783562630519,5.617023093428724,1
0.1358559015662905,0.4762650172565557,-0.27557963500353055,0.7256922971037321,-0.048627507485988763,0
-0.09600066173385824,0.03364995853553139,-0.4879427628640069,-0.30913595073287864,0.32776332561519594,0
-0.19805976321890642,0.38192167000300986,-0.19954491937998425,1.2893239962642506,-0.49538675784246966,1
-0.4362630321800288,-0.7180330821722741,-1.2143306224170003,-0.28413383245465446,-3.403846729137005,0
1.0481167592691547,-0.599721845931381,0.4244024517581083,-0.49537369388954483,1.6013168328917264,0
-1.0685207540824389,-0.14842264715919978,-1.0007586053178377,0.10791323587174262,-4.457210483453872,0
0.3454141816438536,-1.129888087902751,0.28157665943689614,-1.0407448431459523,1.0867536851521211,0
-0.38418166570697554,-0.044686401440189545,-0.2890658985786263,-0.22885121639700123,-0.8820314109088447,0
-0.7621334485140979,-0.3887452936715014,-0.7846552156806523,-0.1394403295517094,-3.422417272482729,0
2.585975175683896,-0.4700451851548684,3.8454502791280025,-0.591491135313462,11.680849422470645,1
0.41905073475346005,0.32050641259863766,0.48241995174889674,1.288850628817416,0.9366299898379282,1
0.6132655446611438,-1.8206594931993039,0.4237257199175059,-2.1670111933335514,1.3051473387159718,0
1.1377767806686623,-0.22909010338315364,1.1883426733494171,0.02530860924846709,4.3992246780097854,1
-1.4213499453185472,2.317353765614861,-0.9113724240633823,1.9259905190977724,-4.3285829809889975,1
1.7522919091220317,-1.086109686325625,1.7274777144332991,-1.4826917530923143,6.7384341592531065,0
-2.5089571784950757,1.2855004964844134,-2.166592999176953,0.39245556439316576,-8.388810797403572,0
-0.7687664100385205,0.05465612091269875,-0.5707434278374124,0.2603936732992484,-1.7399155432246918,0
-0.45903167317890037,-0.6029578088814183,-0.6042394616002225,-0.8691907644040477,-0.7644188410800745,0
0.5817233649705059,-1.3206416595298067,0.6371612644114819,-0.7789469001216472,1.7740668872935381,0
0.21871826614148773,0.1396819652852321,1.0181793232375258,0.34632966159365913,3.597450382477649,0
-0.16681474069839325,1.4533971058146764,-0.04527559317941106,1.5275094348293266,-0.33403024214244276,1
-0.011997344627723866,-0.3892111451967638,-0.5050078567132591,-1.094460532188887,-1.3442953809943536,1
-0.9780230235225682,-0.08096142473677351,-1.137778237089006,0.21149122769719378,-3.8906115633748533,0
-1.4972323944841732,1.010370850190332,-2.5543560193505757,0.6792977742306068,-7.556283313043788,0
0.7265116223360603,0.34087079134628084,0.7952109757125003,-0.3755485567294081,3.3810845348717686,1
0.6937061125361853,-1.5722757797245785,1.3497372844275923,-1.3570190399601696,4.398952433894659,0
1.5844943751570586,0.09888721585518365,0.9137914910901316,-0.5302590944068717,4.8573086207290235,1
-0.7900170968152079,1.5122349106655983,-0.7151507295611834,0.46667256048108596,-3.2650335584308525,0
0.6928152103009225,-0.03694118646749832,1.185531113235566,0.6116260409340882,3.50493638732551,1
-0.28370672836473176,-2.741489429477377,0.2618625882335104,-3.0218554309053767,-0.6766820711574753,0
1.1904749851934822,0.388214991591073,1.8303755713313978,-0.48402903764032235,5.952012887038169,1
1.0219627766781416,-0.19845643954403597,0.08783586100538987,-0.6797523448822398,1.4667892334027577,1
0.2112093992244567,-1.8290944139212169,0.4636748765303617,-2.1896202124570556,1.4957029271838798,0
-0.33953015666598657,-1.6792080900537842,-1.0923127492132891,-1.1070944449067956,-2.9448499867189466,0
0.9609321786082614,0.9751071432888088,0.4617661103220258,0.14362326324748953,1.4870040145176306,1
0.6469045232565656,-0.73238274559508,1.0574656530608186,-1.4018358864697422,3.527864713566764,0
-0.6844404020861823,-0.9074963807359919,-0.6054168411603738,-0.41729488329312486,-1.7562987121288445,0
-1.327798673479431,-0.035638560931668735,-0.9646306363597441,-0.26050495872092494,-3.8512747217507024,0
-0.2885329006817962,-0.6442029983199388,-0.7530912030826454,-0.5302266293142649,-2.994681979921038,0
1.515413815348209,0.10004862777774493,2.2522153704296475,-0.1454140372561826,7.152728619501976,1
1.1464871587330383,-0.2027200294366699,1.4906541256535637,0.8075650489743239,4.332244935770221,1
-1.1123274696705807,-1.199995580093643,-0.667678410023851,-1.8448431580538411,-2.745559867737408,0
-1.167757415899921,-0.5111977985613847,-1.707840803957489,-0.37013996492226353,-5.412619131341936,0
1.2746838496794863,0.4427533213091045,1.8603844697857954,1.194231614937812,5.438814131602686,1
-1.135635904757829,0.04191804023862554,-1.2937166930780306,-0.14557496489800753,-4.04207849096199,0
0.509295323642008,-0.08194248239183136,0.20368218856931264,-0.4588295100964256,0.7608549006371668,1
-0.6160712153363238,1.9373842411793845,-0.303339445313493,2.320935756587955,-1.6141277765785194,1
1.6170449245216825,0.7310375253855356,1.908650811915652,1.2330699305237243,6.497668439771894,1
-0.7704247991378789,0.8524412648213425,-1.1938342230165477,0.4524894223256912,-2.460081080581733,0
1.1433615302058282,-0.16596840779492483,2.1715120353020883,0.5651298891577937,6.020831706915905,1
0.18485865406036467,0.22014519035127497,1.092033942255252,0.24575573642521914,2.8811005230021722,1
0.2521948542342868,-0.4310999895256928,0.5547124246401713,-0.17671934146155932,0.901813056779281,0
-1.9703085813514014,0.7775497655241282,-1.7551068699855574,1.5216903607938845,-5.618360189828536,0
-2.2029133532057186,-0.11039990409904325,-2.0380202400755705,0.27399020879515623,-7.784429556032204,0
-0.22056594026731396,0.22237774893055606,-0.9955642532766498,0.222253161221469,-2.3880731894456164,0
0.24690606341661173,0.16061130215516814,0.30330975737734317,-0.175184751103629,1.2325862969353878,1
-1.1251978277377233,-0.018166881405454506,-1.0754270367898493,1.3360859439357198,-4.228607919504424,0
-1.0886934104763422,2.93818806715577,-1.3766992535955327,2.5436799781291306,-3.8459844233316134,1
0.561472629826133,-0.6666192774947225,0.4067980438253408,-0.5075547305045867,1.324901358761048,0
0.5628544804571306,-0.6757115301586923,-0.6277917169006056,-0.4207168364748776,0.004010248465086574,0
-0.13774106038792705,0.6940967468117569,-0.6863775254504225,0.9727514811208953,-1.0455156546314581,0
0.780201721186075,-0.5951689990751792,1.2411148669397198,0.46883946687807154,3.941746760327426,1
-1.1742022957201466,-0.2914063613488932,-0.3086038449004661,-0.2676211638044272,-2.0242956494590083,0
-0.3559349170869707,-1.086410953355618,-0.8276252597348562,-1.1339439212874352,-0.9237156205207449,0
1.6478776057836733,0.4915579194025869,1.7393019332716426,1.2676969482063576,6.158692411049463,1
0.0683221299398179,0.5042572444841515,0.6175132946384764,0.4363151714508058,1.3924294360594813,0
0.12631251458700002,-0.3151920599234445,-0.13379499836037698,0.12282010908610641,0.08999524202250389,0
2.3059465859677397,0.7148166884800725,2.6440706745850475,0.8120116077783921,9.382724587323167,1
-1.3993421658487708,-1.8581250137335916,-1.416237013638851,-1.3976375556550118,-3.7668496332543415,0
0.7964303666421104,-0.7068534015143436,1.391631360854785,-0.34412926297099267,3.894675399051195,0
1.6639862798080995,-0.1699791862109306,1.0227609099737878,-0.3715352359118209,4.085311576989402,1
-0.3248579264985461,-1.1722824969029528,-0.8771462408823727,-2.0942888077321378,-1.6603046532272758,0
0.8596307868548461,-1.748713037418722,0.9994003713262516,-2.585667394690811,2.6067028550471485,0
-0.9820194972109048,-0.30789596503844696,-0.933916447260686,-1.2280852605863544,-3.2119827510365035,0
-0.6867323955673516,0.6940200870607417,-0.714894343814017,0.6484217634301163,-2.3075747314121187,0
0.3849664160476343,1.2821083914265121,0.6728834961498757,0.10579560639936103,1.8695480457725868,1
0.7985666731105902,-0.5472878832053729,0.33324189083172207,-0.627283043392564,1.8400637028424804,0
1.1209365124062458,0.7332158376215936,0.4362187065955315,0.8000995111570899,1.7275953788278344,1
1.569628586939493,0.6365420380756676,1.3195745329251303,1.0646552603742934,4.5594512592938345,1
-0.06744655855518213,1.2186081743344965,-0.2615858379042314,1.470798010664591,-0.15579609958757057,1
1.1936117551725878,-0.3501910303540016,1.0517381646436323,0.10075150374990444,2.873259565079933,1
-0.3423048434491489,-1.7985004951846741,0.2922180122277894,-1.5915479330669782,0.027981653080221394,0
0.9020913115882678,0.07018585242274462,1.2872999349878724,-0.09158491760646269,3.771453895329069,1
0.20748879785218177,-1.013793740969723,0.47410873242989626,-1.0667852129267614,0.26323133434150814,0
0.4456779070819239,-0.7235051090620076,0.5566777043965795,-1.149327090194134,2.628060493884556,0
0.42350787402203743,-0.3012191440531826,0.20641364616425986,-0.18717587988370354,0.532955057261542,0
-1.6047050097978122,-0.3389276313491431,-2.0316775881895346,-1.1310254065374115,-6.195949334449155,0
-1.1241218588607733,0.14155926689579443,-1.7227005692067838,0.6745769938989482,-5.3660327308212565,0
0.10254143981752241,0.7031563164196175,-0.2447119854178153,0.22485937310369375,-0.758041700591674,0
-1.6872790796411685,-0.3677355832759664,-1.7087400738216627,-0.2908129224369742,-6.066389049814622,0
0.8312111031997558,0.3956975066080047,0.25371900310842244,0.5564366742617987,1.5760776214089036,1
0.8715559662881419,0.014816009930505376,0.9563158451564465,0.5961774697576941,3.12659888342005,1
0.32717055287779023,0.935494395878445,0.22995148925996772,0.09491271682678315,0.5571829157414845,1
-1.1211340127579221,-0.18859185110631663,-1.3197832185295235,-0.35132145255766056,-4.828259744526033,0
1.3801389388685148,-0.07892667577455567,1.9609053894743333,0.19599724206544092,6.494247399241232,1
2.037210639718358,-0.37440044799890676,0.8069013286069922,0.5011913085071575,4.673086427887838,1
0.14707682744597397,-0.16224853995849545,-0.04478794519649096,-0.18166240357571792,0.100882617303555,0
0.5105353784512363,-0.7834881283458741,-0.6656833443635026,-1.080660982350615,-1.0113026513585746,0
0.20173865479604391,-0.8825972861435133,0.3210199912607651,0.13089709195651122,1.7318473932799425,0
0.5303691889987989,0.775765385282725,0.9114599805982619,1.1770457212101182,2.5747594566621133,1
-0.119558756626396,-1.0832016831846014,-0.7951118587332968,-0.39638504726201107,-2.7174164476785307,0
-0.034564239843803336,-0.31911808969790334,-0.6460930317894985,-0.9238884535477159,-1.2061205996247042,0
0.9057176004973654,1.015342786270996,0.05656768464213757,1.2759073383308015,1.089614852180114,1
2.3456241618964406,-0.3527007950036072,2.3774451582530247,-0.8943634254601271,8.728743540678149,1
-1.4000712344017388,0.828740453685575,-1.5704653725037525,0.17621845211411646,-4.721821784396579,0
-0.10381248440296688,-0.5910457207268417,-0.24313984959876345,-0.3001056890570284,-0.1805315397200301,0
-1.1804604852320821,-1.051163606350194,-1.3644463049750228,-0.7252399068910195,-4.730286790560125,0
1.5920248985760834,-1.5948258549008207,1.1052253663921139,-1.835831813963805,4.542038905508834,1
-0.5877379693198984,1.3127240692726614,-0.021800957371880147,2.028742683551414,-0.8009060577001224,0
-1.443200793785794,-1.1368711816344155,-1.3070304537199804,-1.3213810728041182,-4.332531439450019,0
0.6381869988485734,0.7471865901250933,0.04585523045977136,0.6121960831730227,0.5301143651761514,1
1.7443111147431112,-0.9999470267933823,1.3940377068268603,-1.0179664142905633,5.451255065338403,1
0.6635978685607627,1.3173839179398212,0.22756348132702492,1.1959125296136688,2.3844852349959673,1
0.20479787728191737,2.2067827246151004,0.9077618290184482,2.845413788290408,1.8550236723865732,1
0.4091409227759942,-1.6865300596903368,0.7647505591174268,-2.207381727432364,2.1301771176100504,0
1.4148406628255548,-1.0847564341588138,1.3515959343642783,-1.4619280295405477,6.132196640434113,0
-0.8741992700141499,0.7731318638032247,-0.02058867753722038,0.17742809036465945,-1.4730945665812516,0
-0.111847104086313,0.5130429233658149,0.6141746935132789,1.4548014598634729,0.29118170263907794,1
-0.45269014850953365,0.7769218547601916,-0.5680455955804187,0.6146621945904969,-1.84381672822177,1
-1.1678653072917102,-0.5737555504043761,-1.373147968353615,-0.9580138338942601,-3.66162911991579,0
-0.3283752594168024,1.9875341610233674,-0.5095572373654766,1.8438803170902018,-0.9833200640854242,1
1.1077210959824486,0.11804946668977435,0.6313477979979832,0.5425775173109779,2.4344317303691736,1
0.5666021483927255,-1.2169625768435195,1.4335893726263067,-0.8850798408520602,3.924779324698408,0
0.6443105001082005,-0.2531485000429449,0.1411042485787618,-0.5407379775417678,1.160751821912613,0
0.1464756116533182,-1.2035668962288326,0.5806277693670381,-1.403359982924346,1.7869858203015414,0
0.5233237827285886,1.590941358554105,0.8685953481830033,0.8632061330080144,2.2144776535986685,1
-0.8005903423481054,-0.6603312628001163,-0.9530233314598884,-0.5909696022206491,-2.8596733248752355,0
-0.3095098859272293,0.49248348474462245,0.5955126659049961,1.1336422027221673,1.6818869146171176,0
0.19200423696867674,-0.4706731449821804,-0.5875439235720875,-0.761561725986432,-2.193264679948269,0
0.27751585888189023,-0.6153873097625132,0.23767020839244507,-0.297480794559267,1.1880605022270474,0
0.320187854921873,-1.9102541812810507,0.07566777245162079,-2.201310678521701,1.2911508643262426,0
-0.13833528201637801,0.5981746029905671,0.3419612931190485,0.050350078528378917,-0.3017488279762471,0
-0.37742340113033,1.299181252629184,-0.20064046894274598,1.6393211540264205,-1.3277144679674862,0
3.157771283044298,-0.9159675813651519,2.294123693711052,0.2578571124289243,9.128052492397696,1
0.9067872729323987,-1.5452291149986717,1.526526994805625,-1.2735173103548598,4.047779825475445,0
0.4131474759526224,0.8033160427378291,0.6558783374149062,0.5963879493078574,1.528571057047417,1
-0.23320849820639397,-1.646241349106251,-0.7509544291878594,-1.8209243290478112,-2.0390930651367003,0
-0.45121882694387627,1.219532935948259,-0.6260583793370725,2.1741256306640837,-1.5030975775922337,0
-0.1308005937269556,-0.9043951229546205,-0.7807430512129967,-0.7509051130365441,-1.0138608312561148,0
0.2928288435866834,-1.1032927428246264,0.20740983077844355,-1.4862507531346068,1.5053899704973754,0
-1.880435544063081,0.24846242113129152,-1.8053765603831697,0.21734988944475053,-5.934506016800758,0
-1.5693895953746837,-1.0381392850114377,-1.736713174691658,-0.9305690535806633,-4.911453195885188,0
-0.6368823889389575,-0.7071110812932094,-0.8621146388753846,-0.47250423049353824,-1.6638890388203318,0
0.20713943677856853,0.3539819326710066,-0.5992307477470209,1.1100013397180226,-0.8047227818092308,1
-0.23927314715185138,-2.429112337166646,-0.07065241640024736,-1.7911630901187903,0.21526807430991768,0
1.4781212260994843,1.6424192459283222,0.5158939276680079,1.7415386341683305,3.460929293746154,1
-1.4823967869957688,0.043640132465737946,-1.4668570278771378,0.02289252625279607,-5.26542875794731,0
-0.7513454696033703,-1.292966012403528,-1.650923381619601,-1.094973141019147,-4.453749323829305,0
1.5200917409911012,-1.0172453692868415,1.5453441862342445,-1.3213621154410162,5.8770847168714395,0
0.13111932467514684,0.9916463782608022,0.1280598223812725,1.4816510500830593,1.1855942143255787,1
0.8848425828011585,0.6010529350741034,1.0865150666404286,0.49931703577545966,3.7905211900584765,1
2.0512469432694633,1.3867806572852113,2.48238980167026,1.6322313118437477,7.843631075773069,1
-0.6938044179018226,-0.6827428448042349,-0.1700102067763536,0.17388394037376653,-1.6254665037738638,0
-0.09931433779203207,0.29658383715080283,-0.904335637479997,0.5729870724142461,-2.8842850225409835,0
-0.2724269009308716,0.4265679117836776,-0.30152992749741175,0.5419194947965188,-0.8312331904191779,0
-1.9545930044832756,0.6952675002522368,-0.9491225622032486,0.43657377167481193,-4.6836883342359465,0
-0.31039680375596906,1.1272811234320694,-0.25084651950711545,1.088244094674329,-1.4896069199022035,1
0.8810621873806654,-0.7172639058443472,0.4653881172300087,-1.2852892047941853,2.4889219758058254,0
0.5405895418122408,-0.11417026776048074,0.5007389785925728,0.15242980561779673,2.0405289511366718,0
0.6190831693880101,-0.6101497455801451,0.4272501992309795,-1.6773304598209804,1.0412689429762159,0
-0.3755089806394995,-0.052611873356375655,-0.9637380592055764,0.4315914094039709,-2.65161157824485,0
-0.6560972360056414,0.6984327820629752,-0.22154514190213742,1.0642745617211076,-0.722713278490814,0
1.2692556718986205,-1.6540355002607023,1.5614319510363017,-1.604944537504102,4.710157147894468,0
-0.49731714635766955,1.1093715694592854,-1.1645716824137335,0.842863122352371,-3.0662982431071453,0
0.2940820387932141,-1.1391821242637497,0.24744474688476314,-1.147312085438888,1.0162409541413036,0
0.16333468067753845,-0.3073703196972314,-0.11989714391352294,-1.1943853330674261,-0.007960364486747968,0
1.4617170162571183,1.2439419249661245,0.6609207589946348,1.6558422265983501,3.8587690670401447,1
0.9714123576723597,0.3280097179834051,0.264002628934367,0.24609744835319225,2.452734646139773,1
-1.2952586206671208,0.3395299482636596,-1.9282385325672868,1.0971455357461715,-5.1670736507916795,0
-1.18755316677504,-1.1806260452951107,-1.2167680434964385,-0.9846309027328384,-4.371614801257955,0
0.5789098180691342,-1.0440859358238408,0.3499333179674559,-0.9283690506590566,1.830164665836283,0
-0.06433764737916652,0.9412563966689189,-0.5439316284271232,1.1417304657229537,-0.764455084282826,1
-0.4551717839537639,-0.5891435454843897,-0.6511132987642394,-1.076898838634649,-2.044150989369189,0
1.0156278839944708,-0.4949118732998493,1.3893953699172097,-0.7204088068232087,3.942651718267843,0
0.18745938208891083,0.9639512510547117,0.3658074307249387,1.030425717860045,1.0845930281108167,1
0.05245738688944395,-1.0499135453695274,0.5533917907003953,-1.2011956787294822,0.8826038959681843,0
0.7798286407550497,0.269235132886258,0.6656722083954252,-0.01902110309193783,2.1489733309981403,0
-0.3751089949435645,0.04290732616769143,0.42616960039725754,-0.09829083398126881,0.3997426624558574,0
1.568518985472554,-0.002685725863242228,1.7425589273218,0.0193792318331921,5.74373817374105,1
-0.788047623233008,-0.5184356318775039,-1.0325063349037034,0.6409355016584477,-3.1593231572920075,0
0.6569290663420881,-0.5798551814633284,0.7034049711872727,-0.7425508589682652,1.616590257702566,0
1.4338328386598451,-1.0783641637948653,0.8097948623649365,-1.4170789031715547,3.682565418101463,1
-1.3772954892721,0.48266502604130657,-1.5303880573959847,0.4063005300794973,-6.256851799603355,0
-0.3433351758524492,-0.6681491915167361,-0.12834806073914531,0.08264825773282058,-1.2944339725751797,0
1.1422073928855578,0.9687446211672515,1.4480421469348526,1.7552904812373322,4.564928607465682,1
1.1572445477310251,-0.22455504159065295,0.9521634363154268,0.7499939962533634,4.246754976605807,1
-0.17149560038823927,-1.0584504894210378,1.195449613373078,-1.0279627378077516,2.402081256747261,0
-0.7346710936768595,-0.2378138821484205,-0.8207749652545038,0.08298225265031842,-2.6984181369153837,0
0.9559358223307622,-0.41085719913647417,0.11673880125918557,-0.9358694364849098,1.4790088500852423,1
1.1835491025816047,1.0091034117280526,1.7901826985858538,0.8323830251834357,5.2303928204174905,1
-1.1646633485123947,-0.3690001892515323,-0.8610996965875561,-0.9265425779167431,-2.8163048170039344,0
-1.2039136489663802,-0.2762103812003258,-1.0880692384887551,-0.03958100264017969,-4.535183248512305,0
0.22525668198359955,1.4115467054924355,-0.007203763562289411,1.430753086926893,-0.03929163442994932,1
0.6293606334288918,0.508267321463349,0.8260338914421126,0.6213621514361631,3.129486437961136,1
-0.2990690852300547,1.6627060160034965,0.5104390377687605,1.2396006067763445,0.4003108743415661,1
0.6792938199823493,1.259045004063905,0.7801102886524223,1.6843886664087333,3.5487043003317815,1
-0.7101366068373821,-0.8871625883628546,-1.445153400242845,-2.0906768862538576,-3.610161768755586,0
-2.1146935990737354,0.9899508544001078,-3.841370640667619,0.8639367633162159,-10.277303148275555,0
-0.42390107233259605,1.5253032920745915,-0.2316212920134033,1.4719809974686133,-1.9119079529269978,1
0.06323214651310118,1.5328131323234198,-0.4297246241169528,0.5220118805942839,-0.234887717072775,1
-0.27583995989645654,0.9880959835766874,-0.32569631859435855,1.180160182760441,-1.4898474186578614,1
-1.1586032636594852,0.9675229949091757,-1.5631420751661849,0.8808909328570019,-4.506306760700872,0
-1.8156489758788175,-0.30266104367554975,-2.2561034679771166,-0.022102595769553146,-7.417531050103983,0
-0.5140888043678978,-0.8373820843495747,-0.8967258710110314,0.16253221341773638,-2.4531832392936432,0
0.8976557716497435,-0.3522173188974568,0.5602180916914605,-0.18990538177231883,1.9138047000307337,1
1.2561974394136823,-1.6647890014327629,1.6443154336551,-1.1784583491879308,4.3126368268138355,0
1.187713384138455,1.3427953154217054,1.4745352807067473,2.03327186038072,4.805918852850827,1
-0.815909535148553,-0.2832929594177121,-1.4199039465541397,-0.03727941127861925,-4.210572142047264,0
-1.153706323630364,1.29133072906496,-1.6895736868138682,0.8583929379093584,-5.556604670747743,0
0.49663461497989536,-1.2314995772215995,0.6861955672145816,-2.0515832428424403,1.2763180628951667,0
0.6351000115979253,1.0826249210022105,1.161351194315686,1.2698139707542473,1.9378253919106008,1
0.40016960520049744,-0.4948806581793196,0.9187402851575601,-0.6950095694306198,2.699514593508418,1
-2.0140632742377633,-1.2843694083091741,-2.515517694627879,-0.642568874515512,-8.179662710748968,0
-0.8668845848834666,1.6271180521597577,-0.3722288689333543,1.3895564716703668,-2.3467171010139953,0
-0.02968879028597843,1.1073116693407743,-0.9178236074454035,1.100158138790139,-1.7737746478965262,0
0.48721819463042715,0.21179242018578426,0.3857759861254075,-0.36771292815246537,2.0095813943445626,0
0.7673073626024868,0.033937885134963125,1.0108205839068134,-0.13797845068595407,3.307385475177676,0
0.1442535222820402,0.4395100188191182,-0.8951489842387854,-0.03190748123135989,-1.7954821966659504,0
0.3307838065382363,0.19462857791741106,1.3772122685809673,-0.23113494529546935,4.316844494527633,1
0.08486545836110417,-0.7922759541714712,0.7482130498494121,-0.8186830780799562,1.3058479459954937,0
0.685619374218483,-0.41205226978492193,1.0091213603987774,-0.7155112535349213,2.3418563284960423,0
0.312865651490911,1.9607178320387029,-0.16964845229154968,3.275336933102909,0.1799093915130701,1
0.06573766004728737,2.672156742628014,0.031685847758720964,3.090103818198189,0.034197792733280635,1
-0.26836879913738076,1.562668505230683,0.12684128574413017,2.104988461620269,0.32467649442022845,1
0.0812914250424811,0.4782239401626234,-0.48003935845742585,0.42277744154315344,-1.1012859248885738,0
0.48459137883927483,-0.337749032701935,0.39435426322026623,-0.28487294336071023,1.4330186414253532,0
0.2674753888980612,-0.798185893896966,0.7226673138035523,-1.0129823667252176,1.4136638353337305,0
0.3808264183452537,-0.7322824104302025,-0.3664710825412713,0.5799080398024713,0.24212672339896618,1
1.3427218613511853,-0.5532676586867606,1.5089342168614128,-0.6076995679871622,5.103736224841613,1
0.2651639227465874,2.1511640414257696,-0.6122208920640028,1.849288541808343,-0.9642882813791667,1
-0.6489985204731576,1.8062822963825986,-1.1209218982624845,1.4292801860582751,-3.290336760284249,1
0.8836067859941692,0.7462783899353939,0.631310483156122,0.9139534034089669,2.577375895725062,1
-1.3661983376689177,-0.9606131764128261,-1.1094205313095284,-0.2501021550422221,-4.986819047915773,0
-1.0814133807392872,0.8930559267110364,-1.431807931992389,1.4365356793271102,-3.9043817443061366,0
0.3358472647200691,-0.23861702851060518,0.3986214603846446,-0.6167797222936239,1.8530279737195061,0
0.5163966677865788,-2.1530094386441214,0.17278259888246233,-2.5434811126176977,1.1405003941461294,0
-1.245051223503995,0.28710063740125935,-1.510359609561571,0.9102348918753598,-4.9213912779420115,0
-0.38281748098675,-0.8419130408340553,0.24251327290632446,0.20877764596646597,-0.5875286822199339,0
-0.6060838322196587,-0.8080534290900372,-1.181197921340778,-0.8805546829189147,-2.407854109836192,0
-0.48667632288159673,-0.2504079935680075,-0.10709933590800441,0.3529037106144672,-0.20148587363798143,0
0.9435977762729458,-0.4983229729424129,0.9430658335354548,-1.2313670257570868,3.498725698184521,1
0.7065054635472527,-0.034256819104007526,0.4187286190932574,-0.4560190695904132,2.3072394768431974,0
-0.019122179853707483,-0.08233055001720413,-0.6278835960587665,-0.5871296713129943,-0.6692099779525014,0
-0.5459619271149279,-1.8758090928476314,-1.1190800806644736,-1.6697021952736961,-2.5433680245409502,0
-1.3496496702201406,1.520277988882833,-1.718972182599114,1.4307899778635202,-5.890516356252739,1
1.4201849387819487,-0.9833767229486796,1.3451577351713777,-0.8643304006096808,4.665029633304437,1
0.5921139002849184,-0.9523983851304729,0.8938687183631191,-0.34284039070532424,2.909999380123349,0
-0.7066691040731404,-0.3285532517902972,-0.8567887340343217,-0.6551363436961979,-2.6719186580241283,0
0.7195994976248915,-0.1083348473692941,0.6029440716837821,-0.061338294062860114,2.66181692431474,0
-0.07022362057462567,1.4589798168318389,-0.11221873223577813,0.790013707294552,-0.007910193837383395,1
-0.2871095048623429,0.2694234520549011,-0.04872065914297852,0.8513163099258307,-0.4046199114470621,1
0.43521152828960236,0.5664654841095343,0.7576129378878576,1.1146723409411348,0.8661748149709652,1
-0.741498249912725,0.2745361875832817,-1.434980987698649,0.45548026129967867,-3.3957912111209696,0
-0.34375651951011005,0.23146158249877297,-0.4847938743817659,0.29142963358812835,-1.0657046201542162,0
0.12146106419954589,0.3097295030870087,0.7351630728735066,0.05515553580541621,2.6871248065060223,1
-0.49945119288521345,-1.9327341425689386,-1.1575111697451907,-2.6305087399190104,-3.302947921603992,0
0.669085210267524,-0.24991848483952864,0.7062416554920035,-0.0971475142089413,1.4946580614302127,1
1.8690665036782608,1.1622611105711573,1.7836445017798703,1.540361515901701,6.280664588897197,1
-0.7542981326071427,3.9423310108066856,-1.0376359275754485,4.952016816333308,-2.9783788846229524,1
-1.6651252963040444,-1.20430893253951,-0.8697339707823654,-1.4010836904132002,-4.458175316950543,0
-2.0017401674762616,0.4230799603243528,-1.9833222630423244,0.5581707694295805,-6.283357943252977,0
-0.15046814149498222,-0.5710465778743418,0.6051043944771748,-0.013844469673702564,0.6544368341712188,0
-0.6631645901261828,2.04765190389685,-0.6603509875039778,2.619918343327259,-2.365891521928971,1
0.2078605010670802,-1.3537827607914814,0.43798844572594603,-1.665018239180922,1.06477267947244,0
0.1325976720261008,0.6249394903158797,-0.15601308243738954,0.48535979368652116,1.2740260728044204,0
-1.6032168466140961,-1.40721109950419,-1.886263684262973,-1.669786425884006,-6.630391468505869,0
-1.814883829481406,-0.31856666806083256,-1.610210064356976,-0.769488952328476,-5.650880137342641,0
0.29593324034609525,-0.034313330749808996,0.5097819691628908,0.7015213757618142,0.8628600462649414,1
0.135428834719957,1.0696916817396078,0.4344223680158843,1.1010485862310657,1.2434703623355967,1
-0.42581799836655126,-1.0771668261585279,-0.23747885488926354,-1.114289557524483,-1.5909182973572538,0
-1.6571435851323046,0.6633830488473854,-2.325354048634347,0.7872371300937389,-6.586451192346664,0
0.47139126276499077,0.01877772338794696,0.0682069244087829,0.04565870597568776,1.2975650508738763,1
1.2718995454239435,0.2727933862859796,1.6968709884982909,0.16230469933114303,5.43735142334777,1
0.27798244021892227,0.9583327146851411,-0.7012502424827465,0.5775540464517347,-1.6812415605995015,0
-0.8474738905650646,-1.2825566930052876,-0.7011702698122629,-0.49991646395682166,-2.7001535266065524,0
0.04455216557115131,0.8105949731485923,-0.011387883963439302,0.5254588417013215,-0.10801637130944597,1
-1.366114080933685,-0.5689048530894247,-0.9413231471975052,-1.0341608863431717,-3.516620983671893,0
1.0579607138387925,1.0958734549768259,1.2662713068741702,1.0555956295168107,3.6682394780866745,1
0.08184433452953882,0.3345576345378801,-0.25014580532469216,1.4133152432560312,0.20000563172114683,1
-1.7681569117532319,-0.20952838151705544,-2.1228319309040637,-0.6203150336895933,-6.4142056953612565,0
-0.3006743604436826,-0.5900259690908214,-0.5620660969421423,-0.2352183597265099,-2.262344198301818,0
0.46330151023423083,0.8232949943553307,0.7533330339195446,0.700129191896888,2.09181679296418,1
-0.33304762097552243,1.2609516854809275,-1.4841544607531445,1.3833553095444135,-3.493548087909011,0
-0.2758957214401739,-0.5328515408601846,-0.19720599926164317,-0.07176109837939504,-0.30528165100368,0
-1.2244022070472718,-1.133006565781397,-1.6659195006609555,-1.992850969877893,-5.511852648458028,0
0.5665409870816561,0.6942110429452255,0.6619586359852845,0.24604048854926708,2.277530837226901,1
-0.6484692000191374,-1.4485309420337003,-0.4762203067674531,-0.9945245445701743,-1.3756151542214317,0
-2.1564453770050327,-1.3055124375829716,-2.9876086684693766,-1.2567868955423007,-9.084250745981972,0
-0.3712573706703938,-1.0627002755278991,-0.4846905841707094,-0.9567629553006842,-2.4549276969049014,0
0.981149715570353,-0.4154504830387496,1.0589348939704764,-0.05975867451599448,3.342334000429606,1
-0.3869294465999474,-1.3363318892154452,-0.34295439896237356,-1.7811326346667533,-0.8141867658712247,0
1.7379849851235203,-1.9387999093815775,1.676884508565538,-1.4112636404679173,6.350434229149189,1
0.42896794854851705,-1.1354441943371232,-0.18147581135848878,-0.7255523320168483,-0.8441950348165794,1
0.3387581622803661,0.6424744465726187,-0.19555585304290485,0.7616330502018039,0.21739443263981767,0
-0.12839826591760886,-1.2715440721267672,-0.817421927294534,-1.037478205693024,-1.3544389731244737,0
-0.06828620776429063,-0.34026967795417,0.20873657765558618,0.2422172108743434,0.5845060877445958,1
-0.263423635119504,1.946698462365562,-0.3212090560228047,1.6497789329984838,-0.7107660663521551,0
-0.30226939208252646,-0.04917413002709046,-0.32814601172888297,0.2815043792035198,-0.07853790133413541,0
0.5308671620671488,0.34253098972959317,-0.32187955985529826,1.2147096075869768,0.1308150535990282,0
-0.9358312297905655,-0.9460400182515529,-0.9526326284211682,-0.6257268935072235,-3.1566238289748623,0
-1.0758938287242596,2.1634748537001416,-0.7590752927329183,2.0522782398708017,-3.601739084329525,0
-1.1231950508753776,-0.5412944891384287,-2.044114838162517,0.617808356047754,-6.090357814118269,0
2.045654547677154,-0.22810468445151663,1.777951418304669,-0.11269743324626977,6.4583975391952855,1
0.53034290167058,1.3170586779673645,-0.2548316641018228,2.016354477807238,0.7107138527246153,1
0.3044922016801448,-0.18173424485361891,0.09435116431520121,-0.3924999516939849,0.27163624137408154,0
-1.0575146702934315,0.047888782675214944,-1.508010619078893,0.5817900316280668,-3.984981698797083,0
0.6233423006748285,-0.28168832078912964,0.81379671749563,-0.5549008445596684,2.016023770130581,0
-0.1165713464533289,-0.27483237805722727,-0.031951564740133026,-0.11314025892995136,0.08104230230060311,0
0.21416894113175025,0.3705020108280917,0.8599211439487724,0.06713195627494956,2.3171289790501284,1
-0.976620315863556,0.5529431891981056,-1.003659240513803,1.503521177296628,-3.3435099111621205,0
0.1602688574175767,-0.6432484312125671,0.3295127584697134,-0.7538140973069268,1.3917481325892893,0
-0.4238335382064832,-0.7660804561469297,-0.702687279030722,-1.3200465196247455,-2.412395549623273,0
-0.7656111570301878,-0.6091360888575632,-1.3171434826444772,-0.5615768279064444,-4.015767052264536,0
0.7341063358072487,-1.4012540141997682,1.1514875531522921,-1.1327066182291186,2.9224580059285556,0
-1.5377078085300024,-1.5904302585192973,-0.9160802817564626,-1.603730747205468,-4.134216274158142,0
0.5647762643141506,0.29716714722490767,0.9176041139332771,-0.10949296703852945,2.6224015808894414,0
0.6844861335529963,0.9385958031751123,0.7501001951177625,1.4572542068201015,2.9551571198160262,1
-0.8796436755512407,0.8710452931452174,-1.3666904527938788,1.5006353077861163,-3.8594405736249526,0
-0.8203284611324674,-2.3819912731366584,-0.24951437441899427,-3.2059699475598897,-1.3848127783437012,0
-0.2230256812664022,-0.2450650870432607,0.0667289765521038,-0.6835785639735776,-0.2996451178883306,0
0.28203621046222055,-1.1020919555925588,1.2944755151269434,-1.1818057789088248,3.214842583403051,0
-0.1528549918142255,0.1437374378208568,-0.7300669669341786,-0.12172541075868892,-0.7830487128457404,0
0.4335624601918793,-0.4178235188093809,0.8648457108155694,-0.15484622723541114,1.7072640699840331,0
1.762979652537399,0.5919119062445883,2.037532904974798,1.511650509805175,5.79998815245106,1
-0.5077167691497139,-0.019153090401341374,-0.6787303692737419,-0.20960984515443093,-1.8005793810559514,0
-1.7151799707034205,-1.8960018949178892,-1.0332625306018686,-1.107640794365891,-5.063566384041105,0
0.8259235830306532,-0.9670858727995406,1.0270961572429271,-1.7012523009531968,2.6022120483418445,0
1.6833145759275296,0.005785114826653559,1.2148680616967027,0.23369252108577657,5.221661882207916,1
0.3927683630511244,0.09011042923108632,0.3335988549139196,-0.20724531414611141,0.7541621793319616,0
-1.087748675353668,-1.405676807704002,-1.5621780789052244,-1.16698184237687,-3.986451128290848,0
-0.12389236323520093,-1.536459703546122,-0.3581502209279578,-2.4148646262746354,-0.8239041797206696,0
-1.1185234842116323,0.05624533757317886,-0.7666104074417659,-0.5864499021283525,-3.3123089575481632,0
0.6428554939629476,-1.4036673060505274,1.1374925165800558,-1.1660110487954647,2.828478065379944,0
-1.3512904026984345,-1.6686294265007857,-1.240684235803752,-1.9836298793323557,-4.400709888739611,0
-0.3001287868282,-0.4451405126313417,-0.6751662251229662,-0.6066993156044268,-2.595986299823273,0
-1.0043378262939064,-0.4884460913386509,-0.8135336160962279,0.4296964960750276,-4.367718985227187,0
0.12682468513496187,-0.8784004773393012,0.4885245041137805,-0.8096147427548736,0.3902090099901989,0
-0.36634167713775767,-0.7037369567249628,-1.3523975497576166,-0.252978699584146,-2.6857125369575403,0
0.17676210325026384,0.013835723222394625,0.23500149076572246,-0.3658003515798514,0.2730765641193104,0
0.02235055496636566,-0.7201629036798193,-0.07274434423329994,-1.390764750130982,-0.8292139890858736,0
-0.9866590277241104,0.07069702166483936,-0.5098034000193241,0.030329361143901147,-2.5439960429603565,0
0.6268770635290218,-0.38046853611733444,0.8197216459597714,-1.125703237784661,3.692102701708259,1
-0.0487656518431153,0.1676501553866558,0.1934101988932775,-0.18164464623418144,0.8596192243522619,1
-0.9885290078659005,0.8782055654366451,-1.2294844910563816,0.9970826746856775,-4.341984867368943,1
2.2409265562057925,0.8392478453905953,2.2417524147720105,0.7836173968597199,7.435662611279374,1
0.47643016671712474,1.2882104710660833,0.9482726516190688,1.4554701638136442,2.2132129972567194,1
-0.15326055339930542,0.8381468968971604,-0.18570041988444377,1.1383060948982011,-1.0564239850119082,1
1.4152045267018234,0.2385575315418043,1.5025393045676103,-0.35930482636124855,5.399782048240557,1
1.8418156093866072,-0.4334316376401446,1.0738369601655742,-0.9043987733553613,4.742423091714635,1
-0.1453494223138851,-0.38776092281622393,-0.17961944047749293,-1.4770530204973185,-1.1338329530995463,0
0.34739748643476165,-0.87777730643581,-0.658602497618293,-1.0630389602572499,-1.4642423268430187,0
-0.9880028180029409,0.004529291051558021,-1.2460752526820693,0.37290726986017336,-2.8236379277618737,0
-0.1471927507680115,0.6973874787119347,-0.11543497190456188,1.443025910515178,-0.08228595927266047,1
-0.19906255375986986,-0.7256676028830206,0.18445284348241542,-0.6304266683414353,-0.3577332133803154,0
0.184827033621654,-0.037217858663773945,-0.3147529381043339,0.6493965731075713,0.2539144079551236,1
0.33276047863701036,-0.6773622287217693,0.5196025503720614,-0.4854487168337771,0.9621512316325884,0
0.5598284488280599,0.20935433018761473,1.294075151009124,0.26307904043812386,3.359337728535358,0
0.23764265629995912,-0.5493833839499503,-0.08272927655785206,-0.8550288222425408,0.06772333750847065,0
-1.2107426266291645,-0.7395105712940528,-1.9842690874904934,-1.9320905928019865,-5.693489031516356,0
-0.9384671057410849,-0.6799666949320253,-0.7935471272125407,-0.06837195132222751,-3.465846015780805,0
-0.546407619463673,0.5033287738455666,-1.1424061227318194,0.47671628632476704,-3.040178050249296,0
-0.2822405919232289,-0.0967494053303549,-0.6917398786599889,0.597398857069903,-2.6810304673097427,1
1.0507742904721138,-0.4284217300000358,1.5124427613233569,-0.9032382894278732,4.412681001345504,0
-1.162938986852913,0.26140450254721065,-0.22448934916457242,1.4758146075833842,-1.5257717937836688,0
-0.3574150481706999,-0.41451621746765044,-0.8577601063414425,-0.5389098448007904,-1.7389665426308722,0
0.9530094982140498,1.1265178936857032,0.5842996282063431,0.7804233968142844,2.250106457088925,1
-0.29987747449661223,-0.9738661536932566,-0.5198119557010219,-1.0811271768827495,-2.252408064554194,0
0.46041564984282407,-0.1869715128172817,0.18651162308011066,-0.10174330157615455,-0.02792572433195284,0
-0.13954204292790354,-1.4047652216670008,0.8271042139781138,-1.4397162247050135,1.7536307916758846,0
0.25678325732472285,-0.3468743918900939,-0.008500657519170396,-0.6045395964532458,0.5073683372895608,0
-0.22847254380954055,-1.6796354977066301,-0.422348501072605,-2.581356775772938,-0.9945692238737246,0
0.667065472728354,0.7463165225591263,1.4751542093157668,0.3441527329972063,4.7962080295039335,1
-1.5450564074064352,0.7665037670055789,-1.2567182516367847,1.3037216017435143,-4.754573992015635,1
-0.36331200838854505,0.7841701737244763,0.1296376080860771,0.34430882348804037,-0.17165173337819,0
0.29657267669430815,0.028872480174467825,-0.1564837598168875,-0.8296018383742758,-0.5667983004491804,0
0.533695248006193,-0.879870404710092,0.268605406418325,-1.4076202785942442,2.1497222194291155,0
1.4929526227538277,-0.8003406320359496,0.9730934439143475,-0.8446637759555177,4.103636912578004,1
-0.3910246668655764,1.530172055220521,0.009606106152331484,1.1505614716046477,-0.9757628318497884,0
1.4794817618608729,1.4356771037997964,2.0921033657525947,1.295758564445198,6.507357695980232,1
-0.6590238266596706,0.12255515695077152,-0.9589110112504272,-0.27667144537213045,-1.9062019563201775,0
1.328646411544644,-0.5156340340803272,1.1465257500925057,-0.010762085882588535,5.3536207123869275,1
0.8174671266983724,1.3686234226985106,0.6572220941790434,1.6140481780978022,2.055445090601811,1
-0.9134585796322228,-0.6945031613848099,-1.6870705762713105,0.4144766218794652,-4.156643217980652,0
0.30703923725182186,0.22884920809590747,-0.0298718016280049,0.03798855979433169,0.568680980090317,0
-0.05123583553219154,1.3519573053984584,0.3353972718496088,1.2095177177788257,1.0877368825243254,0
0.6255845936750002,-0.8363384996646277,0.18787534145245316,-0.2445874878936528,1.4524857278773573,0
-0.22327158843330946,0.8292235856371121,-0.1767806573308154,1.0247277782352386,-0.3810262532709512,0
-0.3072462256617315,0.5205607958438698,-0.9612557128938097,0.049807455742653495,-1.7227281399908332,0
1.3690945827628513,-0.03951654223156102,1.2970941271984175,0.23869411718024963,3.7732452580763614,1
-0.09872089445567296,-0.9934335991331159,-0.3803814717486768,-0.7951691504766062,-0.7286572975222203,0
0.8264223241917663,-0.7244397601032759,0.21558658229988292,-1.6213377041661459,1.086050552246726,1
-0.22535148504419983,0.28945107285065863,0.169841563033356,-0.03620427710577995,-0.2301437511815101,0
1.6666632592275235,-1.4233367948813866,2.089976939828033,-1.3281766998515778,6.680434410724341,0
-0.6783346293354934,0.13074385901824978,-1.163103985453481,0.8538837126402732,-3.847625941084508,0
-0.6141435312471847,0.5410509840616632,-0.7222352633440483,0.890050206208473,-2.656379721827198,0
1.524517181115903,0.9852201728091007,1.5466765226521277,0.7031978657431033,4.679770586361076,1
-0.44494639089525284,-1.3983570744602225,-1.3523272844591776,-1.752458026714772,-3.668714135630839,0
1.6010743061643926,1.3162472971612738,0.9025279429673766,1.7151139191161382,4.4625931008104205,1
0.8918405795948128,1.6953634941799354,1.5349827977782033,0.482200296096982,4.840452794308135,1
-0.15464970656083346,0.41015156771359396,-0.6872131548121188,0.006360905947056017,-1.9910902455899095,0
-1.8132934720171585,-1.0380485814246605,-1.1842019178913106,-0.33339458023709545,-4.424448375095235,0
-0.019318304271835673,-0.32810928836024106,-0.6920251414635012,-0.17970054874371805,-1.1243356271513951,0
0.10163005353342468,-0.047597245118507034,0.4310439421036262,-0.4269278212324717,1.731227500331609,0
1.167217733304373,0.27046350873055675,1.0115661795492052,-0.33057820401960863,2.8885700210109326,1
1.5884471762401118,0.02198155264360243,1.5030640416629284,0.44184888663817623,5.5444242854767465,1
-0.6849871791437476,0.2811651428946169,0.24298077762323445,0.32007081619112066,-0.23591263942079627,0
0.8011817639881827,-0.09074675733912281,0.17408844682884184,-0.20010198720171435,0.6906875041446624,0
0.7654021560133495,0.2651070945122431,1.062801254143885,0.45209737317333915,4.480829688109855,1
1.0734127024104452,-0.46052342116131384,1.3501575341893561,-0.3782243963378652,3.9921528507868653,1
0.4986899121355445,-0.3381867169824685,2.1759766067187334,-0.2942338132930749,5.371917426858889,0
-1.94249769096177,-0.5760251704766678,-2.481063101077713,-1.2381186799381099,-7.412500646846808,0
-0.1554224325277597,1.9172595345040717,-0.4684148292794781,1.4040469578404458,-1.1193718649069273,1
-1.1557075749169152,1.4639007861743227,-0.7477464320006382,1.8380410042215303,-2.5361401901465466,0
-0.20260577291807386,0.5552941900136158,-0.30273770251900545,0.8348699068527343,0.08822253607755526,1
0.980004236133894,1.3253089972677385,0.7484787577680192,1.5163689601570634,2.412158042775626,1
0.30515083587497266,0.7984613389778825,0.7839065800365553,0.5052050075555894,2.0836124494977755,1
1.1480908663974327,0.1812711595140552,1.0148066482455724,0.5638661238963789,4.209588024142537,1
0.3417539207135393,-1.5055713410196836,-0.1041756144771695,-1.6909437468132724,-0.512239704588288,0
-1.2983259396689026,-0.26216392012514006,-0.9352208622879121,0.3886028104159966,-3.285793992070458,0
-2.5208470065727346,-0.3350378920183519,-2.3332030025588044,-0.7084493867207154,-7.594408662914602,0
0.14880876167959034,-1.1330751730921569,-0.007614536123397936,-1.3957189912688903,0.849927501444276,0
-0.21392646635116538,-1.486162274606616,-0.394077225731176,-1.5618866740127169,-0.8898217074794268,0
-0.9769457393818821,0.4927193465670251,-1.4343990418521635,0.9163695868541413,-3.5644868750438627,0
-1.700627249651378,0.32450432237081295,-1.338078822093707,0.30696528701080916,-5.048372880997427,0
-0.7347432134727092,-1.167396980067612,-0.9147971220998966,-1.1485558057261631,-3.5915174384965454,0
-0.19449148486477605,-0.7458785064361892,-0.579414436651611,-0.9416741149597346,-1.7115133702889482,0
0.6658778237063901,1.1612222731541633,0.023100240110462855,1.2952682664747144,0.9172051617724667,0
0.18863108156798009,-0.8776965135165605,0.38470826052239815,-0.9130617605635879,1.0203879564810505,0
1.608067247172729,0.1707989039338024,1.3537757577162304,-0.22135228802355703,5.072537508033034,1
-1.0356040560453943,-0.18977829956798103,-2.0419417130399298,-0.12613255829379122,-5.806414670859563,0
0.8810588920574334,0.5063634710620628,0.2794244972354102,0.5817678553745737,1.9898590945379202,0
0.04729874312872792,-0.8561076526564303,-0.06949972470076338,0.31879267174053216,0.6840668173583169,0
0.6946691241185846,0.09008347754010702,0.5919002916600007,-0.21542956197004892,2.33286052673285,1
-0.43651486326554356,0.1687225773458775,-0.5582859884508689,-0.2509652939385588,-1.456986030887641,0
1.0716803738905898,0.23018080622922002,0.8803023181068091,0.36969793652603633,2.2711644506219253,1
0.29522475834524287,0.07907385796261313,-0.44270210302296276,-0.41734435062295255,-0.3795784761491723,0
-0.6794449849177496,0.3446093205941098,-1.1167192469922753,-0.19191575334280192,-2.7091885690309208,0
-0.012024028913188121,2.191770332050811,0.5798644643288626,1.4733209871129036,1.7651179192700515,1
-0.23955585893709902,2.561297776771106,0.27855820448943386,2.174010994174888,0.7703338530715006,1
0.4891783506377937,-0.6392161407867218,0.7781542418098193,-1.0141600137576612,2.441781795487174,1
-1.1797767493745086,-2.318242980352499,-0.9350254473541744,-2.9598740671895007,-3.432748402863621,0
-0.029351702115694572,0.5954953007219735,0.42302625191705123,0.47035343254915685,0.46566433473822527,1
0.3953072526493312,0.1862524599012663,-0.16509011609671898,-0.9967381139647367,0.6852898182280012,0
0.03302330719303324,1.0610418591835804,0.049487490571507683,1.3069247498394276,-0.18518696753362796,1
1.3469412443889959,0.28488589971531725,0.7868076690655157,0.006488910456626806,3.9344743132787214,0
0.7740227740710525,0.05860393952571909,0.22256553918841582,-0.14628789922040425,1.626921711055369,1
-0.007480796740746615,1.1289065958772224,0.176551672132724,1.4223441010573732,0.34935294192408906,0
0.21668909749767315,1.2687805884138421,0.6900643170656108,1.4546525431058408,2.205783216375882,1
0.2956655514819996,-1.3865600587809985,0.19874098427073056,-1.7015130801328928,1.1215837675245364,0
0.40329960416682403,-0.8166061871395836,1.2277998202715747,-0.5907108093105048,3.201847755523109,0
-1.825657995664608,-0.10559295928867828,-1.7197658321418396,0.6688543448473631,-6.426882056812774,0
-0.30152629576934703,0.09843762392458348,-0.6899190619776028,-0.40765416663869575,-1.0309709501643098,0
-1.4844390681934259,-0.22598320335224828,-2.0278033441302616,0.1509041523259663,-6.1157835539970655,0
1.2782809474594865,0.4342071778618859,1.7873466895518446,-0.1223456909853361,5.865808463813348,1
-0.06084952000292773,0.9961047893171002,0.003380037866979782,1.5838178204905047,-0.04404064880191231,1
-0.19334094967962276,1.722709710720728,0.14468273940511825,1.366746182163631,-0.3475120971325557,0
0.8967973320332352,0.5789130237728995,-0.43218429819338566,0.20385192354569664,0.6583001113802259,1
0.42232479744987467,-0.8523336784531098,0.5446608146233438,-0.2777286078561252,1.4249258933983024,0
-1.1286345143792071,-0.14737622519781826,-1.3845216086273258,0.21341124768006406,-4.243106085083739,0
-0.0709053625273688,-0.07535224125955699,-0.767785130485801,-0.41489852496620155,-3.2745789447706897,0
-0.33516697322638483,0.5146402399811593,-0.3665081447005975,0.5783246093677967,-1.4361737252378788,0
-1.744532888606054,0.3881680334339422,-1.198626121778826,0.03319208319066025,-5.021225921767324,0
-0.6902762332372047,2.0503966511115093,0.4428379099726546,1.2540277718744726,-0.6269527178419544,0
-0.18354032201646558,-0.4615131352549086,-0.062464118355210416,-0.36687057619116525,-0.21834762777591374,0
-0.1149509314918426,0.3847505337668034,-0.4695242264726038,0.20653944986339742,-1.3225867276909022,1
-1.4822314236773086,2.354711397744092,-1.8669827019365421,1.8817946196166737,-5.960267332124998,1
1.1516655830474756,-0.5852068969036013,1.633231764080075,0.06715064290258055,4.718199061812394,0
-0.10210305889143893,0.1451486961703552,-0.6005401184678849,-0.31086139324699047,-0.8682793289968596,0
0.03755307666056291,-0.9448805011240154,0.34876676642444426,-0.8728911886837467,1.026849066488125,0
0.4006416383398367,0.08208689962743151,0.5474822333196455,0.6220426848669258,1.8448799026278844,1
-0.7880762539036712,-0.7802171481376415,-0.6965255579622316,-0.9082448224061057,-2.5441700793751076,0
0.45635597313269627,1.0468009034913464,-0.3277033218076999,0.6797131781009794,1.2944433627367609,1
-0.367074646018183,0.14731885903139533,-0.5455537471313454,0.2961930112662927,-1.720424352131987,0
-0.8965855406471918,-0.9353972599822935,-1.625664436325998,-0.707547398191106,-4.944650369950073,1
0.573447493355399,0.8405676977916716,0.2793237926970162,1.2788480461373264,0.8322883965413478,1
1.4916738588018077,0.17966603887158733,1.9502431895620638,1.1152707646183422,6.590674723759016,1
0.7248293734858318,0.9528187772234549,1.3403583251636144,0.7241732697447343,4.583570120090933,1
0.9229775651404306,-1.1476626279477486,1.0299518898858733,-1.0497356251888352,3.020342114344588,1
-0.520630606562299,0.36882441224866147,-0.8058008627792916,-0.2657957459079866,-2.5349959748269364,0
-1.5976197291684564,0.7733416946447087,-0.8035700629882473,1.106530194418374,-4.1832848198597645,0
1.4901375220998412,-0.4233774902357365,1.1983422052217512,-0.3315191688878536,4.5698422801483805,1
2.05451488940476,-1.2590027269681512,1.4866716435002576,-1.3483474263641502,5.171229555355297,0
1.542806773769682,-0.041607495370393925,1.8910482577280736,-0.3506377516638656,6.499669773089176,1
-0.3357859389797497,1.2281152937809285,-0.10691891769489642,1.0539017511069857,-0.12239466977410451,0
-1.1546343387288442,1.1259303306340565,-1.4259222941917646,1.2440968355404103,-5.536073348445827,0
-1.0656826978195666,-0.4284284347555766,-1.015570083034783,-0.9115136286504073,-2.7506966759761626,0
-1.6837325676140487,-1.2830854363764423,-1.462652573188162,-1.436645225464091,-4.642134951839999,0
-0.10737861841004537,-0.4311797203495727,-0.005539197884137204,-0.4228406986169389,-1.7070716657334657,0
1.6056779580824545,-0.4684776507319125,1.8351474355647448,-1.238287713838081,4.9921526965408765,1
-0.1416626318722431,0.4464467833047774,-0.3945200626522302,-0.07920188928185445,-1.067998995656647,0
0.3023229003482745,-0.10500150290412151,0.565445422468074,-0.4350037709138303,2.242395403141611,0
1.3755969643042085,-0.753264211737142,1.3843758830958495,0.030851654631514736,4.977032589620895,1
-0.40409531183239966,1.104263067260668,-0.6400005726005762,0.6889004958981163,-1.8754519295339707,0
2.035531456719595,0.1404258674448342,1.9125890756029573,0.11253005742279151,7.1653063673186255,1
1.9920944074974534,0.4354156527309408,1.9431434895352444,-0.08486622069930255,6.470381485684193,0
-0.13111133868048266,-1.7249854341312671,-0.8538005072111222,-2.1131870302050455,-1.2655881657622325,0
-0.5775342640192128,-2.424264870697286,-0.8958638873041771,-3.1447690564711333,-2.709837493635882,0
0.6972380463903131,-1.4375457814444081,0.7296908041867061,-1.1023946041075692,1.6887246686123139,0
-0.34752494251885807,-0.4805434256067757,-1.0230204602132842,-1.143316554324297,-2.9650671757329765,0
-1.1565552170673363,0.5763560176138087,-1.4665170479746266,1.0298615241861424,-4.483362603638064,1
1.2812386535229803,-2.342246870407298,2.4735611427089164,-2.1082982723798094,6.724140589980715,0
1.21644738727708,1.5928520643719872,0.6518182048664829,1.5551511408386904,2.9316754333824786,1
0.15551160376356082,0.1705660267701262,-0.03639535256165388,0.6405789744667127,0.2619430694957,1
-1.2628647537281779,1.3602949929499102,-1.6797233929925435,2.9118956310069586,-5.074431695238397,1
-1.2295262512173861,-0.8859700824741287,-1.2879612531940545,-0.6472072619109324,-5.035402461888217,0
0.10722928841915275,0.5038599341724908,-0.3002298831483372,-0.056170376826238044,0.17213000810984047,0
-0.49987103450503223,0.0851959299707875,-0.6214925961512486,0.8297047598270807,-2.058352622002995,0
-0.3410929321416081,0.8176863130545542,-0.7003664497165546,0.9107420413173712,-1.702529132040963,1
1.021963155060003,-0.23379136759971708,1.5495270632449154,0.821770332970642,4.680689820576077,1
0.7331793174225577,0.47321520900758857,0.7739978362823311,0.2201900980358919,2.442706276720715,0
1.378142680497613,1.1021953187712,0.8766563520160027,1.7431673301164778,4.276348582644564,1
-0.9906232233772576,-0.6511762938917753,-0.5702249614609111,-0.6512546792154098,-2.5858001545384406,0
-0.34319156868671197,0.24224423248964974,-0.8223248767017683,1.5706084072217286,-2.1227783070821364,1
0.7589816954601127,-1.8878622372223484,-0.023058398995712825,-2.0286626149699667,-0.15199110858489395,0
0.44807834101289173,0.7025030190633578,0.446557097296488,2.2033373379585153,1.9752076998105232,0
1.5323803825876219,1.9546625434624896,2.4860125947576113,2.174575569886874,7.185328934157928,1
0.4205367059040693,-1.2444360477486953,-0.49329535855387446,-0.8209536686911137,0.021680541653095464,0
1.8481091041055524,-0.09138126042794319,1.1826151433210037,0.758784961540089,5.959874608224287,1
0.5400178017231407,0.8804813009141136,0.9162806333035629,0.48660415584473077,3.054271254990485,1
1.0621674475886602,0.031417473466550466,0.74100674778268,0.5159658964799275,3.1023403301641737,1
-0.32351494678445714,0.16509955149322578,-0.017540663161185466,0.018722881057824936,-0.6635673040444515,0
0.01428721188398906,-0.39099944152363864,-0.40445724158698443,-0.3154400018631733,0.47537793078517465,0
0.910944403839475,-0.4281522530879146,0.9819254925440631,-0.38662162438262054,3.5719602477516643,0
1.6129781705930544,-0.08669415358537882,2.4852151332857986,0.19951121463052587,7.494712566537715,1
0.729236949310753,0.041671422139356366,0.13194212579981757,0.3067635857653557,1.266269735969697,0
-0.08317177193461948,-1.1814412615773098,0.42870863313403257,-1.4690387215850436,0.2843812262141135,0
1.3773350295283417,-0.06602198594602875,1.7171884278443852,-0.0035949004485775343,4.525035983468493,1
-2.1919786562798818,1.5685339387093264,-2.9366007818293363,0.4013660290294214,-8.400581402700906,0
-1.4222345015068738,-0.4191337935889047,-1.1427842396359873,0.07595303880331944,-4.808611764962262,0
0.681634223668389,-1.2372549828746278,0.718037288099692,-0.3902841310340688,2.3633681352770077,0
0.014108356253124855,-0.15141606798642662,0.05965536120998957,-0.05610204364540161,0.08744401865637615,0
0.6055136511241652,-0.7146128121242966,0.7737724343500166,-1.5176239188606744,3.1723693106590423,0
0.06440752243194205,-1.3383418253219395,-0.11077539977596047,-0.9668680072083717,-0.5080854686478662,0
0.5709456946038727,0.13916846173262085,0.6059951740750715,-0.24271629656748947,2.1970832657475987,1
-0.8144028209931906,-0.710282037151078,-0.6936766084730464,-0.619123864787105,-2.352875778648786,0
0.5704860860796908,-0.624714166853275,0.943515055522455,-0.28195960315508517,2.0505329990984205,0
0.9944145282075845,0.153427380385389,0.23083401151854388,0.42665257014471675,1.2140577247209712,1
1.2205506039312326,-1.5331745953623346,1.8659935521767848,-0.9927469704323131,5.205303238764727,0
2.0135542946486997,-1.7415696502511249,1.4359091231190932,-1.668379330386355,6.013984667248547,1
0.24409844350238635,0.6708721945019316,0.62491267557558,0.7575529994804484,1.6742181068661557,0
0.27391108684717863,-1.930833600724083,0.3136336364835686,-1.5624384135022529,0.9785926215933659,0
-1.5231724641738478,-0.9766776953073547,-2.1637506355731966,-1.0123739800866736,-6.286066967628292,0
-0.531411401138425,-1.7998395353884376,-0.26733866628642283,-2.143790744860839,-1.7601922401052146,0
-0.19308207400661265,-0.4861364668488323,-0.6657853936041982,-0.2601272544373886,-1.7064663014363386,1
1.050319552276355,0.4280587476511656,1.584717329855175,-0.13637274120477594,4.688142745307503,1
-0.6110011240896291,0.11233794873237668,-0.9664185433402512,0.0718928751382795,-3.2642325816883306,0
0.7963400197488324,2.391873389457284,0.04884697094614365,1.70298499325862,2.4430514471556997,1
-0.0016217169633801235,1.0869156177890007,0.7653008355547675,0.8095093013868193,0.4479501012902667,0
-0.1771681151147619,-0.9311578501566012,-0.0865062794963075,-1.1878282885256697,0.18157568444137484,0
0.24889396913325626,-1.1970550048264106,0.682489532013914,-1.6891630429143105,2.1383561240823417,0
-0.3911563722528423,2.706687940975501,-0.8168923116295259,3.2569538846980968,-1.8163753792106598,1
-0.4290372480926655,1.0625720057333625,-1.374942516446766,1.5715678056328475,-3.345516637641764,0
-1.7047859057901145,0.5893696072695719,-0.867184693746226,1.2463759786592075,-3.624758959483163,0
-0.24795420732788961,0.07485181221561789,-0.25116761341736393,-0.019070299205544955,-1.0984463363747314,0
-0.4799681461487265,0.27352156747501716,-0.23429219906695326,0.05671757321439477,-0.9923170216094634,0
-0.5159809893490795,-1.4820732754824262,-0.18768309904994496,-1.0802808728550246,-1.1127374693758165,0
0.41687306259004037,0.15703917019676786,0.24917753608219567,0.22124561775171736,1.0075092135850001,1
0.6586319527905097,0.07123139745901451,0.7717467265982679,0.13299012864192966,2.5923673853916895,0
0.2321945046423276,-0.9041388431014801,1.02917080089505,-2.1760394934089797,1.9322538146097847,0
0.9954151904494745,-0.5385264535684787,0.9791945760098093,-0.16026915199273917,3.119495637626619,0
0.5755619258303651,1.515176393443556,1.0466125840401528,1.8271638846748388,3.746724933523854,1
-0.29505618980564224,-0.1251749202948624,-1.290679679820953,-0.12788313184969008,-1.5831447401260148,0
-0.4628562857143799,2.0711713025331107,0.09902402944522731,2.479095189765141,-0.2362587048822739,1
0.31282223676684645,-1.7406794364873834,-0.44817991223614034,-1.439828441752102,-0.010347446664724036,0
0.5737671099019008,-0.5221301862257478,1.0784715219186511,-0.8704727286489726,3.1436094512856787,1
1.397844307031498,-1.547278551246919,1.5931599172571338,-1.6571716767158486,5.510613574544476,0
1.1911730449400955,-1.2094224538918343,1.1432127069031564,-1.7133150513943503,4.345080910068737,0
-0.541473006507169,-0.8282057056592972,-0.5912671171111339,-0.0970862123717181,-1.477029527435751,0
-0.10200628012726169,0.31530962677059116,-0.22837182680592905,0.8038998660611383,0.15872183496659287,0
0.67101780491777,0.26682617108038714,0.2606830451959883,-0.1401324983439684,1.0856857284814763,1
1.067997778058972,-0.6792903196276054,0.9650096387439488,-0.3698525613801601,4.945915206527288,1
0.9389694687047921,-2.227799557336582,2.0429990074593367,-2.088503389918074,5.563586698437762,0
-0.06387783283134668,1.4776928730321528,0.5872755225610182,1.1347164102825191,1.1480323289766217,1
-1.2540226524285165,-0.28576471603635617,-1.6895242416897336,-0.22360121172212102,-5.466537133194916,0
-0.9989363762455913,-1.1162901703011392,-0.8650926750819472,-0.6870978215838807,-3.4331309250076796,0
0.2726335143194143,0.2749307810700873,0.32062309593763005,0.7448905448018657,1.3583819152190697,1
0.34222557942434556,0.20444517052317407,0.27107885791950975,1.3704370185577623,1.3740744213241882,1
-1.098679373434385,-0.3226764649999652,-1.6000681517531246,-0.2755318884140824,-4.565543528039795,0
0.04456961088927163,0.14853101564150475,0.2675186032925978,0.029636548585849992,0.3744737913463485,1
0.631224356971783,-1.1550298404080184,1.0542601719291014,-0.8739597084690998,1.704765247764457,0
-1.151226657507144,0.7599128431764837,-1.568176000040534,0.6684315736426445,-5.760958785887443,1
1.1049972018044145,-0.9968670947568703,2.082767910449018,-1.2893193148983095,5.829675549418503,0
-0.37753114855982517,-0.6055696553034319,0.3834704760579519,-1.0684612732366578,0.36858489803629535,0
1.257613112576651,0.6488018161515753,1.5316958920522672,-1.0650259480009239,4.739963563871136,0
-0.5334524457759005,1.2039589650102338,-1.1493122971103071,1.5713786801139868,-3.4452543778480793,1
-1.026625482884179,1.5857745680463387,-0.8259211698918979,0.7667877020104922,-3.043433959554062,0
-0.4581369898417196,1.0557982384665718,-0.317147989059487,0.6158715168193961,-1.3753171068569925,0
-0.09514812307732015,-0.3240721838017819,0.16142951503192823,-0.17785038820426927,-0.05810949367696386,0
-0.3884799067714809,-1.541033069100463,0.40675222937338706,-1.701786466389139,-0.576968327637188,0
-0.21600142157311336,1.4050555856028935,-0.30398844888142357,2.4797042101920233,-1.3539463289177727,1
0.33396514967619034,1.370695988904976,1.3578784395040622,0.6160760023647118,3.683000828589008,1
-0.17117936979639942,-0.6719761533534957,0.032072803200475564,0.4473843945965147,-0.6739398523934721,0
-0.06611239395200703,0.9211890378245602,-0.21134398178263947,1.6114813423498497,-0.19002931716264443,1
-1.709226399202596,-0.3321777939307386,-0.5095377958493903,0.12237039861841326,-2.8897131413145023,0
0.3916980160104727,1.5012768835117287,0.8066439660205176,2.2209329717505,1.8053038469898768,1
-0.08920329769166797,-0.514864662403782,-0.3165702411704044,-0.31255866304576185,-0.9892723484043211,0
1.610292980482871,1.9786512875485036,1.6524012749560921,1.1270247889410716,6.2139170066034115,1
-0.939565167253958,0.7861205475982457,-0.6219486563266909,1.0435463881562086,-2.0368291883809926,0
-1.808295328499514,1.7975448446859867,-1.883725841892185,1.0572071487574828,-6.802291992948092,0
0.6180684939300418,-0.46379726964987933,0.6850224284525169,-0.7279784091577752,1.4864836758704274,0
0.3465270183130003,0.405029604444193,-0.06207478351836032,0.36598855558632387,1.0230791662264478,0
-1.0084330205311458,-0.9692791983443653,-1.8510302859350998,-1.4248104572965188,-4.922781314275766,0
-1.5297489550040915,0.8439892521191966,-1.4765392936317356,1.317011487301433,-5.047387156833173,0
1.53739673068429,0.8990415328371245,1.6074106417972336,0.7921627443375385,5.978712453265094,1
1.4141103906067818,2.3970239182011865,1.677670186385709,2.6016780337034198,4.8839516577146025,1
-2.4874567587061294,0.4820397972196492,-2.775551612259228,0.4773332160394672,-9.086688844788032,0
-0.45822302925650094,0.7240942025060932,-1.1285001765268334,0.787183782342829,-3.086968159712745,0
1.6641920547838993,-0.4708303765037819,1.181529819910225,-0.9142640187172075,5.160725631834711,1
-0.47606255777786693,0.5413793726352387,0.05175432064204538,-0.04564134996562996,-0.21106601124642788,0
-0.49061223402665266,-0.3798912086875837,-0.8239178901304384,-0.456775543867027,-1.8954774764531293,0
-0.28275932762936834,0.11586075884199988,-0.5037998205312493,-0.367196379632107,-1.1324581446387736,0
-1.1208969737681593,0.17451566154579515,-1.2771037556837153,0.8712935140245814,-4.110211339606873,1
-1.7047757442280442,-0.35230487334917043,-2.0144138288714393,-1.040522415245111,-6.443909988736261,0
1.0525473107347487,0.0629450965419935,0.7059418969683321,1.2314462520640044,3.1740869025496714,1
-1.8429369062476757,-0.3752951697134206,-2.278498688564581,-0.2242826059497785,-7.633555662153854,0
0.2472714521087559,-0.3797311250338392,0.9475997393928558,-0.3450676725835658,2.0808584496470264,0
0.8865794927576496,1.0766646515022715,1.2266298344291144,0.8065315268923086,3.9842972293689174,1
-1.4512262989011584,0.17541364182641137,-0.8273159123260398,0.5038741580027346,-3.506231280116103,0
-0.9242684025950716,0.3470662722002771,-0.19959852436465275,0.24492876683976522,-2.111096084029924,0
1.21317918839159,-1.4573047689855358,0.038239289675099375,-1.307067671751561,1.357931370925209,0
0.5328917202270399,0.4234583318303899,0.7046190412410782,0.8443699153502842,1.3709261191670818,0
-0.6172857068788872,0.5304234639752379,-0.9103750238280466,0.8650781985720615,-3.3773462546042197,1
1.202249003361171,-0.3983386226887527,1.7606538255378452,0.22159197778509837,5.05490247450333,0
1.2065357234543024,2.0850296762606915,0.8358001218330217,2.3539502130910823,3.258096212839757,1
0.2690526930157071,-2.289227264184065,-0.2580221851661477,-2.764861108290372,-0.2538837197124528,0
-0.9001602278736632,0.7843671357705466,-1.6171831582002143,-0.25552753230977054,-5.187115864178733,0
-0.41344870347179546,0.7128048049548623,-0.5647861589611965,0.8183216696003373,-2.6560165519155516,1
0.28638674395539016,0.5415829319994119,0.7438593752195457,0.6543145092272644,1.9805805572812774,1
-0.18859482914748824,0.176212705638623,-0.06051122071683235,1.139177613193906,-0.3404304787469554,0
0.9389571782348514,0.5506793226250375,0.33763304566677943,0.4927590141595635,2.394369729545543,1
-1.5297740801093362,0.8681754795558938,-0.4534445349283909,1.0554216311130167,-2.794031181146552,0
-1.4942635290662387,-0.725887583831994,-1.1694942093204548,-0.33729938094915773,-4.384204676376204,0
0.18087111148243243,0.2991956221800896,0.5695761693612756,0.5558996826738443,1.4677928237104492,1
-0.49154441380690456,-0.18331684202330392,0.15096999986692433,0.23865505388534333,0.0026264097911564144,0
-0.6270486146977409,-1.0937684002255086,-1.4471564090106306,-1.5028730542884379,-3.122856244204816,0
-1.7680567191743972,0.7171699746132896,-2.2237737884683386,0.2289868077295653,-7.437970769792433,0
0.019545844798181757,-0.5643604246840334,0.43105152326031804,-0.7046408399623685,1.2765521494460335,0
-0.05275510800076566,-1.497858674779467,-0.4581242720115041,-2.584891869626003,-1.3074695495894735,0
0.6534789819517407,-0.5391106607016489,0.5159722458242166,-0.558900455835632,2.1216801702160466,0
0.0689061331209721,-0.7988988980931305,0.030035806705322063,-1.1286904442972363,0.6982006633351854,0
-0.13260407824049675,1.0284790091901104,-0.7713067725554554,1.1895856760039776,-1.8783535287725175,1
1.1770006367903372,0.15319314055807765,0.9965920457235172,0.020658746056458455,3.282646614985448,1
-1.31246730344855,1.38238274568994,-0.8552156947726337,0.8746663393726222,-3.908738339224611,0
0.5363892188475762,-0.6665562312330456,0.9011161637564968,-0.011127799728513299,2.130292048763107,0
-1.6711471647953489,0.8741698718964992,-1.1146398338116148,0.9154294240004905,-5.27310681113933,0
-0.8383618800008077,2.839622914807913,-0.33342394310540957,3.2710523355205514,-1.3211040071968287,1
-1.2126571326233138,0.3560324671271402,-1.0097201697720217,0.44778969750418623,-3.5722406210329765,0
0.7819425354519183,0.8616488623231527,0.945281784606768,1.0936464279266784,2.703700514959952,1
-0.06541023359539401,0.6935176642254062,0.06125514645791476,0.013019801899683991,-0.4678008377032561,0
-0.013503244592976752,-1.4220753274258267,-0.32702682821995716,-0.7830235754476802,-1.1320118939053034,0
-1.106732987729451,0.5858172974674507,-1.6217053495897578,1.0251581226555984,-5.263373561293409,0
-0.2996934959328892,0.3064563206495689,-0.6444921689928393,0.2970361703133327,-1.1621954758374577,0
-0.7634653033091117,-0.2597473833983092,-0.9264799615878461,-0.11574633646167795,-3.0532028649780907,0
0.383455014854216,-0.8840363742048806,0.0555420424828279,-0.3827334440917529,1.7520737969467852,1
-0.9910911353316136,0.6939832403270371,-0.7841752660896558,0.5079831382718063,-3.0748568391919857,0
1.3297943652050759,-0.9724037396106213,1.4307419732372013,-1.7639439469428806,4.568353085144961,0
-1.6755804496240945,2.133645604681897,-1.5209187002639855,1.957013617490237,-5.091323463391088,0
-0.8065198324565613,0.11416908348812836,-0.6308157994986715,0.19036382956549847,-3.3064825404537297,0
1.6772005099660963,-1.2233070477865036,2.2750324788583627,-1.239526943823187,7.160089899979045,0
-0.4351387479620344,-0.5139962783283388,-0.4394251941555846,0.14478680033604563,-2.137645593940569,1
-1.314878664404412,-0.27813433828981726,-0.8106939474871062,-0.7580855327494682,-4.684770896579684,0
0.21907156253766866,2.412376653923846,0.4773642415272523,1.9957313386904554,1.2245119697968754,1
-0.47539224221454224,-0.8845889468094964,0.08942452610300056,-1.4136121976482903,-0.11685118544413464,0
-0.8358702556183056,-0.11621726325138722,-0.02855533842501956,0.09815328427735477,-1.2039530767674975,0
-1.0958708107987172,-0.5378283698650225,-0.807546020809182,-1.3008452464019395,-3.212030571339697,0
2.768373605625943,0.4992584855816641,2.8202577304619423,0.8711366845983197,8.493685283945277,1
-0.25155190018413637,-0.5218834137050443,-0.20289799146248233,-0.9883256743597761,-0.8606056407241656,0
-1.9255673603328771,-1.1390566661397103,-2.1606504001137963,-1.5256078460169689,-7.282246170457364,0
1.4937097590055342,-0.1952945797961987,1.241823685717506,0.6898180501994178,5.034842902068904,1
0.6110709051105708,-0.2993938433322431,1.0621294867663384,0.3168960210155964,2.5117995830051987,0
-0.7664664310197878,-0.5922443776240135,-1.2483015772435657,-0.5326377187455625,-3.2314749373169476,0
-0.9331190886861417,-0.5388103588971174,-0.12573277090502866,-1.1943294341684638,-1.905833014143397,0
0.6734727961582307,1.184695797881003,0.5976111697062209,2.191907026206432,2.0557816394225816,1
-0.24691832748945464,-0.3197402142675043,1.1841206190719524,-0.4179009904854383,2.2618334867624372,0
-1.9259778184451013,-1.1341276624784327,-2.27253553185991,-1.010337174244321,-8.028750613740451,0
1.7872399646046684,-0.4621159637998562,1.9123344245948357,-0.006149079244127442,6.917631988095963,1
-0.433990462215957,0.054335659465392594,-0.6099150973401666,-0.9271119438045734,-2.5481366366824396,0
1.4955717364824264,-1.336269636551354,1.0990296907107906,-1.6562883024671582,4.7690047324778755,0
1.278434957965715,1.6259779600063986,1.8103351334050743,1.5919405899895405,5.420587164453492,1
-1.0010095444828142,0.8675794775062721,-1.5537866416817172,0.9329393333619961,-4.685972495381423,0
1.0331898643631479,1.4301727436187792,0.6951526108760305,0.7783693225839466,1.4075206320882092,0
-0.6514425498636812,0.3921281254876826,-0.35828269540622587,0.5552969561448196,-1.9891084057292154,0
-1.866700586803942,-2.0936974501301004,-1.4942201813292395,-2.076827248160826,-5.893602309180855,0
-0.4245981660221425,1.5353337166385135,-1.120540876635903,2.3689925411514774,-2.103666869477165,1
0.397637501776279,-0.8635683597098927,0.688475944383966,-0.3634229652070392,1.9554482836008682,1
-0.4627366479963376,-0.7821867440020989,-0.3982866912881682,-0.916814637639768,-1.8171624655712402,0
-0.3070483409251013,0.1563251439554436,-0.7659100198558663,0.05829040047977538,-1.5755634483302896,0
1.143566044928613,1.3782298466701495,0.7491252772608359,1.8854782318315937,2.9610177081486455,1
0.10649398029009184,1.0532871339523997,-0.9102317336841085,1.1950992782776226,-1.1446162577308963,1
-0.8432983112849525,0.9062811201760208,0.015423902613836415,0.22071441483290588,-1.1034249669214917,0
0.7020303236673265,-0.3118270528745533,1.20974053115583,0.735068364770586,3.0227482121675497,1
0.19767556695424515,-0.32760752609211174,-0.4468969381348643,-0.8225418725497623,-0.12834775633337842,1
-2.521604801462043,0.3459436679800666,-2.122150965066145,1.5854284396797733,-7.726191024024215,0
0.4283529137714487,-0.1300708412835327,0.1413417417966154,0.08390661975628899,1.3730665659305172,0
0.3918287077161016,0.8893179073293531,0.8492339758909515,0.571597262493051,2.1951528979338657,1
0.020121129580859987,0.8301176644952266,-0.2279156549986812,-0.3533986775641613,-0.12508404762841369,0
0.8917005810695752,0.5913413211727055,0.710023533515596,0.9797235557968884,3.717842133866979,0
-0.6723935843265022,-2.5259612817693786,-0.8165672182053345,-3.3011165745789794,-2.5560242592544853,0
0.33649978882090087,0.12798836367726404,0.007822117990244348,0.3066356428613734,0.3210726241541607,0
-1.5669593711673528,-0.10885388073270116,-0.8673236835507008,0.8579624705284918,-3.3131066164350886,0
0.4070903833988318,0.16802560175953143,0.8563538799395711,-0.400813830855526,2.6568978309419915,0
1.9530596955398964,-0.7543246385464069,2.008033964706536,-0.38529693250990404,6.720414047400143,1
-0.9948563524675411,-1.3247859103992252,-0.482572270474636,-1.7305857178281692,-1.5898657695232323,0
-0.759802131987775,0.4631384799750399,-1.5733379896105046,1.0297132483594913,-4.888087671851127,1
-0.710015442891552,-0.35630131773206175,-1.3242448321670683,-0.3233899777546593,-3.4489304850189457,0
0.12999822580159529,0.5746929937075994,0.3672756069805766,0.5651612947808219,1.5027928830831658,1
-1.0630362728537182,-0.6709143776847711,-0.6952679949497738,-0.06727022194716059,-2.449217912809885,0
0.42124737869098017,1.4159106404926767,0.5609511518188559,1.7285568610677902,1.3037888161873148,1
0.8468399454691652,1.0010648425707633,-0.09450739206999414,0.5987203233085154,0.4609649531178125,1
0.5343472134537844,0.29682710854588035,0.003179951284910554,1.1903838194230305,0.9226338894430217,1
-1.7684154256380726,-0.21328841338594717,-1.5601194923859882,-0.9812016553957089,-5.420487983359139,0
0.9951676651586061,0.852408877798197,2.20840380977924,0.990257425622009,5.3705795013655875,1
0.9373674142536799,0.39254781523740595,1.5463237467828939,-0.018884530207242733,4.6495900249408555,0
0.8301613723463044,0.23858418793060485,1.6188135215816906,-0.5050281658483277,3.7541258745921686,1
0.372842248655825,1.0428654095596086,0.5427049597509745,0.4757749046597478,2.175095448334755,1
0.2201893142051328,1.4265361544066402,0.38643480459982144,1.4019163944863249,0.8175122960478327,1
1.0323893981263967,-1.2524111844855446,0.5156466644983586,-1.0775478024112608,2.497864012531375,0
1.9235134876034545,-1.0503841073498061,2.399424514129263,-0.520918191750097,8.116277806510835,1
-0.9530404633648498,-0.7802607254787978,-0.9896313146353513,-0.042242470781960306,-3.023221629177516,0
1.0781253957947718,-1.5024245976435517,1.4244915835266314,-1.3635810240915336,4.703144349191588,1
-0.08621709800745275,-0.06274852556915117,-0.07087392156698534,-0.2843451650045553,0.24366763070763942,0
-0.1296730520286007,0.6001164552445062,0.009886160346769035,1.1196251087468008,0.02978604226419937,0
-1.5365306903820384,-0.021418294952336624,-1.5803947485313494,-0.32873903707346397,-4.741819141741851,1
-0.28478940951539505,-0.5341216416128957,-0.17247706060394863,-1.3319289061285704,-1.6275302852793119,0
-0.9972649579684154,1.126457757129158,-0.4972266791958002,1.595963513350494,-2.5201341648261906,0
-0.4638544295059457,0.14055640320674964,-1.0969691940405575,0.802512329113496,-2.940752949624653,1
-1.0981863837781498,0.34298296736631834,-1.8446475969357048,-0.06792285667054848,-5.446060132755899,0
-0.44890838731300636,1.15423480489976,-0.23597609849355689,2.1346463866492598,-0.8966003794243466,1
-0.40611035702340326,-0.12324193885113374,0.31417679193040515,0.16828422056680223,0.1261860492562885,0
0.09675491843880031,2.0602140726246803,0.9431272268393412,2.277195061607127,2.4437969135783124,1
-1.614749862291331,-0.447815003871766,-2.226954971146367,-0.7061580532722342,-7.4679712807326695,0
-1.4455181477453234,1.9979482045128998,-1.6469550654465102,2.506592588634681,-4.316081532327649,1
0.36191427073052657,-0.9747351819124206,-0.3776933564919281,-1.7369242454838134,-0.40800136215258725,0
-0.7974381170700989,0.5174849028804415,-1.072743930263659,0.347589680092089,-3.198266854644347,0
1.0745297902299311,-0.6425321688062371,1.635953837754612,-1.009113786787349,4.780581574069705,1
0.2252697220150467,1.1195661169810924,0.21882383023584684,0.46509974190739845,0.8160855690196676,0
0.6067621502064073,-0.47823260785842847,0.41982511039451353,-0.046738880200600186,1.4823381954111416,0
1.4106923204208948,0.2908711906440859,1.6832351986264997,0.4614404289395354,5.5854103847772265,1
-0.30971081180657256,-0.6505419960415696,-0.7072368567113081,-0.2481962434444906,-1.588991562375241,1
-0.5744867054162758,0.9372251736666143,0.22200247702465292,0.7980751692048544,-1.6185920888155256,1
0.8717025855988135,-0.6557512606391394,0.8753450717195502,-0.16321148465259827,2.8939701256416805,1
0.5095135639296859,1.683414844742669,0.3086164424497363,1.721985722900267,1.198213473940538,1
-0.18733030982130086,-0.9959971069613904,0.10609430757650493,-1.2320702739476144,1.0917274057651576,0
1.3914579669559421,-1.3456279183281468,1.8611010470614655,-1.665072301110333,6.239424634607206,0
-0.21224430983993056,0.9515520780790863,0.5857433102346989,-0.039899805233348906,1.6031499652354828,0
0.03277363755578143,-0.5916436402635217,-0.07221081557330071,-0.009457988555052976,0.18379675885766622,0
0.021222650834258405,-0.007237313449535615,0.564250912181117,0.5182152710178435,1.201514651695153,0
-0.9345938948984711,-0.32224115383572083,-0.8839880889484726,1.1414432952733697,-2.987788348456947,0
0.07758538948639096,-1.3126082671526902,-0.22810462100045645,-1.4799181194812474,0.2216560389093537,0
1.3967601773984912,-0.076993664138338,1.008354412896374,-0.41039046527590173,4.986908237613049,0
0.4449683153761758,1.264915894972302,-0.10352340644032626,0.41419828367685085,0.6114312477196197,1
0.031063426398931566,1.0031370033055655,-0.33978357304562534,1.4831201752051015,-0.9444377066567868,1
-0.16176728116566969,0.2317927626259248,0.3960860297143722,0.5967059798987555,1.0118083026642415,1
0.33086702840635124,1.112268293035107,0.6842218292993698,1.8881582526843252,1.4381572539284808,1
0.7497666284891851,-1.0595185846941766,0.12916080051821022,-1.5178395944051297,1.5781705459424786,0
0.609238830889753,-0.3254543289050061,-0.2639566292177148,0.032728453327581564,0.7266018468659459,1
-0.33186486182197916,0.39580494073020794,-0.8880114397201846,0.13478465255754785,-2.3278581742772078,0
0.32478159411011454,-0.1304148268171117,-0.06358651001345977,0.5414432701566462,-0.09241082132491873,1
0.47993974114827864,-0.24682333047655725,0.32830688585977436,0.021284230269584092,1.1492477953574893,0
-1.0071949875269783,-1.200643732321095,-0.4207632260226213,-1.9784907478248313,-2.5105292940020996,0
0.16823054118369438,-2.0813413886427115,-0.10562788826613898,-2.1469399084816834,-0.48570622211692804,0
-2.161303886302362,0.8178664249496361,-1.321053906213725,-0.15619067623857052,-6.077111719733263,0
0.48253370982118504,0.24322157325222585,-0.3575662363394988,-0.3384192828819079,-0.7173139512974109,0
0.6603430545626816,0.901998378210093,0.4860267941815285,0.35059963546325856,2.2581321411847153,1
0.7475461257864594,-0.4372359421583744,1.1403204603546602,-0.7577066667905124,3.5686304694023625,1
-0.3950468521695675,-0.712777884827594,0.028555774013649338,-0.844120776829916,-0.40260956167844897,0
0.3090468350240348,0.006547966636634446,0.14118985682983837,0.08883951417467323,0.5530011567615432,1
1.4239538455411669,0.8541996486128164,1.9248305624332653,0.911472499009979,5.859567382936161,1
1.4137696482912587,-0.23145221498765425,1.8198678695447001,-0.24338212968774273,5.3459175094245035,1
-0.029172699226560628,0.8017851843284858,-0.3702300288828158,0.9679778983525325,-0.5316337448701329,1
0.13931963072955983,-1.0063080055930869,0.29678386495177084,-1.6312053262635262,0.12362715642219024,0
1.110911144734433,-0.1614471331698672,1.4627177867728558,-0.12485777591745836,4.633684407144927,0
-1.5008020152621748,-0.07011414407803107,-1.8060693990485872,0.6471153691811421,-6.180190554379182,0
-0.3230757426770246,1.22638994392192,0.5240869824575569,1.143488530489961,1.4422155420823732,1
1.335570455536757,0.2076273980159083,0.9178894822279355,0.45496378079914135,4.102525937751345,1
0.9752005416847661,1.746077518294195,1.0472469833320222,1.9468898741408678,3.5570720675849556,1
0.36926377764990465,-1.3476847999474826,-0.2556248805598494,-0.916550584646191,-0.5103656949851607,0
-1.5058324053306205,0.12991890441127968,-1.4541523059993404,0.2734883542799699,-5.848812783832458,0
-0.04991023304116202,0.1793980391804458,-0.5834468410765733,0.6020806535301115,-0.9938589015362803,0
-0.589915396249933,0.6200931975868672,-0.7369799669145644,0.8737388871755889,-1.4594353680665018,1
0.3310389028172135,-0.8133599364488912,-0.4622598778433349,-0.4847174321018497,-0.22348470513882737,0
-0.8093466847948803,1.684446339410836,-0.4094399846320194,1.905510160550022,-1.9452547353850846,1
-1.0257233949746074,0.012963941471759196,-0.8475833701038036,-0.4904307324429203,-3.1388784522616304,0
-2.0648652776836416,-1.087067512934918,-1.521160000865292,-1.6724496862812201,-6.088108601577831,0
1.2218046849767015,-0.01602499041361854,1.0479021026567834,-0.1926387196657498,4.030180266687055,1
-0.3997705114430575,-0.31316152288011356,0.16715317199744167,0.46265874120806105,-0.6079289600367244,0
0.15714578370253451,2.783235142247329,0.1767856063999524,2.6974086202836696,0.10250628955084817,1
-0.002238116474181094,1.0499435995250135,0.0543456132401873,1.2047233419043453,0.15995066915379835,0
-1.0674339329604998,0.049661355708217385,-0.01040727028453059,-0.93399180555308,-0.8752565828566404,0
-1.2590649114481935,-0.11191668519920464,-1.5014028939174955,-0.015045734865151289,-4.502887838319903,0
-1.0053151259972357,0.951056862481465,-0.39158561041981077,0.9940108716897803,-2.907855406971594,0
-0.723168438829393,0.9988621603282145,-0.4833259685555863,-0.33779731858498796,-2.17899922631107,0
0.36660624701380495,-2.911549919320649,0.08065380089106344,-2.7661054483352547,1.0757152284123526,0
-0.7957176635206115,0.6429931547333338,-1.453563108752348,-0.1824971235942825,-3.3422680682080506,0
1.7464906315946216,0.02796654397862666,1.2299481063668765,-0.33470803847741154,5.97527588696778,1
1.0271510358931508,-1.3111438217869762,1.5924884348204063,-0.8139078151495044,4.6203452936524485,0
0.8083595496657081,0.8802141396241769,1.6755593130841864,0.958939903043043,4.975773428763059,1
-0.11965890247315014,2.2461880135582653,-0.07393895086803719,2.0219629680733835,-0.2027304090248684,1
1.5142807357204837,0.5567959468277808,1.5862216170310453,0.2897583471541787,5.384000454305372,1
-0.21800563112112403,1.1004284422568642,0.17022108545711928,0.8914323254402793,0.0446070656096233,1
-0.031261414154246076,1.8041190919644037,0.005389600522346424,1.884563569209803,0.0011997185964380125,1
0.1699745397492694,-0.8302621507200517,0.7198245587344305,-1.4305835794179824,2.2821928035949997,0
0.701823040543344,-1.8575714451669172,0.8476341658749365,-1.2953627110935853,2.0457681050533556,0
0.6369080790029852,0.6568660633095018,0.7046787358292065,0.08308422387072822,2.598792672176487,0
-0.47512527844460306,-0.24761153644145104,-0.824731702191662,-1.1111403028612603,-1.5924423420338687,0
-0.5329937194259537,-1.374173452371543,-1.005627259162595,-0.8785968863980078,-2.094851334976167,0
0.6399029571520845,-0.0781699361357932,-0.939641049620537,-0.2966305981655273,-0.6349409414080535,0
0.7152365838912327,0.7275473737906202,1.3322949838621685,0.7627771691201713,3.358919638881914,0
-0.3933511248228728,-0.14897166476435994,-0.4666546524340356,0.17834384374039083,-1.134946843860351,0
-1.587188069678454,-0.7868276307350374,-1.7873867420463445,-1.1465461046823138,-5.293085532630052,0
-0.20731609600824458,-0.22350706029651027,-1.1831697442009612,-0.15493418411980447,-2.9348838223952836,0
0.6235257988258587,-0.019476465301345502,0.3034694159396827,0.30463102549292287,1.721032917891904,1
1.8054168464197806,-1.9294822626260821,1.4195736172783329,-1.1078648196885945,5.444637542272185,1
-1.197957962340662,-0.14277495317069325,-1.5953445059560494,-0.39830439942008955,-5.294619552222114,0
-0.42657125283057357,-1.3443404721448917,-0.2601531812542597,-1.5758140723243086,-1.3177482191759715,0
-0.3894035615253766,0.6590259520210962,-0.32827928492737485,0.9406892616837601,-1.1763986226315382,1
1.3558053394315013,-1.561042575586778,0.6751573726216488,-1.4567460935573588,2.9249047375328465,0
-0.03494150045863278,1.0126922045509361,-0.6838620504122991,0.944174324803521,-1.9611913841648767,1
-0.9073265593722656,-0.40916506921394147,-1.5571658355374485,0.38717992204035157,-4.920124534820108,0
0.5586952829218191,-0.5429757067720121,1.4639583267054075,-1.384194341427801,3.92990995240803,0
-0.40463852004094636,0.29445459730197204,0.3417227943048685,-0.4164181279269588,-0.6564186477895335,0
-1.2243872733579544,-0.866034445223392,-1.6505367729077531,-1.701475415101085,-6.24614422271295,0
-0.8927733072761507,0.2787457541300641,-1.8810704672740162,0.8795857346300513,-4.415048983635165,0
1.734041954422619,-0.7321087746883707,1.798064075928879,-0.4747471140781448,5.69058036410553,1
0.38420922164946225,-0.5567345123247693,0.40767927976829804,-1.2421070542581751,1.2946678308925206,0
0.10776005545254295,0.4053541693291353,0.266218548946742,0.343837473654522,1.155221659367847,1
-0.24989373581204613,-1.1385807337343827,0.12079321042662042,-1.1524185304038672,-0.8523838980397305,0
0.29214884211879866,-1.264337301762357,0.5180008188167696,-2.368947111364147,0.7545040230369745,0
0.2802359460024941,0.24822550741034183,-0.2779838197476326,0.3423640713831991,-0.45190528692520865,1
0.2921688282073261,-0.026899852489384587,0.4391893717893349,-0.6156728835560384,1.7972843229023039,0
0.114845090277753,0.168692744809392,0.5417568779455801,0.5220270182548936,1.244958137812187,1
0.8687983383055493,0.3276392367214207,0.5067974768038628,-0.2458313861684791,2.3127544002824343,1
0.02310434600073103,0.05737555380698128,0.1730825803786603,0.16695546406749584,0.23311015379619418,0
-0.9779388355526387,0.6080926239670689,-1.2543291942865427,1.2553777403619946,-3.6944992616644,0
-0.6124228909008682,0.09743628697865848,0.3856619695697463,0.5847163274852719,0.568612851876169,0
-1.9790186934897123,-2.007303899675303,-2.642432262923222,-1.7537214578167282,-6.761380312917476,0
2.0268171160423925,-1.7478845946618555,2.604791584306693,-1.7885523828827288,8.175766026596246,0
0.8627545919526868,1.9279491802420827,0.027348211240052156,1.1778970616986597,2.1118022429829804,1
-0.830070495129237,7.186705886302617e-05,0.06645584747906685,-0.21947605309087467,-0.6125616445443123,0
-0.2818448493971,0.9502416517170968,-0.8526193831093047,0.8372385670806434,-1.9945088627705416,1
-0.6368764742064336,-0.3457039056270759,-0.5420407022117656,-0.49461507736870336,-3.1443928894285174,0
1.542547211374117,-0.05801509439393041,0.7279506180257146,-0.8247762155537486,3.580778471349267,1
-1.419877164270929,-0.4533646542708436,-2.0948677227817845,-0.23614728185890854,-6.488682821581439,0
0.11447605881877927,2.465927331461365,0.5633495826310903,1.8754694952987216,1.4778136665014705,1
-0.10852784256484785,0.2532424223641424,0.40555331316988796,1.0262968941669692,0.5495814746960416,1
0.8268386307091143,-0.5348579055061975,0.9465180968929379,-0.46084731284685015,2.851694677307449,0
-0.104009227724695,-1.6515397134301908,0.26653160502042544,-1.1619083994229644,1.3920543408755588,0
-1.7582088766554351,1.9737334427358522,-1.2357695053284488,2.453030012908523,-4.454763731849693,1
-0.25111783464244086,-0.16327838522830335,-0.5932062665420981,0.8756874355741127,-2.574501059043558,0
-0.972162217943325,0.7442291195615972,-1.6716429351017323,0.8351696221811236,-4.942072887877712,0
0.07957954655656065,0.8559972903065459,0.07272785345516333,0.660966665401575,0.5802864530982431,1
1.4341770365203266,-0.46283052343037057,1.1455764435717224,-0.6482231191528288,5.107871799429888,0
-1.7394252442322782,0.672452775386156,-1.5451145041317806,1.420504096056057,-5.909355253660743,1
-0.8002227353999037,-0.6041382867516175,-0.5262084293559406,-1.2642559947129346,-2.360436176939484,0
-0.552692953783497,-0.9904263620394158,-0.8935183490681374,-1.4294886511360068,-2.56868389357821,0
-0.38163109541321116,1.1644646925122124,-0.029576823929989615,1.282960572877944,-0.3006765558934992,0
0.740125664105244,-0.15818937982219936,1.067194852080898,-0.23458810683344722,2.4768097570537395,1
-0.1735444175613875,0.5185128336026553,0.1881143718831223,1.002335062455159,-0.8917768055613027,0
0.4158027257204452,0.41092099388177106,0.21190653721514852,-0.25842562485793974,1.6747923233222204,1
-0.6257730437317763,0.637931960055289,-0.23581196131748883,0.6044589562386896,-1.9053208676309887,1
0.22992434541793752,-1.5565369342016249,0.48992548575553396,-1.6500428054609542,2.3860672656227626,0
0.7777976308777149,-0.5852905313163699,1.0978899532559954,-1.1214125166492799,2.9306900513852328,1
-0.7322995497370884,-0.32447515749642497,0.10659473180717494,0.11485490282003147,-0.9777387361657416,0
0.7813581198065147,-0.8314786729014906,0.9452452147692205,-0.8773708177155334,3.2468274964536756,0
0.05237276872756848,0.4290068480163878,-0.25110834327116516,0.3619695425927483,-1.4896359595072628,0
1.0454602404822526,1.1868930775958975,0.4902329749825205,0.7745413489616796,3.980851943548344,1
-0.20141990007697352,1.3451846553462978,0.3625481799199374,1.160251863953604,0.22546808790841424,1
0.3812446551620988,-0.33920476520988363,0.5598984931798229,-0.8500185596701666,1.2724080443132137,1
-0.04060623167853,0.2919658624579071,0.7944047624815822,0.7238490551401204,0.9447164276977491,0
-0.09621226204057896,0.44564350449009926,-1.110988357640814,0.9620515028677523,-2.1854183681223973,0
0.25893042822568985,0.6212560942035293,0.7142639721189108,1.461286856604655,1.9623507691050903,1
0.5368074692249037,-0.8781350730726438,0.40623880151458974,-0.6611083846119181,1.0513739136833182,1
-1.249564911924005,1.820580268264966,-1.4263254093645905,1.6509709716084067,-5.41296899963351,0
1.4336336088178778,0.9265201843464447,1.0512296887435824,0.692038572798601,4.780537927214083,1
-1.8596630405497985,0.952649343692441,-1.409877533607227,1.1979733655626008,-5.937103339738878,0
-0.684812109738896,1.2034600569003968,-0.37804402109728363,1.3038918341808536,-2.6438143421086027,0
-0.09426907076490067,0.5341359422659844,-0.6654600832846209,0.4470318690950452,-1.5462846532608832,0
0.4123559690859481,-1.0273134230509724,0.4948166880484838,-1.1583527114888759,1.4073042034983079,0
1.5761725277413785,-0.13897273155510673,1.9292296930816137,0.44662247883113926,7.197733139125434,1
-1.8582914882251074,-1.6510533950619155,-1.769286225262154,-1.8669770669704364,-6.5871020741041235,0
-0.5076941283897106,0.4150725096990842,0.046226021623758995,1.0884104731171054,-0.8232021624755382,0
-2.1268334877992654,-0.16921365816554673,-2.2718527597438567,-0.07814556116544423,-7.624227658598012,0
0.03162197391024777,-0.04052238352693171,-1.0955568626419896,-0.2244627918182414,-2.429115018933735,0
0.27168358450003066,1.2040011300856512,0.365042364884149,0.8113665074311055,1.3580885252969097,1
1.5907957421712526,-0.4569940385564593,1.6811086268737925,-0.5342564035228341,5.239974878779296,1
0.12063476089345412,-0.25212315877207636,0.2762280092456313,-0.00044032349629619105,0.6137517738045988,0
1.0440251294423797,0.02197329596321629,1.5975146784262302,-0.16653318323378113,4.964474008302226,0
0.583837081539059,-1.8399922494136325,-0.3923945451075943,-1.4148244729234123,0.6597852348421568,0
-0.4352481970051683,-0.2660636557620032,-0.5544898491714985,-0.4795430739761871,-2.0549455746541136,0
-1.4089607467920393,-2.4857949122861833,-1.8702896507928148,-2.5481872034817497,-6.153083794368621,0
0.2750022982918108,-0.5855215618957392,-0.32901289576743165,-1.2288687631414876,0.5250934475073596,0
-1.4921020171453638,0.8551890533928274,-1.5282515169268103,1.134927471795008,-5.570566205218761,0
1.295207072669644,0.44726655825106904,1.646118087809982,0.3136787114662866,5.2066760407859976,1
-0.16206210203682392,-0.5948203104540761,-0.011588799607244293,0.19461494321386918,0.5901056311828197,0
1.1951774115114164,0.040798218223812355,0.8514162002635361,0.39320322685795417,3.529327203136707,1
-0.48021443413239945,-1.0749895671304055,-0.5529502339042586,-1.0327396802665825,-1.9500998232540705,0
0.2688507864009919,-0.0023434031495201645,0.7337990087158,0.6102446073639337,1.7842941804287866,1
0.20934885733468878,2.93032028549251,0.5509134798647,3.1328747102035637,1.045624244606502,1
-0.04504411801092395,1.8458013203719315,-0.32142912462423867,2.349931380799317,-0.4850327711980075,1
-0.4326595133965921,0.05262213001726112,-0.741407701228581,-0.37856361981137715,-2.5938159387351587,0
0.3924560184705202,0.16014416491537442,-0.46578606182897847,0.39073859403593314,0.046366326662082125,0
-0.9261632634832083,-0.979565314634551,-1.1408689302743904,-0.7282043843330461,-3.6633749998359657,0
-1.2094353289590587,-0.8017891079510504,-2.077329794178317,-1.5741596405616658,-5.851075722338273,0
1.2428268933268276,0.3621843221046941,2.2763617370198848,1.1154970541495413,7.281814524295678,1
0.7271679888921005,-0.524892565636485,0.2996089104587455,-1.1050586944888425,0.9654302780931718,1
0.06589160860223994,0.904149594851582,0.6203820362588487,0.25466841255203065,1.3518124812616141,1
1.6651423825437814,1.569685680977757,2.574195486489777,0.14534291557087942,7.965145402492525,1
-0.26776551872484483,0.33262078478103885,-0.15966481446085062,0.569548754694438,-1.0290947354770277,0
1.3227032199889794,0.10173720583992668,1.2726960917955261,-0.7197955076174134,5.0050051498439645,0
0.17557408492582183,-1.6807796249106517,-0.4856085431017194,-1.9392393680891398,-0.98019906220971,0
-1.0247507500763902,0.74761024527205,-1.277050810900778,1.1665444390086575,-3.945416214558049,0
1.8480401917708498,-1.1436713015390583,2.650022715705363,-1.0476448466926107,8.010358531503485,1
0.9907108466240852,-0.41800912863341977,1.1663371614352196,-0.7298577589395501,3.899633142846018,1
-0.12102103100956424,0.959575892385135,-0.10684692728014554,0.1642361369729024,-0.35825103607723296,0
0.7271712595339489,1.029758164309032,1.3832328641217801,0.9759517216032811,3.841239772104266,1
-0.40370343399790687,-0.4665075273501172,-0.055558159770048854,-0.03886989552358994,-0.9534050037868327,0
0.8291490350595421,-0.4089155349199863,0.7552124611696607,-0.05849731154363996,2.4217960803732095,0
-2.3910785652839595,-0.6993188732566719,-2.282950647447161,0.19407154469708787,-7.994526226342159,0
-1.0198013336945937,-1.1978537453259108,-1.4038338524102474,-1.5245830319910638,-4.311016638370128,0
0.9792597442869628,-0.6347954821042419,0.6987394211051696,-1.2933123289613544,2.5203195042516393,0
-0.24965553821891934,-1.6131300189146887,-0.3528048528482486,-1.4581545294924778,-0.9084009316845953,0
0.2075422948887419,0.6830625815082649,0.48627782607558667,0.7887731957782859,1.0525924243599403,0
-1.3467856621154346,0.39452360516187573,-1.9704671484604575,0.3920937987699172,-5.18339279193793,0
1.847866995702103,0.5605292848705127,1.8859871609134673,0.18733027998844043,7.78836497158811,1
1.1905296437176767,-0.9544040505751428,0.9955985636861443,-2.2810936006663685,4.471515016628908,0
-0.20068521837532965,-1.1950705635150563,-0.651149827608432,-1.6983771945908965,-0.9366652153421647,0
-0.4046958568633261,0.053514274313560234,-0.5969416316091534,0.3320485074610985,-1.3938433587033665,0
1.029604361419693,0.06410256495022532,-0.13109727010541805,0.20608436415085393,1.1772962261217663,0
1.9824704501689276,-0.14726982751294532,1.6036761131547381,0.33536217278008423,5.23152771029831,1
0.9537602558113537,-0.28948326918784945,0.4040168147733757,-0.11689231467161845,1.7261710584448247,1
2.171802667396602,1.7107757776943866,2.03184464609622,2.0787843989860373,6.983023556049186,1
-0.922351329061918,0.4260250117929784,-2.0622462405438844,0.8083910222983548,-4.90415091491952,0
-0.8193868304987907,1.970678391466491,-0.7239404587440561,1.9809159766307405,-2.5488951915955393,1
-1.188941118053349,1.2689650254316334,-0.7342294698499173,1.2827144022980508,-3.58163234344408,0
0.4417606496494795,1.703270926017345,0.38311246353453,0.24883970988143167,0.506272731075876,0
0.1756035498043698,-1.074462766356002,0.424999486506558,-1.4027548080370709,2.2724777619546366,0
-0.1519511234719855,0.5931709909980298,-0.40831640167260697,0.28646962796253334,-0.7779027105717048,0
0.8092586281232987,-0.431765488993373,0.03194806623536195,-0.48616735306386877,1.7320389913699001,1
1.2323286052146643,-1.6633867113595329,1.2331742658574907,-2.1285561286810863,4.047011152875141,0
-1.525662409286842,1.4960031695555258,-1.1854732207942327,1.9647851764346398,-4.728746190850123,1
-0.5969720279011155,-0.29369252570562915,-1.2591660907049445,-0.7344475080428889,-3.585722950664863,0
0.8201435941230599,-1.0551016302666845,0.5875299559621423,-0.5038853094580747,2.4374436725896222,1
-0.467738683858582,-0.41456386324869343,-0.5912968843107904,-0.8951413808800028,-0.9613082131949471,0
-0.7982060763581541,-0.7962241227738193,0.6274977462843184,-1.098114020760395,-0.544454180596652,0
1.0185374276503947,-0.6936979676166672,1.1302230250103404,-1.03360414415494,3.7676201138474736,0
-1.28950006972398,-0.2216033901826495,-2.2422868591558687,-0.4697203948505544,-6.238386557272119,0
-0.301579807791105,1.730815193044743,-1.3780052587122098,2.32013416606554,-3.266788865584666,1
0.32864402580480856,-0.6663172165446257,0.6938934409366835,-0.8298595305081304,2.3784153448299956,0
-0.5738199139101188,1.6592706642191906,0.6686960740881458,1.5084427664152218,-0.39115993394066895,1
0.7831556560131748,0.8488367959795216,0.6426684137128154,0.4779384818992982,3.401954833194777,1
-0.568876975197369,0.39627156358608606,-0.7392867712266237,0.2663748265451232,-3.017148608375817,0
1.4086194934459193,0.748120032251875,1.6240065815447173,0.8563442869985951,4.7958885685420665,1
-0.12574629749577262,0.013655663837457525,-0.5248945016683271,-0.09392477276005509,-1.4631350348411538,1
0.6712701367053535,1.286050103863426,-0.600807173508983,1.2109042646030825,-0.5185021207657784,1
0.7460239529828163,0.5669802632671008,1.2646561476206595,1.0749954600693565,3.8605999529600057,1
-0.6275400027440727,-1.664665985025513,-0.9341310669449875,-1.5278412587550059,-2.6552262238867343,0
-2.0534865486558886,0.29625193188996507,-1.528427615745203,-0.2791904784793075,-6.080306556875621,0
0.36075575466383486,0.7839731429926151,-0.01973764049150528,0.7413405226763188,-0.20728250798515258,0
0.0722883471248695,-0.28900121860121725,0.13317791085513864,-0.5581763093262413,0.3050621300073086,1
0.5558260275751273,0.1262558727139327,0.9832420013194745,0.38676885148460827,2.810089325112196,0
-0.22652747238283805,-0.6128579946744072,0.308648003153098,-0.5613880909824407,0.8936419957903846,0
-0.43042769880071585,-1.3776256560635605,-0.3139333650600037,-0.8124702508950666,-1.1737865034334827,0
2.0084730109816995,-1.55037687093124,2.1000925588811996,-1.9203975122937267,7.404223350032607,0
-1.472354061510778,-1.5370679870688635,-1.1625009714212222,-1.6332780682087684,-3.5522856108341285,0
0.7339504783642387,0.6690447424705321,0.9660352455613148,0.13698766539870577,2.452942858201084,0
-0.574601858183391,-2.4902817083763287,-1.2201921252690475,-2.5111831750029228,-3.496340854512066,0
-0.33577861774042206,-0.6664799269634811,-0.971819794892343,-1.4347704353068775,-3.0152324514106645,0
-0.31710283257396576,-0.7656532852453778,-1.3716323840844056,-0.604911002320348,-2.4156593178054755,0
-0.8034342741712573,-0.2821595359874645,-0.420180273751434,-0.30988932865289115,-1.2080901284909653,0
0.5712242102362395,-1.8564315499362027,0.3733593233807394,-1.7788391809122375,2.3678179719052848,0
1.390643595949957,0.40388809474061865,1.800742218638108,0.7979554165877007,5.96114841281655,1
0.47001366124666144,-1.273161394159899,0.6718689479739068,-1.1607601495120867,2.239009242036956,0
0.10338199621209512,1.132405540709269,-0.39783134457338964,0.49401677251731135,-0.8696104258344856,1
-0.9864404990992466,-0.6217656875888323,-1.046551715866636,-0.8997020753589797,-3.188047562063499,0
0.5168252658244509,-0.09561302341192035,0.289414239992405,-0.13570380912704222,0.7133824638617352,0
2.1563496317292987,0.003773856555206271,1.8517378915975176,-0.1602758784486063,6.295610164960864,1
-0.3806946237950925,0.244241052860572,0.07694903895154831,0.14126203318313824,-0.6270800455052657,1
-0.375983579351866,0.03701437749614225,0.8793881559219703,0.8477406315721596,2.1383014460359515,0
-0.5610891309809971,-0.4271105487326319,-0.0029873101092231513,-0.376932825689252,-1.1043359755980888,0
-0.4894142344944204,0.3430485306940432,-0.5028924181731222,0.534178338968202,-1.9290955659151627,0
-2.7452995536723845,0.4661471304949542,-2.1155456736943226,-0.5382536172903862,-8.205154593867306,0
0.4050353858557128,-0.7651346671096204,1.2614867110111145,-0.39213234099318667,3.5798330326483403,1
-0.8455521763546138,0.426367818973557,-1.5417375675097622,1.8523487587527585,-3.7257930299459057,1
-1.6102631187918002,1.191720302401696,-0.997835738110535,1.864547370544257,-4.971254266982596,0
0.7531899497325488,0.7058941961045526,1.1380309591041513,0.48579910414845395,3.357509418824356,0
-1.0820177850419361,0.9323752416471873,-0.4879582567136862,2.072903953466795,-2.4866864313756225,1
-0.3386690538837576,0.1719208489074455,0.06797467412469271,0.18566903220521508,-0.20967146655230093,0
1.46644239118858,-0.9361504460748792,1.3525778874215095,-0.7828773078141794,5.337716144848854,1
-1.4092157980245135,-0.8096444597036451,-0.3927804759331299,-0.9433625675975531,-2.4893426543212906,0
-1.5325982345977622,0.31988796785441165,-1.3627989303066879,0.1732285337517727,-5.011747959327393,0
0.26930618956233815,0.9427637251523103,0.05214267921521146,-0.18128387123322465,1.0844342321623022,0
1.1494873640103684,2.7859119139940556,1.4024763715305555,3.179658929937284,5.013576306181313,1
-1.574341717731963,0.9818219444386037,-1.0881437668680327,0.8333228407023279,-4.093609148230595,0
0.4076897368371771,-1.170435757497502,0.4550702747681751,-1.2644661014343583,1.2572708904326886,0
0.5809995399616921,-0.7672725723599824,0.7775677317228047,-0.6306037502907478,2.7830836596491513,0
-2.0591604836923203,2.2785173159559986,-2.0149769426404944,2.071228198805543,-6.516910773429298,1
0.7985013379072202,-0.21438893197677833,0.46846347135689853,-0.08247554337527938,1.8777540962258488,1
0.8766058798421794,0.047514634761288484,0.465693650528294,0.6490448894840799,2.3120756023322326,1
-0.31178557325602474,-0.9604169204092289,-1.0131937165418183,-0.7580102435617204,-1.7116926976853863,0
1.2523463622980082,1.5651034055742439,2.0113563793213807,1.488354837151866,6.099477480671851,1
1.1364555743248452,0.5003332073206254,1.0247469502600146,0.4385856553792889,3.7102513012922422,1
0.10311792571720485,-0.7746013478853117,-1.61066962516044,-0.6743045583464349,-2.335860544030853,1
-0.45144539032493364,-0.9938252888572713,-0.25317885068517915,-1.4099004376873872,-1.4187753385156716,0
-0.9728278925829571,0.3072039458978721,-0.7849143403293058,0.41113379653583126,-3.8771333450408156,0
-0.03756350936619123,0.04420617488045252,-0.970847350781389,0.3864916211174199,-2.387623833568794,1
0.569758919704179,0.8321102172211272,0.1535608155375479,0.8758682652765077,1.729764710904732,1
-0.32417686104064125,0.5469684731271998,-0.7623213783211058,0.33490202416051223,-1.750561215869718,0
-2.19750100526203,-0.2644803487686226,-2.568634850658168,-0.40803210868358486,-8.399465462735048,0
1.2687138945765704,-0.5438015954613664,1.8751018254283554,-0.21771717530643192,6.1838392524051535,1
0.19022322184489376,-0.15994214829883396,0.11578444781147541,-0.7100302505906624,0.6003330332041047,0
-0.37962449667683384,-0.5506808466567625,-0.5932419390849095,-0.9589094185799079,-1.8670896085124786,0
0.8571583884232883,-0.1301955328047618,1.418353359533585,-0.9336460396951406,4.540004539729637,1
1.5246385964827558,0.016440928619381696,1.7723124690746084,0.03344027828928332,5.640570239164148,1
-2.8019115694878916,-0.897930893380057,-3.6724006984761663,-0.46698705550944564,-11.302545666798444,0
0.43426364992207156,0.6306798620978803,0.12595183033812007,1.296420775326642,0.5059331249085547,1
-1.4266492108103472,-0.3704277144696703,-1.2656681672433743,0.4039052071276907,-5.1985840339025025,0
0.49911050679894126,-0.8418843502853434,0.03216543979292469,-1.1871214213809524,0.3801329185365266,0
0.12792720237457925,-0.35160742828186803,1.142704596585145,-0.22659194552604306,2.4642676675554975,0
0.6357265264405499,0.24225815662028627,0.6921659082668418,0.04110198602826837,2.013945430742485,0
-0.4992476144946553,0.08303819981330346,-0.8759357842834179,0.9068601759258634,-2.8106804860336916,1
-1.8732401118191522,0.4221181149044621,-2.434711933487177,1.0738412649573648,-7.756004838544801,0
-0.4503681912566681,0.898346125075529,0.01339560276118329,0.9823818445641593,-0.6848713004423704,1
0.40684763513978306,1.3049402040080331,0.08291666664280467,0.9952623309024042,0.00057920512636922,1
1.0153923286752233,0.2854861626880532,1.2053544178210769,-1.4385352944309924,2.672585712563266,1
-1.1718313004725252,-1.0694023872354967,-1.7475909789097417,-1.7862022959938013,-5.05294481224741,0
1.0270604268730175,-0.26911080253030073,1.062159322635269,-1.1952571817841058,3.7345198743382704,0
-0.6478722896465213,-1.0043183843830081,-0.9658152385882519,-1.7274346693351084,-3.588556395524797,0
0.3624498815945265,1.6968540737122817,0.20475267485699963,2.6362778826682463,1.1713193199585303,1
-0.5098939528656328,1.9874008825271634,-0.9080343530583613,1.339880175821301,-2.3636835772949603,1
0.18217062771210168,0.6503111974963428,0.694983766616237,0.1198397000771666,1.5121172433501682,1
0.8918776345702746,0.8584588426390306,0.6463756470081115,0.3981967764810034,3.610250901927393,1
-1.2270140772885358,0.25094319323665915,-1.298742674748387,1.5502155577248264,-3.8034006358077583,1
-0.6799058967468314,0.36605591546079125,-0.7274770371462035,0.33482980156521885,-2.674348566798644,0
0.18496258734208662,-1.5974542183291225,0.9910976481589006,-1.100352085276992,2.069428644672083,0
2.4015836610303523,-0.07393236525691027,2.846737954726052,0.013765340504352602,8.566911066920484,1
-0.863189712166828,-0.8811530623462598,-0.4678493330278484,-1.8733575711462636,-1.6181203042325236,0
2.040133885996919,0.2813565375383702,1.251190574483768,1.0476762713631393,5.685992004428407,1
2.004423303675171,-0.0596098453885342,1.6762271098739012,0.14093853028178793,6.770619664005737,1
-0.09731115070159116,1.9468219623461143,0.49699820721286647,1.8859654728384974,-0.21894604802861872,1
-0.2981525261999002,0.9166276887228414,-0.8836179339107251,1.7966914208953049,-1.8257003257297866,1
-0.6920651986646915,0.2845119825216449,-0.6500584246038267,0.11123751366675916,-2.59303801680667,0
-0.0682025303326691,-0.266939687139626,-0.6008332824630634,-0.3391472695180184,-1.0118181984558312,0
-1.406719432559558,1.67602145875993,-1.8891730602642611,1.503470098462303,-5.627813134526816,0
-0.0762390173205976,-0.029954646126529795,0.7641538091115043,0.5081909965299729,1.4036260265270182,1
1.4968802738508562,0.3316739616352774,1.8565155946390504,0.7385854276470449,5.6096835980217366,1
-0.6110850624767173,0.042249604426835,-0.11951494857942369,0.1815590353577852,-0.9562266855508504,0
-0.24072430398905065,-0.4041539057073227,0.15114643609283884,-0.9300376794635624,-0.47674924191293727,0
-1.7011404742672418,0.03650622238552014,-1.770784655381993,-0.14861057485240994,-5.567993071988525,0
0.3740620881310435,-1.9619668506783159,0.028263734179094946,-2.488008984295683,0.2567959122570099,0
0.2644816849513739,-1.5477064012411874,0.06343655524262731,-0.9675224903826171,0.5349673877930781,0
0.0637023597657709,0.34963054166962754,-0.032210867427602444,-0.43773313751667436,-0.34176460795612223,0
-0.21682705022214338,1.5681996905274862,0.6713159844418151,2.365385284609713,1.0967595600203337,1
-0.2927579187724547,0.34822110414416885,-0.9609361342872196,0.9920475428437662,-2.8768894575691037,1
0.5019002337006719,-0.7203688548966539,0.2250695093912748,-1.1796333002141668,0.7984173668300276,0
-0.02881660158862331,-1.4428537540673354,-0.48529828474131453,-1.6510958858872653,0.13344328244955617,0
0.3149718715553322,0.7845272604756386,0.8432834703155723,0.428312058258512,2.581133387655435,0
0.21498281745454795,-0.567195151015101,1.1418769471240964,-0.3520782521658911,2.790952834165692,0
1.1234272870957618,0.64323541855256,1.2778204670089597,1.3494595318962221,4.497840347351645,1
0.6769940973750542,0.38986515806571725,0.8725020147968463,0.9826748162352961,2.9133155032958067,1
0.19286184315019061,0.47830039225468934,0.23852230467115845,0.2618351555469437,0.7218913580330197,1
1.5184220306521796,0.03360170735355592,1.7371615252927421,0.6610052412257864,6.13031618834785,1
0.4202685290565615,0.38364438496964126,0.806846110235375,0.9695554022002768,1.8306026660021468,1
1.3049626887904189,-0.1194544012563351,1.5177829452338296,-0.2138713556332817,5.790777581667254,1
0.6069426083866378,-0.6353065343682036,0.8563597725257851,-0.6400357733296623,2.6833009581082155,0
-1.841919078931543,-0.9634990605160515,-1.4542118971846054,-0.19264201819266547,-5.270449778306899,0
1.3048347633193296,-2.3850087979709786,0.41569571269179595,-1.8558278578478007,3.5753348581931377,0
0.1351762413426691,-0.18110956240450954,0.1361807064155318,0.4312824298501082,0.7207295099706625,0
-0.05195477090077795,1.5193781829519528,0.10064975014148085,2.812070238977004,-0.28187678868575,1
0.28134834748957704,0.7300800925375973,0.48942243774922267,1.0037136006937832,2.0106394924208875,1
-0.3449831619570674,0.2277091184759583,-0.4304262928490443,0.3905414789313528,-0.5302320231991338,0
0.2270288603889453,-0.734004994289151,0.3074046102875213,-0.05503626362632086,-0.017908570312530125,1
-0.5918760663430924,0.9973392257590772,-0.9518292686834762,1.99124968149258,-2.8424096234360343,1
1.27427225873437,-0.1193093118030249,0.38684989088550503,-0.4250062770609557,2.8308273019191414,1
-0.1135881136210503,1.5749343137890586,0.37798043703177797,1.4740050531957447,0.4535512395254401,1
-0.3825838427224335,-0.9810872632946813,-0.9497696443821851,-1.4903725735682256,-3.096386154196012,0
-0.9249258157192739,-0.7499695279726564,-1.0051527472761548,-0.5785945407670727,-3.8392209960257406,0
0.2687757891486415,-0.8472699442196283,-0.10578902730236134,-0.402640642307592,-0.7329764512953756,0
0.1871071001250919,-1.482118370434013,0.9806117400631316,-1.9565570127512981,2.7194384707134205,0
0.3884246136775064,-0.9370446851917625,0.3486022564231489,-0.3701469250809274,1.9666198827386268,0
-1.0272518875051289,0.10321625976591761,-1.1824801189461618,-0.12344719651950148,-3.2260239327742917,0
-1.601181198811573,-0.7122010248506275,-1.2272482644485818,-0.9795964017661571,-4.871053344851904,0
0.6255913025065598,-3.856375329240597,1.7038283863106531,-3.2914062026287128,4.482002180040911,0
1.4846418618765076,1.0742732974201217,1.6874866254055518,0.7617030183016847,6.136897643207979,1
-1.0263536223898961,-1.6840937293474054,-1.215063353205814,-2.38584296795896,-4.086100139385594,0
1.5894412835616984,0.589228284886637,1.9377382742390434,0.9610568398411623,5.784997642597595,1
0.2839110587363809,0.031214589669564773,-0.5024284755544018,-0.03463655877700932,-0.8643487881110883,1
-0.007062904550829715,2.1173728164203425,0.016151725481368798,2.7164022330088544,0.1094830291323916,1
-0.397548696545778,0.9969574815226198,0.5994301309324279,1.4134528169043548,0.24571798925081006,0
-1.3845180194249966,-0.5046045954849743,-1.3056443210821107,-1.3787537758757913,-4.451417219849349,0
0.9877285159245996,-0.702063562355312,1.0416173440034238,-0.044296350660852135,2.8872757044085984,0
-0.7756063614376031,1.5027276807992853,-0.7652880912588503,2.4526026572227626,-2.815312330352865,1
-0.7798066757376003,-1.4758710971014117,-0.9775448159506999,-0.9590693424692956,-2.922024809859665,0
0.9919263098869546,0.19087993591870805,1.1491716460693897,0.7278101476922261,3.8524886056885426,1
-1.8829834466717266,-0.131120463249672,-1.495346940841575,-0.2549565037035494,-6.182729808071692,0
-1.5235978106681667,-0.34322606870467587,-1.689507836913554,-0.5815737455219756,-5.296888522418574,0
-0.01813424350808177,0.3535139844484254,-1.2635101126584922,0.45973633196152014,-2.422976965455924,0
0.2932844290048521,0.18955986050867568,0.5260931816442291,0.6495125395189386,0.4476147293574928,0
0.48473464796892385,0.45740074279174425,1.5512976862289758,0.9047675468515683,4.057356190065143,1
-0.3017984933962528,0.13897565236328388,-0.4899291974243182,-0.0799156714393014,-1.6436548986027644,0
2.5303696686416894,0.41768140501724765,1.7947879772633877,0.148101855769443,7.1226480309694225,1
-0.22789255876583409,0.09336519293159469,0.11081393360040553,-0.6517115302602587,-0.5351737805800185,0
-0.2307861521027222,-0.6594268872163145,0.6411299799892796,-0.3359669245385684,0.4345670231344746,0
-0.7969866688138776,0.004001260236595398,-0.5322998839562599,-0.19088937678440818,-2.1567881575035197,0
0.12390681652107108,-0.71438655970402,0.9862568436043263,-0.8649089582607656,2.4313869855727255,0
0.6149612320467747,-0.7803766047308504,1.011795504859631,0.08356098515790233,3.0226190307592566,0
1.20357805453346,-0.3361500027177518,1.5570035473723063,-0.036955549325557224,5.3941009198896905,1
-1.489284264440218,-0.11942316073584242,-1.7482846058112742,0.0420261823487281,-5.439793308997942,0
-0.2459953383557008,0.03522530634781082,-0.10329189297909233,0.45032395158565286,-1.579057826016223,1
0.44670361080914417,0.9163788273633305,0.4319681324502559,1.6266858310845707,1.0757317226110301,1
0.5870575345945356,-0.4984640825408434,0.5551896743112098,-1.3072044626233763,2.585175261248702,0
0.006548657804539276,0.1968519264748205,-0.1203839061709942,-0.08596229199940139,-0.8656366104876563,0
0.5424239695321018,0.11802771394381888,0.6552307032613788,0.001960314655473888,0.7565833568685265,0
-0.8089638929258004,-0.6086282874660651,-1.4571363849941634,-1.097799253617835,-3.2119935938452917,0
1.5579054323183568,0.0737407862065449,1.9637646319591442,-0.05887000029044734,6.412693677662112,1
0.9926281029794295,1.0027214151773134,0.5537554565893312,0.22715396449049374,2.254924667452188,1
-1.3449277870651724,0.18650621688339988,-1.4700633995675263,0.647595847032922,-5.381718033003137,0
-1.0751030481167556,0.22658392902730776,-0.9098231015991731,-0.03216836633990797,-3.117597696185457,0
-1.0469217501069064,-0.7053283309426673,-1.5105584593046624,-0.6048501319995808,-4.352500603518586,0
0.6779699708965286,1.9688588512048761,-0.30526156025609785,1.9945131610334725,0.5700330058066546,1
-1.2847277664174672,-0.6483563703225012,-1.4762511052662208,-0.36964666976048677,-4.973968625811934,0
-0.3310243342080806,-1.667783460547478,-1.0465730804999305,-2.8982282481334174,-3.2299741984849404,0
0.45470439641677407,0.8601841202180764,0.8108598627520093,1.0853159807470603,2.285793916359573,1
-0.06616593454643468,-0.11481703964842598,-0.6429177208174977,-0.2523628997380821,-0.8525118284787427,0
0.2588875157127058,-0.3030418209470751,1.0014652975672869,-0.09960985733972819,2.1202863726034713,1
-1.0658027113487583,-0.5455537804115271,-1.0686991559663708,-1.1352803842806989,-3.4355679875576017,0
0.5948543733972447,1.871714624315838,0.6244414706943593,2.078551659485741,1.9388488719515447,1
-0.6132118924759965,0.3545902786046827,-1.6035275567483285,1.0038462084667892,-3.726250881954228,0
-0.32461967439794126,0.5497512216450848,-0.2521883599726793,0.6446343515446694,-1.4812793799404125,1
0.23773172790598612,0.16261562358226733,0.19764176946935935,-0.19600478973370772,0.7587249415279718,1
0.10307822153084817,0.27004961344519623,-0.5464662959318867,-0.06671608302146037,-0.7100783780649556,1
0.023980019015592963,1.3986246105594142,0.06761418841399723,1.6867452610070344,-0.16652685327911582,1
-0.7506268219767557,-0.250854661227695,-0.9495883273804676,0.03396749486884543,-2.84381019536536,0
-0.29954941119919215,-1.4569375455207298,-0.40794332014687196,-1.2786665541573534,-1.2799866224654277,0
0.0021835908370359453,0.8680546542277768,0.015124471934059046,0.849292139230649,0.011446504116110284,1
-1.3750852331670849,0.496701612242392,-1.6108123397461855,0.5981815999179374,-5.623129422443577,0
-0.4625329663133788,0.10797981288504269,-0.3393046528389448,0.07552527128318637,-0.8737374743352817,1
0.38767987903284645,0.4707532415477864,0.34440213785736473,0.28031272191457274,0.7977594346326576,0
-1.2774366038453424,-0.3707442202941741,-1.0410523696520546,0.00799423478261646,-3.8583772747534266,0
1.1565816515942398,0.020692582854259692,0.8922443546082439,0.17575100342481287,3.0947571779442953,1
1.2696132625998429,-0.13170025385990994,0.7371533861328632,0.5135705771012247,3.3456411422154146,1
-1.2451505759600856,-0.5914882570709169,-1.5995848401791548,-0.033055566978900774,-4.745464163393695,0
1.3576196330501393,1.1891727831050025,2.0789480174760286,1.3279130492770248,6.049899830706453,1
-0.1435815887121344,-1.4122586274178004,0.33440167439123886,-1.114568310819644,-1.0846670965086376,0
0.4185145591570548,2.3608821718129667,1.0252041254566093,1.8822885394450262,2.005832100296497,1
-0.4966510521282467,0.8773622092064753,0.14470592695686302,0.8385674702258511,-1.5345636826923998,0
0.9230448272267618,-1.777975534702351,0.6898857986401606,-1.6066441196601986,2.798293892503358,0
0.4060940188486671,-0.2241663294909295,0.5539999865528984,-1.0155343571279536,1.7146348418520685,0
-0.8141532565976035,-0.16854591590355783,-0.7762337551736224,0.04616511425601083,-2.949009440693655,0
-1.1652019999652885,0.39188662894211224,-0.8354327371695776,-0.08772685834935567,-3.7318966683932064,0
-1.4603024352092226,-0.9893782707397202,-1.6048865578247065,-1.4141702160039695,-5.289660834143089,0
0.18794177643275645,0.03202534336821736,0.23442885497825855,-0.2327174352144282,0.027110814243735404,0
0.5724714117797358,-0.12111939812264694,0.6086071505895786,-0.1363727312429757,2.553949492087828,0
0.6509656787794414,-0.7376183625734388,0.9170968787372903,-1.401632641089169,2.8482022866969867,0
-0.11798109460737784,-0.8767522314712319,0.2098775159284217,-0.4484304941643179,-0.22961426474306265,0
-1.156996455664364,0.9188046467023571,-1.110160939494264,1.007513766383448,-4.165026299708641,0
-0.682074798023783,-1.6965825400425936,-0.620079405990879,-0.7340930247623377,-2.3289378451702922,0
1.1523486389619257,0.47787893609605137,1.265297649336278,0.6279191638560095,3.568724615752332,1
-0.48462856460008136,0.7975103068781241,0.33864714571144,1.0829128958296215,0.2857904408511892,1
0.14341763068147614,-0.21855833833841642,-0.7215812649769897,-0.6454904722147321,-0.7453006694799015,0
-1.0756504835748875,0.05237283972499601,-1.5604903141837914,-0.5385323058316454,-4.675749466973154,0
0.33658304545903495,1.1634949996973813,0.6734228436820058,1.473073060905965,2.321994412095426,1
-0.45768456167907784,-0.7048515107240569,-0.32279236225953223,-1.2514964934774337,-0.007107278999576305,0
1.0467127137757637,-0.601652428889124,1.178087488851202,-0.28072768611296656,2.987047380971352,0
0.7735577062068134,-0.49548368109930824,1.1073054555634916,0.35777855500644146,3.400900623901031,1
-0.4957059465748997,1.1653255992232814,-0.3887095000130181,1.6382099423451466,-2.1925367532314555,1
-0.12666402734766338,1.2922937468847076,-0.40630526657227517,1.5775170550023945,-0.22224803083646372,1
-0.5511162400406288,-1.395890234463619,-0.2367116699864994,-1.2611416795589088,-1.1769431398730403,0
-1.4194331965450098,1.0062407473116368,-1.4089896150454708,0.8142607677057788,-5.296176664489689,0
-0.8574424295472166,0.818908306347284,-1.0812310189919931,0.7616277368407093,-3.5788043994107714,0
0.19821732772082012,1.5535948104498276,0.5433976400097758,1.270880473585783,2.0522711546367836,1
0.3252594982295819,0.3851080321263795,0.6507764273705817,-0.2725940766905242,2.015584444148023,0
0.1485479035926389,-0.04426012027857669,0.255931149393035,-0.026546448987776746,1.024144191839265,0
-0.30173305395863576,1.1452166865716589,0.5568265230386429,1.6991612173493094,1.4050931633780248,1
0.9330666057209853,0.6989037915017654,1.5964799731061277,0.054504534466223054,5.069745628216667,0
0.06354190456093739,2.2448984141487265,0.5644705015878384,2.9441466305503896,1.7862576436187383,1
0.7032538280959473,0.9587078449618279,1.986436614500321,1.5672999613926168,4.964586068728489,1
-1.7737751322025186,0.1535479764239154,-1.8470068332013767,0.3520473884298633,-7.481618628086159,0
-3.9224002516183423,-1.1741043803761713,-4.154800416276389,-0.9715817062389724,-14.141419479301753,0
0.2837880278380801,-0.5809171771941184,0.7139695774897596,-0.6740403769492254,1.521392086679555,0
-1.4247656537214894,-1.435954978028016,-1.5510828027186299,-1.414946676360373,-4.845021626676844,0
-0.21245170271305602,-0.21506203606086322,-0.2064878448891447,-0.4468547728764952,-1.6168124834808726,0
-0.30209704102460566,0.9260675932328454,-0.7950570238997581,0.9418866320224317,-1.6291419653583614,0
1.587400602415537,-0.003671088480515556,1.8907303312721007,0.06624199208823818,6.256831992621141,1
0.3999965529436064,1.0217252687600726,-0.33550706982519846,1.9623472689357753,0.10587962446866139,1
0.16585902679867273,0.3375737334390134,0.117639916218988,0.620381755628363,0.793449025288117,1
0.8369911546336737,-0.4030922897540097,0.8293132858757953,-0.5077938240010488,2.8998811433142415,0
0.36849758683903877,0.0876251551699639,0.15047816562912317,0.038171811784787554,0.6872082865897589,0
-0.45767699298843306,0.4720966910550961,-1.336284372319183,0.1154675568966389,-2.7915956265106407,0
1.0714759302545598,0.1392233984636159,0.18916038336733454,-0.13499116359571736,2.2821144453099436,0
-1.1097501278882742,0.15068422885191396,-1.4828363312241741,0.6060320747233715,-4.28587758619524,1
0.32324718753356224,-0.7690501075867064,0.5927723519145943,-1.0160336580020284,1.6291531741054626,0
-1.5475697941363111,-0.432976265242216,-1.4031073634153393,-0.741744238599521,-5.072804137203859,0
0.20394385751599503,2.2584607961546443,0.19572617810042434,1.9622044981395912,0.6907480279461844,1
0.19298964177292946,1.2284664904235425,-0.24930460123580936,0.8638769643352133,-1.081203646638287,1
1.6764549619146625,-1.4738408968097159,1.8470210725452163,-0.9102483591379563,5.518162064443658,0
-1.5649738934417794,-2.3669689575063617,-2.4644885324612384,-2.295617419575369,-7.338029594074854,0
-0.6008871758538126,0.07619242144872226,-1.7991619170398014,-0.064964890802032,-5.438366824173199,1
0.8226824265741438,0.8934728944259902,0.7011466509666414,0.908113714354343,2.5812475299548208,0
0.33531725639730775,-0.5199418374222072,0.06229156634879324,-0.41129658255986945,0.18042920567695725,0
0.18030505133750305,1.021658728197938,0.6868907001612321,0.6480119676596618,1.6062506135789234,0
-0.9561357029585392,0.059654565007084104,-0.877143814072122,-0.6351432386750232,-3.103489383421453,0
-0.5908183480914292,-0.16306127972697482,0.2345493069084963,0.5061900793423221,-1.3462381420522052,1
1.2450410082232566,0.7561151761751815,0.9709334738755268,1.2501270478034099,3.9719668102853776,1
-0.051509193753927957,-0.5318757929022689,0.1918769520071526,-0.3429744959704509,0.08171832314167932,0
0.3753596961444733,-0.2867063218036532,0.2492211314366583,0.17289064652739827,-0.0999210191762061,0
-0.115188328776479,0.670167262130463,0.5756715332890899,1.6273492863459267,0.7481203772246874,1
-1.1830855152497652,-0.03139593706602425,-1.285110738811805,-0.2990977886441134,-4.15501375675793,0
0.9338104260749966,1.9087762733777363,1.361013816147879,1.348759244643205,3.9199028326442438,1
0.5032323845324963,0.6938254128560184,-0.03557709772958384,1.024583723494842,0.4503686361287518,1
2.305636837367189,0.6288138283327617,2.0980305158011667,-0.1045991566365232,7.731449114718937,1
-1.015581379650545,-0.04950464606506815,-1.0576030856142784,-0.030518319128478414,-3.8781996541160795,0
0.8225729212004805,0.8747546767096062,1.454281691181881,0.7255389685292277,4.008846696824776,1
-1.3115439660370012,-0.3226077728016462,-2.410137436541021,0.014336119402735437,-7.450821300232856,0
0.15734656767307767,0.28237775119951514,-0.008975655549811834,0.04124035232090115,-0.04107360512827973,1
0.9765065890631646,-0.9162930470045603,0.7932665258495143,-0.3164081581528191,3.9933325943119646,0
-2.072135116096487,1.0394413922305916,-3.110621877293677,0.6659996394649766,-9.240238748546348,0
-0.20493247424160788,0.29060469726179183,-0.4369503546150154,0.6435050279478098,-1.0467372778226274,1
-0.5632097340426202,1.9825130636978765,-1.3335432996382672,1.6493062083671672,-3.8332376279790465,1
-0.7019572982951218,2.392298383669758,-1.8672890373138178,2.6665256312821946,-4.984857596721293,1
0.3852126522593543,0.7633194514331476,0.2540562380116927,0.25599655808596233,0.9716889816119949,1
1.1206857064225955,0.06842531120790343,0.9726131460206662,0.05636838962219438,4.063353789308392,1
-0.13327871522915521,-0.9460645121255687,-0.2557555067088214,-0.2850187170451546,-0.11200505057194032,1
0.20548642756001975,0.9047498032588243,0.3319155505091955,0.9622524033296949,0.7448855523479458,1
0.11430875305924776,0.21028456389522832,-0.32538965854760166,0.8018231544540524,-0.49102550306873516,1
0.0018035063564141765,0.5380348391544619,0.8972315130793744,0.5248975991907532,1.67965165303162,0
-1.0893426377121063,1.7297873874562433,-1.1059896417778579,1.4772627573011714,-3.4648113746844227,1
1.1084446017228928,-0.8244232886633468,1.751659833253635,-0.7384320413821216,5.40027992745276,0
0.295195368158836,-0.9243041684813366,-0.54475425258552,-0.6151058405396856,-0.6916922020962417,0
0.39488149000257766,-0.23642593837068013,-0.022383335043359487,-1.1891958822047588,1.052378619538408,0
-0.8065096290255822,0.8212011497518233,-0.4633522265034671,1.0823436719311628,-1.8774121052175645,1
-0.4592203979892406,0.5548672402144881,-0.5725025358282072,0.08494965380048841,-2.219398047061053,1
-0.1761341977107784,-0.8956885116957725,-0.7127238913972617,-1.4899074031761228,-1.6855429908964847,0
-1.5341246934488517,0.7565529007024825,-2.4534396427708924,1.0258412341167,-7.296326336517911,0
-1.6880343251976784,-1.201212818893263,-1.3214324890774958,-0.531961355153527,-5.668853563361589,0
-0.6007479306385679,-0.8377416743488576,-0.27494680316414033,-0.7295385819424485,-1.5636703427080374,0
0.5225207664423902,-0.11545731718918939,0.6441811121520044,-0.7931609931157386,2.6416871410320315,1
-0.653137389929941,-0.5534312459752199,-0.9010904853228994,-0.8887115011197344,-2.2344308961314927,0
-1.0188051975907135,0.8898594886509348,-1.575350211405616,0.6807259012213769,-4.222283376206585,0
-0.8146856532376702,0.2863784830010945,-0.841176423186021,0.38442695311546227,-2.5148094232421054,0
-0.4553424231453126,1.7655611776272604,-1.1130017249680129,1.7296212534591136,-2.8050254446671663,1
-0.35385896282010376,-0.24718536535441432,-0.7296510031023988,0.0004295363673385566,-2.2907717898838813,0
2.1655214522065567,-0.1222021510407434,2.7961467429063314,0.3777842642807233,9.122454343726186,1
1.0546206284873183,1.210382609061763,0.1292027469216087,1.3827548981572404,1.017172960702355,1
1.024774112281728,-0.09092080312379561,1.3635380257319116,0.3581195431652562,3.9282962278304128,0
1.1685803642733814,1.494005247707546,1.9156783399979629,1.359150092195191,6.136605417261035,1
-0.9988208693340495,0.5408282103844916,-0.5906910096427228,2.188780440348267,-2.9256614349161976,1
-1.2223646149872391,-2.352786469885359,-1.0232581757739971,-2.076196172967232,-3.5600752270556058,0
-1.1068702915340567,1.1775704141494638,-1.3386567146196187,1.5195947298762837,-4.519148351542505,1
1.3345061333378379,0.9127268131198085,1.0115621061208315,1.7915672183137268,4.299967204966723,1
-0.547191788882491,0.9513326061105448,-1.6712572219141513,0.9954220075399327,-4.9333482599696685,1
-1.251356182239287,-1.910978378545258,-1.2328528421056297,-2.233732534245401,-3.7068405207063293,0
-0.430996200219813,-0.6629899612710476,-0.6321164245843598,-0.009772938311578105,-2.468704787101888,0
-0.23860553171462742,-0.5887048335567698,-0.5876227360555809,0.09386664974386072,-2.2140717699695167,0
0.26841327369456214,-0.8411213675603924,0.2583727592550556,-0.7643682150314349,1.5283959664325923,0
0.250951020712043,1.7419225318939382,0.28213576081437064,2.62173630081604,0.9392885034281441,1
-0.8281805638735081,-0.011767837823633949,-1.145959212557035,-0.05341074244619549,-3.6873130153143325,1
0.6856563925137109,-0.03656094262917065,1.492196784252104,0.42958053193240325,4.796701172699078,1
-0.6391935337501581,0.5520083103157787,-0.2738921441939459,1.3097745086926145,-1.1410337681971336,0
-0.15627633670504304,0.5693016678893817,0.2918629424815962,0.6184661756007893,0.12456092502998073,0
0.686774070503355,-3.3348927106258297,0.6351226786836505,-3.1064936557077227,2.2332136476896607,0
-0.6418214039443414,-0.6463575371493634,-0.3862035378137702,-0.13334998162248346,-1.198183508419663,0
-0.5693514235811376,-1.4127885777912768,-1.017203723880419,-1.595881031897384,-3.370222486964722,0
0.591668049693131,0.40030609315481963,0.9247973198182842,-0.006769764604426631,3.4588248594424553,1
-0.8577331766050195,-0.2888924143340474,-0.9599344802618891,0.37759849075472535,-3.4281483366124785,0
-0.38479202360407067,0.01538756450126866,-0.8957837911112334,0.16877048183231502,-2.8045003781282993,0
0.5557421780428925,-2.078519748890523,0.5443588424332777,-2.3313145188892954,2.4657875932610875,0
2.054092441435975,-0.3098522246904981,1.9080654263110302,-0.262793838850131,7.264572346130388,1
0.6054045047627467,1.1151302518328157,1.766939168373205,1.3693963998160874,3.553688342301574,1
0.47263976299001165,1.4094494831021678,0.6903368872299674,0.6247998139876919,2.0362208925432084,0
0.5308015836727297,0.7188634195406998,1.3206603173968408,1.076859868332747,2.8849237471614764,1
-1.0731902740670494,-1.3354652934481188,-0.507546720887686,-1.1312421915271649,-2.2257096341350433,0
0.115596738679908,1.259401802992124,0.1344870385786576,2.0869513435469127,1.3021759685501435,1
-0.029766488336401747,0.7240022550000159,-0.2516260898014243,0.6145065964207087,-0.27904241901603927,0
0.32158454037275613,-0.11718903406453861,-0.5485287502274054,0.5713696826895904,-0.9945145233321256,1
0.11650805247587083,-2.025036314509744,-0.3189637228564991,-2.0473590851756502,-0.018194938346584533,0
0.37969967741711275,0.953594950662517,0.7110764062942199,1.0231819949922114,1.9665248533149051,1
-0.3114671948992017,-0.5921663299833791,-0.4625323874595533,-0.4516907055543814,-1.4291579922664328,0
0.058608917371792725,0.34616582105478094,0.24651908024101363,1.3927924837688417,0.338304181724644,1
-1.227828566056992,0.06839386063666252,-2.242966141730661,-0.5513514381771328,-6.275332770025728,0
-0.31990727800291385,1.5383949844382783,-0.09314985345422713,1.7859325738537124,-0.7016481063620622,1
1.3908335481766436,-0.12536698599750856,1.9390743267762867,-0.10425126736889452,4.762300275007651,1
0.3188083396282559,-0.015113590085947847,-0.5690708052748708,-0.02938117067343403,-0.6469963080317586,1
-0.020921037383076883,1.5786153904786304,0.16486091579532283,1.870120770113775,0.22953171135692824,1
1.8961232762543467,-0.6582222437501886,2.567890603058577,-0.10522170809906106,8.153375589788304,1
-1.3608349783010791,0.814322851407777,-0.5207916536313463,1.0801388946987214,-4.086201858575897,0
-1.1094555554462198,-0.19861572287846407,-1.3612050908751996,0.4189866276195533,-4.130592143360943,0
1.7127114112762727,-1.0025419620049294,2.1026765835820393,-1.1280225583195331,6.7887238998385975,1
0.04596093604893383,0.0011609867208726128,0.7608558460516415,-0.023115122624641615,1.8382208317377755,0
-0.24258303628979377,0.6917051136079876,-0.04189234089960445,0.1912695374035972,-1.26222279115368,0
-1.1992043250956432,1.3537098399765113,-0.5566655305972378,2.34516268502228,-3.529497328003545,1
0.44769626639501187,1.4746939853456824,0.4297654397258617,1.3813377508074034,0.5935818845970655,1
0.5444598695274623,-0.29476407422553264,0.7416169414128608,-0.4433715124931306,2.3730824018523715,0
-1.0944943608348963,-0.9872492320322136,-1.4052989740659974,-0.6839178702187814,-4.624874421519127,0
-0.14027558555042832,-0.3187388995774793,-0.2225756643873078,0.23480083078404274,-0.7275626702667646,1
-0.33551583203306606,-1.1815307533301556,-0.11865774709488425,-1.527571368889145,-1.4368149263262073,0
0.25597714641877106,-0.21738619941650508,-0.09233251610411275,0.37595753919747843,-0.40561531754903857,0
-1.1192502422206438,-0.3416652836197584,-1.231043428791021,-0.4933161947194451,-5.3890081545851505,0
1.2519474545131573,0.7274902041567654,1.632384294986559,1.4427999812704844,4.469915913825782,1
0.9158237815976042,-2.2059351799143783,1.9421025481856544,-2.476389681756156,4.932922678917231,0
-0.36317555873281615,-0.7336079460866397,-1.387894804557103,-0.365884283722443,-3.6197268733923607,0
-0.2164187116383712,-0.7255183044419155,0.7718696220234372,-0.704163394484684,1.1852987518924665,0
-0.13642215027761603,1.1871272524080254,-0.2663580324889998,0.623938330560554,-0.35653429878807325,0
-0.7783085530065034,-1.113844377401017,-0.2958586184928109,-1.8218266037175939,-2.1036701348985556,0
-0.4434294182350357,0.22665735964899383,0.1371169317608345,-0.14481907066230973,-0.14651572167071655,0
-0.27027036767460905,-0.12812841441978132,0.5119780192956644,0.36815003153713455,1.007680993577693,0
1.612868370707128,1.0430425268363819,1.2488874383422326,0.07146492895328571,5.492096460717166,1
0.9466183083304367,0.5958318645105473,0.8339826542715375,0.7628048511235045,3.33278588243733,1
0.9346547073366236,0.1212437318203795,0.9078566578601718,0.24468899307737146,3.2543392177744446,1
0.3699256130043903,-0.5546668745880683,0.19120869175571795,-1.3958146903526893,0.3972871960759252,0
-1.1173270089312346,-1.8523425031098761,-0.45794652151166493,-2.2507900751205927,-2.4556286732282953,0
-0.041491104577379236,0.24708565568740534,-0.07990495508311216,-0.1523067721557785,-0.41019068032970846,0
0.9704884596133801,0.5304897985298729,0.16121462720919555,0.5568355340827433,2.4664058183463777,1
-1.2582646293672883,-1.5748676124746532,-1.5747715405241702,-0.841699721105799,-4.9913056034356265,0
0.6365532068732643,-1.2336941643285493,-0.1526468064751757,-0.6962132006796367,0.5695517370419843,0
2.322609225262766,0.2523299733716759,2.208439831916096,0.07217574915565442,8.608757673809691,1
1.0618166459897318,0.33914168620787005,1.3980914832737,-0.0755670584490794,4.147720259437439,1
1.4140291355619874,-0.9906473100920593,1.0867907994101431,-1.769834226231747,4.293027189737678,0
0.2183387504421607,-0.5740647135680381,0.016822268124872336,-0.7633689553421548,1.3658487559229888,0
0.9679319487649898,-1.8364888385704266,0.8305493025958927,-2.285882448300143,3.2461142744203357,0
-0.7178532143540356,1.3772639038132337,-0.6474819674364132,1.3591899129604768,-1.8091744714130986,1
0.7958638123412265,-1.2998744073684523,1.0539052016589887,-1.2990024758297176,4.053501178800953,0
0.6543881340607632,0.5422593912485507,1.0580158480284474,0.3044664250165984,2.8216822626226765,0
0.2899111740376629,-0.03496069615338034,1.4176696655059238,-0.2622827863985085,3.7245934878914975,0
1.3160074197184983,1.289593619624759,1.3777553852185345,0.9426962091071449,4.563147503197057,1
-0.5387848378473886,-0.7922540927747564,-0.17088831085753114,-1.0484938410465563,-0.1299843664231779,0
-0.18705751647366212,0.0612527103403872,-0.9808358903127995,0.7792103856930939,-1.5204472015653825,0
0.0954620413582963,-1.69842690923735,-0.09412945142447063,-1.4395228883192068,0.32658035291729537,0
-1.0296109710894006,-1.9385268369397537,-1.1648194178204372,-1.6728516992173958,-3.351756447284878,0
0.22693194380024787,0.5963335838654739,-0.28172550069330426,1.1023050378621382,-0.5708485861438541,0
-1.718930412953847,-1.785025839069702,-1.986926778637615,-1.3232645394687264,-5.693475336859037,0
1.0469545344282092,-0.22821753443453083,0.9932121756003953,0.48416466155192084,3.104665557995413,0
0.046637366565965746,1.0112954479729197,-0.20569432051643832,1.305504502731191,-0.1379161534537501,1
-0.5208929039037633,0.7466848560946794,0.7800241900153171,0.8492570764515001,0.4217289589463705,1
-0.8343736122951215,-0.6645854879485937,-0.5782359415062566,-0.9599711368887456,-1.9778384857408984,0
-0.23457902961918758,-1.5885031364081725,0.7659323398104805,-2.000579132299148,2.0525330736325653,0
0.6882597107724135,0.5094948616555286,1.4345853001894158,0.9506234925204182,4.127331647492428,1
0.5477389787375606,1.3422567828601808,0.22811591201236764,1.2867292940578967,1.4353810474467494,1
-0.7055379472784609,-0.6622380786656235,-0.6867577135685552,-1.342177954198533,-2.4886313258346853,0
-0.8460396726276342,-0.8033128584071165,-1.0634519831649227,-1.8498289072105185,-3.3457324246179514,0
0.6568987063196474,-0.5249019628689983,0.5759873266764816,0.5489119465217421,1.969453592435264,1
-0.7223474046150294,0.5716087108071154,-1.2105642392093947,0.07864059897171494,-2.6879750807573166,0
0.05990977407950356,1.228517606414913,-0.16085789050560786,0.8853982477551955,0.16513546507620813,1
0.12375464252427706,-1.2396068113805225,0.30351408329089635,-0.6255678498993613,0.6189560304811051,0
0.3120621317267384,-1.498281809324653,0.47862316019784035,-2.102569125989745,1.455537034103136,0
0.8582704301818718,2.339996321932448,0.9849722627900052,2.6057013231301878,4.715295350039523,1
-1.2629629368673227,-0.17732278789003889,-1.2928003493091023,0.7336656281343417,-4.343968336044551,0
-1.9111593252604877,0.25289279569030987,-1.4807881126420177,1.3098079395608968,-5.101839573145869,0
-0.5674472812283516,-0.691930840617639,-0.6959687942676207,-0.9156549828760151,-2.5313877890365095,1
1.801528407832186,0.489962309452716,2.497304577712994,0.4839438630397555,7.933700195122863,1
2.0221741000873785,0.9600608747015225,1.0983753215785974,0.7618689381907291,4.91776189042994,1
1.8311771355658875,0.2997961715729297,2.1595826475537656,0.2908210242298652,6.798275741008068,1
-0.1929813677606896,1.7408580770144346,0.05120418836298901,2.3899938604693647,0.20980735073221468,1
-1.7821150819848288,-0.3267445899410919,-2.119398360610604,-1.0264008270760299,-7.359765894841999,0
-2.343039101651841,-0.26288247303537643,-2.5206546150794793,0.061095924977243865,-9.15188665997113,0
-0.6140381615494112,0.23140635127741582,-0.38164269199489276,0.13365753473279962,-1.341728975342456,0
-0.19807363014936016,0.46496164550609703,0.2598939934250146,1.1492121855201927,-0.021416509038105297,1
1.3006254010559588,0.22794726206260926,0.4258938168904056,0.885657212767125,2.662725469854805,1
0.8678054595424457,-1.284415026955091,1.1819284933695733,-1.4879807765156188,2.7650074441361427,0
0.2274050789916206,0.31251516619556136,-0.0014205137871576012,0.2571246403278751,-0.2963819745079494,1
-0.8898447709411417,-0.3741735848034372,-0.32719988379186504,0.07220778691313146,-1.8788277471406516,0
-0.9607795582448903,-0.5809770140746455,-1.8804171651529789,-0.0893165171010541,-5.31879227962582,0
0.2541276870714354,0.03248205475324366,1.4767771696320389,-1.2037626001099364,3.7893336484491695,0
0.6970509788397266,-0.9615226873292143,0.25398101233267784,-0.5167474392528831,1.1036777120632657,0
0.39188126224558456,-1.1353913238732314,1.1068618556404235,-0.3121503777694379,2.7185146987969944,1
-1.0345979596066548,-2.6154689600038497,-1.0691902694730715,-2.487664276946937,-3.6670349058153695,0
0.650667628792086,1.7472373285098912,0.2413342601920206,2.222325539837675,1.3566057656451032,0
0.4259109671014113,0.5557313191030023,0.558467969792117,1.1951093825371095,2.0545565420237497,1
-1.0706664061901783,-0.11676412130630513,-0.5561036837119939,-0.00596726661891403,-3.2610950607113858,0
-0.7843209703002557,-0.6672232368866481,-1.560673370672637,-0.2601078319489595,-4.041680122137677,0
0.6884959745615665,-2.876032282046417,1.0392903992050713,-2.869689033364796,3.6808779236242803,0
-0.23450753514589096,-0.7285288762214843,-0.24059678447443586,-0.7546129520231851,-1.244621544015676,0
1.5891473016364572,0.7158663371640762,1.8776693429196243,0.3850956233996691,6.33939414397103,1
0.5011292760645764,0.9421743035938688,0.5066169547340663,1.0286855270609736,1.9436165808014203,1
-0.48663118818926915,0.6422919936033016,-0.7725656075665961,1.5857204111580532,-1.9806845513094835,0
-0.01020560039093268,0.15839195575246848,-0.566767226076872,-0.2928554982764773,-1.1480972825398297,1
0.06338339263771817,1.303874145931379,0.39970594866123077,1.6123106082237288,1.6036331558240127,1
-0.72839031324171,-0.32853722208854036,-0.39475431714229253,-0.16805968336398552,-0.8269503612280553,0
-0.9125881981776266,1.0851889161343613,-0.5814520743322225,1.8226028006321453,-2.2192442787259945,1
0.7013898938094993,-0.38458244372021294,0.9151880535297859,0.4468642113878784,3.039417028205018,1
0.8452732970420956,-0.8811413088777623,1.3176227329618306,-1.343280060654544,3.9100450255452532,0
0.6037814695529586,-1.005712980422521,1.3068161094377797,-1.2928207063756727,2.8625349613622864,0
1.5153180943238018,-1.0644964211729528,0.5771091706205428,-1.3242895524212694,2.7134886446095003,1
-0.5417732360116019,0.6590680288024853,-1.712671957946146,0.41696833496382196,-4.814986468930975,1
1.6742707660711302,-0.7427455710970785,2.5332444460109524,-0.9419698144558493,7.710764654112884,1
-0.9009211185541528,-1.0330288450349439,-1.5714443758467473,-0.859496585449763,-4.590635356936431,0
-1.0126855633684928,0.71373521966136,-1.5558072067633026,0.28804173223927637,-3.8670845060890375,0
-1.7599588821492502,0.3279703904722328,-1.9037660380867123,-0.02742535667985474,-7.700063838694505,0
-0.44579531382681703,0.962591982845802,-1.2727811031833682,0.5672968275891086,-3.1938915110003605,1
-0.5037223368294537,0.5125995112727985,-0.6945156854832725,0.7589117576225628,-1.9279201318887038,1
0.5259372802546505,-0.7531115801973117,0.05188460819331797,-0.784995751032978,1.3415169749136515,0
0.24389094162045094,0.07610241646858744,0.12722050677194716,-0.04454831111999437,0.6919391234551371,0
-1.1929733710191368,0.12513299076967724,-1.0530527185655858,-0.29580685814854246,-3.7131678594057003,0
-0.39272623842581755,-0.9191586584740024,-0.5644953511405999,-1.7211856943108765,-1.630064113894867,0
-0.37146202108768545,-1.1046249740939926,-0.568485663786259,-0.28885811042245113,-1.4742882150692929,0
-1.7759822469618927,-0.6807216091177045,-1.6469843485660696,-0.8250854530250958,-5.967583072451093,0
-0.9809467270133695,2.0365823566720804,-0.4588008280383955,3.3918285788135973,-1.33093247871972,1
-0.7708136306140894,-0.4127440942215489,0.030668542846743585,-0.026348398771056603,-0.8059610960439294,0
1.4336250198209464,1.2328667913867144,1.3243558928198387,2.1474932078955007,4.897844051254835,1
0.19145071595735258,-0.4686605094797979,1.103895291918971,0.028083130277257506,2.125904413611704,1
0.6621687539474996,0.8888388195399922,1.1005221713281226,0.9680968983834763,3.0231511421955672,1
-1.498635497149212,0.9024916555578473,-2.1146397241358,0.6036628765278573,-5.72217251898745,0
1.1942144830139918,0.9525905079520445,0.5636103552071543,0.4641705502538045,1.6760544940353508,1
1.3011020630240928,0.38782734200895846,1.012458137722758,0.9476528505019262,4.004968856195089,1
-1.998344967144626,1.3773665787811513,-1.276042975464763,1.5098836033014824,-5.5620648409072375,1
-0.7053167239158482,0.37835396935272786,-0.9560003816986165,0.686604489744464,-2.719933440653576,0
0.49576557301551033,1.7135297293402796,-0.45041283923762626,2.1208414818146477,-0.024569612330709478,1
0.6443884535381822,-1.6199198031884334,0.5299463490943269,-1.4419326093255345,2.784380906133244,0
