W_C,W_Z,W_X,W_B,Y,RW_X
0.4967141530112327,-0.4237596820227031,0.1574667877676218,-0.49547129025216763,1.234147928885502,0
-0.13826430117118466,-0.4534141083838538,,-0.4697420602540088,-0.6477627208849659,1
0.6476885381006925,-1.795643172630015,0.34899800757812105,-1.7634957333362242,1.2012688994045353,0
1.5230298564080254,-0.3300901917014373,,0.14334053912165268,5.7308146552560775,1
-0.23415337472333597,0.732829081821745,0.3644358910076204,0.3592204275783732,-0.3673996178580722,0
-0.23413695694918055,-1.2742321190767951,-0.6196580355197828,-1.6974056148331251,-1.9176136693435009,0
1.5792128155073915,1.0484826510505925,,1.66679252212208,5.528521445595381,1
0.7674347291529088,0.4877748210843382,0.37659869297946497,0.25645245014368906,2.6836627381697005,0
-0.4694743859349521,-0.7342333219710379,-0.8932879921833943,-1.3657509987595708,-2.6065623102418645,0
0.5425600435859647,-0.14152963733784743,,-0.3840946083877824,3.8009967883022453,1
-0.46341769281246226,1.598321807641033,,1.4332954400190328,-0.29855058357625364,1
-0.46572975357025687,0.7335478135058658,,1.5110291773687483,-0.5545950940577324,1
0.24196227156603412,0.008783654898147817,,0.4711967610865164,-0.7620433048775214,1
-1.913280244657798,-0.2376833169609843,-2.146255733693823,0.3360769913551368,-7.6856068522180525,0
-1.7249178325130328,0.07660907045165961,-1.313423536511372,0.4865958916250526,-4.95273803484382,0
-0.5622875292409727,-0.5117635579423034,-0.5415166089590254,-0.038641722134646395,-1.9622215164160008,0
-1.0128311203344238,-2.1047495057190146,-1.5496775434331558,-2.448790569009174,-5.288236925110597,0
0.3142473325952739,2.042177910534731,,1.9428768328579886,0.799754394954741,1
-0.9080240755212111,0.15532499919940146,-1.2654277050169462,-0.33963265731237297,-4.372243387887501,0
-1.4123037013352917,0.3981472651225371,-0.5150412771391858,0.29290324985402044,-2.2380544936481943,0
1.465648768921554,-0.057907749876908735,,0.28414474559046177,7.78125111264935,1
-0.22577630048653566,-0.7351168007245882,0.07627241269124804,-0.6678251583184648,-0.0836250516928525,0
0.06752820468792384,-0.18592448094877073,,0.46981592853137694,1.6718268192981514,1
-1.4247481862134568,-1.5993947621943112,-1.3923525111517663,-2.170102658307921,-5.089987487538479,0
-0.5443827245251827,2.2770864980533045,,2.5272056734024244,-1.6071447156178744,1
0.11092258970986608,-1.234511998422396,0.8497827373609036,-1.858663399357055,2.5535388880902286,0
-1.1509935774223028,-1.0319662838471795,-1.0282442365251465,-0.9848780492603584,-2.8461906422351793,0
0.37569801834567196,-0.4402592043864004,0.24810443258853013,-0.07009249310816101,0.6130463497759253,0
-0.600638689918805,1.2880757248523775,,1.1808244414402678,-3.848276562105234,1
-0.2916937497932768,0.014508999262654136,,0.29007230130613226,-1.3289948003530467,1
-0.6017066122293969,-1.2361357960304624,-0.1899950199482413,-1.7160019634469295,-1.4926694956730664,0
1.8522781845089378,1.2543383607573395,,0.42249337165914813,8.021561201063843,1
-0.013497224737933914,0.7310006267854814,,1.009515438029383,-0.19885599354741978,1
-1.0577109289559,0.5384349572164524,-1.3283604764370198,1.4104400742543186,-4.010052500839737,0
0.822544912103189,0.7157342411708404,,0.21771177108589423,1.2662046770665039,1
-1.2208436499710222,2.394361900582451,,3.005458990635849,-4.839243459704222,1
0.2088635950047554,2.185094895036112,,2.2068065994443176,0.8732116249560788,1
-1.9596701238797756,-0.6867153430032953,-2.1161346074747827,-1.3545611038498333,-7.097948480500503,0
-1.3281860488984305,1.6238849928111523,-1.0189078704094683,1.058132342135071,-3.421529853588526,0
0.19686123586912352,0.3831681897589003,,0.39106057643922537,1.913588084093845,1
0.7384665799954104,0.4990958161377494,,0.29686467217569756,2.5337746013215945,1
0.1713682811899705,-1.6922708316433286,0.06300238661173967,-2.348727320022448,0.34715062358291776,0
-0.11564828238824053,-0.17038576538819597,-0.24525918889028697,-1.0174054060008986,-2.0000944935986094,0
-0.3011036955892888,-0.8128235903365649,-0.2389113121354316,-1.236183254299818,-1.4724545344440638,0
-1.4785219903674274,0.8280588148933092,-1.8926688705416268,0.9249633190588684,-6.409920353813788,0
-0.7198442083947086,1.071080500402805,,1.067880124101236,-1.9251531732237503,1
-0.4606387709597875,-2.0744863510163114,-0.2352326027938876,-2.3251053297663504,-1.5148450351847569,0
1.0571222262189157,-0.02203486400427045,,0.07890873314147094,3.500574361687704,1
0.3436182895684614,1.1218615047942522,,1.641874864725596,2.068948837822492,1
-1.763040155362734,-0.18667896231344497,-1.5461663506884662,0.010384292903628967,-6.54584825731606,0
0.324083969394795,0.7290636450023644,,0.668409309307574,-1.6732248230864473,1
-0.38508228041631654,0.35116546762708406,-0.06664720121861495,0.8152014709574285,-0.8917139730963779,0
-0.6769220003059587,0.34166023195262635,-1.0124294231371855,-0.13826491915552114,-3.7640952307724866,0
0.6116762888408679,-0.27131497806829746,,-0.38377474784597326,0.34018820060925525,1
1.030999522495951,-1.2165808041357096,0.47877360856845286,-1.3171247719358936,2.790763396724823,0
0.9312801191161986,-1.1215301474250274,1.1480509243524633,-1.74000677664645,4.1310089463355135,0
-0.8392175232226385,0.7093525144553172,-0.950504986835065,0.4994154333131383,-2.7654041505780254,0
-0.3092123758512146,0.019458255518883118,-1.1501967678439198,-1.0180215849287684,-2.209823769311045,0
0.33126343140356396,-0.13851224460722475,,0.817576779224252,2.258026985112158,1
0.9755451271223592,-0.42389004232235256,0.25574106172294564,-0.8925969365405091,0.9105047097159646,0
-0.47917423784528995,-0.30518884548075176,,0.48786822022990417,-1.3120824939755709,1
-0.18565897666381712,1.0469117944881394,,1.0659540473478857,-0.6761115924350851,1
-1.1063349740060282,-0.33524408186802673,-0.6635464331585057,-0.052812015790047295,-3.3603074503212715,0
-1.1962066240806708,-1.3410647133015687,-0.30536423084724507,-1.5854646124770344,-2.1248310817111435,0
0.812525822394198,0.7436517755401733,,0.8476166215210105,0.6140163125312755,1
1.356240028570823,-0.20487666386471723,1.3300031005392983,0.12036815612950078,3.818811940998671,0
-0.07201012158033385,0.03139586553277645,,0.36367207272986757,-0.21158434853452723,1
1.0035328978920242,1.6075783063995106,,1.994965001436689,4.190007837338496,1
0.36163602504763415,-0.020560557350507186,,-0.20472691237009535,1.5497611865360934,1
-0.6451197546051243,0.28918367311872534,-0.8213928759734344,0.049003836873047796,-3.0504220862161233,0
0.36139560550841393,-1.1789234912983253,0.14094451120298615,-1.976011653932127,1.1958972479596555,0
1.5380365664659692,-0.21966945235096014,,0.04194005323750821,4.606828573477083,1
-0.03582603910995153,0.6095260452086012,,1.1507154008703226,0.9051227030454063,1
1.564643655814006,-1.5553737338412423,,-0.7473828938822775,5.346796456313665,1
-2.6197451040897444,0.20084509311570958,-2.1608610051921757,0.3534314104059634,-8.463963839383721,0
0.8219025043752238,0.1007910726448063,0.666704436137467,-0.28244881380947817,2.9851794675999908,0
0.08704706823817134,0.04128745558743938,-0.2413706661090439,-0.8072606160572883,0.31142488154006265,0
-0.29900735046586785,1.0371588986582432,-0.8381648837804818,1.5579922651999185,-2.2881090949479295,0
0.0917607765355023,0.3344385148485215,0.27121956840583206,-0.5636997685402463,0.5552438177107863,0
-1.9875689146008928,1.478071898356444,-2.50746552686501,1.3077698594845606,-8.07712897964389,0
-0.21967188783751193,-0.9935895155940362,0.7046596466457632,-1.1057429295658592,1.2172579659907445,0
0.3571125715117464,0.13592456721834797,,0.10119699829283829,-0.34828223083233983,1
1.477894044741516,0.0844667863899474,,0.10236808640786757,3.999196747022017,1
-0.5182702182736474,-1.0692544937550796,0.2651571353332457,-1.0001807155712916,0.34929344407956864,0
-0.8084936028931876,0.9562950020913461,-0.508948723261283,-0.25138662894791874,-1.3332933772810729,0
-0.5017570435845365,2.324673305852818,,2.3320012607878815,-1.8866758698569548,1
0.9154021177020741,-0.01700607448383099,0.43116029422112634,-1.1317938615397696,1.7020970805359767,0
0.32875110965968446,0.5050210882737668,,0.8711301248192642,-0.2996905659539194,1
-0.5297602037670388,0.08451847581532723,-0.14473514930824588,-0.19304410208647882,-1.1778625461314365,0
0.5132674331133561,-0.7135846699071756,1.2663410535008293,-1.7921030325188507,3.800342545253172,0
0.09707754934804039,-1.8207602778020162,-0.12234744589104535,-2.227862616494704,-0.07175884693751117,0
0.9686449905328892,-0.7057734830953651,,-0.990811152687692,1.8548845440631698,1
-0.7020530938773524,-1.3919583809517313,-1.9311378091518616,-0.796608572174229,-5.574559984398776,0
-0.3276621465977682,1.7041020780591178,-0.8180445684290371,1.8024209489342404,-1.6947652643448898,0
-0.39210815313215763,-0.11510969392323915,-0.4489365743816777,0.05711277825205095,-1.1862797578794673,0
-1.4635149481321186,-0.3459193290471707,-0.6639533277137515,0.2446914880631298,-2.992899138579771,0
0.29612027706457605,0.8891538247878058,,0.8410816808255611,1.2254612865984376,1
0.26105527217988933,-1.1217511028558877,0.41359797453326586,-0.7446571223396861,2.1379973071005307,0
0.0051134566424609,-0.7668640380045524,-0.19494637400810458,-0.42493348103855644,-1.2540698165811364,0
-0.23458713337514742,0.06807226924862103,-0.5261699920031255,-0.5751624775360851,-1.0494201733682322,0
-1.4153707420504142,1.0287689914234803,,1.765260780238395,-4.502941383266937,1
-0.42064532276535904,0.5016850451687882,-0.3202760523861643,-0.20846584486655906,-1.666685779769601,0
-0.3427145165267695,0.2483251425158822,,0.7070084672548063,-2.521590034540736,1
-0.8022772692216189,0.07811773523601635,-1.1390470931702403,-0.6804187832167999,-3.0658279629349146,0
-0.16128571166600914,0.40023585552677515,-0.5903937275518225,0.7008542496026118,-1.6958262303462497,0
0.4040508568145384,0.20165290512925463,,1.132610344204341,0.6084954682625754,1
1.8861859012105302,-1.0299722747769358,2.167641231353073,-1.1364616030520414,7.214872369939662,0
0.17457781283183896,0.04607922163315134,0.12085537193471425,-0.08209859979342182,0.7606479584975483,0
0.257550390722764,-1.0736886589177526,0.21911768722093297,-0.768468659259328,1.4503506518673603,0
-0.0744459157661671,0.08108254290082371,0.5822906648964512,-0.0836156850804478,0.8247954538394046,0
-1.9187712152990415,-0.4806479414882414,-2.2670017601923855,0.4284914103831693,-8.218052875076934,0
-0.026513875449216878,2.5393816227828614,,2.6354777475122093,1.8498852753394706,1
0.06023020994102644,-0.03989438375171192,-0.2754235857445166,-0.1999791378620748,-0.689217275331691,0
2.463242112485286,-1.4042395662615887,,-1.6743823302094303,8.06022873793685,1
-0.19236096478112252,-0.13418021067692457,-0.3329627624825061,-0.6006544457634349,-0.8056325144802989,0
0.30154734233361247,0.5193587456378881,,0.20548125225914327,1.0722779546222103,1
-0.03471176970524331,1.6733639461525236,,1.4980272493232254,0.47635690433967476,1
-1.168678037619532,-0.5894523999387185,-0.9517604175750937,-0.8332719366880085,-4.103759991673075,0
1.1428228145150205,-1.58242797402364,0.7662641492047306,-1.911515611092192,3.4901177853447414,0
0.7519330326867741,0.8168370114309812,,1.8662576266072008,0.8503018385786494,1
0.7910319470430469,-1.3805987058996512,,-1.895646244144396,4.857917910708084,1
-0.9093874547947389,-0.43615544150748503,-1.1513796245950154,-0.3628391476843976,-3.7882975469257785,0
1.4027943109360992,-0.25762048551099404,,0.03864001936944195,6.479901734428191,1
-1.4018510627922809,-0.06963345330010817,-2.205671718053879,0.24542054449175815,-6.121707346021933,0
0.5868570938002703,0.6891644570743356,,0.6598609191830996,2.312983360530164,1
2.1904556258099785,-0.6836342822863877,,-0.8039855682100425,8.247933823024054,1
-0.9905363251306883,-0.2737292521667607,-0.7541287901667721,-0.04795550654700745,-1.1926460001241403,0
-0.5662977296027719,-0.014270352949388505,-1.9275248000987415,0.11899047203971186,-4.683701660822424,0
0.09965136508764122,0.14959795751878804,,0.020118540135031393,1.2251208524500028,1
-0.5034756541161992,0.09782717470792267,-1.0783463818001455,-0.6831121111542926,-2.4055886175736196,0
-1.5506634310661327,0.4360057752225798,-1.3884905754686707,0.202043914055956,-4.604960045882779,0
0.06856297480602733,0.8438395096417373,,0.2705644277880084,0.09076102400302333,1
-1.0623037137261049,0.39263411565096784,-1.4900450616888956,0.05905434061780457,-4.783202209459187,0
0.4735924306351816,0.4535855235092182,,0.4701971427676979,1.1346033848616777,1
-0.9194242342338034,-1.5822231667464777,-1.4455889690354011,-1.4028550947481695,-4.110431532680576,0
1.5499344050175399,0.05022769916568044,,0.9404540748118836,4.857886084865091,1
-0.7832532923362371,0.4795075480016086,-1.3799411766078946,0.2108043585497017,-3.7755118652210586,0
-0.3220615162056756,0.7289411945704503,,1.1162540122080256,-2.1790113658920864,1
0.8135172173696698,-0.6923507742337942,1.3224957435843496,-0.539370762014876,3.6261939518700648,0
-1.2308643164339552,-0.659039274888645,-1.8788886628459194,-0.011040439568750116,-5.756413281639636,0
0.22745993460412942,-0.5741006752835983,0.13811949080013763,-0.2859863154857853,0.7045843852697581,0
1.307142754282428,0.5364138998913434,,0.032173186248185215,5.213731508469699,1
-1.6074832345612275,1.0338810549242086,-1.9149552858192491,0.17235804027859292,-7.198138337487083,0
0.1846338585323042,-0.4074601072916016,-0.22794909134046473,-0.2518292574578492,-0.4690112162319429,0
0.2598827942484235,0.9079623136270489,,0.6437368146768536,1.4795144896556558,1
0.78182287177731,0.12347980916459421,1.340789783140886,-0.36667706381070436,4.57308724941406,0
-1.236950710878082,-0.12428577716243629,-1.8216083434213164,-0.7580746294289751,-6.075952036928618,0
-1.3204566130842763,-0.21138422981796898,-1.3955305290929958,-0.13089648102439122,-5.351387177427828,0
0.5219415656168976,0.7466113646021572,,1.5004652142588397,0.10941778605048211,1
0.29698467323318606,0.3255778167870701,,0.12124164393404926,-0.39155217980495716,1
0.25049285034587665,2.2758254276476375,,2.5709605831852986,0.68844455925508,1
0.34644820949697586,-0.8522246429973241,-0.08086411138055699,-0.9033578181061204,-0.5100769382913469,0
-0.6800247215784908,0.5181017020299757,-0.9085206384911065,-0.12658934252172072,-2.152547709428717,0
0.23225369716100355,-0.5292010098115129,,-0.1617953380563042,-0.9800044054191399,1
0.29307247329868125,-0.8692869869886438,0.33161177898942806,-1.4166330090023296,1.9292493610963917,0
-0.7143514180263678,-0.010867137034972144,-0.18650429358479303,-5.3821738189791316e-05,-0.8877750374799682,0
1.8657745111447566,0.13735247940703602,,-0.03340772809561662,5.109908270387476,1
0.4738329209117875,2.9181735550600925,,3.3647122723429383,0.4997636382158347,1
-1.1913034972026486,-0.184145815683202,-0.9400303739755578,-0.7132213119185453,-3.763788868338883,0
0.6565536086338297,-1.1301787294846832,1.262598968295198,-0.9347437755837034,3.4577050374120386,0
-0.9746816702273214,0.2730107174943857,-1.7212765763317872,-0.14688798617996474,-4.731502186028356,0
0.787084603742452,-2.0746400375463683,0.7026922350344774,-2.330192643710761,2.1977397309175433,0
1.158595579007404,-0.09195678260426586,1.3001609901671665,-1.9095568963743168,4.711412785606541,0
-0.8206823183517105,0.016025282295160426,-0.8717105136661345,1.0620745681041148,-2.841780477359885,0
0.9633761292443218,0.7946003829452114,,1.0698788493583273,0.7248268071201074,1
0.4127809269364983,0.9736222494278469,,0.5899485064587646,1.5898029258775046,1
0.82206015999449,-0.5035696189077177,1.581728335539812,-1.0658974630742146,4.304104419522016,0
1.8967929826539474,-0.1506140146299331,,-0.3984383910696033,6.346986564544536,1
-0.2453881160028705,-0.7661208306106709,-0.7609411426500021,-0.40768106320094516,-1.8607451118625162,0
-0.7537361643574896,-1.128062554807694,-1.0102997875396311,-2.0741050176001568,-3.1084844790055417,0
-0.8895144296255233,0.30989477938063453,-0.0045578957977268075,0.23910256973346547,-1.212533794295569,0
-0.8158102849654383,-1.2735855485965992,-0.360829014535159,-0.38826461236526255,-1.0622522516825486,0
-0.07710170941410412,-0.41462690057186324,0.24291159977806054,-0.9816000685557653,0.3039482755851787,0
0.3411519748166435,-0.9951739598992377,0.5193582665838316,-0.9549814405174103,2.0527434289548694,0
0.27669079933001905,0.5496831862902597,,1.6513380939191387,0.4220743839519452,1
0.8271832490360238,1.801430099266488,,2.1175059141118746,2.575448040021088,1
0.01300189187790702,-1.301587982803331,-0.025959475961350932,-1.2386260725606033,-0.09199574908145836,0
1.4535340771573169,-1.8530184828975687,1.728321235189539,-1.5997002554430673,5.607530381531029,0
-0.2646568332379561,-0.1248868853500674,0.4898026138954956,-0.32531955285491854,0.7225038317981651,0
2.720169166589619,0.01569779595775838,,0.6655134386094783,10.159269837247308,1
0.6256673477650062,0.21865930675729758,,0.018994295307191628,0.03778116965899769,1
-0.8571575564162826,-0.44632051523434463,-0.7451600719657582,-1.4259113196023332,-2.4489077818188028,0
-1.0708924980611123,-0.200639298825432,-0.7025108254771638,-0.39629085079566195,-2.5622984817553665,0
0.4824724152431853,0.36751041054060246,,-0.11585685439774929,2.6803316998971853,1
-0.22346278532585084,1.040430892644839,,0.8998338865461243,-1.3338675027496611,1
0.7140004940920919,-1.9550487703182828,2.1710551019762727,-2.0845907998585984,5.796723258817327,0
0.47323762457354485,-0.3689394390314622,-0.1653046565920146,0.2297721608709915,0.7359616366848593,0
-0.07282891265687277,0.2138087939410634,-0.6144231359898977,0.5614551572732562,-0.9442749614876274,0
-0.846793718068405,-0.917976104610736,-0.7299961774376168,-0.7863433608230377,-3.1599533426488975,0
-1.5148472246858646,1.7311696317672995,,1.729696926101002,-3.7336381300139885,1
-0.4465149520670211,-0.635409880228737,-0.8646123774191066,-1.1648388846577342,-2.59328180631488,0
0.8563987943234723,-0.041292687007282836,,-1.1318803058401214,2.722875359713833,1
0.21409374413020396,0.5560220968422908,,0.6126021025386823,1.7056612139052618,1
-1.245738778711988,-0.5912847888018945,-1.2546698561558547,-0.19396418701506507,-5.31629304604863,0
0.173180925851182,-1.8465730478044171,0.0058789985860342175,-1.9007399894267116,1.1323756920164125,0
0.3853173797288368,-0.4286545269165333,0.6681338306721967,-0.6960816883098835,1.7772207364947807,0
-0.883857436201133,1.0294405559270405,-0.7475984410863364,1.2616916385341468,-2.7346308281858955,0
0.1537251059455279,-0.33689512678513855,0.6689444987639236,-0.37856122709731205,2.1907511518276683,0
0.058208718445999896,-0.8464343014589786,0.7039431629786816,-0.0035622054719979257,0.32271326886576057,0
-1.142970297830623,0.9256722095027217,-0.9894687678279422,1.5420363805368638,-3.9492399183576747,0
0.3577873603482833,-0.3307748960230527,,0.14897913248861205,1.3504298498073983,1
0.5607845263682344,-0.5101608136502173,,-0.13129375654526537,2.0087018018496314,1
1.083051243175277,0.14945608966330953,,-0.49562761756241885,4.193066612405781,1
1.053802052034903,0.7707502096187874,,1.1022470606450872,4.467045219216047,1
-1.377669367957091,2.381713531732546,-1.3779736091182357,2.5698765105558334,-4.485721832308497,0
-0.9378250399151228,0.8272361076574231,-0.3395114795015016,1.1304484718530048,-1.6067428845612726,0
0.5150352672086598,1.1598399663883443,,1.4061447097948705,3.342299751490814,1
0.5137859509122088,-0.5059661989878553,,-0.2795849050638226,-0.40898863951344067,1
0.5150476863060478,-1.0258681059694763,0.5200582621763323,0.32456512880532107,0.772839536238733,0
3.8527314906547208,0.06233134961912296,,0.024238514643163442,12.031161922230472,1
0.570890510693167,0.10716991525959621,,0.5753386056742613,1.8670281730230218,1
1.135565640180599,-1.0785127413645972,1.3368237450482596,-1.3140076464965988,4.392880806716235,0
0.9540017634932023,-0.17529452990401284,,0.22002626203982317,3.9033627199906724,1
0.651391251305798,0.3993176017191309,,0.8689775468353587,1.9834544825888798,1
-0.31526924464034556,0.36039339501808026,-1.271939412001747,0.5426064335857542,-2.0109219032426386,0
0.7589692204932672,0.5042878533842725,0.2764464302051774,1.3389113245725226,1.2798948956620184,0
-0.7728252145375718,0.29096473013744295,-0.3245753794374888,-0.15117328804276597,-1.3444788526233058,0
-0.23681860674000887,-0.5070086592700558,-1.6070318177574745,-0.7506191301041669,-3.5683350776144653,0
-0.48536354782910346,-0.5139006266488432,0.10835002801189647,-0.4077105836370984,-0.5418150216128608,0
0.08187413938632256,-1.198951397993876,0.3424891347085932,-0.7585479712517649,1.3961082528050421,0
2.3146585666735087,1.784775039185095,,1.8744897998325616,10.148746256233025,1
-1.8672651925917483,0.013450364619293007,-1.9665497860322285,0.656329882874576,-6.853772089394498,0
0.6862601903745136,-0.22485305579485193,-0.3444425216369389,-0.5556979912780116,0.7401066019089637,0
-1.6127158711896519,-0.9287920814524587,-1.397534550436403,-1.499081326196736,-5.032197226582256,0
-0.4719318657894335,2.9356579023277782,,3.0897220705960304,-0.3733898368197188,1
1.0889505969673663,-1.0733280322228955,,-1.1119181702797436,4.8381763662277155,1
0.06428001909546277,-0.4288479256060734,,-0.1574160654269634,-0.7817158240763346,1
-1.0777447779293061,0.4158368362860605,-1.0343642401979827,0.40213569085280854,-3.838395343955467,0
-0.7153037092599682,0.6002129657442777,-0.9817218436499301,0.43020307043254924,-3.3267168910661655,0
0.6795977489346758,0.957932055215684,,0.9204632693538223,2.0100140152964534,1
-0.7303666317171367,1.8076085077692632,,1.8220329551658556,-1.6484951976006585,1
0.21645858958197486,0.5061576554607123,-0.38230756605060623,0.3536670055365472,-1.0887842600357693,0
0.04557183990381377,-1.0560307999666676,-0.40133637538699257,-1.1575968231283817,-1.0960336024998085,0
-0.6516003476058169,-0.2569451251217815,-1.2036131643420096,-0.4587417936152366,-4.984259172698834,0
2.1439440893253257,0.30783237251388496,,0.7361649324485882,5.766310488398519,1
0.6339190223180112,2.068226041505824,,2.1652365437587235,2.3839534025042175,1
-2.025142586657607,-1.397805478424297,-1.4443910624166192,-0.26942924233991383,-5.994563929253136,0
0.18645431476942764,1.2025765052252275,,1.2829287808644585,1.4577905212134272,1
-0.661786464768388,0.1799143695464168,,-0.09551436561791407,-3.5345474067960057,1
0.852433334796224,0.8378305352294807,,2.173168222661013,4.088687138073387,1
-0.7925207384327007,-0.10199471663593196,0.05033013858478508,0.10481847222123572,-1.9097553477646199,0
-0.11473644146689901,-0.8424326301263262,-0.4378576035401963,-0.34737023667991784,-1.2301408963393077,0
0.5049872789804571,0.750872779401332,0.265710145621598,1.046924271002578,1.045569806052034,0
0.8657551941701215,0.6544310271056212,,0.9659365417544955,3.1527632102748155,1
-1.2002964070557762,0.9720569657397219,-0.38935953316325056,1.239883991415959,-2.979104009666839,0
-0.3345012358409484,-0.01330463537863531,-0.5944183087035615,-0.5643469177666681,-2.5946499481393572,0
-0.4749453111609562,-0.5998220233198494,-1.1411702016600587,-0.4160574995391434,-3.632684972402216,0
-0.6533292325737119,-1.5587869950238415,-0.3376199294375087,-2.2212176469489613,-1.2181870063531106,0
1.7654542402810969,0.8193732681394064,,0.7321918499331392,6.906700568129548,1
0.40498171096095553,0.42388948244398605,0.408047436178569,0.06108075416234243,1.1703662296614044,0
-1.2608839543350452,-0.9657826328639593,-1.5399505841637704,-0.7870475399395973,-4.973932767156462,0
0.9178619470547761,-0.5385736732966242,1.4150513125507993,-0.37151054962750685,4.790590885034338,0
2.1221561970126332,-0.4667588119514405,,-0.2261858665688471,7.957687954530074,1
1.0324652605511468,-1.482984431982418,0.6482475020994004,-1.3393361456078743,3.1153799604910404,0
-1.5193699659540134,-0.8176823966051338,-1.4948226003011778,-1.121095067498333,-5.692002570727505,0
-0.48423407286625136,-1.1338303568063541,-1.1600878388785747,-1.264332101482194,-3.355841762429886,0
1.2669111491866227,-0.4124790118879367,,0.047719068739305814,5.297067921122937,1
-0.7076694656187807,-0.7386974983295628,-0.8387862503102086,-0.20476915968236276,-1.7927498448800314,0
0.44381942814622843,-1.6270049208667487,0.22596401195385987,-2.2003964701800234,1.8325445958844995,0
0.7746340534293368,2.0225902305694814,,1.2571264143131582,2.969758736578314,1
-0.926930471578083,1.2525407310292307,-0.906776621912959,0.8890960394268747,-3.1282320711126834,0
-0.05952535606180008,-0.7790194215199856,0.3879396747209802,-0.2564156305038603,1.387125993162846,0
-3.2412673400690726,0.27242139665361004,-2.945722074406462,0.8798634117451272,-10.356005997393972,0
-1.0243876413342898,0.41746508982129527,-1.1025922807306912,-0.044890850379290526,-4.888597034648148,0
-0.2525681513931603,1.1910858547734768,,1.344740531641646,-0.6472858040846768,1
-1.2477831819648495,-0.8186050266600786,-1.047414555119043,0.09861063990996521,-3.7974337205063944,0
1.6324113039316352,1.092106783982426,,1.299762522602593,4.3933561446992,1
-1.4301413779606327,-0.5479053042069351,-1.4925004570788756,0.1628463384096117,-5.579007483477131,0
-0.44004448669698376,-1.3358624041686133,-0.5141559311185442,-0.8364991191270641,-2.038286064111551,0
0.13074057728609134,0.7241365593144973,,0.2690372062005419,0.8347704105526046,1
1.4412732890661155,1.2907584241224281,,1.195767712373889,4.533718792896658,1
-1.4358621511794394,2.5879089735306846,,2.6052862126766088,-5.560486929133085,1
1.1631637521549596,-1.1997252650902135,2.147542406871939,-1.1476585710795435,6.452484200596474,0
0.010233061019587049,0.6989196850807888,0.48010080189313914,1.1570841618000745,0.8429392625903916,0
-0.9815086510479509,-0.40980124379353305,-1.3618089832605205,-0.2054588626558288,-4.388196009128584,0
0.46210347426327075,0.7833587105240313,0.7475739712343699,-0.6847417613650263,1.5137171017918876,0
0.19905969557347003,-1.4704895512312506,0.25823472840105866,-2.1269096877776135,1.3272321011552348,0
-0.6002168771587947,-1.262769775698564,-0.4044412895287478,-2.356460233186586,-2.044956651769431,0
0.06980208499001886,-0.7758748231664838,0.13847274727257114,-0.6881922028388168,-0.16186654197046701,0
-0.3853135968617599,0.07896404566808451,0.20950772588085798,0.19920787040196503,-0.052409656096438384,0
0.11351734525124799,-0.6410812665383554,0.28632751757697095,-0.49946878723299615,0.35946042183928245,0
0.6621306745210463,0.6590543439134197,,0.17959021005611137,1.9923922927122277,1
1.586016816145352,1.0268946182579144,,1.363966620817909,6.722479520651284,1
-1.237815498826849,0.5995775412453558,-1.121172978282913,0.9577087894796203,-4.2623105166958775,0
2.1330333746562666,1.618787639660868,,0.9912131060582892,8.742900078276309,1
-1.9520877995225019,0.415826629455343,-1.7950764982794447,-0.3171924712690931,-6.555698967502241,0
-0.15178509503558324,-1.216896710340167,-0.1985896067187665,-1.2169625534536361,-0.3159377465512968,0
0.5883172064845762,1.3633765135383398,,2.2592676503450195,1.097490191945013,1
0.2809918677350327,-0.6051562356059974,,0.2447151354933238,-0.033547617646623284,1
-0.6226995198205939,0.91041849968557,-0.9982831296325333,1.1921206799095962,-3.4740723864543135,0
-0.20812225035727533,1.5737342165551063,,1.208735880765068,-2.204188124384218,1
-0.4930009346588331,0.45668801073039916,-1.1889925780573711,0.9001093404746917,-2.9097175611844905,0
-0.5893647569442118,-1.4961588131646497,-1.02922343763649,-1.7223709455691705,-2.4247114768005926,0
0.849602097021025,-0.9182121665097915,0.7624685797875621,-1.3019656848466967,2.971655557423917,0
0.35701548596504734,1.3227444668851356,0.4085742771878659,0.2507610510741385,1.239349471540148,0
-0.6929095952606542,-0.16912268564281638,-0.8285578768344745,-0.11793158646898994,-3.01190766591614,0
0.8995998754332507,0.07957353494216583,-0.27825186963042825,-0.23536013962652164,1.3496959494822742,0
0.30729952087660933,0.7588244161636093,,0.8070396059278615,3.6857624079079057,1
0.8128621188389601,0.6963228620803235,,-0.45335598603820726,3.999025391218588,1
0.6296288419236122,0.2787998123854607,0.8525087675321765,0.3637131486773043,3.1191423299855576,0
-0.8289950109220725,-0.20866837122046583,0.12475032535456154,-1.4242289532062797,-0.8223066907762482,0
-0.5601810401969697,-0.3126684457323573,-1.048863098938825,0.23130168090191872,-2.5602453049403096,0
0.7472936051232618,0.857898825291343,,1.1188444423588852,3.9208793495023633,1
0.6103702654334648,0.5535695310677933,,0.4142371453554994,0.9270137121955169,1
-0.020901593964148132,-0.2573000006177895,0.09846736868153015,0.02405992942325008,0.36331706643963013,0
0.117327383308782,1.0821123129931405,,0.5930751816613643,-0.25694601151247765,1
1.277664895788425,-0.12903411512978377,,-0.09284635732233756,4.077454119985017,1
-0.5915713888358299,-0.8516621743343933,-0.39848813983663556,-0.45427515510422545,-2.7009829184470795,0
0.5470973811700377,-0.7589706989033446,0.46975221560276037,-2.3061153234490392,1.5110182897399527,0
-0.20219265243389398,-0.9787408363097657,0.1547460696111748,-1.2023530161485276,0.5112685177456336,0
-0.21768120322722037,-0.2724100166036872,-0.16817397848359172,-0.2837320816718743,-1.4548175573519386,0
1.0987768519871903,1.233724278336193,,1.1355774694633098,2.7348443075118647,1
0.8254163489880298,-0.8050951810305088,0.5420096900868602,-0.07654426791680624,2.4001031966813207,0
0.8135096360006385,0.1884757610181029,1.218966522308487,-0.37347480144333933,3.6002118722371996,0
1.305478807154329,-0.6566893456274132,,-0.9672689673500277,4.212667036009798,1
0.02100384163275905,-0.26030904127143756,0.4787053268752275,-1.2182435544256618,0.374553035976804,0
0.6819529712949639,-1.5100412119852522,,-0.7548978863486795,3.447057895279971,1
-0.31026675659345604,-0.2205382291565374,-1.1446236877665212,-0.3436833004609374,-2.1570548092216777,0
0.3241663524884421,-0.19370537980496205,,-0.41290982382331554,1.67106052419219,1
-0.13014305436768459,0.5402879440356954,,0.5140466028803383,2.343378156312937,1
0.09699596499271819,0.22328091325537053,,0.5413988274705326,0.057781145732097694,1
0.5951570254369136,-1.198392124952045,0.8946991180843248,-1.0247104231939828,3.1068245630128253,0
-0.8182206832334725,1.0841982440435427,,2.4081403508220864,-2.013246322054558,1
2.0923872756854602,0.21030304022199536,,0.4372709844238827,6.4754190209006,1
-1.006017381499702,0.19839351717748668,-0.9148772697307671,-0.03422919740705385,-3.587230135287386,0
-1.2141886127877322,-0.009182353385138937,-1.8712883775992868,-0.2898607221471125,-5.291395080290675,0
1.1581108735000678,-0.5177574472222197,1.2274283877652934,-0.7141369234306243,4.188596088329943,0
0.7916626939629359,0.2178023397487261,1.0407186917852067,-0.5331161225661929,3.828166130236489,0
0.6241198170521551,0.4755884359285824,0.8822013285153898,0.4955205396743754,3.418452413076453,0
0.6283455092642799,-1.746895691345555,1.1610578710630701,-1.3551616382410963,2.673118673363635,0
-0.012246772846914623,-0.5387608373460957,-0.39964786191467916,-0.8454426376577137,-1.4458004555549027,0
-0.8972543714858315,-0.2549469704035893,-1.1635577498225798,-0.6586369985456451,-4.325393943684328,0
0.07580455819372633,0.2561706056942781,,1.0141431788413948,1.7112252516453879,1
-0.6771617115121117,1.1933110059271257,-0.7523258983939667,0.48006942761654314,-1.9682871036462286,0
0.9751197334177512,-0.7717408145967823,1.075136627073915,-1.805650002835433,3.8931338296078244,0
-0.14705738150213865,-0.497961846817842,-0.18056240236474919,-1.0744128186415334,-0.8542246634439221,0
-0.8254971967925115,-0.5125341106465501,-1.2363376099450227,-1.2827504692086982,-3.71647231039023,0
-0.32138584165299344,-0.8015275901045416,0.4903787637929097,-0.6084145580522506,1.2008315176892985,0
0.4129314542756245,-0.34718649511226246,0.14908074831532164,-0.5275387453370493,1.8715641035336397,0
-0.5637245528039749,0.7708022199879712,,0.6609586974760512,-2.9706292917994412,1
-0.8222203955664315,-1.0538354953643456,-1.0475905342178073,-0.47736840687695903,-4.658152253808961,0
0.2436872114919123,0.4278143951529032,,0.08214696457151499,-1.000157214123854,1
0.24496657110872277,-1.7019022300183355,-0.08067716138286812,-1.3143575241455152,0.6734695986680217,0
-0.5069431753711298,-0.5613379964422059,-0.9910074742972931,0.19432340315939556,-2.630113553723243,0
-0.4710383056183228,-0.32948930021798606,-0.1623239901546606,-0.5573205492248163,-0.6679479793694136,0
0.2320499373576363,1.6748596729140648,,2.0433711006922217,0.31729322842204666,1
-1.4480843414973241,-0.274802304752688,-1.0041823737078999,-0.3957112610171781,-4.797813968402718,0
-1.4074637743765552,-2.2012434734509183,-0.7082217778418946,-1.7391944090305238,-3.970758433930353,0
-0.718444221252436,-1.9988889068612499,-0.32785655310863654,-2.7846335006493863,-1.8939555316610055,0
-0.21344715171184725,0.03402958634668099,-0.3211412961418855,-0.7887265362159922,-0.4297459307323661,0
0.3109075655980046,0.6137708557899086,0.38146481395080106,0.41813699833613827,0.8463489421382988,0
1.475356216949552,0.3754558576272528,,-0.06900654690263253,3.8667131357631956,1
0.8576596232020194,0.16757010580099035,,-0.09078444891395232,3.019875605646426,1
-0.1599385299634271,1.162259597505667,,1.0524963062820971,-0.6271246903992628,1
-0.01901620790268883,-0.5395912207371316,0.32814698267196063,-0.17958445481900576,0.6069297644251808,0
-1.0025293646378088,0.8949105560268252,0.2838468299844281,0.6910802667438578,-1.8134795961259864,0
-0.018513135992389903,-1.6320148850264173,0.23139768199451477,-2.0439455403379605,0.7584608924488336,0
-0.2886586389201379,-0.9049478329380662,-1.284228713397471,-1.0807045213175157,-1.9324177793581467,0
0.3227185603380895,-1.8070413949318163,0.142103463880903,-2.191614034835125,1.1244764407021683,0
-0.827230943552323,-0.27484530066979224,-0.7659854808650957,-0.7418480517011494,-3.166648172963879,0
0.5193465142411723,-0.04626121726634254,,-0.8527696240548271,1.3640972855148843,1
1.5327389130025777,0.11410149222651991,1.1673323501982011,0.14884055033705923,4.157288653146566,0
-0.1087601484568576,0.06188335288713521,0.013885722861610064,-0.22246950041139152,0.8662871632289567,0
0.40171172209894146,-0.927553330811728,,-0.44441396119439214,-0.00017352983381038745,1
0.6901439917111125,-0.19024084441321568,0.21768963036857902,-0.913938890442686,1.1392735513898131,0
-0.40122047188583626,-1.4974466686057486,-0.07832165108398054,-1.768488446129688,-0.8376923320603321,0
0.22409248181041677,1.3632289751322504,,2.269682585461625,-0.3897930688462181,1
0.01259240078179486,-0.303626072898001,0.28169820352792346,-0.7734308314469257,1.366110188122291,0
0.09767609854883172,-0.4888861190436912,-0.5870557887791973,-0.6071527450917532,-1.5348361752432986,0
-0.7730097838554665,1.5889403284440828,,0.9810183370313986,-0.3503867438721733,1
0.024510174258942696,-1.2422465335492294,-0.36262478694308464,-1.91646028993972,-0.6274382642722128,0
0.4979982912454495,-1.125587114031969,0.38616500534372744,-0.3519316224881299,2.1228407042694717,0
1.4511436077950417,-1.0962203248685651,1.6164502383402446,-1.0107005785499918,6.200925410240078,0
0.9592708260852069,-0.0678713816994819,0.6765958498346597,-0.001031962580670398,2.8344967557536775,0
2.1531824575115563,0.4316316296375973,,-0.4165264879205138,7.522012757562169,1
-0.7673475628880495,0.7396754681178337,-0.4796692006279867,0.9190461621719852,-2.077270329655496,0
0.8723206367206782,2.571995317494969,,3.1507062904918817,3.966350125023293,1
0.18334200573835174,-2.2494324542007638,0.5790907237248304,-1.6746939237864988,0.6047112281878243,0
2.1898029332176723,0.6087355891244169,,0.9429022039274974,8.268739989351715,1
-0.8082982853551515,-0.5571305725722312,-0.8816141723769526,-1.1218733613699332,-2.852783264096037,0
-0.8397218421807761,-0.5864151488887734,0.33483243683174024,-0.4298534402922776,-1.1714674821332105,0
-0.5993926454440222,-0.6197721282538776,-0.12444811131937611,-0.2859796480155738,-2.18174685090399,0
-2.123895724309807,-0.9087696708079733,-2.584807552469914,-1.805991463352424,-9.519258307869713,0
-0.525755021680761,1.6845248346034518,,1.1238850388625594,-1.3549141937733604,1
-0.759132661553698,0.8422973270139027,-0.9267042309427942,1.2863759878856236,-3.301596238419683,0
0.15039378647620763,0.023195978557374822,,0.4612188668933391,0.16359368469105037,1
0.34175597577715944,1.3510157524870003,,0.5767242356763042,0.21072788978138193,1
1.8761708392158862,-1.5125289652988756,,-1.1150182356642893,5.89665062481876,1
0.9504238381860503,-1.3307051313309262,1.856201724783007,-1.2830534317541173,5.411301414871846,0
-0.5769036556624031,-2.1779677321946878,-0.2873655052246516,-1.787463254891112,-1.3924544617545502,0
-0.898414671348358,-0.6994145401232875,-2.143995375424088,-1.0166752018402583,-5.677677549445331,0
0.4919191715065057,0.1616985267047529,,0.48429027494520394,2.1520653899249726,1
-1.3202332070206422,0.10285857793233408,-0.7754184455660615,0.5247729651751464,-3.941052379882516,0
1.8314587658543537,0.14934191105988046,,-0.026325556667975397,6.352088058977254,1
1.179440120721287,-1.4110568310660818,1.5380718926128947,-1.4021805579794389,4.504293058875694,0
-0.4691756521047048,0.803154742614022,-0.8988752575133052,0.4788939278616952,-1.8988292152914226,0
-1.713134529090878,0.23962751823899794,-1.9482623872240565,1.0654469925819376,-5.293025906087731,0
1.3538723741654133,0.7330542814659985,,0.6729183118031156,6.565292320669462,1
-0.11453984525261789,-1.8927621775900518,-0.25040486518747207,-2.3537743401786426,0.07379644742870795,0
1.2378163119734618,0.31149085879778987,,-0.0464220981395852,2.8229890491001592,1
-1.594427658794367,-1.187765239917527,-1.6260792701850355,-1.1243799393464704,-5.910931039897715,0
-0.5993750229537729,-0.39732325255136186,-0.6386692194109512,-0.02065766666225599,-2.0763251408488492,0
0.005243699718183166,0.5343648986363834,0.604427984404913,-0.1335485239388775,2.2233819914358217,0
0.046980593764742055,0.09109360625591317,,1.0149236077271375,-0.08300837096136837,1
-0.45006547147924364,-0.8515399797793188,-0.66085662719939,-0.6972023327515107,-2.5164751110566828,0
0.6228499323474987,0.006273156184418285,1.1453780049631017,0.23950114266912453,2.657933696889817,0
-1.0676204293825944,-1.531535315243643,-1.0072253131320392,-1.5801300871553612,-3.7246459622547445,0
-0.1423794850212935,1.150267395898296,,1.159896879573859,-1.7500869234617753,1
0.12029563171189886,-0.2052840194962513,0.6977944119827076,-0.2794255884599528,2.413041985251882,0
0.514438834058749,1.1185499442553262,,1.6274479287733064,2.1023759510180646,1
0.7116148780888896,-0.526531687096043,0.7130778614286084,-0.5304959808227282,2.9794411948708026,0
-1.124642091837869,-0.5235759884065829,-1.0356878961320422,-0.14005087916022807,-3.907671625310737,0
-1.5341141707356223,-0.7641867866378464,-2.069448356443921,-0.9811105483141326,-7.010166567869335,0
1.277676821898509,0.8761739316930753,1.0138499338093405,0.9739941958492332,3.289518127749806,0
0.33231401197959165,-0.7094311573284761,0.3341053128959833,-1.1113913294481867,0.7126857726722937,0
-0.7484865365565536,0.6445954324151768,,1.2528595486899454,-2.6406038259592615,1
1.551151975522523,-0.38245239766929023,,-0.7993260180288482,6.961401763029399,1
0.11567463429285867,-1.9759632998916197,0.2243775606563604,-2.138453022022283,0.9238651092813512,0
1.1792971840638264,-0.5703140677864662,,-0.7277942740138387,4.238107724968867,1
0.06751848141010895,-1.1791082143628484,0.07221615869803368,-1.3560839081997327,0.2455054465620957,0
2.060747924881987,0.03390272368233751,,0.395150608403806,7.755875305386882,1
1.7553408424432044,-1.1904077356744902,1.9541047207297815,-1.348736618042812,6.741953688916634,0
-0.2489641484790735,0.9259751007146168,,1.6229373659851531,-0.6184155065395669,1
0.9715709509543554,-0.09107586035302723,,-0.5003134034181114,2.8011287158680007,1
0.6453759495851475,-0.17759599475873897,0.16815663643966589,-0.09290725978738554,1.788392000855227,0
1.3686315575323487,0.6558921377875826,,0.2679991431312827,6.466537642263654,1
-0.9649234605801045,0.9639069340758625,-0.985025827848294,1.174393325341596,-3.0000189777744133,0
0.6860514599984393,-0.020098751769651646,,-0.028073615258036665,1.8177711300377806,1
1.0584244868495878,-0.7712002995492906,1.6116553722556237,-0.8487313218985298,4.652674623180758,0
-1.7587394864231143,-1.7739696161121294,-2.383847499370515,-1.1797321328603676,-7.510336219211956,0
-1.183258512665775,-0.68604975703518,-1.394506460381992,-1.0132206925627316,-4.944267613151153,0
-2.0392321777601006,-0.6172122466479616,-1.5253728033703338,-0.32395466783896154,-5.983394770054794,0
-0.26940683444455765,0.10705745299229676,-0.11164536398443103,-0.27742250334509944,-1.1966322752128506,0
0.7175422557959621,-0.34514688113802716,,-0.2888042810578403,1.51869007433416,1
1.502357052096028,0.6879329720514281,,0.09014530793970543,5.619054066393019,1
0.07409478041977519,-0.6129832712706895,0.16380186594419582,-0.9442418444240597,0.44936243540596504,0
1.6286155455712918,-0.05704116685294176,,-0.09811268963937428,3.897906854995003,1
-1.3801014582148914,1.1839874431968893,,2.091312026858428,-5.820965300405264,1
-1.7033824393551547,0.3418252139549665,-0.8951216120982802,0.3922271491848536,-4.200444869772276,0
-0.05554769889661878,-0.06003754168856451,-0.38520976628520254,0.7672966162447887,-1.3488286002005585,0
0.3840654489393073,-0.601944441935177,0.22491494188714026,-0.4917827960897181,0.9564558817505742,0
-0.03269474809409311,-0.6332313967149771,-0.3035051297486869,-0.8267735189524466,0.22643354542470884,0
-2.0674421000398766,-0.8506132529519478,-2.1109497116989453,-0.0809349916516009,-6.997467688670014,0
-0.08912003951278841,-0.5410068657828994,-0.38068145517493746,-0.32249805474618987,-1.579609300809906,0
-1.3044695005048532,0.7556658387443146,-1.0610987494258233,0.43430504180295776,-4.716327535115077,0
0.6696725488300385,-0.2218882712922687,,0.013397458407880009,2.6170768795672803,1
0.36659824609684827,-1.349773069381231,0.7533720536503573,-1.4960704443350363,1.3689811354164765,0
-0.9398797863273552,1.7681692930597834,,0.7736521949741354,-5.341383158951847,1
-0.5138669173366935,0.31996519114516303,-0.684037158778145,0.7879517707779717,-1.872688687912969,0
-1.0592135218889516,-1.4069434005131694,-1.172074837695019,-0.8594763726922049,-3.7725020810630316,0
-0.06267909727317188,-0.44184892724082386,0.16514435777112552,0.4771220877553138,0.4615692352720594,0
0.9551423205012383,0.11088638282841785,,0.3219582289260492,2.6812945154562517,1
-0.9857260463355437,1.704592093297377,-0.5278991442063716,1.5802303812561107,-2.5670427137522562,0
0.5040465155178444,-1.1081124582588693,1.0972543107766488,-0.6906177445695763,2.619484120991734,0
-0.5302576183724408,0.9760407193559466,,1.4009509020153998,-2.5867065288951547,1
-0.7928728322623442,1.399486426972343,,2.218627018540554,-2.5009860636091954,1
-0.10703035995455783,-0.6286543050745702,-0.372996114100604,-0.6509681166077913,-1.1571522718547718,0
-1.035242322419374,-0.27751361886023346,0.2809507799193751,-0.3603031051440307,-1.5013320288944603,0
-0.553649305347182,-1.0363092473737703,-0.7685993579511254,-1.394081457253034,-2.9352323836286436,0
-1.1978778925888485,-0.20346114108030489,-0.3590651715107812,0.06526990228229596,-2.948312298571694,0
1.9647251329163893,-0.03658997434293117,,-0.8107208084583488,5.71120523233879,1
0.03526355197172861,0.6596499980823705,,1.0476936845136526,-1.9360423160400937,1
-0.6997255079925854,1.0901834710204468,,1.3841010319533416,-2.916058597606087,1
0.21397991073422196,-0.7480960646216471,-0.20886474498903923,-0.4555609633924611,0.22519688127133247,0
-0.11232804969082963,-1.9673250642259945,-0.246277416770079,-1.8982124459750742,-1.5600860880478424,0
-0.2209695995332226,-0.021244779276242128,,0.7452443444893002,-1.9717620192265768,1
0.6141667000434252,0.2935375299686405,,0.7295342626820722,1.3700823473401218,1
0.7575077100473051,0.24941768768504166,,-0.054120908002808193,3.738014116486697,1
-0.5305011476105275,-0.326673247509044,0.0813956636460551,-0.6212627723578674,-0.37314165998938575,0
-0.57581824064468,0.1247520996639345,-0.10116999145702216,-0.31508480704338393,-1.1366357546392474,0
-0.275051697151644,1.5154448083522476,-0.013052219359479977,1.7910864747400412,0.19370277894105664,0
-2.301921164735585,0.3817341689625093,-2.255549631845809,-0.11833529165746898,-8.124565710316835,0
-1.515191062198552,-0.37336842500308426,-1.7637064075315063,0.16832764678859186,-6.2917159017207185,0
1.3668742674445244,-0.5001978170959955,,0.1612888370767761,3.2991814981698653,1
1.6449677135012837,-0.1698523576777307,,-0.6093604921529563,6.488116955328025,1
-0.24903603955637832,1.6367399618306402,,1.5439656945342133,-2.0304459600156637,1
0.5765569630557664,-0.1833007095261973,,-0.17499021884499044,1.3408863918823866,1
0.3112501545435361,-0.01979434452070797,,0.4221972357141258,2.5488500467217783,1
3.0788808084552377,-0.48231357093630295,,0.3223581168686355,11.666806944933498,1
1.1195749114345768,1.0989833574419647,,0.256237161007676,3.7417660276757774,1
-0.12791759148076653,1.959837254744675,,1.8007468959813335,0.14843306186005112,1
-0.9555404406004258,0.4506130494313883,-1.0784645993224173,0.3176047016512148,-3.9982719537913547,0
-1.6064463202575725,0.08277290378542575,-2.2752834133014144,-0.6175620236578481,-7.170413970277451,0
0.2034636358672231,0.03678283317423478,0.5095494451765151,-0.20577217647779603,1.823869141462458,0
-0.7563507452843033,-2.3843067887857456,-0.4717060836492714,-2.17042231661044,-1.4786971090330483,0
-1.4222537095976742,0.7451508642848174,,0.6058114128650387,-5.052664844813114,1
-0.6465728842425267,0.13416641599584359,-0.7677606132950824,-0.6381441683078632,-2.631020983616327,0
-1.0815480036143952,0.42834205066072517,-0.6004427143238462,1.865383399665682,-3.1759242960979286,0
1.6871416350725648,-0.7114621940837048,,-0.5783732614816146,4.963856537945774,1
0.8816397569494505,-0.38445687897709163,,-0.32860981392375416,2.413219011799387,1
-0.007972641316617375,-0.411024936503173,-0.5120258946968314,-0.9599881180366963,-0.6327729738674561,0
1.4799441388900263,1.0216229840730389,,1.1519760650586766,5.663996811742196,1
0.0773683076476183,-0.3787598366030933,-0.4665781984070109,-0.4608667286238405,-1.96816296087712,0
-0.8612842013282637,2.0826603221097977,-1.2034052915858855,1.1383986157520942,-3.775009358982725,0
1.5231240772696573,0.4308624190150374,,-0.10426530099217068,5.317228723661653,1
0.5389100436846587,-1.2756826599957316,0.40860587751767957,-0.8782196511587591,1.4065193569098886,0
-1.0372461543264564,-0.12854629325195685,,0.8434625317482639,-4.54811507736493,1
-0.1903386780836082,-0.6516751221564157,-0.14673618206497469,-0.46809241963489334,-0.7322062812609561,0
-0.8756182533847574,-2.1943824698200243,-0.25196642805241853,-1.6428408306733406,-1.7298985024609912,0
-1.3827997309643363,1.5994709401137894,,1.5215932858221843,-5.27275303225799,1
0.9261775475316414,0.7031425422200039,,0.6598694618797025,4.233318282378808,1
1.9094166404701305,0.5332073178993125,,1.0786968317090453,8.37970221365389,1
-1.3985675738191412,0.16540366029970424,-1.0097000501952138,0.9967923048894388,-3.676342321018806,0
0.5629692366905709,-1.3820175686924376,0.6003121580090137,-0.7314692219596268,2.05829262415413,0
-0.6506425691218272,-0.4836171395554367,-0.6393923749991074,-1.0167986772478463,-2.868510725000151,0
-0.4871253837646962,0.8417807747840127,-0.10522549758306626,0.8083013296263898,-0.9192367925095695,0
-0.5923939242388692,-1.0512200297825025,-0.7882292289908854,-0.9124576875443549,-1.836431864002936,0
-0.863990769679816,-2.5317693162508133,-1.805251145413548,-2.6616082980045777,-4.03505521032094,0
0.04852162794482699,-0.22710600778092638,,-0.0331772360731285,0.503475785746897,1
-0.8309501164110378,-0.14175755402753884,-1.3964844313785234,0.2685308518069348,-4.869327962502498,0
0.2704568257798388,0.13556341641470915,,0.6369682923922794,0.4046394618164405,1
-0.05023810944913695,0.7285186435145362,,1.5714537196252978,-0.31359098330369173,1
-0.23894804686640975,0.6376058122312086,-0.28651048564314463,0.47288525986879126,-0.459922720805384,0
-0.9075636620415979,0.2587698052439216,-1.613601465199413,-0.4232467771757354,-4.4480123109524135,0
-0.5767713305683327,1.1955313880867093,,1.3746486850939357,-2.2949301457369495,1
0.755391225825756,-1.5189697808133147,1.2384610562562801,-0.5770642652209136,3.6391311315808847,0
0.5009171876243808,0.5045818144773903,-0.06325359750851067,0.2660938845003607,1.2790377699467137,0
-0.977555244798551,0.6265383633369425,-0.3413135793741714,0.9699618518688022,-2.2235370204297915,0
0.09933230542922587,-1.2395622860802393,-0.6807531071357461,-0.891689389843918,-1.7299103378503422,0
0.751387123371789,-1.502870608682389,,-1.4071495850100846,3.9528569918738867,1
-1.6694052811213718,-0.7459421264756015,-1.8750354963631135,-0.7424797659537443,-6.640261257840611,0
0.543360192379935,-0.6615414425152921,0.6161686907933808,-1.1232560453759883,1.8423095392711735,0
-0.6626237589458467,0.7534194635024309,-1.6086405451886816,-0.38741157270785775,-3.8012171608375036,0
0.5705986685931593,-0.6145387836910952,0.5395306353585051,-1.1704641370231097,1.3745346397009381,0
-0.7632591565425169,-0.856348518281204,-0.649018067683421,-1.0515005928370535,-1.6660489273157992,0
-1.804882100664519,-0.6116337366945591,-1.8479631527142664,-0.06292239298320568,-7.071825561845906,0
-1.6275424378831627,1.1186323341542117,-1.9090829764093495,1.067068302978524,-5.093736563365025,0
0.048084946661381994,0.013043374376952133,-0.42519731260252547,-0.24646948508212213,0.08449207316425755,0
0.25972250172148187,-0.17925102535691226,0.8249858114901374,-0.6247437463336273,2.1101385002564936,0
-0.9043166251044086,-0.11000549870105175,-0.8889130576054335,0.21839741555368836,-3.958147820252276,0
0.6385924587773739,1.2920603343265227,,1.9712389175418252,3.74811395124637,1
-1.6615200622689599,-0.7491717266032418,-1.9247612396664213,-0.21745386566951208,-6.5352230517295355,0
-0.06607979864731657,1.315508290940104,-0.28347714533342505,1.6185831408193385,-1.303217600163287,0
-1.2110161997624564,0.21049629892150362,-0.8032190774643749,-0.5273100742699663,-3.2774576409487137,0
-0.6518361078021592,-0.16041938197534772,-1.463323588803941,-0.33625650339723345,-4.316222904238943,0
0.047398671316414016,2.5009004979342815,,3.474552612379119,-1.4050209340702646,1
-0.8604133652839524,-1.0556394897985963,-0.3116708796073706,-0.49466424384098395,-2.0158011244268477,0
-0.38455554422982535,-0.35368575956700604,-0.9705225088414227,-1.1224373686843685,-2.805332748380435,0
1.0062928092144405,-1.2324312391640002,,-1.260226500763636,2.742052125503009,1
-0.5768918695231487,0.9524619705361694,,1.1340111868666887,-0.4184516717577045,1
0.8356921120651418,1.6891889336516785,,1.3081097021385686,1.7515452500510287,1
-1.129706854657618,1.6699227814046387,-1.0376471554935334,0.5153207707002143,-3.697093346868313,0
0.5298041779152828,1.2239487531460047,,1.2733607756542207,2.099774928057197,1
1.4415686206579004,-0.19762046779596562,0.03625446234885876,-0.5914995966061852,2.4494060574900343,0
-2.4716445001272893,-0.3652409774898465,-2.605303011711194,-0.7571618470321886,-8.477392030310261,0
-0.7968952554704768,-1.671169772494065,-0.572688630730922,-1.8485099524594442,-2.207497106858238,0
0.57707212718054,2.0358735351817927,,1.9690355778543869,2.486509724093911,1
-0.2030453860429927,0.4689780781484677,,0.46443668110062447,0.22210036688709667,1
0.37114587337130883,-0.49195690486948307,0.1774002159185918,-0.9339518543304838,0.8423103157241597,0
-0.6039851867158206,1.3280568889869675,-0.24773296566974023,1.2179521241699287,-1.85734265224355,0
0.08658978747289992,-0.9727645167600009,-0.258074746567136,-1.8514762019613784,-0.41669900063502285,0
-0.15567723539207948,0.40662203422267407,-0.860910943598467,0.5621415669067131,-1.8347040526522866,0
1.1677820616598074,-0.17262913429083468,0.5189178738191911,-1.6007668409614133,2.9905911184144904,0
0.2544208433012131,0.638677139880301,-0.47663438429649424,0.49393209966349116,-0.48149511714605064,0
0.3376026620752022,-0.06357353918612146,,0.3960195376523552,2.0747177784301347,1
-0.4118769661224674,-1.4509278911112244,-1.1691637206517456,-1.9805982347486377,-2.984682842085141,0
-0.48760622407249354,0.0755763726700378,-0.3505868037478419,0.43379147449873784,-1.7094061858798202,0
-0.4325581878196209,1.0488641418753617,,1.626730497935808,-1.6232658559378241,1
0.39445214237829684,-0.029216405853985244,0.34312785565298104,-1.6831663821026794,1.1673698109163462,0
-0.42098448082026296,0.775115121589086,0.26081916677958694,0.6994336698012148,-0.019557918572485553,0
0.28977485689641286,-1.0455294856740531,0.07056117328877615,-2.4834161994881905,1.0761861536134476,0
2.0754007986454384,-0.026260793269852138,,-0.08536501605532518,7.520824901987508,1
0.8711247034316923,-0.6245104550885774,0.8899063791222482,-0.6280960605792408,3.384847503847277,0
-0.32602353216784113,0.7469808401047098,-0.40203298498419004,-0.49429115285070946,-1.2764961782774553,0
1.2012139221639448,0.03149156226199577,,0.9939107433019285,7.514814651750658,1
-0.4080753730215514,0.6900736763366125,-1.128746245879236,0.833081580153925,-2.977755715522554,0
-2.038124535177854,1.087710426157866,-1.3935586174591315,0.6631987101168484,-5.49672174610951,0
-1.008086310917404,0.6916185751213884,-0.679883028172418,1.4243082888706475,-2.8642187968429536,0
-1.8707919210258557,0.2731184342936442,-2.1105544183417475,-0.6246881760275143,-7.721448972379026,0
-0.35151348404130867,-0.9982122585114053,0.46314577467949736,-1.6127977752705638,0.1386767755374595,0
0.0184183791895517,-0.0027861106669012366,-0.9056366770047166,-1.1525138725018504,-1.343410232510909,0
1.6764373122752827,-0.5330904020158329,,0.36743219625383405,5.129416705360281,1
0.32692737376416264,-0.34406395670422657,-0.27731372837037543,-0.17789077096822478,-1.174364553514314,0
-0.21910052880886424,-0.37453415075025087,-0.013058796373134174,-0.04483325582600328,-0.3704698944218166,0
0.8294055811834892,-0.9799255747822445,0.2728735305899004,-0.8294249578230066,1.2436872839795292,0
-2.211135309007885,-1.9573385891339898,-1.9946033356372257,-1.6704547085616976,-7.24000076848792,0
0.23561455810856594,-0.6681430483277668,0.1423963501977889,-0.6291041913797721,1.413788078257436,0
0.7708651938869668,0.19337945192415906,,0.3288401232778797,2.6034028913497513,1
-1.4785862457798415,-1.3481770454274902,-1.2842626227631861,-1.2943753273160148,-4.018076699826146,0
1.143754043206929,0.015682236471624342,1.009443231237897,-0.2886136663130149,3.453761516563942,0
0.3384964074944141,1.9002684243109647,,1.8769560417036302,0.024519416353644644,1
-0.4152879139008013,1.0230565552522393,,1.1598538418830782,0.8256471925782845,1
0.6327818661062848,1.6435415091205292,,1.6988160688965945,1.3855476258228048,1
2.270692857804396,0.3911278769327262,,-0.3477581769439323,5.2663735060202805,1
0.18186625505849516,1.167509822986446,-0.23918308980219913,0.49501648868224135,-0.8589282816226342,0
0.24822058630033608,-0.7239647304677874,,-0.18254401350959182,0.28442367634411625,1
-0.4593608995402441,-0.6443402670219842,-0.04628809151998631,-0.7978372899636851,-1.8275976798635498,0
-0.8498443694647918,-2.7391402061374728,-0.6890180396689988,-2.4467775326195027,-1.9677331811329073,0
0.8303358165442456,1.186145474042299,,0.6400855191811008,3.927917622155319,1
-0.8560838259088672,1.540323979819886,-1.0410950588274894,0.803751041496621,-3.1164195187787804,0
0.07156623721939247,-0.5531772453472696,-0.06810888630906838,-0.9749755516131262,-0.5861220508360827,0
-0.4776574467651167,-0.25395170639723497,-0.663122998568951,-0.3652342417829416,-2.8338197230071804,0
0.47897982574639203,-0.7538621136909615,0.43838323367865717,-1.0864322633331676,1.3210343653451204,0
0.33366210528694845,0.3826535514774916,,1.0296203130303485,2.315711032039117,1
1.0375399442578994,1.1249325453032408,,1.2146941960719717,3.9689970361283318,1
-0.5100163988547471,-1.742771973881041,-0.2599599840443138,-0.8183026646001117,-1.8066943139181273,0
-0.26987493529337125,0.4094385306422523,-0.020095481168769885,0.6116426076779609,0.12909902705064846,0
-0.9787637157823074,-0.2766717717191454,-0.5365424970914384,-1.4829471806790508,-1.6990389037655684,0
-0.44429326007611136,0.11339439196668935,,0.6414151951959666,-1.380175950733434,1
0.37730049304485197,0.45899400167429094,0.5567245293843114,-0.29578180956068645,1.7340682501345734,0
0.7569886166453519,-0.18820243877282114,1.3513917372419302,-0.07293560516715157,3.0838420576371406,0
-0.9221653241776254,-0.10358685340578061,-1.2546882831791815,-0.49092888223770303,-4.0998179106793184,0
0.8696059201056602,-0.2138751675546389,,0.8574803496774543,2.4430981294188006,1
1.355637858804951,0.9703162017882814,,1.690115165503349,3.7362391767593612,1
0.41343490322370086,0.41875996012749656,,0.04784963927661745,1.3761028002983555,1
1.876795812558066,0.22058353773736078,,0.1569047036768049,4.577931348495884,1
-0.773789199103573,-1.2709517210922827,-0.5427121510737344,-1.148652686267674,-2.469713469075104,0
-1.244654703311417,-0.3785797432131542,-1.2992512505616933,0.05312729256765103,-4.604716912949705,0
-1.7787202489042786,0.8986691603391742,-1.2114003989937503,0.9132451165016805,-4.8792637700848545,0
1.496044311489183,0.037696573123922904,,-0.47475087656651055,3.5804692370625886,1
0.6543656563540577,0.6595314695891383,,0.30075214998911187,2.049786754417734,1
-0.05558467091045507,1.7665118003276337,,1.764270902139238,1.1026447529196206,1
0.2799686263198203,1.0386060692088166,,1.6558345585911622,2.077783496076985,1
-1.1254890472983765,0.09315833769974234,-1.4655652301742865,0.3070772679677643,-4.859030553278579,0
2.4457519796168263,-0.5109891701957271,2.5366425959104064,-0.897696633503235,8.516715940838328,0
0.1292211819752275,-2.5535495960558983,0.2764306708172516,-2.2293632072010032,0.5071681278287644,0
0.10939479460489293,-0.16838492247285253,0.2962214974154671,-0.36187734191193244,0.7594770756634603,0
0.7257666238986923,-0.32601249581684916,,0.11919150677657148,2.3421089033366926,1
0.4810092317367132,0.3903661943953757,,1.6538714035596782,1.9146585510852314,1
0.22388402427913137,-0.1539052269746876,-0.7209677175316413,-0.3333184124464623,-0.7796692129084415,0
-0.7904744554453119,-0.32038505943679435,-1.0010395728458539,0.08041752042639111,-3.332790271033155,0
0.4714683571359957,-1.7793989305072206,,-2.1520955965260855,3.064551570483199,1
1.8820244964750337,-0.9399678291500665,2.1106369024497056,-0.9960997127457153,6.448486280162608,0
1.3454200461549777,0.4766510408005575,,0.4914321842366081,5.62807193778002,1
1.5931866266393973,1.7159076311326944,,1.6190658011105041,6.672924097147546,1
-0.5112156764311853,-0.09752538374562343,-0.6539864890847972,1.1339814606418888,-1.8681837679733544,0
-0.9896048202585809,0.3278110735741233,-0.3396691984932786,0.17451453623493215,-3.139129291060179,0
-0.12578692009964815,0.9524781569528054,,1.2459039263452394,-1.5688459901842768,1
0.055724912288694604,-0.8108939362002495,0.5211686036846134,-1.7759373708619657,1.4215846560891903,0
1.0941915184709485,0.36681404328544215,,0.5828123249702473,5.166130819853042,1
-1.6924646297148194,-0.7404901063321587,-1.084992576287335,-0.16946281015603537,-4.023668908958785,0
1.5295503194606137,0.8648244384910116,,0.6010257672014863,5.232254702211734,1
-0.15800789857898942,0.15140304795173262,-0.3238972844650505,-1.103708022568474,-1.3344930174695335,0
-0.42688106994742003,0.2984518139814398,-1.1911767180770632,0.2791259295677772,-2.717552912180497,0
-1.0121043752601677,-0.7825985974185891,-0.8568345563030657,-0.774006672225825,-2.4280169820841597,0
-1.6548566718657698,0.7070323596107849,-2.2124652858512293,1.069069884982937,-6.699017450129165,0
0.8231705839619146,2.084712921231016,,3.090164438937733,2.718177079864393,1
0.07331796718840389,-1.0079116954282061,-0.5220549331799319,-1.1979385207283595,-0.09581524525877616,0
-1.2899608997410539,-0.3397590076475238,-1.5201570660693815,-0.7679030694776641,-5.436184821714132,0
-1.295078772063616,0.23160747416809183,-1.3090634793071072,-0.3518514265176298,-4.091549449679845,0
-0.3357846992901282,0.7864062119958165,,0.8854455205116161,-1.6633671210015173,1
1.669021525289393,-0.5595462852894689,,-0.31986915588021814,5.453519968992104,1
-0.2595913513636048,-2.83303029014274,0.2750505018339868,-3.105857987324032,0.1250550313651569,0
-1.5031429531181062,1.359189494164025,,1.7485308670269197,-4.847730492382307,1
-0.24574306408594407,0.7605061195841427,-0.6396042807187037,0.9931981579937306,-1.0616974010739029,0
-0.2727235697476702,-1.7429475304866653,-0.15957743612595202,-1.72133168566422,-0.4433485516062082,0
-2.6968866429415717,-0.6075687917795559,-1.7151102261696636,-1.0587761521516186,-7.326336467010275,0
-0.05429486651781221,1.5681824295273261,,1.3272502717849646,0.3993128720837505,1
-0.23093453020867796,1.447796418457866,-0.41236234389548154,0.23291876961659352,-1.1402410474157072,0
0.6962063648134184,0.9386400226789446,,1.0565335547779615,0.8786630501743085,1
1.8489560949453452,-0.17611243395986265,,-0.162941789586145,6.973223097462859,1
1.1265650295477574,0.08298741881250997,,0.17722691435725346,4.959350638344354,1
-0.2688886905548305,-0.13092580512612648,-0.4626791361826155,0.12123370265615366,-1.3995209070485806,0
-1.1065259087416701,1.1282397832688371,-1.93921822786217,1.3211505264849486,-5.419407117331473,0
2.5733598032498604,-0.8758424064951101,,-0.9310339968181278,8.197021534257464,1
0.05921843401448826,-0.8057996548842047,0.786487664458367,-0.7814656333028285,0.8559537589698692,0
0.013929291912946203,1.0102745868360157,0.7309297937781767,0.30811637848793094,1.3145357366197694,0
-0.024125087110003277,-0.044361455511561634,-0.4674446717123023,-0.33622177835627454,-0.17122487356555804,0
0.19808476076785533,1.378467355453808,,1.4037028822955389,0.9911655123710102,1
-0.14436041192394275,-0.6715122069805457,-0.7336468043090296,-1.039438994936726,-0.6265624953533224,0
-0.5736620068802363,-0.0547783603388251,,0.3752970375974481,-0.017437587291183387,1
-0.5468589412403921,-0.9224129848439533,-0.42424101729327396,-1.2517290253214686,-1.4680213711740315,0
-0.03275327021599839,0.007362681423567135,,0.1155153870477253,1.11542669584875,1
-0.543424771133765,-1.478546936998799,-1.4009714447250345,-1.420264108591131,-4.075683394318229,0
-0.7128457826771644,-0.4876334209549628,-0.3740272317147203,-0.11449462414975797,-1.949937513557538,0
0.10643022769189683,-1.4362538649281178,0.1025931958496451,-0.9858582779139669,1.0855312883980153,0
-0.2549772174208552,0.6939232331912584,0.17098731797456607,1.040939538675228,-0.34775585976891743,0
1.5039929885826884,0.7165893397596519,1.9614268876316132,-0.3364137609319149,6.70940913661166,0
-2.650969808393012,-1.730262730484345,-2.6180774636556374,-1.1331886564777816,-9.901129734619321,0
1.0915068519224618,1.3338857455005728,,2.0975398575978716,2.620365136395196,1
1.246085192497629,2.497415126419854,,2.2563529842591192,6.091686688714354,1
-2.0733902324081495,0.04600638673634095,-2.1034674821107133,0.16432984307276585,-7.322938885953813,0
-0.34268759408034877,-0.6411142602246448,-0.7790800708441701,-1.0865301002900358,-2.341441476306034,0
-0.37144086599579146,2.8243305910030463,,1.8501413376369706,-1.5388248489434746,1
-1.4075116947178212,-1.3189684983025107,-2.146093902874012,-1.6883261310737039,-5.780544570343004,0
-0.7778166875908753,0.020106466869098387,-1.0329622673724068,-0.24996305286270676,-2.772272283502507,0
-1.1105758454658288,0.17962227263192343,-0.5592298224286396,0.0021969069560156818,-3.069272372762075,0
1.7522704434236227,1.3451476204524146,,0.8656905754494206,6.167317563719276,1
0.9356783931474612,0.35973897512678843,,-0.006973608281831023,2.9009210819554383,1
1.2715550949941588,-0.4986338957884514,,-0.5041370566026553,5.602498441733254,1
0.7216720640432349,-0.9511843703879561,0.30543375318154053,-1.3362978619430272,1.4391338154186648,0
-1.129051771217229,-0.34182182024613555,-1.0813766340508397,-0.07005965397112163,-3.7709623696171746,0
-0.5245202662797737,-1.0069273609451441,-0.6143354526425313,-0.6660970352464244,-1.8817556543060203,0
0.48937456122791806,0.04782531978468294,,1.2380191928669277,3.1353264680736923,1
-1.2221278088919454,-0.5641961798604865,-2.0107419943516955,-0.0013562137987555012,-5.477442787573749,0
0.7129984301723881,-1.4940377932897506,0.28789955726506017,-1.3724862641255433,0.8918959373710569,0
-0.24032539815813486,1.2551457883749038,,0.9450136400410645,-2.5861997068906986,1
-0.37482080754959723,-0.4976725234290394,-0.5046191684542323,-0.35079884759204,-2.0358612332245687,0
0.7109599682034917,-1.2681368049753126,1.316673720019707,-1.1048388250171346,3.9838311026504885,0
0.4442633114860399,-0.16825913448754154,0.19153970665927633,-0.42491567899037197,1.5110510558001347,0
-0.3609661658190799,0.06837156596765875,-0.6163081349169053,0.4602372643440975,-1.7232875257573084,0
1.159329803364248,-1.7464667255790336,1.5951920154563162,-2.4455157329199713,4.7953152206450795,0
-1.0810633275998973,0.33164766712576277,,0.2094477493570075,-2.680587191626349,1
0.6159356069442637,-1.0471575686902646,0.5716500733098688,-0.7692283390315612,2.171663193775011,0
0.5931012579683838,1.7110288091907877,,1.5672367353947392,2.440519431080782,1
-0.3095464393139903,0.5239605120767348,-0.8480237097529635,0.42058331036209917,-2.769722628861595,0
0.326133022242118,-0.39989999010931637,1.015120189204825,-0.4687929207054566,1.4943703904951502,0
-1.2511135763853032,-0.7451677703173502,-0.1767604294167775,-1.162968390661223,-1.5966001575420679,0
0.924027019206901,-0.10496770756362395,,0.48198275822348013,4.003493480230361,1
-0.18490213644298903,0.6127907415832897,-1.2270679471143893,0.10377190562188221,-2.550233593221176,0
-0.5227230205190395,-0.02549412858519966,-0.8018381517179316,0.13358553511974292,-1.7551613902379477,0
1.0490092258368893,-0.21715880713685662,1.35542188667155,-0.010334857995669855,3.6566236072522256,0
-0.7043436905427592,0.058370290817895645,-0.9150851891259406,-0.4159406597865878,-3.7545013519935297,0
-1.4084612963635597,-0.6038589312369547,-0.7723620192385109,-0.567306804046583,-3.4653000247628167,0
-1.5566291735239037,-0.3432059268430377,-1.2625505413059712,-0.7980220132153888,-4.713409155176083,0
0.6060099513456396,-2.085792438905004,0.2527722009627415,-1.3902712013770313,0.5489059241075657,0
-1.280429352496283,0.9737262308523678,-1.2642969471106567,0.40433476236426125,-4.269477391895502,0
1.7547941819843647,0.2987977803217619,,-0.028150766794220294,5.047834940106402,1
-2.081929407883722,-0.7734558440334302,-2.173221847089943,-1.3855683482112204,-7.87288183587426,0
1.6964563682900382,1.8987349813552388,,1.2198856179214628,5.216292194441376,1
0.2110174672026184,0.08701648039238656,,0.8826241258335332,0.6925586499829679,1
-0.09671311187039239,-1.036143571975197,0.9612929165451054,-0.764756235018916,1.4818290535886534,0
-0.5449190868089495,0.8567374214704584,,0.9268841343207304,-3.6905524218091776,1
0.39913611435207075,0.3980482165092625,-0.5624720287528053,0.06975973483580167,-0.24768866250943444,0
-0.03763470242484838,0.39457998548421935,-0.1602209133505412,0.8483858910076035,-0.456008948593798,0
1.103301882016522,-0.4257556046515905,0.34409403260218085,-0.837866824335317,2.6625753250685853,0
0.11422764866203965,0.4504957237780347,,0.8473153709430862,-0.8287612983802845,1
0.1503017614618776,-0.26175829022109454,0.5247698183648409,-0.6980139285239126,0.8554431676369743,0
-0.36361221221385587,0.5559414516458422,,0.23368760070800626,0.4994976803040515,1
-0.056945623721067457,-1.9049444540106388,0.043751655636573086,-1.5258032609516783,-0.15234743959503255,0
0.3078017688920592,-0.4338734629791891,,-0.001959790901305547,1.3068812327598116,1
-1.7101683926566253,1.7221550978081948,-2.6993608509431675,2.0208915647565755,-8.866275745565884,0
-1.348185422105713,-0.7670674554003002,-1.3350928475128139,-1.2919045132786975,-4.3269084083394596,0
0.743264094022715,-0.6038382974931864,0.7789077242974458,-0.8272017303546008,2.353141980736444,0
0.17086543812794186,-0.4479613384499751,,-0.3695119678507184,0.8688873054692046,1
-0.18398333635267913,-1.2148061358886433,-0.5382273871172247,-1.6394466168436894,-0.8569062552997423,0
0.01843393306539316,-2.208280776228252,-0.1990923670525367,-1.5227993961636055,0.2104167304712693,0
0.34758170536167105,-0.23058639852361285,-0.3914194222904211,-1.431559870498886,0.25588356150530533,0
-0.5397596803093615,0.13585942408165688,-1.6854060837513942,-0.2535103336029195,-3.161130725442698,0
-0.7783047254023127,-0.05250506853865217,-1.3325532708007042,-0.30728831997356804,-3.19916182548321,0
0.19584525509768155,-0.14487856194788684,-0.5893176520288267,-1.5668503943337706,-1.2825857132772804,0
-0.978372777615032,0.043040870850387644,-0.8100166299047264,-0.6550736942677078,-3.0167733621641757,0
0.40825275571447184,1.022841471550764,,1.3354862278217983,0.7306516340913263,1
-1.7025836042378404,-0.19044618592921678,-1.971702169275235,-0.17530436765273488,-5.482734814932697,0
1.0291556373256436,-0.5740825770872696,,0.21248543393418173,3.170066661813895,1
0.472597482413043,-0.2811254848880863,,0.4914877380543232,-1.672914312423511,1
0.25602973431387566,0.5793467597567757,,0.7958699490587491,2.843369717722616,1
0.9826909839455139,1.4120268785432495,0.48255572255711976,1.5686460030436054,1.8230486878759582,0
1.6654744444625766,-0.6281437391691783,,-0.5951781848797281,5.541871354591848,1
1.0143700650181304,0.09893378702888371,0.28692398237347516,-1.2286072219108612,1.626441815972604,0
-1.8408742313316453,0.3383574419359596,-1.3549090596113285,-0.35892231472707803,-6.315425566533829,0
-1.2795769667357015,-0.9925780067288229,-1.2078624982170394,-0.9422402551793558,-3.9428223277727144,0
-0.6248185776956788,0.02041716721291813,,0.3284300215867539,-2.5589347596069687,1
0.026091050210833786,-1.465673857342095,-0.17002375546117804,-1.3208389512730248,-0.07230461750011233,0
0.517659020469123,-1.7690503037393988,1.356748981531558,-2.2152827875972276,3.3985029734835503,0
-0.7257438131534656,0.366746407892257,,0.8354495491270049,-3.2462521053416125,1
0.18676676447707832,-0.3838747413307828,0.09589999566912535,0.35734727304653546,-0.1087232973047556,0
-0.7553829323533225,0.20228040762121913,-1.2260736754229553,0.6712752077668891,-4.069861739245293,0
-0.6115178029919482,-0.017894977008350053,-1.5588083782280997,0.4769046877868853,-4.151730106806584,0
-1.4066610968482223,-0.9764000486637974,-1.4866804336378945,-1.2560129476414028,-4.545263145745666,0
-0.9232332461109043,-0.045254301964336476,-0.7604906899485955,0.4927127593860631,-2.3756291435242214,0
-1.3516846056163336,-1.2331013050148552,-0.8018923734524989,-1.1602219853510265,-4.455595455135937,0
-0.9758732529773327,1.3909723580014006,-2.1001215202271606,1.646750122262403,-6.010669588278794,0
1.0536417966078395,-1.3559703448599638,0.49109363309632503,-1.1732544234476092,2.2025694513184897,0
-0.949398888831943,-0.19578527096858125,-1.2397694341101682,-0.25652882368878677,-5.169428765718873,0
2.632382064837391,-1.0422715880472482,2.63064164055079,-1.4722728256083992,9.492916851832621,0
0.4933179008808892,0.5704211733607956,,0.5293528415837724,1.4584990493954286,1
0.1848361236948739,-0.33143137128150285,,0.16194943745990853,0.4686664789293007,1
-0.8583577801812133,-0.5186667196212101,-0.6543097508962411,-0.7394046222776649,-1.9232206428764829,0
0.7003098794089911,0.8532015450515544,,1.2998751763556275,1.5919459737945385,1
-0.5756378262377739,0.029430591677552183,,0.3979659269863881,-1.295956182081523,1
0.12200981464536144,0.5166444459359673,0.3387360354951018,0.3671757474260521,1.1465256034607174,0
2.5600845382687947,-0.9813259365174648,,-0.28692588470767644,9.169899543100485,1
-0.09605989972464987,-1.404816943927507,0.7043940962198078,-1.58259027952286,1.4129321258772534,0
1.1492733262856758,0.10720796204013365,,0.8619813933464494,5.923467476920706,1
-0.7031764251258874,-0.3188463554947312,-0.2367287475289831,-0.10178286472424497,-1.6010059576182396,0
-0.0349884904969617,0.6264346724539442,,0.6185017132271875,-3.18194536048699,1
1.77080063563551,-0.0799084526625497,,-0.5238091428313766,7.8332576725916745,1
-0.6269670577877674,0.20507533923462995,-0.22958779655180034,0.1609452241671093,-1.7761866550015826,0
1.8124485579969287,-1.6233825299412439,,-1.725262286688454,8.065947783517387,1
0.7077519354554754,1.8884369396142566,1.3264842313222447,1.2592887469888039,4.40353618673694,0
-0.5624667758942676,-0.16424198503203188,0.22670456285437512,-0.27304969639086546,0.6136870097985094,0
0.6324077390555208,0.697586970339199,,0.29568538029065616,3.8881808938937916,1
0.9725544496267297,-0.8360916702196265,1.6469010489494857,-0.5430957857302356,4.091005093954792,0
0.6218099622171964,0.3080099022173409,,0.9611501400814424,3.460529841202141,1
-1.5702247198904564,-1.3028447635247453,-1.4619473507013536,-1.9163026016723657,-5.874586497210973,0
-0.7271371758248686,0.452067838259671,-1.5132524478639335,1.3082217024431322,-4.05001693852543,0
-0.24751863555150475,-0.3559740843858328,-0.4012490855590758,-0.42024960157839764,-2.5781384206242404,0
-0.07443342910004629,0.029190503935567446,0.12053937059167207,-0.45832018853368967,-0.16497218577647563,0
0.620672097550678,0.6979740301300975,,1.0768514202341892,2.950789570379487,1
0.17770100093325383,-1.2325403112202802,-0.44557998214645944,-1.4557675503478043,-0.13338904752858433,0
-1.3353443587101013,-0.684491730612797,-2.150878171307591,-0.7253600686285441,-6.559320205967087,0
0.3801978510059632,0.4573242810867655,0.009616516688548571,0.255185158980726,0.3728520893007231,0
0.6105857452838231,2.098221474546747,,1.6898525086142968,3.228410517880984,1
0.5597904479310398,-0.13808233466148176,,0.2239161815394701,4.007240716203708,1
1.0807807255546218,0.5911361179239325,,0.44798541647683887,4.432731519348998,1
0.8339221545489041,-0.10697146985848006,1.362635798105972,-0.825297365948103,3.8589718171755814,0
0.4591800792284367,1.9422455947562995,,2.2177756568642657,1.243309839875959,1
-0.070165711458647,-1.7472216669652556,-0.941206940311629,-2.3500128424771334,-2.6533371684988354,0
-1.660960933515991,0.094621044669358,-1.8885712239573436,-0.48200904166827135,-6.378455722199581,0
0.42961821913258585,-1.625544033562061,0.30023601319639637,-1.029240931073403,1.0969355849872897,0
0.20768768716311115,-2.5065715705367166,-0.040838556254730124,-3.1047415201418227,-0.40046763975912136,0
0.2715788371953735,0.29746205311781687,0.2989262698826866,-0.8607603753459281,1.328261264377298,0
-1.2767485758203097,0.13949779614745902,-1.0560386958738344,0.4509285386282068,-3.785539916165189,0
-1.0810565404082624,-0.28483693774220137,-0.6545489462865136,-0.43676865248276653,-2.5828228527628827,0
1.0531528533329035,-0.10619409003975315,,-0.21502165060881134,3.023879944566644,1
-0.03955515385665504,3.0982994340712575,,2.9410492373961574,-3.0339902832002097,1
0.6815006973726244,-0.2581751380314344,0.440061837727057,-0.142340168522071,2.1360402863358754,0
0.02831837613045931,0.5101243612500749,,0.1337647402985409,-0.1892316438662653,1
0.029756139495743236,-0.6493648196138809,0.6411601005624473,0.08869261766900127,0.8816203437456591,0
0.9382838059759977,0.29523257504060313,0.654379884883945,-0.4428826651140961,2.087658941410165,0
-0.5160447282173739,-0.23823367505561752,-0.259772914017673,-0.015796216717055972,-1.4312741844049837,0
0.09612077694098344,-0.41051848272973,0.2411647267586996,-0.08945798079143807,1.4151742674541108,0
-0.46227528870504275,1.8188985322003248,,1.4390726517836359,-1.8267877380220185,1
-0.4344962274323156,1.177184963184339,,0.6653177405454298,-1.13510499877198,1
-0.30917212346863937,0.13674664739923068,-0.6395927218449298,0.6453337544843089,-1.4169769283778044,0
0.22213377163371276,-2.304211935943967,-0.06545945318804544,-2.799642312952324,0.28868789096012026,0
-0.4787486216634771,-0.3610092232525697,-0.48469903321059116,-0.6643411936278532,-2.7471716827605017,0
1.2557561255735208,2.7030275644050836,,3.146682045634957,4.086173094290266,1
-0.8946073022195039,-0.23066166663970813,-0.6406011566922041,-0.21329104987019604,-1.5588793824628642,0
-0.18687164416135904,1.1032175720536581,-0.5434677963444253,0.2046457382391058,-2.6675110226454013,0
-0.4397310582741749,1.4419424019526008,,2.315471974229358,-1.9306075082255398,1
1.4469778843537329,0.21896391585597508,,-0.04604146353400801,3.539986282125505,1
0.19655477651157463,-0.8418216318681523,0.3040177588999275,-1.043200276821361,0.8652154721967995,0
1.0318445394686349,-2.4353123317828884,0.8019738419371153,-2.3074202056197057,3.646907611382859,0
-1.485560373036972,0.6841632086089545,,0.9967016071109909,-5.48579922525809,1
0.26705026586925884,-0.8147560028235481,0.31505489986778396,0.16579614282218536,1.7266830475957908,0
0.889630795623437,0.17615045188769213,,-0.6538836228151561,3.7310574360084097,1
0.08228398927542419,-1.2498203395893641,0.08018303157984615,-0.8368442351263912,1.134865708823917,0
1.0654803750653512,-0.2652375404702022,,0.1062673065548363,6.014649053295361,1
-0.5172884501003722,0.033719054901053244,-1.0126569094710143,-0.03486340053600512,-3.002718028397339,0
1.40934744018558,0.26859358104429787,,0.6622304284524091,4.901875473814236,1
2.2988981236192503,-1.1148221873524142,,-0.6476851785341409,6.038175952809905,1
-0.36283856043965906,1.1969109487613523,,0.5059295562678501,-1.0131815673054447,1
-0.4455025214007718,-0.5968947847319712,-1.0031257895891788,0.2779884682084439,-2.643589525270455,0
1.453384477117701,-1.674469460453245,1.3142293491794128,-2.453850587022316,4.7660817522677,0
1.5795721457307124,-0.1090234199634638,,-0.6766815605828503,5.827564947877972,1
-0.5228600271532683,0.03437530902646009,-0.3824144638526825,-0.09651852778558805,-1.714202999688683,0
-0.42018681709585753,0.16058943317175975,,1.123059689765288,-2.48948798415936,1
-0.2817846088605074,1.362132403685079,,1.2080040888083858,-2.016357346157352,1
-1.344450511034277,-0.23644883673585937,-0.6265222789913281,-0.2524157817612647,-2.9421701887228062,0
-0.9186519464841982,-0.11961962436877134,-0.7763685512469352,0.5964196775835101,-3.6322842262646677,0
-1.0041407667520679,-1.1031843812330935,-1.284666192763202,-1.2533434525158298,-4.176136620729964,0
-0.7677975651041284,0.820553502887897,-0.8932144010097438,0.23133514642255915,-2.2743750269479697,0
-0.034684887386781105,0.18430906407810357,0.7879925887485913,-0.02430835354105368,1.6702570692874261,0
0.23421473253652023,-0.4200277272941628,0.11663229341097173,0.2653681896087259,0.5472839910673465,0
1.5505004928140769,-1.9046746934654637,,-1.8692421949378955,4.719519899877667,1
-0.998354040738791,1.4444121950550874,,2.4097413245832175,-4.694017588825747,1
0.9843223984765838,-1.2276799644560572,0.709759157981795,-0.8587125013249797,2.467434558461195,0
-0.21398884422550896,-0.5912780093697056,-0.5112377054388701,-0.9136824775664472,-1.4410495136732924,0
-0.049463709652432936,0.35834451107600324,-0.6892876338270545,0.3838826633085424,-1.3171343170781118,0
0.6748194921666035,-1.1965579286166865,0.11271944369311448,-1.6231669876876265,1.7117431315371894,0
-1.1227220215622986,-1.4935097782531435,-1.5373822087429836,-1.8277262935775285,-4.712567141243698,0
0.3824097461840506,-2.123947582700665,0.6781952554105994,0.1155945428122136,2.6063922179743986,0
0.16645220821305598,0.7209969529056355,,1.230309207922541,1.0039444490775853,1
0.4924512640081488,-0.5451862447263217,0.3888704194611287,-0.11463725022298504,1.9140513411755826,0
0.2891686439078181,2.92727009247333,,2.615679934819298,2.894668982960203,1
2.4553001399108942,-0.9943550656308734,,-0.20956303249033392,9.3932008789325,1
-0.637739984251316,-0.9214510234289213,-0.7788024558201834,-0.37174322253245273,-3.0888143553613716,0
-0.5309969550018176,-0.5653929702854015,,0.37541767439348395,-2.2303661650446878,1
-0.6231405264247644,0.2431346551384891,-1.0553556832615332,1.1596917293377138,-3.716027062093737,0
-0.5554771191602547,-0.47020333878531134,-0.2090892343061358,-1.2097479828340723,-1.39658006936062,0
-0.6373871273065177,0.612332214002512,-0.7397407440676615,0.057412469367558394,-2.04996622643023,0
1.1890165311075518,-0.9785883899886544,0.9957690859461567,-1.4804822977204726,4.481749430896245,0
1.4205042479898549,-1.381591718463581,1.0136719604210784,-1.8535620401297996,4.030992467682906,0
-0.5707462937494763,-1.7982147394091075,-0.9555794982551705,-1.6364885572789123,-3.0922505847884008,0
-0.8323555731042287,-2.2235741679371968,-0.6723264773576064,-2.5069758939851057,-2.4329555036157644,0
0.4714155563864041,-0.5180690194750568,-0.18630357655722696,0.5182302509062024,-0.2022555402967926,0
-0.5522230442809716,-0.3009803123932219,-0.054788697387002205,0.6513596286475969,-1.0245512853421754,0
0.6329318177555111,-0.6314370274831833,0.36600949584805176,-0.6346678245227032,1.6774166941912296,0
0.2029230208512997,1.243405797187162,,2.221068905262057,0.546602632392359,1
-1.515744114997232,1.228030209608135,-2.184233094067509,1.972097523228236,-6.597830623721925,0
1.5475052013300616,-0.3348029874445019,,-0.5601562670331313,4.9866448386267805,1
1.7958776730955217,-1.793921113191963,1.6317172017502417,-2.798528785204744,5.593754416834558,0
-0.612788690484386,-0.5667051080550529,-0.6378289899126193,-0.6756893005354176,-2.5683991460681277,0
-0.38770155993598404,-0.5998213939170616,,-0.9221324594562981,-0.6952937310115824,1
0.28586539072490513,-0.657134962278058,0.37471441362002506,-0.5538821497051428,1.349142074250461,0
0.33445678998702516,-0.6977189038982449,-0.06287280208587681,-0.6531047604608703,0.8232683066547866,0
0.6585442726728304,-0.6534628957248072,0.3028843173995464,-0.6219540662751929,1.9917400852351062,0
2.0102045387663496,-0.38654161589775976,,-0.12469924520817749,7.4995986413656155,1
-0.1769472274940494,-0.6355410988155566,0.47239941800266255,-1.241802072357396,0.27387537503230713,0
-0.7982972445384537,0.20832250862559215,,0.414002647410446,-2.1399650139521933,1
-1.3793192280145272,0.3603687159048611,-1.0349628557371424,0.14056063939635804,-3.8194430423087997,0
-0.7309300399419191,-0.9106450871824898,-0.42606117827356654,-0.8106539872506463,-1.8398070952418637,0
-0.033126972873797095,1.2710653260070333,,1.7497702486231281,2.1752756345108675,1
1.7945578635177877,-0.9800623018406138,0.8197627771547713,-1.5922621884511288,4.318149588902692,0
-0.5176112990361714,-1.6178006138153371,-0.1840018293839073,-1.7584474401501218,-1.2728655992845161,0
0.2237879516388985,0.3807780713650517,,0.3215109543506196,1.5670852091024086,1
-0.016422896072752075,-0.8174081344143398,-0.6857847491405388,-1.0745426201996602,-2.1766426956306093,0
1.188393273448084,0.321291470757388,,0.7712062188238666,3.604378255133024,1
2.5269324258736217,-2.4036686011005304,2.101541051559545,-2.7638627805007663,7.940738058350635,0
-0.5308687729203206,1.3924559414830675,-0.8952638711090124,1.114755741761898,-2.3318652809201086,0
-0.48943944251822213,0.6722934080404022,-0.7302979679859851,0.31733384156436995,-1.2738160987036835,0
1.044160877069072,-1.5004765491630017,,-0.9544488434436009,3.7017899978443847,1
0.6818914896263114,-1.4787771238462857,1.1147288152099963,-1.724999180052394,2.083290506463684,0
1.8467073257360336,1.6722659040975276,,1.9022885995393057,7.78532778260004,1
0.5839281853259639,-0.7373799034979588,,0.2504726471170783,1.2893552824194296,1
-0.35929209078705954,-0.834184848732624,,-0.8715940589079166,-2.468452254443351,1
0.5906548306923093,-2.2660520941492828,1.2485657507004206,-1.710021754132704,3.581746915250054,0
1.1087035805829077,-0.35077820560155415,,0.48489883644500986,4.920254627511009,1
0.8204821811973643,-0.22771961483575284,,0.285876165184454,2.481247520953997,1
0.5072740311072979,0.7154930967694852,,0.707092438780615,2.098129853728818,1
1.066674689589154,-1.3990784281844755,1.0517727986634335,-1.0780245486851687,4.441934496635062,0
1.1692955904456728,-1.5202867922406096,,-2.1639760888082824,4.256308153992787,1
1.3821589910375272,0.45096263477647686,1.2141256427846567,0.06094105570150088,4.534824649832497,0
0.6487098875896427,1.0067300712270648,,0.7043924804111052,1.227083957981038,1
-0.16711808031685435,-1.571152351117883,,-0.45084629103074203,-2.836382082019134,1
0.14671368643332283,1.0815140862997412,,0.6752218291721077,-0.09552764364240124,1
1.2065089665083568,0.03754184148682146,,-0.3761965341440933,4.159764110781706,1
-0.8169356709872361,1.0918053390746458,-1.0041306875906932,0.5698448489501542,-3.9146797226627412,0
0.3686733088729012,-0.07022036151761657,,0.20968551944776387,0.40112535730565424,1
-0.3933388123273607,-2.5222779174879504,-0.6601106252389015,-2.450967221153509,-2.0980884234957022,0
0.028744822934817487,-0.15196738231603887,-0.7284622082642428,0.39141210619724354,-0.9372631546300125,0
1.2784518626072987,1.06014381867127,,1.395773651709947,4.414380342859153,1
0.19109906801990334,-0.8937460190837143,0.1498423085642061,-1.5839409424457482,0.8013720433420098,0
0.04643654815614881,-0.3879649689074522,-0.8061672557318595,-0.7916038539126375,-1.8695250327276243,0
-1.3598561409799192,-0.1761335035509783,-1.7772710962532559,0.5065308705869325,-5.482807391563153,0
0.7462535660272207,-2.899513879868482,0.9145542798083042,-3.0011630021568845,2.9829544348116754,0
0.6454841811410754,1.6713475754374763,,2.2651434844464826,1.5902831505366655,1
2.16325472330546,-0.9013756798971745,,-0.9762161538548331,7.113355994565706,1
-0.30777823495300055,0.505735432472799,-0.34507457345703874,0.021907218328538258,-1.1299901321920978,0
0.21915032766393877,-0.08670113614820872,0.3909490952530469,-0.2383315249815618,1.0442205309636545,0
0.24938368371075526,1.25761905635936,-0.46879254480882504,0.7735941585845122,-0.7417178310628887,0
1.5774532797634744,0.4060561224280809,,0.12327974122686913,6.110014155262707,1
-0.0952955323869521,-0.23492427152097461,-0.49544217319064043,-0.13446141823835162,-1.0228058708886731,0
0.27902152577033923,-0.8935150925192802,0.2700575416454399,-0.63771254733477,0.4640763319060781,0
0.6078965097165392,0.7978507013821389,,0.0027550397549898076,1.9174820243576893,1
0.1866091231563581,-1.8734413039546167,-0.07692393596352895,-1.8821253077091658,-0.4015271595081071,0
-0.44643361455052827,0.6458904202758925,-0.9582634876158855,0.3525825524960163,-2.6061001084479565,0
0.19408999289830758,-1.0990447515548727,0.0512467188521758,-1.423252156034279,0.09746232462479898,0
1.073631749859772,1.25228366195664,,1.3186259715231785,5.768433007575025,1
-1.0265152994110602,0.1612995426626951,-1.7073528146428756,-0.11392639368191101,-4.618115089523997,0
0.132969674146876,0.6441237678501087,,1.3351927652734457,1.6963325968367569,1
-0.7001208149391732,0.08198881382471937,-0.8299814004774394,0.6760197519502494,-2.7112976960628763,0
1.1950466289248425,-1.7523770951409967,,-1.161462948169977,4.5372929079497695,1
-1.5231869047837747,-0.8607291633953384,-2.0665423104761382,-1.1081842611404893,-6.505519138209952,0
-0.5589218472715883,0.6723893376113824,-0.9445565556103288,0.19113992015172127,-3.0916046445308125,0
0.37721187506452086,0.166655817359844,0.1257570500455113,0.20767078205390177,0.2711301486654061,0
1.5655240292343404,1.180989905305672,,1.1058157221625384,4.860772912231461,1
-0.0657502610729878,0.40327456303717174,-0.17020923975842367,0.0988629818254892,0.01231270301615589,0
-0.5551995266931983,-0.9667018907026598,-0.7587074725965839,-1.5545691140361404,-2.4541880346699894,0
1.88115706944059,-0.796064137720634,,-0.8168231223546698,8.817899677741137,1
-1.448013900416244,0.10291739052323721,-2.0310009932564745,-0.09911733460299944,-7.716628102079985,0
-2.198805956620082,-2.3140440660001054,-2.1474606982457884,-1.9698705474810956,-6.929353006067081,0
0.4400144500533324,1.6734418856229851,,2.0059949113837248,1.7094244544498987,1
-0.5020542243526112,0.44174673637755724,-1.0372144986785299,0.9921466390889156,-2.7566220534862316,0
-1.0212328171307132,1.2270345970488723,,0.5973868211088532,-3.0477462263376425,1
0.7083564472993533,-1.580603940809169,0.5091929408585393,-1.3800747869623526,2.778774293599861,0
0.24380071377119883,1.2445651603552557,,0.8808323072384197,-2.1694529653616383,1
-0.5640786307367284,2.2314989110277486,,1.621291805622206,-0.5771954321705665,1
-1.2803043986708944,-1.3208783553773176,-1.8387748407220763,-1.5351794738516726,-5.399870818977939,0
0.8724573282801447,0.7714017949037666,0.34856985521059514,1.3057542849710755,2.317157810800486,0
0.650201177958661,0.0011099446872931465,0.99415221940486,-0.185049232097949,2.7990039240832534,0
-0.09917586377938291,-1.544433848248244,-0.2727566049886078,-0.7617065182686878,-1.3483866045944755,0
1.8466369960476658,0.4928839718518698,,0.7673232296120365,7.846257019486382,1
-1.0700847663261526,0.8336032048373484,-0.46500171864349316,0.6365579653470599,-2.3794264111815497,0
-1.5255251709247388,-0.6011265526688468,-1.8479894010858877,-0.021102338215642558,-5.303454829404474,0
-0.6919080698812444,1.1659165202552229,-0.2952768219037291,1.3886149063123656,-1.7253039087371738,0
-0.045586016355497805,-1.6667634067891977,-0.42331641705193873,-2.1330431010125506,-1.1246275480865817,0
0.24333944932269183,-1.4947561464496442,1.3598974078887802,-0.5653548286593865,3.778848108081749,0
-0.24123605785632987,0.13659739558875236,-0.5877145601219375,0.26633680713199065,-0.5813361247796477,0
0.3520553965142968,0.025385277972271716,,0.03478337396501763,2.2629549169429075,1
-1.2515394241904443,-0.7165734884241052,-0.8296444112496566,-1.144339823376913,-3.912976707213533,0
1.4437646040732597,0.8095944359718859,,1.399363569775755,5.774529317760117,1
-0.08215117839256883,0.5308943142159493,,0.7895320278966026,-1.0850825688760113,1
1.1172958315881278,0.858139070934016,,1.1727581610816364,4.058769331317437,1
0.34272534637770413,-0.1231364353522676,,-0.3769021071151518,-1.0836873878119642,1
0.4567532191537839,0.6025802679783409,,1.019630553933375,2.605063314526401,1
0.5697672802322037,-0.44565030302999464,0.7445749457463965,0.010256493755406215,1.9940560593157484,0
0.4477085600173148,2.0538186900865965,,1.7194295706960352,1.9407442103829535,1
0.6427227598675439,-0.8125457701219856,-0.8439303257787348,-1.521040839962481,-0.9681274968722158,0
1.3291525301324314,2.1052974294583118,,2.395983959127774,3.2456441296633147,1
0.19652116970147013,0.034887947089408566,-0.17752432172286117,-0.7517855277134613,-0.2662947162738055,0
0.7090037575885123,-1.3755108895687427,0.8548332241830354,-1.299503000649853,3.142476117795547,0
-0.08973569428722672,1.368079350488601,,1.1444567980949476,0.4344455331046264,1
1.4401172154494728,0.125901388394959,,0.7352339937894196,5.149055876568161,1
-0.6763923020592697,0.851124098380238,-0.35876953375729137,0.6547021529966344,-1.7861192539761224,0
1.8009404329108156,1.2238559185425932,,1.7774924045444953,5.347139155385752,1
-0.04015795064434341,0.33795555414502526,0.2649595522026547,0.08085083196351217,0.9185429626685067,0
-1.4307751021180481,-0.5922408448128146,-1.1934040496981027,-0.09224534228300907,-4.0683149589694745,0
0.12810441491078928,0.9757133776692501,,2.005884149587666,-0.5192176306510945,1
-0.6810516574748808,0.000755507454595548,-0.7720718730177087,-0.5332680617285247,-2.7018323181340866,0
0.8406435489887243,0.685857818608419,,0.831875679473873,4.660866850572054,1
-0.6526239793023911,-2.1537305737914614,-0.40602613505745183,-0.7793393658364289,-1.4563619570054094,0
-0.4461834332147797,0.4469817170098519,-0.9303513648415591,0.48027613046131273,-2.5633632883606605,0
-1.889540730945531,-0.6385858251450302,-1.765387993077539,-0.6076916900302061,-6.005495392098731,0
-0.4523063192490767,1.6533096371785305,,2.0475591108540403,-1.3699191258128263,1
-2.4238793266289567,0.6230873478890951,-2.7179336260911113,0.6436277799364722,-8.941658984395268,0
-1.5839028234857233,0.23985774584929662,-1.0392667000201739,-0.6137552514359796,-4.004284808543686,0
0.7604146561442974,0.48630999335022157,,1.052453680769691,2.306293567561977,1
0.7858001586508322,-0.9984408528767182,-0.38543901018184135,-1.9999150598093145,1.664643951717017,0
0.42545756178496474,1.6232566905280539,,1.414860864958883,2.3842164100185625,1
-0.966976143129213,1.9913704184169045,,2.5950832929952288,-3.7897690041321397,1
-0.047711356141979855,0.3929135105482163,0.22087855112888816,0.21464229622682346,-0.04401398557457764,0
-0.003602539090568403,1.5904035685736386,,1.2435553223414364,0.844063378297972,1
-1.1583646891925423,-0.5691481986725339,-1.0607836656216334,-0.12951624608925344,-3.81721318522641,0
1.5033983017671506,-0.7971135662249808,2.3360244187394983,-1.222670959642174,7.147477568535746,0
0.8773622905756714,0.04092474872892285,,-0.570188111067054,3.6423915571813694,1
-0.22096417382966393,0.43494103836789866,,0.5721980321145403,-0.38660602007137157,1
0.02688583899453078,-0.3939866812431204,0.42935712581320445,-0.4854483304494159,1.1803979289044857,0
0.20838280794755248,0.5377681903684838,0.15970982350118612,-0.0840683667259372,-0.014220722376355521,0
-2.0417348684242906,0.30638948207341404,-1.6523477144353997,0.624865752070849,-6.57409808866987,0
-0.24717738252059693,-0.9983067752910549,-0.5445138761016812,-0.766062972502438,-1.2714354020495784,0
-0.6819842479977986,0.5187930174517212,-0.8932684575084077,0.3389155091489052,-2.463882041509111,0
-1.0016200098949155,0.8635282425215212,-1.6578643550630718,0.7178622394590479,-5.194774963300826,0
-0.2811002928859549,0.17146931759039094,-0.16039573470093144,0.4066656885949692,-0.9628377567367522,0
1.7976865268495226,1.1526481032616924,,1.7478288131377255,7.347432837619446,1
0.6408428612670098,-1.217403793496952,1.2304744405566246,-1.3588003985516144,4.003167482827786,0
-0.5711789897827968,0.46795042213185173,,0.795294668635924,-1.103757851357722,1
0.5725827813561586,-1.1702807063967748,,-0.8876805978544753,0.6009216014887642,1
1.3993554365860021,-1.1140813582330875,,-0.6744277118785993,4.975130614561735,1
0.9246336829127688,-0.63093083373779,,-0.6112762343660574,3.6591025118860423,1
0.05963036992017413,-0.9420601835742449,0.6150069561274951,-1.3982229406074238,1.163175938124588,0
-0.6469367777055739,-0.5479958187411378,-0.2693442908036022,-0.7792453953411225,-1.7702737110926225,0
0.69822331361359,-0.21415031071118876,1.2404620760422338,-0.04272357782036476,3.716442641104407,0
0.3934853854217497,0.8371544863313845,,1.746386675522181,1.3586006123633463,1
0.8951932200277323,-0.32115903870570245,0.6618837359399095,-0.5631688503038417,3.1418712384846734,0
0.6351718016819695,-1.5856257067695927,0.26672112556607,-1.1832319850058932,1.023168871480588,0
1.0495527153193351,1.1400678464951604,,0.9760396211567803,3.461290597933447,1
-0.535235211560568,-0.8370901336150396,-0.5745306095449777,-0.7818557556719717,-0.9366411748187062,0
1.3173940656343257,-0.05872042710462872,,0.6989779475271675,4.929852174884251,1
0.19759960469239965,0.4465365069407115,,0.8286827976509281,0.47603897272451784,1
2.0752608726252655,0.1996104184027828,,-0.4210392179676956,6.6589764416698065,1
-0.6891878180895679,1.0941795475214755,,0.8079420356156801,-2.9358842633752555,1
1.7359638031652493,0.4790031433927589,,1.1071138156134384,7.533001433151085,1
0.1979107834626478,-0.861309579697108,0.23616981458450342,-0.7903705583828603,1.2064996272678823,0
-0.6514180036144483,2.178562173991662,-0.7386399707570894,1.60414211418373,-2.5838073787403095,0
-0.48388583405432156,0.19433346333823323,-0.8576004606789239,-0.2151427591486272,-2.2604035307575625,0
-0.32034730819432017,-0.14734022662150623,-0.9863038633898633,0.2044065347340797,-1.617298970746901,0
0.4241659464019164,0.9639254230555709,,1.461130563664386,3.3279861510417863,1
0.5228354880354996,0.24945094593007222,,0.2583785966711594,1.992481545159396,1
-0.573700003938579,0.3992281929393271,-1.3856589252235625,1.6368850934073782,-4.904870388665729,0
-0.02435459226098284,2.492183998600687,,2.904260180328506,0.8262874813383345,1
2.1422703586118637,-0.27512142825504665,2.603510943728418,-0.39686196307149685,8.819711488748847,0
1.7275431701007113,-0.3177608940173958,1.7897312312511762,-0.725613918067068,5.626164971716789,0
0.4363236696740321,0.1165785120124638,,-0.3708636403070569,3.1208489785494824,1
0.03800347816820029,1.0715159355810386,,1.2392265958212234,0.21788228277504462,1
0.1200313267182613,-1.506534030190399,-0.5883804372563336,-1.7509225526471026,-0.9445707233191758,0
0.6135179727304166,-1.9655558914765052,0.7961024732545772,-1.128684014484793,2.2401337620449233,0
-1.0227925651984056,-0.5871152706201476,-0.900343914342041,0.14604063083878205,-2.6896211776676937,0
-0.25737653742334515,-1.6339229590592872,-0.5590249618124226,-1.3173896853106735,-1.4301302894434813,0
-1.66858407387759,-0.42483134752563845,-1.3818046554388774,-1.0143294340040863,-5.705993864776516,0
0.39922312260527926,0.5024996961292901,-0.43460951049015173,0.16639025985308764,0.18834673972447552,0
0.647195939702741,-0.8907488635522633,1.1424793534241358,-0.26291010068171294,2.623658818406531,0
-0.4831864622993739,-1.4268265767813424,-0.9222473141021001,-1.7083596766788933,-1.9270271328856952,0
1.5739867632900326,0.06933716171534797,,0.6304080286751101,5.019537258509364,1
-1.225765663002341,0.8625434846151703,-1.2826780491560794,1.0998454461325509,-3.709116945155278,0
-1.46437488020982,-1.6949734385166126,-1.2478884161880022,-1.669114496110019,-4.771462338911542,0
0.22445181855997198,0.8202323983059842,0.3064138503566868,0.4688159918382636,0.7014484386616432,0
1.0470983026121545,0.8173062037383262,,0.7701842819759503,2.964195773836709,1
1.6839276914578687,0.954085102156628,,1.048909079594077,5.345439235732886,1
-0.45888426286894,1.2184802148716865,,1.7347496640222473,-3.065505410200508,1
1.0786808334312956,2.202013924659616,,1.7591461243427386,3.2738913583168427,1
-0.03850846950070721,-0.3560920486190552,0.49900213775474767,-0.48750046988211276,0.7570551476252024,0
-0.17262729994081963,0.10957158007785811,-0.1747587687627577,0.13198314604400047,-1.1934603306566762,0
0.8836599374866724,-0.41643843324802554,,-0.08509925440494337,4.291205680762474,1
0.6523228784134196,0.0019768447558107757,1.3800235472765154,-0.45225532400557766,3.7123828433876573,0
-1.5763921569842494,1.5328733556363119,-1.870401416502733,0.8745884591927043,-6.259580303098663,0
1.4765403497258958,-1.3450144839306688,1.3832537231982134,-1.008031908075644,4.426140890514431,0
1.3800913541474515,-0.8610496721655755,2.465687784678699,-1.6200242296389271,6.421326111744843,0
-0.6255627015095294,1.3771809365045613,,2.0196707938856453,0.2228309820577984,1
0.39580353343740904,1.0200365069020898,,0.9420734581606358,-0.6007208902122056,1
0.4940301862827388,-0.363131646817078,0.6876043443131921,-1.1368971879543013,2.421518165155156,0
0.2606737658239071,0.8544020011207198,,0.6141918914189728,0.9942354076734589,1
-0.5503051538454201,0.34121584249203324,-0.13707859841603892,0.530777659026652,-2.4872091581542595,0
-0.6716233679380516,1.500274609000988,-1.0441127516805793,1.233924065223499,-2.1994351436989397,0
-0.025554070991445278,0.07450959382677262,-0.4453582570117814,0.08452446823894637,-0.5870056311226728,0
1.1727290192593647,1.0256321138725824,,1.3956712967252256,3.044645774961763,1
0.5436001545944323,2.64201191049262,,2.54091674279881,1.3164887426672829,1
-0.37061433208610595,0.5980991550474662,0.037047751318401156,0.12957031681439946,-1.0564176791941895,0
0.7716987106483447,0.04932816579484364,,-0.10016383289107686,2.4328545533508934,1
-2.8485426206300755,0.7224469852209796,-3.159849570609735,1.4298670534506095,-11.046341926285315,0
1.1487657003721035,-0.3652808582038849,,0.4772513144627071,1.970125562453591,1
-1.7397137787780996,2.387967705524732,-1.236154867071913,1.3780046185535946,-5.4466609413847715,0
-0.36244094140313216,0.18007103769598148,,0.7255849922917199,0.04267650462476313,1
-1.1196698946261439,-0.27293332022551287,-1.283206610058037,-0.14785946220783475,-3.5607598119856334,0
-1.2946814757209055,-0.8356890050200364,-1.4436561581275171,-0.37369766545996136,-3.934647305288814,0
1.1608267873785192,1.0972201916064386,,0.8219760614726238,4.316617585996567,1
-0.46770120131189136,0.8671874128277388,0.26953980237723646,-0.016944341923004202,0.026657293945597044,0
0.3465038817307158,-0.4973543714140932,0.5508092555126745,-0.20510997709036233,1.6623270399234593,0
-0.04692057887918407,0.5764513451224227,,0.1059627144810642,-1.3525686007742879,1
0.47704082722312147,-1.5085559682128564,-0.33237045877009874,-2.2027021839552825,1.262098110592457,0
0.07682189106025536,0.18497057507315626,-0.48074124027148846,-0.4742301161635769,-0.16486986280446603,0
-1.2829922241885696,0.4527563520766945,-1.246382499032337,0.7532132432843617,-4.322695409492011,0
0.99626681944714,1.7073298095592229,,1.7770560425738215,3.6225443916136895,1
-0.4937565831613125,-0.7708188027286894,-0.3962727301659332,-0.37958579179135254,-0.9271269787149328,0
-1.556581898659751,-1.2783526288023244,-1.833043906777868,-0.943815001554142,-5.960029991004486,0
-0.4281151609659125,-0.8954279609250417,-0.9571883766131183,-1.1058947432169246,-2.393567692011109,0
1.5007597906343109,-1.33656850031492,0.9122439749077753,-1.3718052872536477,4.831690706955344,0
0.8502217421134929,1.336657357758983,,1.0809385933677134,4.065053816205615,1
-0.3486521344078592,1.5486392950240366,,1.4434754085912913,0.5055506274168053,1
-0.3492577043184288,0.3202165779488289,0.5160012715955502,-0.16341079104170408,0.39555970637089916,0
-0.3216350512173826,1.221294945685148,,1.4165370926223155,0.17656659291804744,1
2.076747983560841,0.13395838058023532,,0.6715187550711136,6.836013235116694,1
0.38193545223155334,-0.09511164770076601,,-0.5034181626112593,2.8289181165368604,1
0.43004164719106963,-0.33303761905376167,0.4135076465101857,0.3075972036469096,1.4549235855207463,0
1.0302834540318422,-0.3103909913775655,1.1407043391770186,-0.2536302431385946,3.5609120479961867,0
0.23878915902651351,-1.5478015563090313,0.21737696948875396,-1.4272620681061245,0.6579102284451221,0
-0.2590421458207031,0.2642547636073387,-1.7324942554627103,-0.5854599961964204,-3.1639960280721917,0
-0.19634984908497827,-0.04033391021404369,0.6060176570624483,-0.9439650649969107,-0.23957145083880516,0
-0.07160125941406395,0.7453607240778758,0.17390071356481276,0.8174189054677168,-0.379083434393889,0
-0.03722223650984159,0.0935234964386097,,0.4883895587546135,-0.16319062159498668,1
0.7276295436369798,-0.16270370156909172,0.6967415125016995,-0.49839392339156796,1.9457549442408584,0
0.05194588580729943,-0.8711930300076304,0.13365979600036493,-0.036146079716085744,1.1002282259194236,0
0.7326400772155792,0.07215323682176132,,0.43962122394891906,2.5957998233348816,1
-0.08071658010858232,0.738237230816162,,0.2840666049621694,0.6300872266245408,1
0.07863519031609059,-1.1433389910838607,-0.5749139818834756,-1.127914657557107,-1.350777212031583,0
-1.9982006845321076,0.08747375368073924,-1.9051664682968341,1.3259383205424453,-6.140108029994761,0
0.9163276747024814,0.23304295152948393,1.1971144099880338,-0.38823904987036884,2.9746553690320177,0
0.3464884758979927,-0.7180647836182643,,-0.4539298141607116,2.0850318518940396,1
0.9980101098596522,-0.5878563049080002,,-0.7492285812696714,3.521588278391032,1
-2.8962553781936893,0.23061084876621443,-3.3919225743108146,0.5840589942254705,-11.259245826832881,0
2.0883747047807275,-1.133421018292623,,-0.4997841951334321,6.128812770589224,1
-0.13958962815517376,0.34992371524939253,-0.021231067641977172,0.15680517089370882,-0.7884002845660535,0
1.1081828167375165,-0.8953543736592,,-0.335898237805613,5.519746075170819,1
-1.0399059271255309,1.0628536930332164,-1.9773387548763863,2.173455390169197,-5.120089085048825,0
0.6127739050625697,2.3378277453883,,2.370965114060417,3.274464573869654,1
-1.0534155631736561,-0.8607568017018197,-1.3250163133618247,-0.46831245795472703,-4.84199060751452,0
-0.6237689606958051,0.5342078623746747,,0.2389874772730372,-2.2855285362407303,1
1.9140313538667861,-0.7267419048820193,,-0.7171122503664131,5.620106159634417,1
-0.19068240076334658,1.0409541737977897,,0.9526166274436684,-1.3836273810834991,1
0.21743287317972287,-1.2652584090852153,,-0.8667904462559174,1.146953656125341,1
0.8700677306887539,0.48058675842771265,,1.0829247263061754,3.6158504419561703,1
0.4956818879726045,-0.8729889668893527,0.30429268711782537,-0.9278163914480824,1.4128832475871345,0
0.15041890514357628,-0.20698458909836875,,0.559826833768093,-0.0675042024500192,1
0.3649610024662251,-1.031025275147307,0.6095669147983757,-0.26600155436649253,0.8389500635197572,0
2.403415585238275,0.8223504708957536,,1.2457773424857042,9.155782301242242,1
-0.05761879703358539,-0.836980354439587,-0.09513229723198582,-1.094993620300451,0.9485350770514008,0
0.2010990467149675,0.5519642593318276,0.7475786021633016,0.2460498509618762,1.289178637725914,0
1.050654396007612,-0.34409802826233293,1.535885714460945,-0.7502887056073523,4.732976548139791,0
1.1055259329579838,-0.11447237179886294,,0.3601106633202175,4.837961434029128,1
1.1870303055603801,0.14775590740012853,1.2143361970154154,-0.4581281963445536,3.57439171932075,0
0.6387302220291846,-0.7618246716588487,0.9673907695889541,-0.4234058446033451,2.652898487679173,0
-1.1430049127304835,0.2103671135408869,-0.9858712018298919,-0.3301875603711696,-4.11632916238621,0
1.633431532301096,1.530334564354411,,1.9421076242753978,7.270148782272057,1
-1.146345393018688,-0.7780947858327143,-0.6965647046495341,-0.769484994467434,-2.449886214150071,0
0.30263546523903323,1.1718101432738448,,1.8386294242037584,0.12048835928475524,1
-0.7542758500193579,1.4980976334877842,-1.297257435390211,2.0688249226484197,-4.14679568030651,0
-0.06413834659299263,-0.8161549890280438,-0.41476311879503075,-0.09862228302698806,-1.1471292264434743,0
0.32876241030348075,-1.4550546050905517,0.8168317553369413,-0.7246452459459953,1.8115578690057275,0
0.32135721545027307,0.3019609001717647,-0.4667972829353497,0.37377631716586357,-0.9401931735067932,0
0.42192075423528475,-0.547407522766873,0.6192994487892813,-1.1268040559791754,1.8204609285222573,0
1.613711269058647,1.8686032191630024,,1.3423416916643132,6.297945775029158,1
0.45353430151397983,0.0348075404998322,1.0348583308570762,-1.0086167241581365,2.995146836199382,0
-0.24415663529064877,-0.8021994080351792,-0.15398728995870503,-1.344032324749226,-0.6783257151381387,0
0.9640871682883576,-1.1471595110117114,0.2924824729964073,-1.112747682159387,2.0596226168380327,0
1.1894704889246406,1.08990495909083,,0.810077868678249,3.16301635304323,1
-1.2276078151369925,-0.5711839740841864,-1.8186055760859048,-0.6612517762891121,-6.127228644460435,0
0.597400069849858,0.04382879946042826,,0.29018650919112876,1.6330237266327992,1
0.7011727423108983,0.9558027451124809,,0.8037701160796018,1.9793902379368924,1
-0.297563503359992,-0.4842583519308302,-0.8802842664705204,-1.0451727521371224,-2.880585397560748,0
1.3757068133116197,-0.04592882874016064,,-0.0725456625218767,6.4709886208007505,1
-0.15005558703252717,-0.016568409822520076,-0.8126962730087477,-0.4658136532089425,-2.156340944775559,0
0.12557645347154262,0.6833245115160919,,0.5479312630265603,1.8994979716422977,1
-0.1730718242838696,0.5907443355103258,,1.2621328177218274,1.0032305539805104,1
0.015579047581467534,-0.22011373125482853,,-0.35536638330291587,0.4777098556515558,1
-1.0962750868952018,0.06364906149651776,,0.9491278381703903,-4.484668770593471,1
-1.4400508825942944,-0.37177901152348874,-1.2688254430058437,0.34403898194549615,-5.602938650768309,0
1.5945050632249722,-1.4776124069194447,0.9558194964496634,-1.7672650612089664,5.069663133041423,0
-0.8469613483183278,0.2576008573981294,-0.39150783080145324,-0.2979610258097584,-2.7329909325247894,0
-0.9913923494563072,1.8921917608330678,-1.0283847402244417,1.865914679872971,-3.8012678358320313,0
-2.153390113603715,-0.8837191406910628,-2.3580502208970575,-0.3070552589926183,-7.276995660317708,0
-0.6389617476895023,-0.773029709602703,-1.2508341710176367,-1.0181251627170471,-3.5773724266100198,0
-1.3230897934074985,-0.8707277716437414,-2.5618428527220067,-0.41668262251267185,-7.707019238705412,0
1.642015160136369,0.7245917787231225,,1.3288117732911666,5.065048819584804,1
1.0098170893426341,0.4484854541964401,,0.06147262901513717,4.992424239387718,1
-0.6881503451777238,-0.15853769241645677,-0.8895670594151258,-0.4965632365607503,-3.1279528062794535,0
2.2524358053443088,-0.9180190616389653,,-0.5616880455754618,7.451733201199834,1
0.9817654869915943,0.0923767916399243,,0.1683005664607096,3.8740290774499897,1
-0.32483138350862245,-1.5646221273358043,0.5780030555495101,-1.9076528906076438,0.565247055493071,0
-2.4994057148735727,0.14342656685749322,-1.8369033874007534,-0.03266365720230044,-8.36940088557277,0
2.2909425725907413,0.8715243860879341,,0.8362646097242246,6.9552520696923565,1
-1.389572466763596,-1.2511991366336779,-2.3608577524822993,-2.033626349111408,-5.914117106018418,0
-1.6453987469568918,-1.5325182768296637,-0.46559161740683996,-1.149696723588316,-3.8472663388673696,0
1.0225704320096403,1.5794378916948595,,1.340091797225264,5.556241326958313,1
2.439752406339273,-0.6117596395045849,,-2.003617751403634,8.13577818701854,1
1.3842728185105182,1.135947845943822,,1.1240123617890956,3.880547582402669,1
0.5639091200523596,-0.1539976651978317,1.045522386999329,-0.5247832946445855,3.5385071331483857,0
0.594754341665286,-0.16195481694132738,,0.682456279210011,2.5638154294047033,1
0.8534155587803077,0.43841269949664496,,0.14569018903666087,2.2499680381776366,1
0.7589285897867651,-0.8839988567464406,1.2061580113393298,-1.4328205385357462,3.800604772607287,0
0.2811914239693758,0.13249714349564554,0.4483787974060251,0.3864634784766535,2.035419747873232,0
0.10420110395187607,-0.38148941482409265,-0.4887063515555965,-0.7117130988278842,-0.5662794933283173,0
-0.06259312789952241,-1.3204934434050313,-0.22496409544050933,-1.7102215440311475,-0.304613041058414,0
-0.7539645888666763,0.3374820747263991,-0.4233881245360031,0.592232766138602,-2.2135444216896,0
-0.28067507686677406,-0.26330780687791616,-0.0255489656642649,-0.7835414608226992,-0.3620556347318591,0
-1.6929568141953855,-0.1570248284447078,-1.5619485270161477,-0.8856616575444343,-5.045173185472171,0
-0.09833962679474989,-1.2101609434141578,0.36837185044318205,-0.3471619423669893,0.7533387449086212,0
-0.9885911071509176,1.5914003677628041,,1.8811497365631267,-4.445923240860339,1
-1.1035893172157711,0.8767141863861161,-1.014254429606235,0.7446095438889335,-3.9119136721791126,0
0.17989415115347845,0.9641558841719786,,0.9624172793210106,-2.141309801695929,1
1.3920022863445993,-0.305444702441682,,-0.05251252338360396,4.584729468538831,1
0.9183166060023132,-1.7291828895034203,1.3002680602901355,-1.24251416469671,4.037542068705279,0
-1.5705006036231774,1.9529173824895107,-1.7656978371817487,1.5749297368320048,-6.164154346421614,0
-0.9896281365703375,-0.061097508005868134,-1.2227418324288934,0.12197575497697297,-3.3356262794460756,0
0.9407711879882159,-0.7487997960200538,,-1.0021518841251729,3.0824525050950657,1
-0.9824873935383096,0.4168015744831139,-0.4808044471737368,0.32231095222680195,-1.8037454231459216,0
-0.2246331499970246,1.1671207880032974,0.04959848677326073,1.2474672217357496,0.4835430592736709,0
0.5500520990245519,-0.023050556085466196,0.9627593979360943,-0.026389842611802303,2.571243824025933,0
-0.9683444548636353,1.2785751679393746,,1.6463586170906606,-5.365504102667566,1
0.1053755061459599,1.0829999385168687,,1.3265432180746657,0.13019164149563273,1
-1.3340254949182044,-1.0763811874020586,-1.4740809987932075,-1.8304657920881473,-4.929913618975594,0
-0.6013676439512138,-0.6737901056594764,-0.7416534972504901,-1.3527017091921976,-1.669848570365173,0
0.319781934142537,0.9575371632797675,,0.772678820900121,1.0861525955151317,1
-1.5929937335316693,-2.712612563810438,-1.766045869421677,-1.7982999325895255,-5.652347645513611,0
0.440474737960399,-0.14945569316498877,0.8652971293137248,-0.5752516094157899,1.6757129826446042,0
-0.019637798926681226,-1.4308312016246718,-0.9760634756005959,-1.5349425564310482,-2.8255945718896514,0
0.552489954417148,-0.47655380143352466,1.441137338432375,-0.7447268149117856,3.8312409808913235,0
0.22391413406466143,-0.29882008902920415,0.46583469657789217,-0.5758422810732442,1.7076721970531348,0
1.3641404299738442,-0.35824437790750796,1.342974482143738,-0.26912450595498016,4.692376084755174,0
0.12522450264790727,-0.5522612521126086,0.5786415758343703,0.14812738598521713,2.302572158129804,0
-0.429405541125253,-1.097143649628814,-1.1553229137094703,-0.8691594496885195,-3.4959746609970375,0
0.12229750303228384,2.291911266818686,,1.89014578610514,-0.84083561928582,1
0.5432980290363882,1.8674620041613508,,3.2440767595629545,1.4483271819996444,1
0.04886007032570433,-1.1620658202562835,0.7316402555417931,-1.1227792097757205,1.185422009976525,0
0.04059169120388238,1.5821167513035677,,1.293506273112511,0.3587172724280201,1
-0.7019916878067556,-0.3994654904728529,-0.47696435221418254,0.3065826968659418,-2.2177721620602497,0
-0.6629009175509484,0.12918747333171046,-0.9576904155190122,-0.10534783564019878,-3.6836524380037776,0
-1.4026052717996935,-0.06327395989691587,-1.159184237315948,0.7681828675968055,-3.9764871539838778,0
1.7495767431869393,-0.6597486412539658,,-1.0950700367372992,6.920782231092679,1
-1.243863235391285,0.9838523436061467,-0.746099889554228,1.6988675380668314,-3.8936037437007385,0
-0.6929051977959073,0.1258865305766578,-0.733633191684847,0.22641036271750503,-3.317977465435489,0
-0.7184072655691974,-0.4765514232192414,-0.3806618419364626,0.16897469313197544,-1.7353739436912845,0
0.8949243769444413,-1.3045894438004726,,-0.35370658944970046,3.802776129988362,1
-0.2949496782920278,-0.8935950137191204,-0.041655842443389934,-1.4598986589797474,0.43249095818335503,0
1.2477420726737338,-1.6413801156020968,1.8037187531039383,-1.0034942052229356,5.935963943291252,0
-0.6734906242438685,0.012223548415169466,-0.12125177232513529,-0.6922284037975329,-0.5319163893449732,0
0.27899416222380197,-1.1966655922843958,0.21541486378635982,-1.72025776990851,0.9936257965576691,0
-0.8353470532597573,-0.26556051251854124,-0.5144075225208727,-0.6672652424147598,-2.770301535476663,0
2.1451491277733883,1.3701018536103708,,1.6219201716993015,7.188980827043814,1
-1.1875984190295128,1.1992995729215856,-1.6491346171873016,1.2158075113890154,-4.783456359225219,0
0.3098207102270275,-0.03227689410261781,0.1750738323750343,-0.1158449361840358,1.1667824212163973,0
0.6337768809320985,-0.08708472614314992,,-0.013967086631969439,1.9057348594685908,1
0.41379909745149823,1.879874549421008,,2.1755193440677445,0.03110908879345159,1
-0.1852876588777083,0.5207561203587112,0.2448786208306519,0.8548801823293877,-0.2546882320758909,0
-0.12982069973342616,-0.3278064598765229,,0.21927695793104263,-3.743336668724748,1
0.0438114719791096,-1.426018117120452,1.4012199417222704,-0.5160007107367323,2.3102647357204624,0
-0.14700200162848862,0.39387321816474324,0.6039375652696708,0.38319203194400475,0.9996851223750072,0
0.9638791167949097,0.8293237725828624,,0.5687792915174043,2.5236500070717183,1
2.2105230015913513,-0.6316515245136439,2.215236181873238,-0.3248834599210498,7.533884671197999,0
-0.5574917850078337,0.2912027551380327,,-0.28092465299427744,-1.1967910982331558,1
-1.369802979579078,-0.3635732949150293,-1.664383173573549,-0.702925360970835,-5.898035655554867,0
-0.0882820483512548,-0.18403239919900272,0.00802752544221337,0.3156580739973922,-0.3685240383946139,0
2.579709337654318,-2.4878220575623313,2.5077093488034876,-2.549886244971183,8.920798342476537,0
-0.8036745679697308,-0.2217814037161355,-0.8508109265852138,-0.825877632895155,-2.783690254358891,0
1.6391168054440675,0.9693693024080543,,0.22446776972546723,5.668724587132094,1
1.6777008140764407,-0.6314025555665582,,-0.6070442158696546,4.951855085281127,1
-0.5535882417079946,0.05252636821531626,-0.5338033796411705,0.6234746366993212,-1.6027629714519707,0
0.5689830791852754,-0.7559507066919204,,-0.1916778179263272,2.7248168259467924,1
1.628396623128538,0.3604416762927729,,0.4158819277391916,5.787436840132268,1
-0.3791277409874871,-0.2165231975361736,,0.7879315120118904,-1.7991872536205307,1
-0.20358036010236177,-0.9392415406820068,0.3653485278823241,-0.9916517236522382,0.08401050460504461,0
-0.5816809139486437,1.3325514676651278,,1.2632676559664224,-2.2360219947371225,1
-1.0147567306928669,0.9289320135322151,-0.9010937772812718,-0.3547859413372848,-3.5129005420074804,0
-0.6492775450660071,-0.6049067639281748,-0.000628778103234251,-0.8285882385087826,-1.2597587626458737,0
-1.2239402667622565,0.4977883094177774,-1.2636283367724126,0.9237958268720247,-4.5873107058108715,0
0.03408346825922606,0.5374120028203807,,1.3193926712502329,-0.008089836187283261,1
-0.7699732310586415,0.642301235011176,-0.81816554921609,0.2271839181775337,-2.6917803886387763,0
0.2337859117907477,-1.6942558959950778,0.8524708085725473,-1.4631297313485536,1.3493288935591858,0
-1.5558956462036273,1.006606541032628,-1.684757926996775,1.5300460571942718,-5.5518511770615095,0
0.33088023221445706,-0.5696989629257314,0.9725575208585598,-0.5640948863277818,2.7797097702402804,0
0.8335289616089246,-0.3578279334412669,0.7817350142853923,-1.499468162204882,2.5233239018955227,0
-1.9937356425714554,2.6378817522602,-2.423465504295464,2.761526752047326,-6.876516002644837,0
0.37405656984757213,0.3018733807210118,,0.6825886927514584,1.9973818205290503,1
1.2276689924732922,-0.3863224754471755,1.0753350755954643,-0.8600339229564049,3.2115021483509225,0
-1.2096410186912054,-2.205294372755906,-0.8993905691416242,-2.3323716381930995,-3.7538641194883917,0
1.6725723868377034,1.3897641339463556,,0.8120161128819735,3.155927041476126,1
0.4190190093660452,-1.3452096708086025,0.4216216403135184,-2.6302834450987786,1.6962555724612114,0
-0.7050118557584089,-1.0034389034995035,-0.934814505137149,-0.48993669760567526,-3.0558620559673346,0
-0.05576907765770601,-0.3313522990878492,-0.587398420923345,-0.333226565988775,-1.7642355961854446,0
0.5583269125217224,1.4164117917002925,,2.215249290052784,0.8534128829300878,1
0.0760053914124115,0.7732399866657592,-0.21084618073391428,1.2019010826188479,-0.6344839169400469,0
0.5387559924463692,-0.15783750984025996,0.5147630950210786,-0.3349423906729844,1.5587724974523296,0
-0.9206735930793662,0.308292063638821,-1.604336823721844,0.26670173358661664,-5.157171119512366,0
0.169360824036078,-0.6003856928711058,0.3274977141659349,-0.3172969974860195,0.5426300838341371,0
-1.4137144969049802,0.13965368956535082,-0.7306071043020862,0.6230953979432226,-3.2520566917419655,0
-0.11122606134870032,0.07333674477813665,0.029238187125212853,0.23467206014914235,0.7158435860746186,0
-0.9039076414647897,0.968769895681353,-0.49941333685028527,1.5215664683260952,-1.9769572789622736,0
-0.7355299425897666,0.9671781224389495,-0.1882487152828688,0.8188437541017137,-0.8268618013569812,0
1.2360931752104374,0.4939773822056448,1.8543379313025259,-0.004594391187198454,6.049874859537557,0
1.091310120594269,-0.36234755754610226,2.0263794670049218,-0.3947521843266673,6.1062892791004195,0
0.609138120907177,0.7418222943901266,,0.8444147397582181,1.463883293370525,1
-1.092312764672579,-0.0919684662030466,-1.4515547572531373,-0.6927361635726901,-4.471123222321669,0
-0.3164084496948019,-1.081914368713133,0.0753243744675654,-1.750275410786444,-0.5342735968350828,0
1.2130976999791834,-0.40328779191093866,1.5672308098078833,-0.17959464367422492,4.844554588417728,0
0.14171691363990474,0.08452698378432454,,-0.11865144190088726,1.305768047548649,1
2.319329539981694,0.9102157836647453,,0.8272953308337443,10.363718919975694,1
0.39331783939437187,-0.18352817215715306,,-0.3633745050075648,1.5996440374363576,1
0.1920491164900316,-1.209198711239606,0.405127396313124,-0.4488982603580002,1.0174138358541174,0
-0.3091164642025014,0.05674168329681941,,0.6876222634943194,-2.0345265057463964,1
0.13354090478228192,0.11345604005655238,1.2012014667702609,-0.5052208049630316,2.819446127810708,0
-0.15246983638054348,0.18583762890275304,-0.320742296985099,-0.08055897763747041,-0.5364921295120957,0
0.7081086766885905,0.9198715159544302,,1.3448736499392266,1.4106668586206355,1
0.9567023167945841,1.0189232400898984,,1.3198913586415195,2.463013735823333,1
-0.7859894605079495,-0.5942108723816666,-1.1084373898301185,-0.6149398535465594,-2.84220370345249,0
-1.331232953557778,-0.6161434580489434,-1.6959514779816027,-1.1849435605310612,-5.419187171265401,0
-1.8362053731032966,-1.0401987109554731,-2.098057514548059,-1.381468734032246,-7.162461385434552,0
0.5079913269125437,0.6988156702804763,-0.17490663711292875,0.44043188650733145,0.28042397967993854,0
-1.1033666061738736,1.4488201083377155,,1.5873172738972658,-4.778953694660073,1
-2.152890592952483,-0.3150819279089234,-1.1784090372286733,0.5367816494396954,-5.307185073123884,0
0.3885786045309641,-0.24143056472499316,0.7564061763516484,-0.5848706821190571,1.5416720625093596,0
2.4929995174327906,1.4667825568989763,,0.9537649331213562,9.663791360990864,1
-0.006070911539893324,0.5055578532150077,,0.451264614801036,1.2790194617524904,1
0.8384907744516419,0.43623570480105506,,0.9521051950580843,4.966986233225889,1
0.08182935854756501,-1.1909165059737268,-0.803881917174357,-1.9143579893540785,-1.3735877984222198,0
-0.09888965319114267,0.678728069279419,,1.4055451447168927,-1.3180437862985257,1
0.9190764829877686,-0.9291363405097582,,-1.015152021567593,2.126695954033348,1
-0.29027454418865134,-1.1340201859349581,-0.5251394424334501,-1.501180187091645,-1.956592067312355,0
0.26739231407190295,-0.34677157676671216,0.11710761877927847,-1.146866220147792,1.863805930291668,0
0.3216978061960136,-0.5857927234486902,,-0.23253233673837648,0.5283324265928887,1
-0.6680904536430488,-0.22159969438503938,-0.5584359970770217,-0.3071852920058068,-2.211234909945901,0
0.9920423495365228,-1.4409816345249191,1.0096900449091308,-1.3556288931476657,3.846363662981988,0
-0.17495975669540864,0.9588163064676725,-0.5363771542845335,0.5084104359619905,-0.5371492975150592,0
-0.7557451594928447,1.127686294516429,-1.8435195479866295,0.9681382773909171,-5.092920893679874,0
0.5365098435704035,-1.9473424741408143,0.04007549088105444,-2.1906330973181833,0.38550811302295146,0
-0.8984679817910373,0.9784578056665502,-1.1730873084473248,0.9281612529774463,-4.314953264977011,0
0.028181157369128247,-0.8105286298216263,-0.09535856103473148,-1.1453047930095317,0.6481077247356921,0
-0.009118996644203544,0.8569755369827861,-0.573952726299472,0.08988505663917534,-1.6806374407957665,0
1.085895565831578,-0.06844649266641564,,1.2958033799818878,3.2960500456563198,1
0.4746982328799528,0.028775564080998586,,-0.6529265595877585,0.041814010572763904,1
-0.025026958745143917,-0.1850976494212187,-0.08793663451931043,-0.09436814594994922,-0.9375916661354886,0
0.8177662992002871,1.2121292042334861,,0.326115290021465,1.6429030422915465,1
1.3902075490173134,-1.2395880125250283,0.9657552208320811,-2.2381117308340155,3.547928432019552,0
0.5578103063518622,0.6078403387350085,,0.6567535846611423,0.2978377285307224,1
0.010352619843380607,1.1013301648895504,-0.06639772794151132,1.188513958773702,0.8857860225907501,0
-1.3118362323501596,0.7163400805404107,-1.7450601173263587,1.3470895759416024,-5.245426531091756,0
-1.0651136630753726,2.3246989143234176,,2.5244723348312705,-2.35537879431138,1
-0.30522470435466764,-0.5289467627246989,-0.10229957100821815,-0.6038521220975943,-0.25010641712381126,0
-0.6095122021592831,0.9573048225935312,-0.6444381362511047,0.4825047005610291,-2.2535750372806462,0
-0.186971302985446,-0.10609063534142033,,0.6434153987753539,-1.6717442374816613,1
0.056649924897107164,1.2334060763526695,,1.6978316993777816,0.7032623483867363,1
0.5296927543567308,-0.007688995721369474,0.8750431990310494,-0.6308537345955818,2.6288509145634427,0
-0.07049877805909122,-0.38787578186246957,0.0008454280417239252,-0.3688939177571519,-0.38846001958784293,0
0.4865016438262019,1.306072203871629,,1.3780983196348775,3.3713815240920675,1
0.06447441481012024,-0.4915619390189299,0.29429307384752823,-0.6643887673217646,0.3321329165620908,0
-1.9754665663538713,-1.412725758900556,-1.5186629575698543,-1.0268005159971585,-6.086254729990935,0
-0.9393353938187543,-0.5168468831738283,-0.8725526860507652,-0.10098031399973978,-3.32175020008833,0
-0.14408755572161547,0.6190329465885323,,0.5237900976859793,-0.4630782880715668,1
-1.2096947428411076,1.3920387515870913,-1.6080853591756952,1.2516041286882622,-6.2062919391691365,0
0.5999287299962045,0.11112937529651211,,0.8606086066302779,1.1718205668040724,1
1.5307508323436974,1.318197067234025,,1.7846165134151437,6.609043798978471,1
1.2187618516973167,-1.3581749214775931,1.3898115924760075,-1.3219947265234009,4.452925071479625,0
-0.213442870930208,-0.4432634648179029,0.040363040541415734,-1.2578679843579297,0.1485458551357216,0
1.490726136849952,-0.28857511715410117,,-0.11657506400158321,5.255711799706882,1
0.14866745720211172,-0.11455942747252029,,0.23448230498631378,-1.408778105590185,1
-0.3370859711180397,0.08409438825019698,-0.8243122449231877,-1.2931664259489895,-2.83149825520461,0
-0.6134026635409398,0.6909109573921928,-0.4986163430038132,0.8168456815512055,-2.0184866863625937,0
-0.30246968648812833,-0.44480683817049027,,-0.6531528315683579,-0.5720297942442882,1
-0.38817681854122876,0.1390286869531256,1.300707302103452,0.028601546888349788,2.24926884800902,0
0.1704162223754877,-0.04512289032405165,0.4282760319605557,-0.498813366705712,1.9599826641233862,0
0.1605739810498646,-0.9258899038911499,0.12140855658478597,-0.9999845490929709,0.35645972090153705,0
0.0030460201534144695,-0.11366668908143539,,0.5823290990092301,0.17762648438062745,1
0.43693816974634986,-0.14365952989711814,0.19685702814982764,-0.36685877930487604,2.0857496642606255,0
1.1906462747863413,-0.1650805650030461,1.2057166054439301,0.31770621439354596,4.142718089862143,0
0.9495541354413237,0.03175945658145075,,-0.3714061528583544,3.165789051052208,1
-1.4848979684499035,0.07567354061338613,-1.71324754079666,0.4550516369414056,-6.312747502763251,0
-2.553921134901955,-0.43229517910733023,-2.6904972581619058,-0.4314672512963546,-9.366406347965228,0
0.9343199112392737,1.2727147339712648,,1.448727148365905,4.65535260217245,1
-1.366878698415421,-1.1694806292030167,-0.674626217089904,-1.165904001154273,-2.384093673128365,0
-0.22476540189268354,-0.7209701084698963,-0.09874841192524503,-0.40015749224929203,-1.1821319137375585,0
-1.1701130260593595,2.779963624223556,-1.8407428896777285,1.4961710652566769,-5.406824371596007,0
-1.8019804375800197,-1.03799135498923,-1.532728859260498,-1.7479040117180147,-6.6755824355858335,0
0.541462728204788,-1.3537546747097586,1.318603949010301,-1.1452144257054364,3.2360205759085003,0
0.7591551603026468,0.7344767450012178,1.4440457112838363,-0.2872924319469,4.182521841727652,0
-0.5765104007267194,-2.077119853773874,-0.2092974743218859,-2.3424100315974785,-1.027068973389572,0
-2.59104229214491,-0.2352739099724389,-1.879830814501999,-0.26244433049076377,-7.351713527400402,0
-0.5462444482524828,2.1458249250764885,,1.7317548562700402,-1.6597692799612451,1
0.3918040054025465,-1.5449359221534005,0.705855490319399,-1.8907166235002872,2.289627958790738,0
-1.4789115687741285,-1.9819644857387133,-1.8192993519367187,-1.8461733856619171,-5.834096492533298,0
0.1833599197791556,-1.4991812019576982,0.3294926478570117,-0.9945337240677936,0.410092022388271,0
-0.015309849172995557,0.8983595683469856,0.6494572728122666,0.4191348777195816,0.3501212900250118,0
0.5792914996010884,1.1247767199858125,0.28457979385764287,0.8372476218921274,1.1647529262483098,0
0.11958036841415326,-0.5125887969785089,-0.31114134631798995,-0.8782192836420313,-0.5102198565463648,0
-0.9730689408815555,0.683212404001069,-0.9243244713697071,-0.5274774719375703,-2.681286455474007,0
1.1965715016644913,1.3902553275119895,,1.461111222670744,3.9110372145236263,1
-0.15852957302697002,1.7873464144298254,,2.2547052873440716,-0.003990301632320906,1
-0.02730453950993186,-0.24633528117984818,,0.26198632247809284,-0.356061850810914,1
-0.933267959073196,-2.301471717669987,-0.07404815127183895,-2.736854905890356,-1.683004234879073,0
-0.4432822511915103,-0.8208789224096867,-1.0881203001720383,-1.446727946669758,-2.435892977657873,0
-0.8848027140269009,-0.4268041949352576,-0.25793532091703364,-0.4160014211394153,-0.8534079036824795,0
-0.17294605992342302,-0.2589387965783906,-0.5553706740774745,0.15569804670484305,-0.27476768093473325,0
1.7117084801423437,-0.1878594010087195,,-0.11043417685352754,4.243517259536424,1
-1.3719011429313563,1.1188945979306693,,1.2635469158675499,-4.395332661563156,1
-1.6135613978767411,1.2744284266875814,-1.7408653908836829,1.8453438905556983,-5.112644818395736,0
1.4711703274936085,-0.17167365392478334,,-0.5412419335401351,3.964505766876464,1
-0.20932367715186612,1.0984848760518187,-1.050012123009498,0.9884998327153037,-2.0744136907847057,0
-0.6690727386599166,0.3576613666310894,-0.673253132295645,1.1749641225116902,-2.9176954374240776,0
1.0399046873960764,0.06450597286257172,,-0.033899588686241766,4.460083723372587,1
-0.6056155397368641,0.9065441571099638,-0.31313879319364196,0.2728756741266781,-0.9566435876699265,0
1.8260097135469362,0.07225204823791581,,-0.26242599988723164,6.088642829359731,1
0.6779258713392691,2.0578111770977623,,1.5887212514871412,2.787562533540338,1
-0.48791140814570266,-1.4384111667945592,-0.5015184743346311,-1.2598298739439238,-2.5220088836888763,0
2.1573082132655035,-0.5151708990920177,1.442446091750318,-0.963144400886407,7.12373865065371,0
-0.6057149230033384,-0.1265188969539503,-1.31616191561506,0.008998229476671976,-2.909382180826676,0
0.742095372009307,0.43945269045799057,,0.07142008118766568,2.4882150561242695,1
0.2992925804064919,1.267960487103089,,0.20627121790397496,1.1406271810978112,1
1.301741289398798,-0.024398567236156642,,0.12891132625480442,5.605026244874243,1
1.5615111967268527,-1.422229649506207,,-1.3479978087327626,6.914749288834125,1
0.032004149065766624,0.8425138964550043,,1.1013928043094245,0.45774751630344634,1
-0.7534178703461835,0.7549587661419644,-0.8935592268847738,0.41846515655933614,-2.551111449324707,0
0.4599721429391164,-1.941858659379406,-0.23035394211595334,-2.331630897059094,0.7679585796028546,0
-0.6777153697521061,-0.0038041336707993834,-0.47167980121909414,0.19692929556997343,-1.3522696718281189,0
2.013387247526623,-1.590141830680298,,-0.8306320444148074,6.4423392376895,1
0.13653533108273744,-0.6646510975020625,-1.0577304001561054,-0.6590670927488986,-2.2102950428206767,0
-0.3653215513121087,-0.9028089269627998,-0.7824906446034401,-0.6905163789392273,-2.622548926825995,0
0.1846803058649084,0.8092646982419858,,0.6484708560291321,0.03012083591862634,1
-1.3471262895296965,0.11683017417218379,-1.2879511889679784,-0.6549850867646586,-5.604606921987638,0
-0.9716140385106515,-1.2855910007560276,-1.3732942548934985,-0.8018762911789987,-5.226821013025776,0
1.2004139079444254,0.8800659629573423,,1.3342730825004232,5.248361604918978,1
-0.6568942789713957,-1.4338058239284144,-0.762161749147892,-1.0784188113408173,-2.200820222621208,0
-1.0469109826819396,0.3301137904709438,-1.1264857184508035,0.2391410712997345,-3.7628332893251106,0
0.5366527525272862,-0.8140106692915562,0.1784556056769131,-0.5154826194222859,1.3437266640642467,0
1.185704154662997,-0.3656770825305199,,0.08120381616339545,3.5841499491284012,1
0.7189533106650667,0.504270748038384,,1.3143500905167378,1.9347448558228038,1
0.9960476858058164,0.521449399059529,,1.01571245138325,3.5500122448622005,1
-0.7567950885694608,1.3369690735559603,,1.3688796860727797,-1.9843727683649597,1
-1.4218106667418438,-0.08225369967145327,-1.8071196418045132,-0.736380327383639,-5.6332446497529345,0
1.5013336519554867,0.306450862963341,,0.38428001179921156,6.2518788986320795,1
-0.32267983884213575,-0.4377373224043246,-0.4799805625631602,-0.30944862447967075,-0.8054893538579978,0
-0.25083301645504735,0.18198988262279764,0.5142597954432331,0.5365047702819497,0.42943169625319044,0
1.328194141849058,0.4394860480085117,,1.1164319776702245,4.51526315754455,1
0.5562300094006599,-0.09830984745437601,,-0.14588510348276565,-0.022316380511385764,1
0.45588777208160763,-1.8037504840924963,0.6569866845377833,-0.7532568891859406,2.814597443402507,0
2.165002344901084,0.3314708963308953,2.2892748974605777,-0.5481726136893933,7.30536376801202,0
-0.643518230380143,0.364561477355457,-0.6263213327263515,0.5742324135862696,-2.7602994117781425,0
0.9278401280812372,-0.6801734763479509,0.6067238888592426,-1.079433672439965,2.152360174338187,0
0.05701312489708459,-1.284387036072514,0.03972701215417508,-2.2379980359169154,0.23162148691116413,0
0.26859227886325737,1.475879150503965,,1.3749919623543858,1.1995477160409762,1
1.5284684264125317,0.4914455108944023,,-0.23714083831607596,5.843836735194735,1
0.5078357562896237,-0.2290810309217098,0.9286518841721613,-0.3097949799381182,1.4640731025595382,0
0.538296079049633,-1.1370328831474874,0.6304046938146797,-1.119648259100259,2.193107086815078,0
1.0725073373098022,-0.8218148284213459,1.3774830309757908,-0.2625441237533712,2.757250262658774,0
-0.3649527295428853,1.3025903967862316,,0.5487978294042628,-1.1116871631333711,1
-0.8392096673390064,0.1376619408680461,-1.0102183402413938,0.5918845236909324,-2.7201664740436935,0
-1.0448091940210336,-0.5505870670007064,-1.6215504594653554,-0.5015468418608093,-4.830436847308354,0
-1.9663565893760018,0.5096892312246559,-2.1513748956601004,1.0241138080294532,-7.210293886636826,0
2.056207129940322,-0.8143981874463236,,-1.0302737749618875,3.9124298456721087,1
-1.1032083657216831,1.5008430302803781,,0.8347207368986554,-4.843672205702148,1
-0.221253623585772,1.3528005348967251,,0.744050871788792,-0.640408967080301,1
-0.27681329988892067,-0.4665740712027766,0.005023527246157455,-1.1124777980363345,-0.5208768961676947,0
0.3074066978091007,-0.6286702470308603,0.1730677590466222,-0.38976317057053267,1.2723914194517048,0
0.8157372125392965,-2.618133198692279,0.9895739836617964,-1.8796721875849292,3.1459403188729222,0
0.8604734883597454,-1.481580771551368,-0.2294208423353774,-1.7640565348789783,0.4013569946247338,0
-0.5830774385689385,-1.3394697749577562,-0.6114958646724133,-1.0249021258288644,-2.8655402226309894,0
-0.1671217137864115,0.13519034098738605,-1.0068731102431132,-0.6265306880804239,-3.1964612036936995,0
0.28257995048829965,-0.3262337044413599,,-0.23607307985271042,0.4369809830269337,1
-0.24869112618354708,-1.3453354874152414,-0.34227390011547754,-1.011054179246678,-1.2864791659357855,0
1.6073455760199926,-0.2811640424645573,,-1.0052264301029914,7.071260598984353,1
0.49097495163825133,0.5053371476473485,,0.4033954131574212,2.9812340400761976,1
0.7348777860498175,0.5278393499155871,,0.8857979201583697,2.308901082662533,1
0.6628812686674127,-1.8996702808588812,0.6531160739338616,-3.3665556044736196,1.9868153086782656,0
1.173473857485325,-0.12826348048383082,,0.5394630503670405,3.3274487318165082,1
0.18102155870370695,-1.3833407769716102,-0.09097014798263486,-1.206501089026086,0.10430839230028711,0
-1.2968319479558466,0.9017286971402737,-1.083143925220448,1.260092520998945,-3.167760097246742,0
0.3996879517526416,0.7841464163534986,,0.5777867767561164,0.7964576097368078,1
-0.651356893791829,-0.8980272263244585,-0.35482986865031846,-1.7593884671071363,-1.376257370035007,0
-0.5286166817497568,-0.7660452024003999,-0.7228702153091833,-0.49901372424192403,-1.513958568744568,0
0.5863640187550933,-0.46126705049830724,0.9991425561898759,-0.5025622132065632,2.7887216342284633,0
1.2382830714336357,-2.252793394731339,1.7188298000496776,-2.236735667015179,5.444666490844048,0
0.02127157673606165,0.3359681734405766,,0.8797716660400534,-1.7493903161988722,1
0.3088330125989638,-0.27284454634013083,0.018042630985354746,0.10818739059116816,-0.14584941042066457,0
1.702214944635238,0.9701750825678594,,1.9307937911126658,5.704161989179506,1
0.24075317948856825,-1.0984092179625526,-0.6656108030480032,-1.0214821035258033,-0.7042424698682238,0
2.601683114180395,-0.6191229482499316,2.0854164760756895,-0.9647291671454903,8.082394360133803,0
0.5655096456315442,-1.5065252580391153,1.786137568264214,-1.6007336814934783,4.419305680319656,0
-1.7607627591558177,-1.0042905634942532,-1.4560078110495978,-0.7964588772249501,-6.306267196286176,0
0.7533416211045325,-1.1819819960682185,1.7119856054074094,-0.6740537365717298,4.06524597589526,0
0.38115838488277776,0.9959736788464455,0.7957076048919456,0.26245670312708613,2.3312293721650703,0
1.2897527540827458,-0.6982618487513923,0.9188311735785081,-0.6939930411618078,3.507735144643882,0
0.6731813512699585,0.12417568474461345,,0.9289465132637981,1.8655070121620667,1
-0.13845598398377382,-0.3807634038618044,0.15576210613637984,-0.5008678393630646,0.05151220390754811,0
-1.2242982362893657,-1.269465266012813,-1.0055451345528477,-0.8039593385782607,-4.188772008048299,0
-0.2090232572860252,-0.1683004231716427,-0.4976942651401921,0.07825834043635985,-1.7928825762214473,0
-0.8505204542092998,0.5991033318635947,-1.6055170394989031,1.0770336351260847,-5.292993575774442,0
-0.5805234498047227,-1.2077593925433525,1.0633571438896467,-1.6126396633433187,1.1826699735664392,0
0.5885784044206096,0.8091127907313789,,0.4064119556985885,2.2281790169344697,1
1.6699045043514062,-0.8497209214776963,,-0.8395849754165523,4.697109800937327,1
0.3946715298229811,-0.48298392607284074,0.45133876177563204,-1.2490948196929965,1.4826609057358227,0
-1.1958830620351844,0.5306831230100478,-1.3172473566906988,0.395812819704219,-4.287747680088394,0
0.4446026682201407,-0.663436157219488,0.5059671220728826,-0.5369978284616544,1.1840480446114041,0
1.196631486645651,0.03757485933586561,,0.9298926628107518,6.186228395150243,1
-0.6097829043193822,-0.31469082878809246,-0.6720571441625941,-0.11333173415318162,-2.4516463293234656,0
-0.1340171666729177,0.1293680067038185,,0.44198224214036963,-1.682400366911229,1
0.014688194729197093,-2.380739105523497,-0.06613370251010837,-1.7985011819984944,-0.1908698632254105,0
-0.78489831308224,-1.829681815208083,-1.0170992037871953,-2.3120106096556112,-4.096933088493278,0
0.648280433843859,0.6159670060468382,,0.5334256748613453,4.19725649154238,1
-0.12094814860778157,1.0371814056490503,,2.2498877015509966,0.27004116040071646,1
0.41953244390702776,-0.9104867035315213,0.4732949441224272,-0.9500478147237756,1.4576282964025278,0
-0.8874921778021001,-0.24402835217113436,-1.5268601052117283,0.3141870222199693,-4.086127976487609,0
-0.43745830032341043,0.29471925290230155,,0.7765881914888553,-2.0265446014996154,1
0.7223813578277714,0.6932176016587042,,-0.045839255535140455,2.0034918730333335,1
-0.372833152091767,-2.0276772716708487,-0.20467166743112658,-1.872437633167882,-1.1918348557971172,0
1.7269638512334051,-0.8860402469783771,,-0.8126665108757642,6.360959974994439,1
-0.39963618561460235,-0.33257937984987496,-0.6397209777182195,-0.16759998592965744,-1.647039294220619,0
0.22468472575188592,0.7031401972360493,,0.32608395734051926,0.529182986478758,1
0.9325908318730899,2.498430483721495,,1.9399707277654152,2.7151080834237846,1
-1.4183657329330317,-0.22800572680971787,-2.609746908969564,-0.46601072682014355,-7.536647182301955,0
-1.7608088119807759,-1.4069774621039888,-2.311472126365631,-1.4558749606460901,-7.348075186892641,0
-1.5256563145700948,0.40226807720129804,-1.83918173729377,0.9947603010014561,-6.395795325114169,0
1.262584103427182,1.32099578954071,,2.2296511994035138,4.789262744110104,1
-0.5518581458924467,0.10801412097950092,-0.9587649668569114,0.8063130440910898,-3.0005664319342906,0
2.5581992856682523,-0.9066485451542928,,-0.47655593976337074,9.811309741462306,1
-0.5642475986573886,0.957993941480019,-0.45097622319189057,0.4558238103302241,-1.718737111589616,0
0.18455130319703697,0.663545618498435,,0.4590975310036872,2.6309915236370798,1
1.5421099525678756,-1.0260808441956244,,-0.9211178179891255,6.749472698066476,1
2.006092888159123,0.38142561753434195,,0.06520609849625447,6.581468274968032,1
2.061503576636398,0.9972655676588726,,1.2858683939228481,7.37858728365381,1
1.2083662305931424,1.1818900425588936,,1.5421330966860376,3.671611774584257,1
1.0240625258114624,-0.06644897530945597,,0.20169605597327828,3.824075034088036,1
0.5925269492011831,-0.35807944617931886,0.37551027203938314,0.1544878560994718,1.1056468823202552,0
0.7783610761666377,1.227273822081263,,0.774978215224726,3.7972693207487156,1
-0.5511857163285334,-1.2101605029808855,-0.3410308075859313,-0.7437461509347867,-0.9743955518925637,0
-0.8181988834223072,0.4385792909210054,-0.5222982878497993,0.09075656586090725,-2.127011328654792,0
-0.0033744574109520514,-1.3700266273644293,0.6262673983071321,-1.840494603685872,0.8440120675929448,0
-0.17018462252492844,1.0653762722596027,,1.3314343393527936,1.2442185282066216,1
-0.4532280493272752,-0.2580455156111615,-0.39089635262349676,0.34989126548832883,-1.1559892056187842,0
0.6963874474567154,1.2685832356474693,,1.5125899788354742,3.654104847462424,1
0.9553052085705108,0.491412756355527,,0.5018147682417992,3.292449415216455,1
0.08840688629184734,-1.22322023006193,0.6809103780833553,-1.0681433170111765,2.0005540394309342,0
1.4775300810552616,1.4246277320772434,,1.4928411911108834,5.9086411141832995,1
-1.141689114133505,1.5512452664277294,,0.9882698183600324,-3.565033740004346,1
-0.19365945927971812,0.8822864925992157,-0.1466245386839562,0.26097642012675804,-0.6025076669736105,0
-0.7168223206028049,-0.7615878650362199,-1.0510014025982493,-0.8010008047729473,-3.34210786553564,0
-1.86653661707306,-0.30601395435740886,-2.5638008360057984,-0.26608553647275696,-7.5344833910431115,0
-0.08268068584269925,0.1454272174057594,-0.1026992896032489,0.15109340658962644,-0.8666688027999507,0
-0.12174750838328353,-0.7037103993314333,0.644758762741308,-0.36565959250647667,1.6170871999965304,0
1.513449743242131,1.6923465724632047,,1.5846082143810347,5.664035254756769,1
0.6308116845547775,0.14432647172603683,1.0233749772848049,0.42581606267846484,2.9931199635329206,0
-1.024186824329205,-2.703348047107357,-0.6022111240697394,-2.7756414307705812,-2.7103344218426337,0
1.8540925663341883,0.33935581275622034,,1.2510352937744533,5.821864510627409,1
1.221033695525353,-0.34815739681731317,,-0.30780053345408986,5.318632322371221,1
0.5820977034686158,-0.07492655611844788,,1.0954347496443908,-1.0754871226631904,1
-0.22648409884983187,-0.36861936578569976,-0.8378592382189194,-0.1926135702402676,-1.293974590793621,0
-0.9594392367234795,0.8070464166066876,-1.4172553849027094,0.7002078313125798,-4.309605017796025,0
-0.3722067760710529,1.1196877785533812,-0.7820642875047479,0.669963790423544,-2.783525217436079,0
1.0887486197041858,0.28305316225865373,1.2568800952971335,-0.43839112477019304,4.274560291206548,0
1.8845863059346086,-0.33931118713815905,,-0.8350323293362374,7.29923493613617,1
1.5432435282721888,-0.041337204809170254,1.7402388143596927,-0.4811403593911652,5.78263723646687,0
-0.4888494217862741,0.019599616577628296,-0.1908086747200307,0.21700962678371663,-0.38028476225597796,0
-1.1196174332890112,-0.8024300398648371,-1.5946697178618359,-1.0655127253949308,-4.480011252024239,0
0.14088624691120394,0.5789286485712348,,0.6723921748484837,-1.249638567562032,1
-1.7684393655628516,0.4600423238604662,,1.1010315050488093,-6.068934503660319,1
0.32316771418478146,1.5404412397766734,,1.4965370639592466,0.6139680667126004,1
-0.14760258629866868,1.255349780288475,,2.2949281295218773,-2.9201787164266144,1
-0.46603650186824225,-0.6856749175901302,0.01963564040249849,-1.273580407759729,-0.49160510326205914,0
-1.5947030672667954,0.8202983745089647,-0.8971521140156467,0.7450066003215008,-5.0671500425588105,0
0.5136001065697166,-0.9509533830944716,1.292180551419046,-1.220609844899961,3.866477990474922,0
-0.5327008396619114,0.6959321009408497,,1.1641854039693535,-1.2238083749461155,1
-1.169916835710288,-0.5166141987601078,-0.8569507877238367,-1.6365100139431683,-3.21638614855557,0
-2.8722622132816493,-1.0232532233755844,-2.187328101600694,-1.74481086796449,-9.020988705300018,0
-0.027514905050636255,0.28004534269740444,,0.22637193147192305,-0.6526165453938916,1
1.772251596669744,-2.6745671281541408,,-1.898878267649394,7.056869528640871,1
1.66125921454787,-1.750975574405228,1.7989573316194742,-1.6380546573865744,5.57439584633572,0
-0.45709625658627184,-0.17749188377428318,-0.00024043041497634476,-0.8532656109064001,-0.8554967515950659,0
-0.6022120603617805,0.08244176663484246,-0.5091655499238129,-0.5161415297102726,-1.5725164221442487,0
0.46877425607502377,-0.36931877015818887,,0.4671760812642875,2.9588737024264655,1
-0.9983854391882915,-1.5794362987175987,-0.886623557917523,-1.890003698115719,-2.545470312550272,0
0.30179189981946597,-0.8178918421385055,-0.4401976299142428,-1.2893735283633876,-0.044817140359149354,0
0.7660802783846903,0.3912093272373939,,1.1298956075528244,4.462553013613947,1
1.2269332238843076,0.5817817706283626,,1.087330273421858,2.5422722679001626,1
-0.10015407647995278,-0.01622311759594124,,0.6208067040374567,0.7599396774864404,1
-0.20367375017696587,1.1568337810369889,,0.6818128409040806,-1.3352872122768025,1
-0.877982586756561,0.3973970234592343,-0.2899770941577078,-0.36515579704794604,-1.9884295082622092,0
-0.82688035403986,-0.7474556539582122,-0.2594960466064775,-0.6808724092768594,-2.1059506862343236,0
-0.22647889190152676,-0.2805020534116174,-0.011407404743841193,-0.1129389868747854,-0.5513356238689419,0
0.3673655068161781,-1.4028661572078547,0.6216331656297434,-1.2205652553554387,2.3248959576706794,0
0.9135846262332494,-0.10813899039141675,,0.6309529774280844,3.857799773511856,1
-0.8031789506803448,1.1121006192213385,-1.8100913288208837,0.24521707421721428,-4.321393869171467,0
1.4926885689595217,0.6852900847109679,,1.115137610359851,4.542398655748535,1
-0.2711236010425688,1.402009325919122,-0.8291556890785163,0.853696803845463,-2.036009431413054,0
-0.021367294348436157,-0.3028852437989931,0.0642262775243953,0.12498241663142745,0.5797541042244369,0
-0.7472116791478234,1.3460997945142577,-1.3186829523394312,1.108621442253569,-3.0050354659570195,0
-2.4242402602729416,-0.19330422644796988,-3.016716230885979,-0.6002901243932257,-10.443837047027616,0
0.8840453963610497,1.471585082569894,,1.1666337290952928,4.523351570936991,1
0.7368438970924334,-0.02185674744212368,1.271567591154528,-0.744661847830405,4.165514364950088,0
-0.2813275571182134,0.7072313738042767,,0.7274458437210103,-1.084928191263624,1
0.06699071722487192,1.4751123643098556,,1.088775668979627,-0.035972676548786275,1
0.5159392177040995,-0.1934276285812056,,0.19972148686893354,0.7828716469733353,1
-1.5625458568865427,0.21838898754417418,-1.2776076688967815,0.5384170280606329,-5.37338489045496,0
-0.5290526773462948,1.2888634252063023,,2.1329419516576977,-3.3721895715427013,1
0.7942646796218271,-0.1330031639300636,,0.050160577840474924,3.8028968699613652,1
-1.2542894231692494,-1.320892282506161,-1.3808328436763049,-1.0605533989661244,-4.194944729217154,0
0.2935579321666293,2.14300705458491,,2.8430569604988167,-0.022881612702328358,1
-1.356581804623405,-0.4697644643371368,-1.3457252953809837,-0.7835958123504849,-4.597458427091548,0
0.46642998243352635,0.15875605093754283,0.1708565674707211,-0.5853730554739734,1.4639936233146653,0
-0.03564148229748357,1.156006669451127,,1.256053699015324,0.20258299803111562,1
-1.6151318159055095,-0.6084939037312018,-1.8838131105622096,-1.3198106383384038,-6.995671092441306,0
1.1647393544571714,-1.0078679132221302,,0.2191014232405648,4.738217120750188,1
-0.734591576798049,0.25373729677483314,,0.9814864428143045,-1.3823874522639301,1
-0.8102524370143808,-1.7930763979123896,-1.1699132804184675,-0.7110882312615998,-3.633457540658934,0
0.20056919723094285,-0.28790607686792025,,-0.2566825885363556,0.2979981101328964,1
1.1486373494287152,0.2450386643154059,,0.5203254611662048,4.524955149172945,1
-1.015821818978397,-0.2699518968251642,-1.2337504964691004,-0.4996896128014862,-3.736324767182316,0
0.06167984984797165,-1.5434509431857473,0.2938401302613041,-1.1019885403923713,1.87552410246249,0
0.42881650033057295,1.5941779562040121,,0.9864063501784837,2.1124226460023476,1
0.6931056072631441,0.10353815394917538,1.2347364954102962,-1.168008440788214,4.264701981721645,0
0.1764415552772252,1.431152117761741,,1.0357968080174578,0.19043293909881456,1
-0.3670278390833223,-0.26003625018044474,-0.8384154591985595,-0.9877729879891026,-2.277136840845979,0
-0.8275902206487197,-0.8800119816907639,,-0.14104861361099608,-3.1298693979786165,1
0.08614388304637476,0.2691809202551599,,1.1770196477953179,-1.2771169337310433,1
-1.072139011985607,-0.21578712632821961,-0.7898899099618584,-0.9172516625347751,-3.035058202526108,0
-2.9213504834946074,-1.177761457991358,-3.502226133582813,-0.5319036542307383,-12.382510524818224,0
0.4365598041576678,1.4697842587874956,,1.945476750537881,3.4296425538602597,1
0.9039348410861953,-0.622270222893996,,-1.4071585652534342,4.51462135194234,1
-2.3629324355418384,-1.840266384795568,-2.3566445507416813,-2.035400150261377,-7.660696618206698,0
-1.0097307047099375,1.3281660539573326,,1.0380841928950728,-1.9513507749876084,1
0.6191542610051978,-0.5042980158126232,-0.199246671150198,-0.13030031649902324,0.4119647593869332,0
2.0574954697116987,-0.6078238926156243,,-1.2222135680681312,9.802466135155724,1
0.020793707675407887,-1.765387587029974,-0.2743135984248369,-1.8148238998597153,-0.02525540054554798,0
-0.7280029412291342,1.7409414865969908,-0.788251648178814,1.397974234622182,-3.333254494297789,0
-0.18289644110484016,-1.2894805872096875,-1.1108630846990586,-1.0528099955171157,-2.2936970783976256,0
1.3748764191481848,0.05844948070564989,,-0.04994653513831474,4.8844083380766365,1
-0.6459641791245353,0.9126203225404405,-1.1991362576630897,0.6449974705702428,-3.4531313063513416,0
-0.7991920066502536,0.421716933003097,-0.748364125867239,0.315068645187058,-2.9250278869570163,0
-0.4827435221820324,-0.0596543119921916,,0.9583671044278644,-2.016197697037578,1
-0.9533286082587124,-1.7016658582874162,-1.492200575723884,-1.9101156763471108,-4.139242226831292,0
0.12267031599479553,-0.8097248357672839,-0.27951043488651306,-1.3302274449091773,0.07052394291786579,0
1.6246784584695606,0.18780033804252202,,0.4795171226205046,6.0862620529612075,1
0.3230792731160291,-0.7871740699869963,,-0.8589364046984747,-0.06488663197827461,1
-0.2523535021262876,0.20335945999876773,-0.6267593376380762,-0.5042575054344686,-0.7050370282462832,0
-0.2918112689155441,0.6817434088151417,0.03982542171669484,1.7974915764163748,-1.120245595038515,0
-1.563190808696657,0.9625028858001017,-0.26195087125950045,0.7862634130067777,-2.0208830254993666,0
0.883109777147159,-1.2261793578126834,1.1219041869236615,-1.4151140847933588,3.423562085133863,0
-0.07783719701280203,2.196646054978954,-0.5364680181014457,2.276563730933003,-0.904246038537942,0
-0.18047991359062565,0.7674793445541306,,1.63253772915855,-1.1616237079363014,1
3.193107567844861,-0.0017141536690639572,,-0.8415868169285617,10.856194678833779,1
0.29875290836568624,1.0895365830766406,,1.2275295077869104,0.9384988250413087,1
-0.7517910500951843,2.3654077719999735,,3.4090438528967875,-1.2071463542889906,1
-0.4263575962055433,-1.4387201010568695,-0.31762085469843104,-1.3743557606870453,-1.0382741262214745,0
1.1484457091967548,-0.2252626424913536,1.60237190165169,-0.8429296321430937,4.656354473757071,0
0.11327041053776446,-2.3784316598733284,-0.04395148461105022,-2.687630086353655,1.887677677992381,0
-1.4382779783173667,0.19265153264802468,-0.7755278684567384,0.2960927975264199,-3.1091858689564007,0
0.9192289345752035,0.36539424192514075,,1.0307961997450716,3.5174868388352927,1
-0.668144085538994,-0.03916211544275943,-1.1537390201079898,-0.20883003765078978,-3.4861762838955723,0
1.8732977762175456,-0.6545335709983099,2.961957966738656,-0.24120767228209405,8.421279703659112,0
1.0800480657146485,-2.0495145161883253,0.1675591922340901,-2.76719892971177,1.8152709451186833,0
-0.4473218956587511,0.3735336834117687,,-0.34832550138575863,-1.7636620879143148,1
1.2810163617351127,1.455434483915325,,1.2140341395728502,3.361227245704586,1
0.06785551052740331,-0.591018455733432,1.3220086470556849,0.12799590520319903,2.211698644175316,0
0.8527736751222197,0.440059929023145,,0.4744972487800296,5.06134051375479,1
0.48473281729447476,-1.5681443134200506,,-1.423238715636741,3.3500912264939195,1
-0.8463566549908735,0.45721306369251385,-1.0116859861790395,0.5962528614792774,-3.6780637237898373,0
-0.6435498323174619,-0.39338229774465705,0.5695391696034257,0.1612216935487083,-0.37184819847695394,0
1.0299608175811612,-0.7624179506029144,1.2141368195016469,-1.0675282968718414,4.692163362059252,0
-0.33477533210654087,-0.7603636412161305,0.15385635304502027,-0.4162210869720144,-0.01594807941998974,0
-0.4036484632419967,-0.39361158203300994,-0.3138007726888932,-0.809052913960575,-1.9148421721047977,0
-0.955122579349353,0.3824333156925354,-0.9798558650109788,1.3740696436529156,-4.039208367087134,0
0.42359906559346105,-1.3121632011955178,0.29770972863027145,-1.7123587533438627,1.0500620694254998,0
2.062524919243145,-0.39711533156785284,1.9577049225335639,-0.8383099831071632,7.375618127430662,0
-1.0675329142542729,-0.04147177799914767,-0.7632870899152335,0.2333631287448771,-2.830369150157736,0
0.02421945667275807,-1.0990392245318592,0.20781935606045207,-1.0591450088156973,1.01780716563065,0
1.4122205554154292,1.796665201675017,,1.9600914048054843,4.1661256700199205,1
-0.0796413912457152,-0.8534954800613416,,-0.7398385823151825,1.3427024682286794,1
0.4523717962497342,-0.6694369136334904,-1.031004738120631,-1.2146330130372098,-0.6704966157059803,0
-1.0623935281468797,-0.9783079498224979,-0.8074499041862822,-0.1716284852827561,-2.542089235354834,0
0.4283070972076486,1.7984800871381175,,2.245251190082672,2.3962685375920927,1
-0.18714426500454878,0.5529052285994815,,1.2323802042330394,1.665967195066187,1
0.985729995679863,-0.9365920062436421,0.9532942751531824,-1.2007574507988543,3.6898261020340892,0
1.187386051564751,1.1062315588599687,,1.3144933312175544,4.885144564281258,1
2.5895636420186134,0.2006986942888783,,0.29938292540622385,10.071645089767621,1
0.5796331732135757,0.25725342111150185,,0.8212547342122557,3.129394864105551,1
0.32579631658216646,-0.3444772087524529,0.17552832399278237,0.23564685716235656,0.4021465224694413,0
0.19438430157733602,-0.7494159869569733,0.3278721931411161,-0.6528905854779159,1.0381284460454463,0
-0.35316629281068834,0.33776609905460137,0.48612068936369024,-0.4212094668670245,0.33674093608624456,0
0.33848384346169114,-0.5450872299955903,,0.34474371354825417,-1.8236264587196729,1
-0.29540141013902943,1.8167556295751046,,2.094749346420174,-2.236814327764059,1
0.1684609762696143,-1.2692911052431042,0.9013789655710956,-1.5735096259386752,1.896247608519566,0
1.3175975356079597,1.5361567728549452,,1.7394278419882927,6.067768896204742,1
-1.0065425652796411,-0.11131884879780068,-0.7453199598162941,-0.8668656230240623,-3.008490710633087,0
1.1398785611290454,0.2990857340211059,,0.826762267756628,3.5049459855922818,1
1.3171150673398653,0.8331577666294346,,0.09755189448985813,3.2346279232024506,1
-0.11806852699107874,-0.6302492950044363,-0.4136763366122656,-0.7406665410229776,-0.9928724236801,0
-2.1218548990085946,0.8642483846986364,-1.3478507885992483,0.9864756095014113,-5.218933411988394,0
-0.6078219870944325,-2.707543855381177,-0.9220433316721056,-2.18812399939013,-2.6780320876065815,0
1.2969945465611092,-0.7199895332219391,1.3477060286809381,-0.6667171950047521,3.887247086462609,0
-0.022868062298882122,-0.9240628073410654,-0.399721884729755,-0.6065813705347902,-1.4595072600600987,0
-0.9993022322949108,-1.2535060123717616,-0.5779152172453973,-1.2675894665965373,-2.3603893443215846,0
-0.5047749212282174,-0.21495483807895113,-0.774138061401438,-0.2310478135510915,-2.417596242256512,0
0.840620026504553,0.3857499681816948,,0.4284885933558435,2.8072860875597643,1
0.5467335682013793,0.7026599984993058,-0.2949574983200335,0.6081310380731185,-0.07618173184537658,0
-0.23893209916969452,0.2408767572004077,-1.0456162172721644,-0.6024083643403101,-2.197924477198914,0
-0.36682441181468783,-0.6656934648935471,-0.3629878151539347,-1.0498552117418611,-1.4266711046525757,0
-0.3917581490438219,0.36901643782516713,-1.0543367266427028,0.49140385838101636,-2.7896172877154406,0
-0.9224101844985025,0.12428569485085071,0.13013313516874858,-0.00027480689350874166,-1.54896070224182,0
1.6153756894694418,0.9360561679360162,,0.8581516268450629,4.053137450102182,1
-0.3223204692113399,0.7769367029315166,-0.7224081185433919,0.615259868212159,-2.038863336712004,0
1.2171585208254965,0.03047641392062887,,-0.40132278244528,4.580695856716668,1
1.5213160519224513,-0.8972530061612568,,-1.1438027366494037,4.362677461915786,1
0.9983108981479604,-0.6529501558320808,0.44623816981600084,-0.8063660280263782,3.2568842560432465,0
-0.4316203127180484,-0.5497893596380333,-0.9105842324656824,-0.5472177893671086,-1.8299119147518261,0
0.40373009033660945,-0.31526633391625575,-0.0915969484130098,-0.11857716168139945,-0.5324975961505688,0
-0.024195606390916165,0.2680504275897533,-0.1675564538009476,0.17777528214688365,-0.7723750547201269,0
-0.9037018607301281,0.7151743901280584,0.07226268402858371,0.20034676228184867,-0.9722102275330825,0
0.324359281721603,-0.05111869301537766,0.36332793000070784,-0.7501597129747692,0.5533304545093181,0
-1.1790397911598025,0.016124787900472528,-0.5875895464660406,1.3148433915880846,-3.0095358207534475,0
1.1876793884615637,0.14330630500000452,,-0.421601210132277,4.877170098432013,1
-0.4646172972983931,-0.51590531313234,0.09231390169271703,-0.7752178137645315,-0.6046610985518972,0
0.2011596558728393,-0.9253922576429561,-1.1988224954239535,-0.6668921063859885,-1.8264861552701002,0
0.28328787154614216,-1.7554378973107099,0.13105886097202743,-1.5750075925278695,0.3403845769623273,0
-0.25890497370407733,-0.6951493580768724,0.39466273787127953,-0.4347165117960861,-0.721122755897618,0
0.5866938014752747,0.47314545326778695,,0.2517869185016992,1.9727501384966581,1
-0.47490365662252443,-0.7029114380395675,0.40633292581228164,-0.5836324027197939,0.5882176934920418,0
0.8712972974572442,-0.2378070374259397,,-0.20713520530550789,5.7852490160122825,1
-1.3459796802467485,0.46643128741231693,,0.3103656036416733,-6.283652855958239,1
0.12637957954641182,0.5206894964226687,,0.6433943673083387,0.3145810640394925,1
1.9389289990582848,-1.079532852166039,1.4321260778810503,-0.5518500787906857,4.788304585307834,0
-1.0003313246055747,0.9970593564536414,-1.3151284405374737,0.9859592447359773,-3.25250722714565,0
-0.6777449705248515,1.1273500893554853,-1.294039502609309,1.119576512533697,-3.3607630441578906,0
0.513907849658915,-1.12984985721856,0.7283134398754179,-0.5957693397805679,1.7515242304010816,0
0.17958178193959795,-0.8238368696411542,-0.5484414647336188,-0.3431566897317476,-0.43739901925712277,0
0.3506300992735592,1.1910906831461916,,1.9830589036279334,1.554415859789211,1
0.4891871301476635,-0.14685352125530088,0.8032264785977878,-1.0249686384950893,2.4904417021927054,0
0.6347214685617699,-2.219777947451851,-0.19588073403019135,-1.7672183558671561,0.6633010928868142,0
1.1096998419562232,-1.3996815047326863,,-1.0988914820315967,6.305852121248767,1
0.40981865692851255,-0.24936962517248124,0.6666233041361235,-0.692195824049114,2.855437548708272,0
-0.24125765461854246,-1.1630426502846019,0.13359135610389203,-1.0372486912851795,-0.3933364563567826,0
0.6725737012027311,-0.41342377063644137,,0.11213710324255793,2.1243955616648047,1
1.899881934895215,0.03239621368357873,2.211071494131774,-0.38218324755912136,7.449385968391519,0
-0.13263374638257355,1.4622546040347288,,1.6835358185461324,-0.04416569612039778,1
-0.9745293046706415,-0.29045391622778904,-1.02383350417298,0.14522292163771966,-3.8575751555380124,0
1.1070806692869728,1.0725417995727589,,0.5370320183070149,7.0447778515525785,1
-0.12038116395359824,1.4287601620367705,,1.3576173158141964,-0.1983422383723286,1
-2.172669546014036,1.434309669352076,-1.602276645787799,1.5847938576732816,-5.963667820837891,0
0.8474216771504216,0.28475459338556824,,-0.11331115938590913,3.152962521101635,1
-0.5353281859539227,-1.9632891478389742,-0.24256741952548888,-2.4028657473857473,-1.5580980753415328,0
-0.09053328230416077,0.4608248654038653,,0.3933025644724782,-1.9745665018820975,1
0.3319803305690149,1.048399887813541,,1.449219746265387,1.3999328675838065,1
0.1904996797790666,-0.08106710543541713,-0.17698787084956638,0.24079989516063777,-0.814852687546332,0
0.7094518171390395,1.744583870075249,,1.313877505482078,1.1350203254819344,1
-0.43548637056984335,0.8598335614674578,0.4365652216631459,1.185917504025301,0.5738431446776422,0
0.5131057981760827,0.5682733771527843,,0.15030348906953,1.3917547010027351,1
-0.2595466775839172,1.086380711205838,-0.7611975930716655,0.2812958122091207,-1.8988627615052531,0
0.738810480887503,0.3333698512608781,0.5592446668330656,0.14979806573726243,2.3441665802459912,0
0.6153674840130534,-2.4928104993953535,-0.034857630447903465,-1.9313258136024856,1.009860989533133,0
-0.9354387020445952,-0.49913895147036563,-0.21849646794646027,-0.17115867539967888,-1.266861458302128,0
1.085982116175032,1.1971680272478535,,1.1963821235612564,2.5559087549118313,1
-0.535963445114048,-0.807591340098296,-0.2713134781422134,-1.0159440818938248,-1.0614457621836866,0
0.8080577982811451,-0.22347250523693915,,-0.41835357329515477,4.561822904954157,1
0.3672873134013406,-1.0448363139030714,0.11721097279397591,-0.9904438609726733,1.2782788051907155,0
1.8381836767951223,1.7839225952017694,,1.2497038522788548,6.259206501348277,1
-0.22346598237185214,1.6814924574180155,,1.507438784817367,-1.6848073840324134,1
-0.3493167961181975,-0.8838688951407293,0.8735679884386445,-0.9916536258206137,2.0811987558992513,0
-0.019419605887732585,0.14729800038908406,0.4487704614205785,-0.5282392288366647,0.8188512544312466,0
-0.30317978283427505,-0.6804940477640479,-0.39948300221467803,-1.0997181732128354,-1.011988327698623,0
0.7999419019420501,0.6149446390313781,,0.8201980347745688,2.417160723200804,1
-1.616310608436588,0.509683077242329,-1.673308884856401,0.514438997212826,-6.2838186045668145,0
-1.0536824191463543,0.8117055716132655,-1.223674280322114,0.6573246760165741,-3.1109598248637713,0
-1.067802921579193,0.3319184477078873,-0.09133064457943973,-0.12379527106109445,-1.5346152730432174,0
0.9503075919735757,2.935406206388468,,3.7238311191830764,2.360293256789326,1
1.7106133725819253,-1.027923765010739,,-1.446913372350398,5.290934538321674,1
-0.1044492185374715,-1.7106033544365142,-0.11361825185432647,-1.5848069508056455,0.013362067591796145,0
-0.16882172319001063,-0.3930902007014615,,-0.6370247447383592,-0.45508116082033806,1
0.07005216311318137,-1.5679882655602673,0.015743835644010162,-1.5498486192410996,0.9486615798188245,0
1.1618783026081902,-1.4924622700059926,1.1038428975479486,-1.2636573990358064,3.7948706418560056,0
-0.9273531341905741,-1.001314654197967,-0.4908201010245242,-1.68644294880191,-2.86649906813413,0
0.23836898273478513,-0.9221889054316275,0.5428612059810027,-0.9254970275083715,1.1021563886770167,0
0.9751976297824295,-0.9546181019500601,,-0.3592537774601374,3.579614198107641,1
0.501094169939845,0.5182189504454116,,1.398969897191413,-1.8395830264214983,1
0.1895816165987434,-0.5061890610853361,0.33947905368032527,-0.5711960477129017,1.6084105441417622,0
1.0010460925671412,-0.17951457487248015,0.1732264124820999,-0.15867397126402577,2.5118708952807447,0
-2.703232292999237,0.8942327745009349,-2.3800722114313246,1.9998992888017013,-8.912888712931533,0
0.6778753195309076,-0.7663225247814263,,-0.19886038398182715,3.6506810248865946,1
-0.6540756831274238,-0.26454589870472217,-1.1171952394216993,-0.5731881833323318,-4.1232449601941905,0
-1.830632896856457,0.36575998609291555,-1.9615232580278104,0.05626826064985391,-6.321015233688504,0
0.5112025995249807,-1.9415678006202213,0.21152474699848223,-1.463293069726587,2.016573447697357,0
1.3736585451629577,-2.3849055089505824,1.991374433041358,-2.8904240739734477,5.7246393251973755,0
-0.13744851462769184,0.3461173287977227,,0.8899807044671493,-0.4444341788130474,1
0.9528745472029384,0.49201428056689855,1.817039237486105,0.6591642624424028,5.280536026434483,0
1.6122782579886454,2.0642201348524107,,2.323080516865947,6.9189372862126,1
1.3149144535840473,0.15809487586680993,,0.02972797412678327,4.944538879097532,1
1.639964529371393,0.8197397172580948,,0.5048273151348899,5.90579759341597,1
0.7421274910718922,-0.19547264358597383,,0.5355237718481862,3.505097568588861,1
0.0754336389015928,0.29722722158508635,-0.7934094602210788,0.1738585813083489,-2.186184715541605,0
-1.6019658118971685,1.667256841749534,,1.461789303462603,-6.2449317130345126,1
-0.24606248812994846,-2.1239928181256356,-0.2810857099939309,-2.16406135206554,-1.3352627367402208,0
-0.8432465953161914,0.4136162575716805,-0.48053718173730825,0.5101273239306522,-1.7194989694302172,0
2.1709427174978138,2.135586730077366,,1.620174166717642,7.242919370095315,1
-0.1758858124323366,0.2820342192093425,,-0.00040152789411329604,-1.9191368020769946,1
0.12320480678448571,1.6505729632328479,,1.3415569262798188,0.16498019659351526,1
0.5514853760404677,-0.6292121495294424,,-0.2065719972260182,0.7785298480369548,1
0.043602446372453724,-0.03204749416371351,-0.919028659921289,-0.4750287781636581,-0.9215996832330773,0
1.695051040430753,0.03352470238858753,,-0.8443592264904394,6.584202430144567,1
-0.622649361734452,-2.2175910793587708,-0.33311857538711664,-3.2011383608118478,-1.9933598960633403,0
0.1946074552372427,-1.1681778278502002,0.42815292723403,-1.9033678951880588,1.1608398518647405,0
-0.7424705856980482,-1.096875079383986,-0.09100637472514272,-0.41610597795993043,-0.4181768251165894,0
-1.3200225112207058,0.8220660780325274,-1.6525384563726684,0.8301693777745532,-5.536523039044203,0
-0.6117690909052854,0.872153105684055,-1.327326162290913,1.1227776490876564,-4.162808465155226,0
-0.03703679704841202,0.3240364427065333,-0.0720516854524343,0.592280306267198,-0.4501542013426952,0
-0.42930222451725997,0.8241028968557058,-0.6030523743702152,0.852194856051866,-1.785676217342104,0
-0.692420979873856,-0.16414941272177394,-1.1135688382588902,-0.20154006104742805,-2.921648670915894,0
-1.4063174636718339,1.2019316695395432,,1.7241948844486137,-4.498518486998092,1
-0.08310557262869477,0.00878844263207182,,0.08178639978839179,-1.4253332873861806,1
-1.5047203740310022,0.05786404742675647,-2.4227230157094177,0.7574127870584636,-7.577949259694873,0
0.7600559636896026,-0.2655926332624114,0.5394676182927225,0.044822339382521725,2.057388052426104,0
0.08243975293450329,0.6844504776364279,-0.48574783041742536,0.3755523408959139,-0.5055895190846478,0
-1.4575514994649306,-0.4211988166129132,-1.3417274636594692,-0.6697658285478814,-5.499786125342462,0
-0.30920907704986345,0.9764313771980682,-0.6372264561701909,0.6126989739709284,-2.0419299831240254,0
-0.7521564055905832,-1.1321491407160067,-0.19634066852005738,-0.5233751297406489,-1.8172878101319636,0
0.31917451041918043,-1.0989162547281939,1.1211075440531133,-1.3014417312009703,3.1918512814171827,0
1.3404504460231446,0.6874267551265042,,0.28819035672668797,5.635088314425131,1
-1.8751724696457446,-0.0885442145830127,-2.6506855606374047,0.07134480598039733,-7.662270645218466,0
0.11502607914741717,-0.45389141615312834,0.8676240785869369,-0.50247496933938,2.577126263011527,0
-0.16013279556664034,0.8900577324754597,,1.0373419887630417,0.8624306183459836,1
0.6713400764504653,-0.6072614140860845,,0.3376455378608372,1.7747777014577282,1
0.21319662823768915,-0.20020125430036984,,0.25633414866406,1.4786325502439341,1
-0.7519693317388191,1.3992279500711593,,1.4127332272221125,-4.102621581661965,1
-0.31905393566661816,1.5391423458106503,-1.252176903091413,0.834930653707646,-3.2123181245158494,0
-0.796025856803489,1.5723982102703271,,1.3224169616660093,-3.7384862448496747,1
1.0760071385985983,-0.2821257769339113,,0.07339727433874027,5.889102554542373,1
0.02131164867194222,1.2307029049844702,,0.6451823851535621,-1.4080320446713732,1
1.9011906857530074,-0.948952827768678,,0.12153232039649897,6.408524459895717,1
-0.060660813814620775,-0.9069028747220608,-0.04358886714451467,-0.8996945934042865,-0.2361683180912534,0
-0.7084067669104628,-2.350455852624361,-0.9648938888943687,-2.3260316560196186,-3.5118846700118134,0
-1.5137143926128271,1.67286820189853,,1.339545605419541,-5.228818688606367,1
-1.803139676255945,-0.8639798490760783,-1.7670151091378437,-0.615610970688219,-6.631697514064359,0
-1.5841359430054898,-0.12653257974705998,-1.8652171139728533,-0.7055334830081761,-6.676603778421889,0
0.2671266510114834,-0.9103243419282839,-0.4439025975724821,0.17212195262244478,-0.07817423527400408,0
0.5087250232299338,0.6951652483301405,,1.353840900656146,2.28265162843015,1
-1.5811907020321334,-0.37563366071734017,-1.0445074108096473,0.1165145618811827,-5.3226435639470004,0
0.8950383140761154,-1.3048168904329494,1.329824573402826,-2.000031393327854,4.429707435274936,0
-0.4830610516834395,0.44166256418606065,-0.8879287853783453,0.544369199414936,-2.871245467828878,0
0.14679301198554937,-1.4337300248102285,,-0.8291868258032264,-0.9245046372102129,1
1.6122206282554243,-0.8374057253154913,,-0.5408530256366217,5.452094370586175,1
0.8968393158655319,-2.106889114626081,1.680735070763364,-2.607943666942968,5.000041556633436,0
-0.2685306479058323,-1.4239581121976068,0.05426839157394048,-1.7490049898519344,-0.07151960136710428,0
-0.8911922254152874,0.17852916972047786,-0.5392098870181706,-0.04743889928251743,-2.4401172776122735,0
-2.151815401329305,-1.9645360381029247,-1.7068869254365575,-2.2662549553472284,-6.853818617325028,0
-0.7191533192424201,-1.4811457246217157,-0.5087700379831269,-0.7167563067665621,-1.8901597080471606,0
-0.21113023882769438,-0.0023689161328080566,-0.15082596502090506,-0.9628754855444361,-0.6775412069554657,0
-0.9871795271511837,-0.5436068960930526,-0.6560260788271998,-0.2156473262636343,-1.8901442188182127,0
-0.13125696709230472,1.992036635959309,,1.3458849484950832,-0.7123609840561351,1
0.07685188295876821,1.8338965460243755,,1.3532708022988416,-1.6071892335058096,1
-0.22485598180807856,-0.8679224627511536,0.13664248550408306,-1.8727891461855122,-0.3027989773907774,0
-0.6500025808234597,0.5571376184034819,,0.2826104028240489,-1.013174838502969,1
0.16865467196672768,0.7492825568794511,,1.5046483826490578,0.12177502006274288,1
0.44194064956940904,-0.5974788580244031,0.8529013907773592,-0.46506673679201416,3.0742662604648996,0
-1.090399077442846,-1.4955415364982039,-0.2500162207487511,-2.0947223099977523,-2.3336984178445537,0
1.41093237974627,-0.012298449308057612,,0.4962753878815986,4.469200019060104,1
-0.09858813228426173,-0.17284567481411092,,0.4428064569702319,-1.693809468339756,1
0.018849622944847662,-0.4357644969706192,0.08035895970822547,-0.3837412564510764,0.31520673244161246,0
0.7082144232565574,0.44231686816448523,,1.4596914472407803,3.0801086678059963,1
0.23321613126350177,-0.7507296070055988,-0.07514892371469906,-0.3399475446932916,0.4690734015934057,0
0.9531366339132451,-1.151997547579143,,-0.8106712939328491,2.972206022625897,1
0.2871241652018242,0.10908297034983186,-0.5147405723131233,-0.2926063832333132,-0.9617969484465109,0
-0.6124373746404379,0.3859700925688759,,0.6996693353795462,-3.8994168346562166,1
0.36150352520610163,-1.176644943900053,0.371148965393073,-1.0682493050978064,0.8735519585378446,0
-1.1437262073206618,0.9280906109910811,,1.1880051123265944,-4.219297177001858,1
0.10855970577652314,-1.770481137776078,0.28033699429649117,-2.1127739473467435,0.908210977767738,0
-0.0332299906444608,-0.5781134587156433,0.9043827035972335,-0.51406401653615,2.099911005889099,0
-0.2081168572725397,-0.258008536197609,-0.15585983923462915,-0.6664392863050881,-0.07801321891974589,0
-0.12853751143893075,-0.6362237126519298,0.17054856372846647,-1.7097897626349456,0.4103921468221257,0
-1.881849045497639,-0.5650604735511925,-2.369615513304955,-0.06590818926200076,-8.539079715020788,0
-0.5487249077409615,1.871074482308114,,1.1198799914633555,-1.6812518073424854,1
0.09284490114111471,-0.8508840890388987,-0.17035053141422407,-0.7972908566476906,-0.2804807295463717,0
0.15985639199740037,2.441221722471914,,2.6077227871964337,0.7045581324557335,1
-1.0276751409259581,0.43712677973105185,-1.0820994534605386,0.6004082876625793,-3.2750024383718856,0
1.2657078408647005,0.09205513731199198,,-0.04948439948713311,5.484543766048869,1
-0.8661748482145006,0.4762403533876659,-1.5211631254020004,0.6118460910276526,-4.316234896193915,0
0.9694572005267368,2.5299277492519523,,2.7654112841445335,1.2287602487980687,1
0.42719436187168486,-0.993593003931448,0.32047801332772263,-0.6261105960554556,1.1542367000723717,0
-0.6462273098438029,-1.1204179189363894,-0.4119616813912409,-0.25369724924425796,-1.7498217576092803,0
1.7753108926095116,-0.7548661965719211,1.8514455805132617,-0.6377691208228184,6.928773589446666,0
-1.19363683175648,0.032143146964560894,-0.5775347130495244,0.06416756947341183,-2.9874801231257697,0
0.9191541736100015,-1.7257711248125733,1.1378405106998357,-2.1791356074876203,3.639305918422532,0
1.0005823180429783,0.02233923931860801,,0.24031240126827652,2.9213970789069696,1
-0.6706202090766449,1.693547133413672,,2.0272386849839563,-4.023703979012352,1
1.3924653000643288,0.1514073906247774,,0.055255798483963794,4.082289652615212,1
-0.2500465145989528,-0.2926854589752766,0.26393298652994623,-0.02037920688325806,1.0407196485570611,0
0.28869362927985703,-0.6181604486836274,0.09266973794629974,-0.7644185454582983,0.03018899255462848,0
0.2603218387712207,0.8985117045515645,,1.2340080305960264,0.6123365687131572,1
-0.1343087414705478,-0.8258327732380475,0.07637138568280646,-0.36953161622317576,0.323648794017451,0
0.8108082731597821,1.8463959205992475,,2.2957098539644902,2.337694929546257,1
0.793488720552213,1.9333597477143571,1.1051066688716218,1.9922819107850074,2.698696910072319,0
-1.7485319732381808,0.25675079866178757,-0.9299710782373278,-0.2632332771467381,-5.02909104795547,0
1.3043402428781525,-0.0115150880766451,1.2179335669314495,-0.31747161439755545,4.531298902916052,0
-1.6624919880356743,1.0306598082415594,-2.227024198951825,1.3282384701839236,-5.775576686075263,0
1.0325462043416573,1.094798502227325,,2.3192046550974386,4.170442078673167,1
1.1267051368275833,-0.8059917310594154,,-0.9763521168254563,1.5950353454717678,1
-1.0909664302151982,-0.526555133136702,-0.9225147982268902,-0.2986362939426321,-4.691043810814456,0
-0.4108142879545848,-1.3223474346832955,-0.1846770991302954,-1.6003737134229972,-0.9447542629818884,0
-1.1057046684859357,0.4090649383340571,-0.2678865215631546,-0.07791858379049327,-2.013181644031936,0
-0.21492103028873533,0.6666278834568907,-0.3119184265720479,0.32846995166820947,-1.1375659691186006,0
-0.30803428418574125,-1.349925637861273,-0.10379161511250617,-2.3911616262126087,-1.0949966517769218,0
0.7796605322693398,-0.4551989048161591,,0.22151862663771626,1.9471063907174826,1
1.3103087461196088,-1.3472539175813496,1.1320951858570694,-2.462319044038656,3.758522893946572,0
1.3956838107899563,-0.8987998102438378,0.6330910924588573,-1.0307139254441542,4.295932231507011,0
-0.5621680265783021,0.5510170602262995,-0.6595628372199199,-0.03804688744872775,-1.4040053155403847,0
-0.20922187374452778,-0.7334820666782794,-0.36187645050381023,-1.1756721743593816,-0.7086293958280317,0
-1.68343819222095,-0.30082595603229867,-1.533838309176502,0.3874353738370353,-5.547978622124771,0
-0.8058700664961886,-1.6273117279473155,-1.1176685066625085,-1.5267782329316195,-3.77422415637608,0
0.9648516330974576,0.1869902097246643,,-0.29570786986618597,3.449932474870743,1
1.6155828235482317,-0.04427331984464883,,-0.33903188609290424,6.140808394414783,1
-1.234348871879922,-0.7289592500331622,-1.4000985660296792,-1.111699860254205,-4.217393410660927,0
-0.5924642591528942,-0.18901429768247416,-0.5522830961713792,-0.21078713372191446,-1.89141644183387,0
-0.026405756958926992,0.1802948805034444,,0.2667407228972906,0.4100899600445631,1
0.28016115881960635,-0.8148681489093441,0.6607481783454258,0.13291923770493586,2.014543426610675,0
-0.8096035199216461,-1.4762625440017794,-0.8699250369865635,-2.4344129270006327,-2.7561165839121604,0
0.4240610444640897,1.8055744326868153,,1.788168275307839,1.6246099359970787,1
-0.47383934707091613,-0.6332727047102726,-0.5642430696145292,-0.7910565509775338,-1.5807313374230536,0
-0.014452270878279104,-0.09676010318688932,-0.37178432929877536,0.376514160671502,-0.3359713298632802,0
0.5462842480036996,1.0108397350203135,0.36632870122036376,1.1882487941095101,1.6327772992635314,0
0.0064222698109378164,3.529055187570484,,3.824236291627957,1.9265737458164616,1
-0.4363858905265686,-1.2444864498888657,-0.8927252708745022,-1.0719433568813244,-2.7141108170089314,0
-0.10960980392583083,0.4498272137265099,,-0.016168348915259867,-0.9959454503551965,1
-0.08836295920533539,-0.7075522852941063,-0.2821072908401806,-0.10191953704759982,-1.4993442417091305,0
-0.37001102988212803,-0.5387903045767108,-0.4935968360043278,-0.13953785226887638,-1.99818019023768,0
-0.25879606266710237,-0.7202120210067899,-0.4244157171062999,-0.2624471251444184,-1.7074522930043436,0
1.598647170504717,-1.125654967800585,,-0.4936298825470026,5.620832599995492,1
0.5609194479412387,-0.04129136178466144,-0.29416810275465843,0.16754618854131845,1.0341650717216868,0
-0.29548031802916036,-1.4745026870482356,0.22310541823684188,-0.7340064849894892,-0.07579061834694546,0
0.6969544045107356,0.9468075665118705,,1.135627352405191,3.192806660371927,1
-0.33381948975600995,0.055002936033374625,-0.9552552827875773,-0.0545263579789297,-2.2745799779532057,0
1.1731246375866413,0.42243497290144,,0.41913301765975763,2.6306494150220265,1
0.3696421921980939,-0.4661886119462232,-0.11889388087260666,-0.4781104960142814,0.028882799629281808,0
-0.10730214400422883,-0.3672039342117483,-0.2286353747177901,-0.6268995952570198,-0.7294850055709543,0
0.44771692581027733,0.2875639051673281,,1.1035083293524384,4.094201453139654,1
-1.5708761520684993,-1.1640506324058255,-1.2992476695813626,-1.0159029496539917,-4.386542139378091,0
-1.1267674689098053,-0.35799043441333583,-2.030562293500534,-0.3106211964968825,-5.079222943488548,0
-1.1939250063990554,-0.8596135138784541,-1.5387527588495273,-0.6654763864152373,-4.631101117450665,0
0.14294309476370676,-0.8905688105910143,0.11633687662721515,0.5993584477775591,1.0635430824309302,0
1.732514999485092,-2.1098382406256415,1.8593567766341403,-2.6757003349254713,6.406316550730413,0
2.2313001461926323,1.3393265894799997,,0.9168073336218618,6.408500027555379,1
0.6380511014407572,-0.6865387531537689,0.5705559874522265,-1.376824261877267,2.6875506703584,0
0.5008444749444569,1.1633760551635501,,1.0470764359458071,1.2791253623119574,1
-1.801057734152739,1.0687923213942923,-2.352937015453897,1.1915515430579724,-7.775225965090694,0
-0.5426737997340217,-1.2859997065164936,-0.41287597638454476,-1.5186609656870322,-1.1410521833079468,0
-0.7877837519082389,-1.0884112356728457,-0.4008451651868279,-1.3582746347487307,-2.0876122737461538,0
-0.620847598251116,2.560502959355684,,2.63170539266975,-1.4973370782793889,1
-0.16814381858478955,1.7509259419271435,,1.4998720295122947,0.4323851701869687,1
-0.4720905776971272,-0.03151851332810415,,0.12356940026331492,-2.1941026255026643,1
-1.9792998103757877,0.2573731064173494,-1.6220249296440348,0.8144902797886515,-6.018520306831606,0
0.7479102561175338,-0.6308464029471887,0.9024374751696778,-0.29233116804678555,3.2577101265510557,0
-1.0727430257398065,0.43235271420033994,-1.0057720842638,0.8728593877829411,-4.012130246773502,0
0.23924686411114954,-0.7171819007224715,-0.06659969673974953,-0.1742226949691117,0.41809618502832613,0
2.0740826697499735,-2.0323537642983847,1.8256446060792093,-1.8909396842390331,7.437149769414191,0
-0.9193845915864234,-1.321555786511051,-0.8824411235241464,-1.4008762995326016,-3.6221927062977333,0
-2.5302875227463297,0.021092747850587245,-1.310350289253579,-0.3650337875910106,-6.191177418211039,0
-0.2860042218801108,-1.1310672355025877,-0.13538298183441574,-1.3266563173204482,-1.1145061637791414,0
1.100959634998571,-0.06727746491353452,,-0.32912023125198175,3.752869062164912,1
1.9583474542205939,-1.0746610394328626,,-0.7088248761224067,6.5277794366775215,1
-1.2295495944524168,-0.7823539225019935,-1.4754329007805183,-0.6089626452048955,-4.972351363364211,0
0.4966992232365217,0.8531653064131918,1.5853459470110547,1.2015442377703422,5.0205550549723235,0
-0.46531045678005334,0.24748054764010466,,-0.3326878804099711,-1.4745305901075063,1
-0.10594835430413566,-0.009664421313347188,0.34748691300100687,0.7062103208071923,0.8895157871138948,0
2.6443433470170348,0.8789639730706512,,0.66547378731727,9.204578917141333,1
-1.5029703283951532,0.48060859334734735,-1.3723780577553388,-0.06939972768998398,-4.507248153500296,0
0.25373966149457344,1.4465632912513675,,1.2269544088404611,1.1820128856176493,1
0.4676931717654332,-0.4598592623151402,,0.7820237339786139,1.1623270505996044,1
1.0857863249393471,-0.4296349785275087,,-0.6234934117732924,3.350735675823609,1
0.09798315347089544,-1.3011092663913453,0.9274180006985604,-1.4636575021268081,1.8017426999521837,0
0.30805053950410216,-0.4289807173724197,0.8003469869520006,-0.5250330576872577,2.295167417882137,0
-0.3916485674217908,0.9647698943024456,0.003687591923573208,0.890459702586718,0.03574948293146307,0
0.26912694124510733,1.299987372262134,,0.9092493393615069,1.5183360435978364,1
-0.3431922754974105,0.960305168086668,,1.0319117096897332,-0.7688096261155242,1
0.6215718898560508,-1.7941918665494363,1.6304597964435832,-1.256394412450271,3.7829847797442704,0
-0.36961033604363397,1.0831452126607344,,1.240289870400088,-2.1432223791809584,1
0.37710039390218647,-1.8385186232720707,0.6657315775026462,-2.3941012727220636,2.2865798361188276,0
-0.029262813684978354,0.8981173241223475,,0.7259443716554932,-1.5661996739110606,1
1.1260502507721681,-0.3677845265710552,,-0.6435482266218701,3.1400048996877414,1
-0.05139372358848624,0.7025333139338557,,0.7290030480512562,-1.8740838414815058,1
-1.7730324682068814,-1.332448347894566,-1.1360006764488069,-0.6672225121134074,-5.024301819726031,0
1.2619215007139917,1.1711676327061467,,1.0967262346957052,2.4124819950692826,1
-0.9057323008626189,-1.464974746104889,-1.1068873122389802,-1.5090521805400843,-3.5719624073821588,0
-0.6537663386488198,-0.6684549108531777,-2.1506196399791313,0.22036749855653703,-5.267296908903787,0
-0.5956612940434921,-0.9980946277690352,-1.011305241784437,-0.5599916319332051,-2.812338285702401,0
1.3744380931708173,-1.754284852822499,1.1289636183048841,-1.4672442117692315,3.7013933121627662,0
-2.135674213978696,0.09452756758846836,-1.443238667081674,1.0735933752393563,-5.777528423080213,0
3.1377485336599946,1.8060891178369614,,2.050994745233968,10.751148749573522,1
1.0560568090660518,2.666905222320009,,1.673641651331248,2.393249517762702,1
0.22323891412915967,0.09715578708624777,,0.5134886660264281,1.3226925346803022,1
-0.05489400061628639,1.1166812750675223,,0.3206770465081973,-0.26190923094251756,1
0.28555407485765694,0.2320946379285372,,0.45809732221976107,0.8607797689401229,1
0.5211224283793385,0.49888319476821275,-0.08021332550665738,-0.3579885922964072,0.6206444724015657,0
0.6452155859500572,-0.34214865112723886,0.1502087289984877,-0.5755763563271986,0.8156127570338396,0
0.5556044660034485,0.19507692542260213,0.1430558160306863,0.013184660617666544,1.6222659912197344,0
0.08958068125524882,0.5374787046064285,,0.15241915099055192,0.7770074419107258,1
-0.1973384203073261,-0.5784597288763313,-0.1583955568169887,-0.7528857274719314,-0.6997055005408267,0
-0.1512732836535117,-0.07749429989298792,,0.43878656028728824,0.7754528124427856,1
-0.194908280352681,-0.05843011899748824,-0.0023806963837638417,-0.4154065750772649,-0.5868025599691489,0
1.1337700968670645,0.8264033173305246,,1.0989737570857951,1.105557147857278,1
0.5935567222808619,-1.0660321716276806,0.724877716216707,-1.5488569914313306,1.6399679014791186,0
-2.9403886346642802,-0.05154220860765155,-3.6653968127480465,-0.14629199680371613,-12.221180233598433,0
0.655900776529761,1.9120054690526975,,2.073925102216423,1.7597419892351105,1
0.19473619471877485,1.1640601525859375,,0.6657959442766577,0.020313452827316586,1
-0.018708756445897416,1.3491790488887052,,0.6933188324333603,0.0883182719153226,1
-0.38851845308888583,0.02443184017803416,-1.0760931491090373,0.2703709154674782,-2.884561552936064,0
1.1241127199860135,0.32099756368602317,,0.8825377633563426,3.9571199098499017,1
0.9475264621228578,1.0022361667029254,,0.9627036569592393,1.701590870067219,1
-0.7728776678236091,1.5602555295309308,-0.5945438641986857,1.3315990762525787,-2.5079864717418694,0
0.4070522871245351,-1.9516029128828867,1.5255378256553498,-1.8737652190386933,3.3316770754242038,0
-0.9716567345412859,-1.3154413070498456,-1.6363362640083179,-1.2877013476671555,-4.594663522484964,0
-1.3796181647889303,1.3094441014026479,-1.5218733169585414,1.4308953717582735,-5.098621847526273,0
-0.6267172245899651,-0.2768893557688036,-1.8884459058462002,-1.5410119059256608,-4.971924899496485,0
0.8623934723827588,-0.6717207892580773,0.7119258258976922,-1.206272934841059,3.3430163168789733,0
0.9531250453760867,-1.2541609869956039,1.2744836216918287,-1.6767760397140308,4.926946272690941,0
0.513085420097293,-0.5550167015441094,0.8734050357759267,-0.47958288728832815,3.099726804484493,0
0.7250957868479971,-1.4023692834238248,0.7637776519900454,-1.3094303416126916,2.894260990793784,0
0.5161782871149584,2.091094272732477,,2.409184517074495,3.0767722927932173,1
-0.6414815952229522,-0.02243605198057349,0.6315456727484436,0.10635482262464488,1.2290767115756265,0
0.43192254467394064,-0.05795054176271757,1.2880748883927402,-0.7083180769563853,3.604193251676103,0
0.8004095252276825,0.5880766751678316,,1.3115789839603615,1.9863194825876098,1
0.7542913298135745,0.9623451692665693,,1.5983043209777525,1.3850519312060465,1
1.188913371474643,0.9458881565546393,,0.3167895115411764,4.068167516619106,1
0.7083038472010638,1.0736219439075716,,1.2399745910946631,1.034722062568415,1
0.3514482075415829,-0.6308455507908564,0.5771219814738993,-0.9285577434123642,1.538950864938584,0
1.0701502383164274,-0.29786680495686124,0.47955346860167847,-0.22843481035658714,3.1145282067057307,0
-0.026521259249060073,0.7690316554422755,,1.2956867952632107,-1.0773932074868455,1
-0.8818746512277181,-0.52738906163962,-0.4628676239595629,0.5376630715208595,-2.873761497281,0
-0.16306696394376388,-0.005106632027225019,-0.2134149003523524,0.37053222054407997,-0.7596337734345144,0
-0.7449026448064491,0.398763764424814,-1.2180595561803473,0.5462311319798819,-3.376633281817516,0
-0.6751782749743815,0.7851850823103762,-0.08777124618153564,0.6152744981562276,-1.8671261272990969,0
-0.14451867071551783,-1.7776809623702012,-1.0840091430924315,-1.686613526864613,-2.44819091809111,0
-0.7924199209999613,0.7147456498889451,,1.394631596553102,-2.524380509833044,1
-0.3079615296390403,-0.23372405785172545,-0.32879154132970767,-0.2560784362315181,-1.085199648580834,0
-1.8936146669537857,0.707457710864381,-1.88566033775397,0.2644013851905559,-6.142198204123053,0
0.21329370737293857,0.7769316923548287,0.30354173541197915,-0.032913240403484534,0.6309669712158645,0
0.0012054753622242368,1.6079150611191575,,1.8644389948242828,0.20970055518268715,1
-0.8170886310681906,1.3534536476212031,-0.8347923505908661,1.4770977104350729,-2.4707807326414946,0
0.6592456684324051,1.3465716626102961,,1.0236175759791477,2.123934324697832,1
0.9375701376265584,1.4436703191662383,,1.9566773820198873,2.281108133146029,1
-1.6075598643689741,0.29137898481594593,-1.9133177653881515,0.0804905526221307,-6.638395785411158,0
-0.7627247785662142,0.0321850870368397,-0.3689531164027816,-0.0351369588755579,-1.0997027801261772,0
-0.7691423497872981,0.8728170831783343,-1.0924065895255555,0.8644850165293625,-3.8008043134667164,0
-0.9399031011088645,0.7320809514330224,-0.5165175466047424,0.5566045803639784,-1.9757253715097824,0
0.8294748419317485,-0.30906623673826017,,-0.19113370386347472,2.6830676804041405,1
-0.19382613877280352,0.40482340880826806,-0.4544535422008683,0.9805809817747686,-1.2012342209445075,0
-0.26451484131061076,-0.03509646678459442,0.04468876656145654,-0.6063374158438058,-0.16009841837131694,0
-2.0038623644067535,-0.853932908460056,-2.3675893267683126,-0.6096728392230516,-8.791462805396554,0
0.6354180302092264,1.2904607413763498,,1.3765400761795703,2.130788478746856,1
-1.2392583948534726,0.05519924253008922,-1.13289533425758,0.13208115730244235,-4.081511751401788,0
0.059932630266328335,2.0487082576988507,,2.484630542635896,-0.7487142650517117,1
0.27737693795819207,-1.6254922701998327,0.5416943456254717,-1.6008435575912534,1.9977447458255426,0
1.360658595838651,-0.5567787728433663,1.6339534586829703,-0.31666414189051484,4.505834370689855,0
-1.308820399119112,0.03263883669087142,,0.390571151476445,-3.1407242629779413,1
-3.0195121558208253,1.137381097628914,-2.5364386496161773,0.8851984974386107,-10.290256143165756,0
0.18384954475369486,0.39946937260218507,,0.5490611030090842,0.9586949302920005,1
1.8005111815108537,0.31047275418075143,,0.18507895057543547,4.642009301960243,1
1.2389463529394373,-1.127263792554147,2.4632398470264656,-1.193604682414095,7.736114163697686,0
0.20965941527462578,-1.1569413972294713,-0.49214869026127933,-1.3179720954686371,-1.339554339095638,0
-0.49163618563204736,0.3225046602899047,-0.017004598490892864,0.5580448623383478,-0.8324933231143685,0
0.8071225966373103,-1.3641059938183584,1.0227645050804595,-1.3232836393092315,2.392794831106808,0
-0.9735461997044687,-0.5318777502893286,-1.5606173859450259,-0.3346057331309914,-3.78176901041146,0
0.4763577693562191,0.5009173290858575,0.4142072999169698,0.4921586476379833,1.7435924619568708,0
0.5054701591666267,-0.9823242722767759,0.4660937160443067,-1.7843847785119382,1.7588792156378874,0
1.0602099074988798,1.6053559623618066,,1.6210401704116608,5.753473861702465,1
2.7596600389110777,1.22393634423789,,1.2557053218162986,9.019210456619867,1
0.39241596717876703,-1.5714199983383004,0.2614434639665901,-1.4501220297615702,1.2212965567718694,0
-0.5089636257074988,-0.9323712431819872,-1.6769984282181303,-1.2292358400248582,-4.051579650964933,0
-0.025574312191994436,-2.28577724449495,0.8418070843697941,-2.883512102827706,1.9270698631731562,0
-1.7690759048891183,-0.7825913625481332,-2.304310026399154,-0.47028804010099423,-7.508454602092617,0
-0.6947131310890582,0.7663884765723994,,0.6295851983053149,-2.211728748254195,1
-0.409282438113104,-0.4138949422748569,,-0.328272918432359,-1.1287290488890047,1
-0.5240883979345925,0.46079724361596747,,0.3200672036718196,-1.7936238837754725,1
0.152354872033722,-1.5223343182817441,0.5572858644691596,-1.5253652311685415,1.2859820799378394,0
-0.8224199323822006,0.7979752545819053,0.013211297769616714,0.5733325806140012,-1.9074684985494235,0
1.1210306673244714,-0.5551092279283498,1.2467775022954672,-1.0391510225052638,4.924126147845939,0
0.0002070649181973595,0.012169682282905197,0.3277460737334603,0.24903551266723375,0.32507568986883134,0
-0.009300321138626349,-0.09287450139305273,0.15514544722489407,-0.3944345455061128,0.7899590319514771,0
-0.32789471651291785,-1.2715485208922839,0.18087099545239532,-1.1895727804448786,-0.042223258020543455,0
0.15519068385897913,-1.1530843317397823,-0.07626750588418443,-0.9478542207887434,-0.5664742473448353,0
0.8250982646676346,0.967794469003426,,0.6743881112018852,4.5893722195184425,1
-0.8671302157109002,0.3989921575016956,-0.31188028288720826,-0.20295065968479686,-1.797185566140997,0
-0.6581164890752567,1.0500490415534267,,2.263091848479953,-0.5531980247119673,1
-0.30372602877666466,0.3246582355025183,-0.6337999624449027,0.060772297529805286,-1.8143933184227616,0
-1.345870923473215,0.14299063480921648,-1.4300397405918104,0.4546992141097957,-4.526860251409915,0
-0.8192578597214978,-1.7260106186667665,-0.6995243653312804,-0.7562788438817045,-3.509199075917314,0
-0.47622087354465886,-0.27036669676116976,-1.1616418959591617,0.12458717666577684,-3.28772303403219,0
0.8743891807127272,-0.027384320403744018,1.6718492847557345,-0.1776057248175198,4.018785674464924,0
0.2625613290019253,1.953107198272574,,1.9195490045050183,0.7192961929853668,1
0.19358991136754458,0.6869566320986773,0.3355538551699054,0.27065302222925314,1.1973984471442,0
0.8508979621679722,1.5360611817095284,,1.9769093951883996,2.098848384033627,1
-0.13737178839939665,0.5975377058947282,,0.8806730599240724,-1.3757577719455203,1
0.3904648499288896,-0.7113032269494793,0.08844990719150408,-0.9685161360803509,0.33429076750133685,0
-0.10322175293249623,0.11712421614985134,0.00638034088429798,-0.40396318739937087,0.30054635919484085,0
0.26536234939962844,0.23622364626423303,0.6020767557764752,-0.42439322256761275,2.257075618589411,0
-0.5827586576115821,-0.9391555697706817,-0.501862887310222,-0.4458985678685813,-1.3711006934923242,0
-2.438817158276429,-0.38438737659292116,-2.2654551501554536,-0.3242008121151409,-8.361230563640436,0
-0.13427916218630415,-0.205766993677172,-0.3027923495269926,-0.09827472551079641,-1.8697302413055128,0
1.42274813609994,1.605619832565118,,1.1941455196339394,5.766950540963893,1
0.9262154022415922,-2.0807405253909783,1.6676318354345459,-2.8124920770431814,4.661969416873828,0
0.9653974845911707,1.2058184207160432,,1.6871252080718593,3.594484168444408,1
1.2361307218062179,-0.9367952349593828,,-0.9157757164607674,4.857859882139499,1
0.08865759096143765,-1.372079187269614,0.23566579061475318,-0.9184618572408039,1.3215306258940636,0
0.19731570740559606,1.179942130038464,-0.5542618273942048,0.986975566780682,-1.3812201939850928,0
-0.6176518954343502,0.731898069234381,-1.1399851607499718,0.6134891477159519,-2.972293576840863,0
-0.31607285602704976,1.25451870238119,,1.611167790691506,-0.542400107612129,1
0.6157711497711416,0.8007019475455768,0.6103016237910986,1.166875987370839,1.9655661399072937,0
1.2038844371688162,2.059845001737402,,2.458627813080379,4.975704760220208,1
-0.13944627568099954,0.5587238369444854,,0.4111232103931374,2.0044840824100083,1
-0.4501892648514116,-0.15647737612315848,-0.08717126523674473,0.15079624270227532,-0.997612179693706,0
0.0005279588565972929,0.34292637732134257,,0.897476110059702,1.1391435877023615,1
0.6012067489291151,1.2434691283459636,,1.1910831225051963,2.509937463217733,1
-1.4438548161335418,-0.779375325260117,-1.8474626548757618,-1.0361195071471438,-5.401586123234336,0
-2.296180953137238,-0.6518885825313808,-2.3251140327444086,0.019485219127002074,-8.158353098768993,0
-0.5505368494915835,-0.3089600145979074,-0.9529127563511525,-0.6361828813735609,-2.884317654986505,0
-1.2207124259141586,-2.1045827987653323,-0.4415649475279346,-1.7898445502080937,-3.823021794286987,0
-0.5081401976473109,0.13807840841754682,-0.11294465937957604,0.10886725315761614,-1.377104071413395,0
-0.14778031881747153,-1.8861287039510257,0.11247592949666832,-2.806911512193306,-0.5663744552666459,0
-0.4532484090230134,0.053059312932619035,,0.6173563466719091,-0.008113731196497886,1
1.4524675344707454,0.8652897561352498,,-0.5136370586384341,2.9416284818239626,1
0.32674476460232005,-0.47687646064383565,0.62081374027365,-1.46894049402264,1.5902338246813161,0
0.30047435961082836,1.677115870186871,,1.9407809099272066,-0.2635136574779644,1
0.6222071440434019,-1.4605008994184878,0.6185792948105714,-1.1969653000794302,1.735381070623546,0
-1.1388331177807691,1.1912606816318325,-1.2946869140143764,0.8724707526930646,-3.5209999113555295,0
1.0391117874202687,0.6751370564069207,,0.7490481015585431,4.947724823916193,1
-0.07576428653545988,-1.7160332483106886,0.03832935794501782,-2.9817482711996908,0.7720656776106898,0
0.6704806172412126,2.7107942990405327,,3.0642820312758325,4.033507949575478,1
-1.0718572330401555,-0.06374528550396617,-1.3728058135064622,0.061117458022832374,-4.368136534084126,0
-1.5537587660160643,-0.8774840221556317,-1.1992015711994224,-0.9003054488225294,-3.921676639919499,0
0.8178896580250286,-1.407087194784017,0.8990012664744446,-1.396666453715131,2.684353602029942,0
0.3764095260975166,-0.22001802765967404,,0.026609060436841886,-0.7534614182467507,1
-0.9020515543575104,-0.12740687238995974,-1.3613597836190268,-0.14185763413889022,-4.376552656159249,0
-0.8696630812746944,0.1026455285396643,-0.9446020980357785,-0.8343822228259457,-2.9322631845264495,0
1.1254347844147694,-0.29779615622395983,,0.8003699610373013,4.670261598649585,1
-1.1894118928673278,0.6332253101150935,-0.9575503640887706,1.2336257198293192,-3.776905061587532,0
1.6426729532559634,-0.38762983266324635,,-1.0301021636406604,3.780926865572769,1
-0.9006207346478687,-1.934964117240471,-0.9707788486714486,-2.107532732478766,-3.051939966600578,0
0.638391925608383,-0.1493614956496412,1.6472951500048982,-0.2673785907276616,3.493626504830816,0
-0.3286184757489846,-2.367477653373278,-0.2730068083285557,-1.8280528701187966,-1.5050218577132692,0
0.6031874310823431,0.3537706308913895,0.43952464354614534,-0.7258638367684944,2.392414001164127,0
-0.5441140021141926,-0.9793002302826354,-0.29824418173608236,-1.22880436249753,-0.8225002081503984,0
-0.1627929060722942,0.16336035491580048,0.2189036337186908,-0.7169578667529514,0.38077445310218916,0
0.04091917539572113,1.3140749815246042,-0.18716499834430841,1.171527223610435,-0.17511944272741992,0
-1.0021874557814727,-0.9487486952680001,-0.7509000685957542,-1.1849991418104522,-3.270561144440847,0
0.7408243454201257,1.061256258512118,,1.101103292203474,1.8775438804285298,1
-0.5132135664715851,-0.4333895666861532,-0.15354976555686595,-0.7358267661907449,-1.2580407296997993,0
-0.22859991534001858,1.7531948020655854,,1.3776831063703234,-1.3872336329499402,1
-0.9943493746085122,-0.36515261319821335,-0.7533654610820661,-0.05532426731663942,-2.8720307066000688,0
-2.5623336587953105,-0.8404929855066914,-2.9419254318790626,-0.6131566150354012,-9.702935789546887,0
-0.19102776260016902,0.6872384503952884,,0.9629376217844094,-1.9565941865285839,1
2.412615421612916,-0.43578972962363594,,-0.5242397748690573,10.17399223972528,1
0.7846042878980238,-0.8414495141290085,0.744906097205277,-1.1273188052416034,2.970175481401114,0
-0.01926037973439464,-0.47783985070379115,0.12325699131528613,-0.5372660917141766,0.5635443150334085,0
-0.2628908292082677,-0.04460653218300141,-0.41608854275152746,0.20597450285122476,-1.470183292335039,0
0.02246589281204638,1.342180131244854,0.4718292798188682,0.25379028075892984,0.9766923598426442,0
0.54711911517521,-1.934087745459577,0.2432141251603812,-1.737031780274148,1.6207932581772884,0
-1.1808128153088449,0.023080658950420684,-1.2486134352592864,0.17764975261781965,-4.192054909931723,0
1.114321694668872,0.6249035946540432,,0.6559790476969067,5.4870691364291195,1
0.7153813154412441,0.1934485749917961,,0.11879186405595853,3.5749085185002447,1
0.7181857257079345,1.3098651694335341,,0.026805476467327338,1.7376104828330319,1
0.4384757388097273,-0.07434532975852405,1.4183177297876688,-0.294271961308727,3.8114755060256416,0
0.019616657693989903,-0.18455144218594463,,0.710167913352742,-0.25042364052067495,1
0.6728612359668197,0.5923295470133433,,0.5987801947974961,1.7742345302291873,1
0.5918141337413779,0.09931381495134962,0.7763401580363619,-0.054331104386009424,1.7900456163887992,0
-0.3540407109410238,-0.390408738280471,-0.5455403181827527,-0.3819556404854147,-1.3028493697477659,0
-0.573601772896901,0.5161440395863797,-0.35656752930531244,0.6935304739003839,-1.8976744950423077,0
0.1018562952619867,-0.6525282932166449,0.08042817143181769,-0.3231181708719127,0.551932859248312,0
1.5490201514951873,-0.6111771520193268,1.5861569965902598,-0.7256172335982977,5.94951569345381,0
-1.2391070756539009,-0.5279940217656136,-1.6949037639469737,-0.3155342205687718,-5.17175754362284,0
-1.46752526575244,1.3530691601664073,,2.191394561547087,-4.74608767523752,1
0.16476084123651674,-3.2210163559857135,-0.41330284233899933,-2.717890956269356,-1.0278520450767994,0
0.05088770185601806,0.39559883476294233,,1.5657489426914317,-1.294987509425823,1
0.1733416643704082,0.034271814200222225,,-0.29411336497563595,0.026552727645028362,1
0.24395319790850026,-1.6808704592381203,1.045375321497485,-0.8427757054871127,3.020419369223685,0
-0.22320225463480511,0.3097267791360022,-0.3994988031670087,-0.08561004082529527,-1.0787471954080605,0
1.4898634386020821,0.475751991831532,,0.6525350652017637,5.347735335216756,1
-1.6009039784765156,0.5896392313574,-1.064233890044743,0.9558774959764498,-3.8019863190750813,0
-0.828497024780246,-2.651828063044949,-0.42115480613321143,-2.9072166589971853,-2.435719199505874,0
-0.10325476014904737,1.3663894118544384,,1.4103715505915762,-0.5473137051579114,1
-1.643188811154167,-0.7377367046848409,-2.1887121697512044,-0.2825061534589204,-7.254842828831761,0
-0.17585440443207115,0.6865677467531761,-1.2796281872677486,0.3314322975972221,-3.8321680578481176,0
1.661470165728018,0.741073780682286,,1.57576551045611,4.87008480116004,1
0.020886488295961788,-0.8766970856192929,0.6099301725770491,-1.5689953979829674,1.0269448621648254,0
0.23070090571868349,0.6604599523515503,,1.6303056737157424,0.13243562085648192,1
-1.2601647651725802,-0.38549324091235826,-0.9100598414131975,0.11516982648743779,-3.537100257175643,0
-0.6163614080394775,-2.0713771793381577,-1.0914376730654136,-2.116239967502047,-3.037314895104421,0
-0.375196380323937,1.167741925527779,,0.9664078199094133,-2.2121285661193824,1
-0.31771509675623405,-0.7750449630162398,0.036180710321274956,-1.0285590944117518,0.2308318493482463,0
1.2816437950037687,-0.8544934627380543,,-0.9223912828665617,3.9380976939225407,1
0.5576910607251245,-0.4030658680367221,0.6429334010735815,-0.42731379881113524,2.06269455828877,0
-1.111457956937032,0.2722367253273881,-1.3190036252996964,0.8998498486446789,-3.7389826310104928,0
0.24650477843200488,-0.05727041082210227,,0.9270566393701897,2.191663745234331,1
0.49822174849678513,0.5480669247071704,,0.6477568850341743,2.5563884120279807,1
1.1401490385212665,-1.3394893665286587,1.1684028757359002,-1.762303610523361,3.9234860609020563,0
1.5805406865683735,-0.7423863704307346,,-1.0152493907488316,6.588504082739187,1
-1.0150941918278686,-0.11599707232153356,-0.6839411206437176,-0.2075424646271758,-2.3960620704582016,0
-0.8108575112103382,1.8978872926587056,,1.382826240010318,-4.2108803768976815,1
-1.2575778589146163,-0.11381253841375806,-1.3005098093134972,-0.7032832394674474,-3.513758037666778,0
-0.23401985910698123,1.0852222636616315,,2.133785869848145,-0.8809685193568129,1
0.4663583744463342,0.03855516878431771,,0.18986193175744476,1.182131755337589,1
0.9873345165891019,-0.4836586374375685,2.249589154892849,-0.9002252042777419,5.364245807591046,0
-0.07595102364252276,-0.24672442411444054,,0.1615773610644158,-0.5337791020658627,1
-0.31984752325484395,-0.16841971202888115,-1.3377988083072319,-0.7575927744323039,-3.0851874481363084,0
0.15175799224874037,0.6036457389607386,-0.11964149360974219,0.05563971502521181,-0.014842158876267383,0
-0.835142901630023,1.3746112675765545,,0.973090067044432,-5.473333329955486,1
2.0895387216947734,0.3596808476863211,,1.1869374881188377,6.805359375607916,1
-1.6076610271180587,1.1870776787417554,-2.6013161419812727,1.0606376458525684,-8.298091517685304,0
0.18474057889572446,-0.9647897376296856,-0.2510546566384896,-2.185643231080929,0.0696524580386938,0
2.0236062192296393,-0.4146305088140307,,0.1904024577737659,5.534603604613261,1
0.006799844559997769,-0.7243025342076669,0.19887993354373654,-0.8774932162888456,0.2187583809687459,0
-0.19003903500149447,0.31444459087485244,-0.18976935368705514,-0.6102594120643504,-1.3086526249101156,0
-0.3574454228104272,-0.3589583851794136,,-0.5173001291611184,-1.0981744724491467,1
-0.18039168176240783,0.7297729370341954,-0.23266737604667104,0.990274885336647,-0.9432862154101173,0
1.3728484746765302,-0.9310017116324415,0.6756995995743212,-0.7289771283659569,3.569535261768236,0
-2.211861911329507,0.04303097332128144,-1.9551012267021393,0.942238462903691,-7.144486331340058,0
1.5334337012963255,0.6868579110122561,,0.2604739797272909,7.685272565846263,1
-1.423957152450145,-2.0653027750406103,-1.2193508631468717,-2.0419427149081244,-4.816925726721492,0
-0.2666523292344148,2.1216313073302038,,1.7718466680409928,-2.2894135027362648,1
-0.42924442029866183,-0.2831518848798757,-1.1432780083513843,-1.0542483319734872,-2.4348762088517413,0
0.5885532697707198,-2.025039913676173,0.13451978439073714,-1.5822762275231956,0.6838532169134638,0
-1.5981243518837476,0.15809389857678602,-1.3716045235977181,0.3897286831505461,-5.693854101528686,0
0.46217266608194285,0.03344346797315094,0.9987316794816302,0.1752826928225773,2.669164085529299,0
2.0243096232868525,-0.081894379572493,,0.13150071705682925,7.497085112703218,1
-1.3631740045928105,0.9911911129266663,-0.9632303597398189,0.6484546865824563,-4.236639929226195,0
0.18970616761039566,0.7474449714270557,0.5435452896240172,0.244597427767959,1.1023034899295643,0
-0.6619821777966091,0.29787619102384505,-0.40871498210365026,0.3166998771085252,-2.005916389784992,0
0.42588720619303577,0.45015563394664765,,1.0307613351524547,1.540401801910941,1
0.01914777741575206,-0.10435844943808653,,0.6996801182886869,0.23960168915121854,1
-0.6414869090443096,1.7754908492400483,,2.1732072026437645,-3.57756340526812,1
0.487872284871074,-1.4791960183577666,0.49658676135012486,-1.4646088049737187,1.2460902715553772,0
1.804348109786743,0.13965167421589658,,0.27454363891586464,6.520639825529328,1
-0.19090379172729868,0.06502463118878012,0.6484881119661288,0.07082156085146583,1.1295495033553131,0
0.7197579421481819,0.813280406064593,,0.30030873621487886,1.4514109041340997,1
-1.2932729578711637,-0.8438538774248993,-1.052519142375511,-0.8315301883196278,-3.9828684196341593,0
-0.9564363768180087,-1.743672602396536,-0.21581808100621136,-2.4110860111907826,-2.2872274026979804,0
0.47240627788037737,0.15682301609819319,0.8518301607997756,0.09478440304667339,2.200299088639726,0
1.484116028535965,0.28123049221860413,,1.0992830475167636,6.3943054836332305,1
0.35561334878566,1.489599409447649,,1.9010290208393248,1.2592956423910744,1
-0.31305803052315434,-1.2703620463250862,0.33610921436455404,-1.7319216384433511,-0.030245313594354672,0
-0.0007085945766459172,1.15469376671672,,1.1184792318955785,-0.7912268201899525,1
-1.2504077339697175,2.3674143640271215,,1.9502262081497526,-5.324713021546669,1
0.6045153263553668,-0.3777648875224771,0.6013482561227388,-0.4090217716110821,2.0130118162328365,0
0.8823330623234091,-1.290942219493224,-0.19824798946244582,-0.7703883112309425,0.7214002092748141,0
-0.45209033283308037,-0.40697436637337114,0.16323256925592527,-0.08047039721841925,-1.01272933145964,0
-0.4700421477595015,0.014004967371380734,,1.2560770077440486,-0.16161236029926662,1
0.2658782296520485,0.5637878750069146,,1.1600265762607003,1.1566130912710382,1
-0.4367197360405955,-0.5913947298380474,-0.6221050343708503,-0.4893945392992017,-0.6167126435027481,0
-0.06613261462582246,1.555198534147342,,1.8937735212139886,-0.11058853458202686,1
2.0997217891665154,-1.1145323150080617,,-1.2157539020997297,7.375607086700433,1
-0.24702570074599667,-1.7392051521728,-0.18343874114885397,-2.3029572757160484,-1.1973213399921567,0
-0.3583401520212223,1.1067104242873174,,1.7595987134310778,-1.6353868820675497,1
-0.6475418056351594,-2.2746210312061996,-0.7338549821393985,-1.7701252927403757,-2.350543047861619,0
0.7441919714999368,-0.2041297688727162,1.2157886232388337,-0.3246568761696983,4.723034763804724,0
-0.181224173218103,3.1176811292080484,,3.2546489976737174,0.4470692856903993,1
-0.649373038321426,-0.0120435529599315,,0.6084260407324716,-2.3214869454407276,1
1.321304032273012,-1.1207676506962496,1.9888603661750608,-0.6975919375932396,6.082478189288598,0
1.4196030045136372,-0.057397463786793744,0.7404745114523937,-0.7889480894116432,3.790115109815404,0
-0.6004235657387051,-0.05080078861953355,-0.6465064711494434,0.07100922212537858,-3.405521950045933,0
-1.8665399513606162,0.16064994035311653,-1.3830812508228822,0.07683417760893452,-5.1847171383046895,0
1.0075136898369221,0.6622629821596197,,1.21876333172896,2.513554524729175,1
-0.684629825760004,-1.0391111683677392,-0.5298520023764283,-0.5235897989764086,-2.4375124166908058,0
0.7906255991627686,1.6875480552367936,,2.346851969325816,3.1489007175444343,1
-1.9701038177118357,0.24511428437261784,-2.4003657517024553,-0.31383288498748596,-7.934389474698172,0
0.8925973382993093,0.7267940464018038,,0.3347382793736844,2.6927951684677165,1
-1.2111719292807812,-0.6281493997556425,-1.2894238443853863,-0.07110818168792321,-4.388669546603956,0
0.7307641190665245,1.2863821369955335,,0.9905592293243106,1.7267977667965164,1
0.014273067836434108,-0.2570524088130647,1.1651104938618213,-1.0177688992702185,2.401792067356367,0
-0.953939419396645,0.2775525134935317,-1.3354925961193829,0.5438507573005644,-4.8454832286087495,0
-0.4070363129267805,-0.9331060771871093,0.09542883410716113,-1.2067152973200956,-0.5267256864918572,0
0.6863184569567008,-0.9969316264021268,0.4899179485161298,-0.10203624124792654,1.4611657876241848,0
0.10589445311523427,0.6882053064528826,-0.43742364132740663,0.8362975834471144,-1.036730262230895,0
0.5844129804724844,-0.44360683020738584,,-0.36347718688655306,2.219959096325529,1
1.9764405845154855,-0.8538230875043771,2.300987276709236,-1.0384450333122557,6.764636622814222,0
-1.5642416117110514,-0.6431833420270304,-1.103986824178212,0.15223432493645528,-4.96553975455907,0
1.617212574968624,0.6989530717174212,,0.8782303016623315,7.50699131546342,1
0.10435593752321293,-0.6290378612036109,1.5769790824907628,-0.8332876202817141,2.603903150333444,0
-0.8987840483231282,-0.11765493160216407,-0.7735269464453296,-0.5146967849048876,-2.006296395235948,0
-1.3303136257389898,0.015027750287097009,-1.6618597126516836,-0.02170877699501193,-4.716985885846529,0
-0.1891203907770335,-1.917348886010299,0.03731677262041211,-2.406172304587702,-0.4563105831508656,0
0.9216501119244593,-1.471126405373518,0.7885436367212135,-0.956687684534046,2.5659575974365842,0
-0.12754912037753421,0.3362778892475625,0.33543394454858066,-0.5678931377645545,0.5805141601986009,0
1.5111549302473475,-0.7370293611526971,,-0.8067863753192326,3.268146830986415,1
-1.4511756900515589,1.0567249112804185,,1.3617916838243858,-3.711851735196235,1
-0.01208894784605456,0.9668071042505444,,1.137866814305373,0.5840692152880386,1
-1.252393444413119,0.7191686663554372,-2.0943954533112015,0.3605271798476027,-6.134405456493178,0
0.3636318826249679,1.8197717873125976,,2.149901140665872,0.6108962990491807,1
0.8868873900973003,-0.08308932774318312,1.2949279121542698,-0.5261090219361368,3.612816601395548,0
-0.42076179368105326,0.6488819259038391,,0.6376895976554341,0.3406511430252419,1
-2.6042138566271342,-0.5844009765960311,-3.2403326702431157,-0.25848019060585337,-11.134555954668874,0
0.19894814679649453,2.4523699128687237,,2.68382630261528,0.8402132967416301,1
0.4367385517335093,1.9836336524360194,-0.5369313845974524,1.6461141467262854,-0.1754369635222351,0
0.4042947549616974,0.01188043451779194,,0.6106276927999736,0.7448720840763245,1
1.235782191822154,0.3865862299051922,,0.42993351564795923,4.837124287382087,1
-1.0710536796490489,1.3592975993648058,,1.7307953048343814,-4.23852621277107,1
0.6802161054504494,-0.14713950481410695,-0.07324504411855737,0.6174109985225167,0.34707275978054364,0
1.192507512477975,-0.6566240707997048,,-0.09786379641240128,4.253448876090128,1
-1.7785875840065168,0.8739897510068825,-2.080947017324256,1.4340544541724043,-7.179703690487166,0
0.31965182591897723,0.07843924608367009,0.634431008951895,0.1747792110084062,1.317507905095886,0
-0.5041798310076715,0.1829944496452604,-0.9468430471167018,0.5799620101005152,-3.7011085364173812,0
-0.08152267310164589,-0.8342713430679655,-0.46784111792819605,-0.7274730557858075,-0.9881846690981924,0
0.34767648353833636,-1.7176721483633963,-0.6628246768997854,-2.322334382252603,-1.4277296245485307,0
-0.4872285641135523,0.23614240987910107,,0.38751430613162224,-1.61947636511121,1
-0.6757080791616118,0.9049620414941998,-0.7561605482999112,1.0331425333634325,-2.781935664516523,0
0.0341524174880246,-0.22580674907604184,,0.06605793168486776,-1.1721052388819264,1
-1.0872459388628024,1.4364295195588668,-0.9903465819792564,1.372431031952169,-3.6863997592593467,0
-1.0858251288851855,-0.7039163254155445,-0.5722899785631159,-1.08464410379747,-2.6765035249948785,0
0.6793732829565033,-1.05470445496592,0.5715893112470284,-0.7264514133783064,1.7983588961830903,0
-1.148794035158656,-0.06723030719613125,-1.0147105602476691,-0.7238664508222552,-3.131263933596638,0
0.6663125009092119,-0.08259257535129046,,0.6468169925769441,1.6817049723396176,1
0.4625912928539512,0.7699687313352226,,0.6542597007327264,0.3014441385462542,1
-1.7258067287905967,-0.7749628240639848,-0.6975138184367988,-0.6521987380359007,-3.5656222418540593,0
-0.6775646523356551,1.368094236814898,,1.647373313455684,-2.6039398367957745,1
1.1941094030473725,1.9669169625082537,,2.262260984930349,4.348081324261776,1
-0.9811655311396816,-0.03914402696834188,-0.5965578925251569,-0.7436361769442092,-3.0689868282538484,0
-0.46440426230938764,1.2497104201843185,,1.6617537104564504,-2.2684063248619104,1
0.4620608932518965,-1.05649707062526,,-0.9049201564371234,2.523621966773467,1
0.7833905092825955,1.075221541181916,,0.7575908489026115,2.617724140047719,1
-0.2515388860444957,1.0472764085594626,-0.9603587646581987,0.6724429330865056,-2.170464314321416,0
-0.5975101946916416,0.8634372801898786,-0.7636465453166856,0.6964107391614559,-2.291407675632856,0
1.4223698616985077,-0.015563088870293978,,-0.6649339321755398,5.5499403477084,1
1.7388996637975789,-2.954248941242031,1.5080271431245154,-2.0931152457485185,5.781029411846251,0
0.9788580507817954,-0.6417271436521294,,0.10134851891954277,1.7164279925244146,1
0.08531814256502405,-0.625916017684602,0.6485350009380391,-0.4000659171966324,0.6949720846904147,0
-0.8082657216409264,-0.9782549380604774,-0.007269394334219914,-1.0899541462315228,-1.3648637284487022,0
-0.8304444065565653,0.12224300454706621,-0.3414429185573609,0.02368901057836853,-1.9880953681632287,0
0.5225141052657575,-0.41896344552123466,,-0.03993059243425051,1.993978828882016,1
0.4183982208886837,-0.8246120097650219,,0.05430143998595338,0.7628318559557302,1
1.4015985929464294,-1.0588001482478198,,-1.3439985180461913,4.4180145117402425,1
0.6504500925361393,-0.7155129854852287,0.2611565691302835,-1.2743060067968908,1.2318104419316884,0
-1.5030803017598182,1.1214992118499283,-1.1810478402812068,1.8953195986475637,-4.1324042403492225,0
1.0519476177229186,-0.6610250546274942,1.1654791442949934,-1.55459434841972,3.129701492814105,0
-0.9980606273144129,-0.5149387064332724,-1.0366714831136257,-1.0192041105595955,-3.2319924971222624,0
-0.3839712719523516,-0.45669761502324635,0.2636030001453199,-0.5801265612786727,0.4081939631250889,0
0.2502002062516945,0.33899351380941967,0.452670883159366,-0.44122322009309556,1.758890313617042,0
1.9956674897839644,0.4562494885285329,,1.012324019931832,5.3632503843961015,1
3.109918556005361,-3.0446565392431624,2.7694641414375134,-2.616203903990612,10.361082514811761,0
0.6067230591361827,1.0216352138276081,0.9477197087632555,0.7342386002199496,2.4711469469700273,0
-0.18319661872038787,1.436368034243754,0.3376698076069107,2.076175093832628,-0.30252653385821104,0
0.5345056484805503,-1.0501865373616694,0.810345764608535,-0.32554032315975634,2.2155161394510414,0
0.8876554258738361,-0.9722982447348347,1.8360997998098767,-1.0288835688798665,4.551193742480103,0
-0.3206676255571917,-0.45025338777827145,0.49683595730851776,-0.6755874765622751,0.9730457103631828,0
1.7952113559123222,-0.7560040194566048,,0.3737969944146343,6.980807252050675,1
0.23007075919140207,0.22392687394660638,-0.18921957054934907,0.5845077849886839,-0.6095552363660288,0
0.49774308909139425,-1.9465252863588642,-0.15725066677448957,-1.8183629598744375,0.0700026431726477,0
0.6659242520544614,-1.1179276080367397,0.472233379547104,-0.4361546347169335,1.7530044243675882,0
0.4215866106144557,1.5391972001749075,,1.6901625176764181,2.1925640099078034,1
0.8389405004696124,-0.9282199673480178,1.7522640401255813,-1.1810302603076122,5.266127968357472,0
-0.6172531865469234,1.2434282781029249,-0.40852966934152346,1.2835081583467016,-1.3975479552631154,0
-0.5583017539460305,0.35533819559013696,0.026059643169587754,0.8746653392500046,-0.7596373600924502,0
-1.100154232971695,-1.8092677145882583,-1.222807976065596,-2.805360497762865,-4.2261717265361955,0
0.4395012306202264,0.6353291952162062,,0.49131382549659575,1.2743464150946062,1
0.7789365035121141,-0.11766730219285336,,0.5738613970979491,4.195633404832599,1
0.4577728661518858,-0.4554670562497405,-0.5320242717743784,-0.7114012567964993,-0.6009375432537567,0
1.6744924333475373,0.24495709317200393,,1.0180113733877088,6.224704834552999,1
-0.005596018829046555,0.47463348556679213,,1.1820053952466985,1.0281689644421246,1
0.6687416555925126,0.7075918219746196,0.8059758234107951,0.6748272642301439,3.6277062345210815,0
-1.0917008761393143,1.1782528475480023,-1.6899584002147807,0.893983195103502,-4.7143073479553745,0
-0.387099702474401,0.40813591277835637,-1.602160890338079,0.26445647570353914,-4.500981149998199,0
0.6955377575657775,-1.3756340887863618,0.5126473849147744,-0.04332684278564458,1.7613936660476086,0
0.849102110743144,-0.47364545765119104,,0.4635667658154309,2.815704214371143,1
-0.29396694766418224,2.9430483352686214,,3.0057438211719907,-2.349698710207145,1
-0.07159925185806683,0.7244910603817276,,0.4204142845715229,-0.29604285306626166,1
-1.5178737466808094,2.369287300811497,,2.4278078186021284,-5.489640945440993,1
-0.3570292008066094,1.3954340821991853,,1.5173475455075676,-0.5760543915473388,1
0.8903831635197862,0.24180207155574857,-0.28757629894637493,-0.37987729724892844,0.8791281218923994,0
0.5752050161065663,0.3014070697811174,-0.08193753279749383,0.34142770438874753,0.19687775496180238,0
0.5006657213812097,-0.0365800398768458,,0.624622122529019,2.417834523220454,1
0.04977368718096008,-1.7378046158464995,0.33586025269969183,-2.637482956454736,0.7781376668110531,0
0.007063158628176452,0.01804725246822428,,0.43133923503684857,0.10558463568719711,1
-0.6603211394734471,1.2106745525421971,,1.8980735375695872,-2.6540236902629974,1
0.6988284202025348,-0.5996399948212037,0.5071194492180688,-0.8799186673683878,2.092452973438524,0
0.4209729443893898,0.41195299906180954,,1.2590408781573377,1.0155276016462274,1
0.49201884799279927,0.8515910458931973,,0.5064225146690247,1.385257153196278,1
-0.5260348426675804,-0.9096804393124754,-0.14193777861465645,-0.6891391083822735,-1.1446129537166674,0
-2.1533429198712444,-0.4513028643436645,-2.6135873137410335,-0.6046892066754797,-9.054048398423298,0
1.0971527117536957,-1.017911490477159,1.5221709093484805,-1.1714096690584608,5.525430034416295,0
-0.47883745600840416,-0.8221656066894072,-0.3749108369395811,-1.13081514156843,-1.2502654181381756,0
-0.8627757640431206,-1.2876052836530616,-0.8852980032706974,-0.9383175432220517,-3.191814008405255,0
0.6934789119139937,-0.9004484613780268,,-0.47604573251230226,1.8527850576473803,1
-0.3920126399191296,1.4194556807978391,-1.0697835705011927,1.3872445810092449,-2.490565122600251,0
1.0599363840466218,-0.9154770290902925,0.736110005857599,-1.5954611359264295,2.347696280838413,0
0.6170059495766975,0.12645921906069005,0.4520025152642544,0.32804430237788496,1.90836106487496,0
0.6835693232004776,-0.502868753670956,,-0.291861573965609,-0.2015934170265257,1
-1.3659557112005343,1.178865937036939,-1.4646332888678664,1.0705084313437252,-4.724550151721658,0
1.2119439853864005,1.3111622966036165,,2.244777940194021,4.796070354575268,1
0.26125053123385605,0.8640699821389469,0.5448594839507923,0.08210534968861993,1.1792438372038276,0
-0.36927713924620315,0.30613455310275506,-0.6173800771169569,-0.802507302024029,-0.9572403138211897,0
0.14338846734225108,-0.2310595368408984,0.16685661654986494,-0.5964769866897338,1.1642519795541748,0
-1.77623523289832,-1.1918747041912499,-2.05431751760932,-0.8366624371455251,-8.420768474549774,0
0.40865281148067084,1.9435288811221971,,1.4156065624052767,2.1574265647501996,1
-1.0293715081820716,-0.7596730177525534,-0.2593175963100558,-1.250158477015591,-2.0995184680220973,0
-1.3526702858435344,0.6636463470328414,,1.1391570151219188,-4.119938229277,1
-1.5223591862178911,1.0595655726233972,-1.261962033371515,1.290839534022272,-5.311050213923692,0
1.1126883749899252,-0.5552804969053294,,-0.3667500420911295,2.926965585941026,1
-0.6292633936927887,1.0380125273159622,,1.4287269870487262,-1.7924514573591295,1
1.5337277099164992,0.7642132033388553,,0.5516167267024132,3.117603741493772,1
-0.5358014630522978,1.7279638353817652,,1.5384717983526697,-2.804958433210254,1
-1.7073579575929467,-0.4693464664267112,-1.4155022476809718,-0.06445683014599868,-5.912231507173319,0
-1.1165244399486591,-1.2858640172797149,-0.7463138329247836,-1.9583074076703146,-3.0057173982397125,0
1.2358116200069387,-0.5054897554445111,1.570753865114809,-1.5768496786437844,5.020270234525425,0
-0.15589817793666752,0.20885354253433172,-0.008482833331820261,-0.007788544279595466,0.027115292207286312,0
-0.5482872964906009,0.05821272708505647,-0.6461497860325424,0.5236493716179023,-2.1479154364060133,0
0.1600182258527877,-0.39343789627455045,0.429006210766032,-0.2656580467811488,0.44470009498884966,0
0.501782736167545,-1.909197458977243,0.0253522158743949,-1.4805517069157352,1.0505989977469103,0
1.1173988159024606,0.4704829961291065,0.6950601842558357,-0.5376641590824763,2.5638739529279047,0
1.448499229892926,1.9723444790822,,2.130092883243946,5.454789132080005,1
-0.3597686457890858,0.46425123812300356,,0.7911834904441926,-1.6689526190315331,1
-1.3260476860820385,0.6091355190535136,-2.2388552753643616,-0.06626319225182886,-6.810520393053543,0
-0.413465161123276,0.5724453061551018,-0.18589197064851676,1.0034741014283743,-1.172677503265905,0
0.26028050658288615,0.3970466698823999,,0.3412872216295035,2.020912551487969,1
-0.9637589262106109,0.9316659668680948,,2.467334317671096,-3.3624428531397355,1
-0.9571509148950429,0.39537368118566585,0.23008222674695322,-0.693244353262702,-0.9655612577731957,0
0.34378788154988543,-0.31267716965327597,,0.37188001418409944,1.4631568716370655,1
-0.04865235157045115,-0.795988910008754,-0.2291959332638859,-0.993067958271791,-1.4498619744960213,0
0.03279699541158651,-0.24897365528067522,-0.16473645765201816,-1.057549512500697,-0.7994662435369322,0
-0.7584953347000695,0.31412949645066596,,0.05065192466816998,-3.2715155217607568,1
-0.23040071420576733,-0.31608296112297335,-0.39476312068891284,-0.17734334045424036,-2.020453467647614,0
-0.9242331442683044,0.3143386831314305,,0.8330720179139521,-5.0013863059869506,1
0.8901984111247868,0.43915013370041756,,1.3001322777665054,2.9130307245986313,1
1.0352493347237526,0.8331794312701818,,1.544125975622353,3.229928276501182,1
-1.8461878622380938,1.2827949688389804,-1.2319018212070953,0.8001039584867331,-5.399586921764485,0
-0.92951086019241,0.0780074184788575,0.17161077649404644,0.6430897646119159,-1.9123221512406632,0
-1.496529255090079,-1.3077765651476607,-0.8287923061647517,-1.1121340865872238,-4.300641282544795,0
-0.6500239344068982,-0.3451040968191901,-1.0377134492432014,-0.672405607283684,-3.281312157890542,0
-0.08343796979036086,0.04406256740659937,-0.43134277510344365,-0.06189272933214115,-0.6666422936188716,0
-1.44964521969853,-1.8357687561770906,-1.5293095084532056,-2.1906900858994525,-6.070545045413317,0
-0.921859813125313,1.388664520102482,-0.029580368698519877,1.40721069107071,-1.6694548299455783,0
-1.0039573720814983,0.14237791251046628,-1.086669398172445,-0.222451028636594,-3.135865839432692,0
0.20726732939894396,0.3813528345802849,-0.45648641586977134,-0.13264420202843463,-0.8246134804527587,0
0.06934433703625043,1.3655264625262657,,1.6050860264176519,-1.3162526643854982,1
-0.7217375533372533,-0.6301428301423467,-0.3432095524275448,-0.31577755601252816,-1.1294375461868738,0
0.17682087213939798,0.57404193088403,0.5217910105874414,0.480243430838224,1.6762618006531462,0
-0.5466800845872654,-0.10986412310193568,,0.5739615288660505,-1.6788983750076896,1
-0.2716551103260533,-0.1840868670159194,0.07005222645396203,-0.31430216026347596,-1.1392700359538528,0
1.673452090298537,-0.7721923878043793,,-0.9235796603671484,4.340137976421655,1
1.340461051790348,1.6656032136865273,,1.995847704859376,4.408804873743317,1
-1.2995812369275976,-0.3755000400755709,-0.8692385262432825,-0.4417128325472393,-3.942568379988077,0
0.8297324178791745,0.6994642468957021,,0.7418631114087738,1.7198116044265737,1
0.8113965544915921,-1.8750073874719364,0.3932272862434481,-3.135226622781469,2.477017995201888,0
-1.1482632887526183,1.1799885296897865,-2.0814873651343557,1.188342222058774,-5.975268839650287,0
0.8187776437548606,1.0522111559570586,,0.13861318722142857,4.696487864246519,1
1.5379319184125528,0.09743411029730303,,-0.5130411752021322,4.700558248864552,1
-1.1225448062444139,-0.22694246613792435,-1.002023167313358,-0.8946037355156768,-3.735384545839797,0
-0.9175028210142636,0.4000000056135664,-0.6155443002725763,-0.12129157115334666,-3.080734863939646,0
1.0176614668435024,2.2887906608802893,,2.014363731064163,5.979953376747595,1
0.271495310825648,-1.7632366989034851,0.19454642383283033,-2.006483006676228,0.06463899965151809,0
0.5514762752395233,0.7820273875741276,,1.1141649897026904,1.596864156577255,1
0.3405892164004968,-0.9116173021539026,0.4271230406857735,-0.800423395086554,1.5534582020259318,0
0.39069592092814415,-0.019918396299731203,1.0327360591992876,-0.9704556107087241,3.228694142867004,0
-1.326472128311083,-0.24788011907866303,-1.4115583940114749,-0.20623280030525915,-4.118779964299935,0
1.0473177066214483,-0.4283182577977557,,-0.269190634506042,2.642048591882605,1
1.1695899924277735,-0.010465129052729338,,-0.17474838717920838,2.818004318144221,1
-0.22939074406802776,-1.1341711452777905,-0.8400394363706404,-1.1646141337311418,-1.141728133617068,0
-0.04347694981386243,1.029180436127967,,1.1243354988264953,0.6796337895970203,1
-1.5311075025557226,-1.7941435111986004,-1.6914197407091285,-1.4118437123808103,-6.212717472784429,0
0.514254756017835,0.539764512828342,0.21049430105747963,-0.24767548090302527,1.000136679792001,0
0.5720574417141441,-0.3265358525345711,,-0.4486943718543956,0.6339108235083285,1
-0.062191016999311004,-1.1709248938074537,-0.019668086899220096,-0.41675684477858943,0.053285706199954624,0
1.1243533598705027,0.2023833705986952,,0.9107140247476733,4.228009769851493,1
-0.3340772309799405,-1.556951086706478,-0.4706433028395669,-1.131482622818588,-1.5029231981828137,0
0.5646059258936003,0.03971382171963468,1.23926788979897,0.30812616369747264,2.51496464371152,0
-1.0196643386921156,-1.4228769078115544,-0.2506561977612989,-0.5955595336105102,-1.5199834860319323,0
-0.02355215087423812,0.4612720843178312,,1.4201960851211641,-2.580603681751719,1
-0.17435425790283585,-0.9243573336303755,-0.010557892331357038,-0.9888973276538018,-1.0556245604784884,0
0.2253079220409414,-0.45099401702930925,-0.1631231272697547,-0.9357102386734693,-0.07745356522545667,0
-0.3695269288333583,0.2939493879431621,,0.15880322913091452,-1.415702741940098,1
-0.1314725956716678,-0.7725421118422359,,0.7758056450437908,0.06024804965503419,1
0.8260471714415063,-0.05796399966830253,,-0.8426421710308997,2.6453754070911164,1
-0.43676423723821745,-1.5138305012448536,-0.32153429692440083,-1.7491000710095623,-0.4181930671386991,0
-1.6065771007386793,0.6308756035961556,-1.2700919977227205,-0.07546997265016009,-4.917465476011858,0
1.7495839042054206,1.7649138055507714,,1.827295736989464,6.93545451613576,1
1.3814540786904865,2.7922088679099613,,2.1908633534625275,4.581730253296429,1
-1.2922626951056186,0.09116814666643917,-1.6068624985907807,0.03679263524963024,-5.798555905942255,0
0.6897078052451944,0.7882041407971867,-0.030144843063823368,-0.18684343921219282,0.8894067780973841,0
-0.5029747705513431,-1.7806256729074892,-0.9299349193117022,-1.471815340365164,-1.5526717378099093,0
0.26348721533105957,1.5027343263055881,,2.1139069545395754,2.6320981885871078,1
0.2942241290134937,0.7762285047241061,,0.5842566936923765,-0.09952938472636186,1
-0.234407800316322,-0.483933444951233,-0.8310972065382319,-0.551498448489084,-1.9285183228124358,0
-0.7837656655863965,1.2371808002890092,,1.1554771849233532,-2.65751193233764,1
-0.6905410523162594,-0.2544760766453415,-0.7457234319621893,-0.16402073903282888,-2.9241107321498867,0
-0.9161919154812425,-0.4580251830145565,-1.0139885339058552,-0.47710997649777065,-3.6439066381823677,0
-0.8318222082304447,0.4753349254274913,,0.8593934016428383,-0.7863269267101538,1
-0.06717829004935526,-1.0633544998303186,0.2073850477298274,-0.4468349331048458,0.24569331464683578,0
-0.7157599891107518,1.021624764399948,-0.9807564549624896,0.6145891531538566,-3.699190409968463,0
0.6820520657126199,-1.0559898119268434,0.4698141069167299,-1.2106540583139918,1.2068330433583074,0
1.4872461553359273,-1.0500547898231862,,-0.5992450653608139,5.806177495797296,1
-0.580053241370043,-0.9096897884083344,-0.14268343057991445,-1.6205243124378506,-1.2671139079319444,0
0.23940450053537707,0.7595000375161222,0.08533068580880834,-0.2258606034066628,0.7470573729033914,0
0.499685110302934,-0.6167753615197077,,-0.5036173850704684,-0.42994422956368616,1
0.4720022709192745,-1.3479957843671688,0.44784243155210235,-1.0998225788319227,1.7641812541188244,0
0.0759552679160874,-0.605679999935798,-0.6925577326478771,-0.9668300939125942,-0.5415177376208572,0
0.7426824183597222,-0.03204237068048687,1.834797719237173,-0.32136789774071445,4.457487474142052,0
0.4822489526806572,-1.1809724836643856,-0.0005850042429582647,-1.561068644534835,0.9514968105093606,0
-1.2376624223272978,-1.1516811090343435,-1.318594805006163,-1.5851437287065608,-5.196556381448468,0
0.8691560643892732,2.1112963340995843,,2.458044244401884,4.311682019246989,1
0.8872908372667421,-0.8605654038138869,,-1.4508146473127064,2.9511277348766543,1
-0.7632861041785816,-0.3230423687730068,-0.9083013049116779,-0.4558037994896812,-3.167928688267374,0
0.03793783544760203,-0.36723700079928584,0.24885147852804057,-0.8199050845567121,0.4056726485844023,0
0.6833289928110694,-0.4213568077704417,1.4464369722092087,-1.1490012957210496,3.662848346377854,0
-0.20931381957936157,0.6213467399691021,,1.0564358273424874,-0.1945418687722146,1
1.0729780477660118,0.9481429504720496,,0.6882303393852802,4.010189474579754,1
2.3638724946193608,-0.3059544315315921,,-0.2117343913212137,7.177951757025883,1
-0.7859860326349823,-1.236478286592349,-0.6273047160073016,-1.990516226492854,-2.5035278212699335,0
-1.3810446031537749,1.2744402278489033,-1.3034215771246351,0.9034705009706654,-4.434079290349694,0
0.30381859560487573,-0.09534109119668262,,0.28270284915082017,1.1528845030730366,1
0.7215625051261435,1.7303218148571686,,3.0239575427798235,3.516182581506564,1
-0.230866373844769,-2.245585897565163,-0.34126094874079593,-3.2336939297603187,-1.032708930475233,0
1.4532606633210345,0.19540322128332027,,0.09484932363860711,3.8747248960242913,1
-1.3386057997232488,1.9186063338762078,-1.0716154010139167,2.1247466329479576,-4.079427907845415,0
0.6929186230316111,-0.3532641354381582,,-0.6613142120578,-0.28389717671606884,1
-0.6058608207588934,-0.22549342333463607,,0.1992675701624259,-1.7969555973629072,1
1.7193779062072967,0.29551169159033874,,-0.13785464373981782,6.225759960270473,1
1.9925153531681183,-0.5587958188849573,,-0.4818719887766367,5.590352181569483,1
-0.7666565877833479,-0.31207193205273287,-0.2381270821050594,-0.5731078843019128,-1.2956700392161222,0
-0.5495571359085801,-0.33781509419140304,-1.080677294580222,0.2719004472859832,-2.929933180896374,0
0.8595878869798019,-0.6274207344263732,0.7916513627979038,-0.965602985944176,2.3681794405230807,0
-0.3871306497895146,1.2288565502005595,,1.0529196520573016,-2.0732381275548777,1
-0.04541121793223822,0.4610780322964351,,0.9339225510450126,1.3527301404265106,1
0.02538842054241018,0.25062823210330204,0.020110203101983522,-0.2633910974431298,-0.31883788654993506,0
-1.9196731561976563,0.8085710068901167,-1.451596359133551,0.8429460352719029,-5.235217667715547,0
-0.013837746094237255,-0.2643558332034669,0.3364599525443264,-1.1756230050467678,0.6591801528882226,0
-0.6897277740641741,-0.7742038183529005,-0.6279989959796028,-1.318170547667438,-2.6403810013041253,0
-0.493122822399772,-0.6026243046145574,-1.0378795265364997,-0.41155866666915564,-1.9165239201274216,0
1.4436320034688142,0.001783041104608902,0.7263415730166397,-0.49356571366350727,3.9063543975380033,0
-1.2565068942792563,-1.059211708372902,-1.203254193569663,-1.3314981742847978,-6.118811986110264,0
0.8132051867479773,-0.5002610165866755,0.5418567497966704,-0.2537178155627068,2.0603253953198735,0
-0.2789629303318085,-0.5161166418714347,0.18066761550883736,-0.8057097124448998,-0.7491536604862497,0
-0.2797601684958344,2.1245562298290137,,2.5359772664371927,-0.6332030404969972,1
0.7903718960517113,-2.7738149399339167,0.6980663988331864,-2.6659835461908847,2.509324442284672,0
0.34005129456889044,-0.17961972140563326,-0.23880516740174423,0.03822183455661826,0.20949086134362027,0
0.570612997219531,1.7256937928147706,,2.3461765921840367,2.638563910932419,1
0.9681846605328611,0.12184446413245396,,0.2817559954394868,2.9096334040122644,1
-0.33130838318332273,0.7534174734210928,,1.5228411186557649,-1.5997440753181609,1
-0.6122367345077503,0.09982631509976791,-1.1019446036153275,0.5554574566186796,-2.8348708444295276,0
-1.085150526557798,-0.6673333812164803,-1.154401037527775,-0.9290595961337087,-3.83578170332561,0
-0.8254105299789551,-2.241915934508913,-0.24031436294367436,-1.5953418969982773,-1.0753450944928309,0
2.9490944253087252,0.20545568703630285,,0.33738869748777556,10.158651346761552,1
1.2446795807367868,-0.7756066046023912,1.023070234522939,-0.972946458932643,3.768008205783463,0
-1.3510743662080213,-0.8003354061653037,-2.1138818312306435,-0.6611425585048625,-7.207161888259584,0
-1.3224579567435701,-0.49898725597911187,-1.0463956643786487,0.05717615621601957,-3.5483962419676347,0
0.48186606171849145,1.7448614066234935,,1.9723839537446044,0.8676637321965154,1
0.5472647973779668,2.404837542253973,,3.3160339585296716,3.4997472630666167,1
0.5488838353173644,0.2172079375284009,,0.7604732164778119,1.3641084618129058,1
-0.25495579355369785,-0.4647672239117277,0.164132816246021,-0.20318720721064648,-0.009878993130137126,0
-0.12545426000290022,-1.1772264174512106,-0.2040724560171763,-1.6902604588217893,-0.3230738252344961,0
0.3278795241593574,0.46854016154606914,,0.3786739045410087,0.5377019935403428,1
0.08589300629333041,1.782905600065144,,1.8187376699405697,0.9656465264217299,1
-2.219300372747535,-0.24734038702515676,-1.1658302816159423,0.10097536358371656,-5.643280406324595,0
-0.22979963057519381,-2.3789960407532242,0.21442383460408337,-2.060329520117128,-0.06769587149304279,0
-0.8514064342603136,0.6700496718155238,,0.7548198769246669,-2.4822266468882037,1
0.17521141890851205,0.9853997114500497,,1.0455746691386352,0.16456359783975277,1
2.98525900260341,-1.5858456403858476,,-1.2256171928478126,10.060998105328611,1
0.3674816654743044,0.17648418366295282,-0.10751618628554321,-0.2528089291520401,1.0635222713328931,0
-0.3135296861723979,0.4512260161360988,-0.5899050797055589,1.2989839257610272,-2.003415566647864,0
0.9218015019772522,-0.07310730200893852,0.5357270201212809,-1.0966907445906742,2.3057133018622906,0
0.4826878872092127,-0.7907709190853537,0.8093720791071555,-0.06306617799933911,3.515428270764044,0
0.4200944904518413,1.0159372235635562,,0.9933444593509752,0.636331391290487,1
0.606850593215671,-0.4033797459686826,1.2734558739056931,0.09791016116711432,3.2040888993135836,0
2.056543564829542,-1.485186162699932,,-1.3032659455536257,8.351261240561465,1
-1.1308884353259159,-2.049474485669681,-1.1206375706420817,-1.87645728021428,-4.221654570068551,0
0.47363207681145447,1.2608495199993097,,1.53797675801257,0.8755729182251236,1
-0.9263811299815384,0.6166639764711183,-1.205021784788815,1.0211911210150075,-3.1134332919173526,0
0.5555126463422483,0.0879735471291689,0.6905548520161303,-0.07644186616445107,1.6628490414801258,0
-0.9186865114860944,-0.44027463685080326,-0.3746402798817998,0.07712492841231477,-0.9014540144940955,0
-0.4173668136050844,-0.5289984142031271,-0.7689450447329913,-1.0712337259925189,-2.408606497604712,0
-0.2950899142379063,-1.0757366484416113,-1.0617859586972715,-1.0784019351046736,-1.4995744479704751,0
0.975816719344709,-0.43145564455988483,1.327425846773081,-0.013470682423746383,3.434241238303197,0
0.9184544439424138,-2.1200872151201744,1.080637431064314,-1.6225784253122297,4.051703321175375,0
-1.2457173764463845,-0.7360636534685142,-1.8058167771669742,-0.5056692293378137,-5.2303464825112,0
0.054934110999848726,-0.31093751635109385,-0.31176157445721026,-0.5076337353289616,-0.12224886963707143,0
-0.7095798547491726,0.6098800471904189,-1.139131991774243,1.0582339363747706,-2.8586224123341144,0
-1.2585049106753345,-0.03992646337336377,-1.620771045192459,-0.37460958293274044,-5.378172027538506,0
-0.21701705042437042,0.794923113875559,,1.6706276507500144,-1.7376643515279833,1
-0.3084827884558197,1.3491351051134295,,1.3067996563635973,-1.3716959290457251,1
2.4267164863455224,1.0581700938241017,,0.2883572467211214,7.954229175933435,1
0.43295982536069616,0.4705098473785568,,-0.12683188662971917,0.5212732586847564,1
-1.3776175007542373,0.011862679180784205,-1.492009672713928,0.03368449762057797,-4.911668611479282,0
-0.5647740041709423,-0.9807880084135592,-0.48092823674116164,-0.9108753727505325,-1.6442047141513665,0
1.0213832954293984,0.7399440513793163,,1.724772393854864,2.803531774366117,1
2.088442772869925,1.6797473822215292,,1.1604977134144159,8.665702369231273,1
-1.5859833122379583,0.3421060396504182,-1.3319394550275652,0.36183713930238354,-5.17645989025939,0
-1.879924385139045,1.917259148426123,-2.675347313568393,1.3875484448850948,-8.52057165494704,0
1.8709651753717822,-1.5255717080610838,2.132829058078709,-1.7718991346677855,7.465793448327088,0
0.38961417737090387,-1.1541633847795414,,-0.3121773697448724,1.5806979975369742,1
-0.8682927318763665,0.8552015077482625,-1.085660215938462,0.28703339617026713,-3.7020933246438372,0
0.5346290861224353,0.26429021015325105,,0.557811422187168,0.4120296392186958,1
-2.6357477390168778,1.3137821765718076,-2.6317143593113097,1.5102358560790035,-8.529894516820816,0
0.003375506597160999,-0.015471640726739578,-0.00047881914396104026,-0.027557353905843893,0.10049766046996846,0
0.3278211728430852,-0.8679754225283319,,-0.6082571109324632,0.28987203465493727,1
0.9242701395378297,-0.21359324220504247,0.19866053140786188,-0.7936034331766868,1.6349050041242201,0
-1.0138959522925377,-1.532683970923734,-1.0576727255192575,-0.7045227170219553,-3.675434191665492,0
0.08568716140335904,-1.1285906730970345,-0.03085143462205213,-0.16616792553527404,0.04238925610113724,0
-0.9254246260595873,0.9724439979180102,,0.9959963467976668,-3.509598438522437,1
0.2553837556743171,0.87278741446961,,2.0843404797763867,0.6624486235894185,1
-0.8953463223630241,0.3630042848060769,-1.4467345092731838,0.16349031903111666,-3.566488559352799,0
-0.4081008391602206,-1.7210775209604696,-0.6255111455932777,-1.5208615240323295,-2.0497566691779574,0
-0.9958153947902291,-0.35840357551288854,-0.7291528794830553,0.35754095637436817,-3.805649418754138,0
0.651136241823657,-1.2249998886600506,0.4761512016480126,-1.4545021187715053,3.300405068216521,0
0.8584511166566653,1.1765332537877655,,0.48575872434804634,1.1689220910339007,1
-0.2346205699574138,-0.5837221335626015,-0.4709667088191996,-1.3895806663720285,-0.6372793790288462,0
0.03823799496002834,-1.0857477107815494,-0.49684123679340186,-0.055334428830219995,-0.2339300601668819,0
-1.4485914146335441,0.029796165121424436,-1.3150232664026786,-0.2347161601979644,-4.330326498630482,0
-0.29967664800678706,-0.6401544568346118,-0.1402579463165744,-0.7330228385438611,-0.8290444744420307,0
-0.05020461704174478,1.4837439102037069,,0.9273618710431797,-1.691148374794966,1
2.620793091029975,-0.7348108975341908,,-0.26064125786959663,9.294533684534638,1
-1.1119670257741636,-1.3992282592246312,-1.6680601764134428,-1.7900081888369237,-4.008997004578993,0
1.4641772387524374,-2.1529135157575157,,-2.3985450295881767,6.257899627024548,1
0.996858773465808,-0.030786502413415195,,0.11897370729466504,3.3132789612592735,1
0.2806364044901364,-0.5619301138579263,-0.34256034477944475,-1.0939530774807125,-0.21467283930355946,0
1.7586204841951334,-1.4289046065117268,1.1876274488487928,-1.5181957412688394,4.959465746571805,0
0.3721054726068629,1.1892264612557852,,1.8903312560074201,1.3220278047646679,1
0.3891591956679287,0.6672451474292419,0.19350925071873992,0.8813723461876735,1.667926820966717,0
-0.053120653017545344,-0.028217878937229775,-0.10144760782661576,0.03705326727694944,0.19256344656459035,0
1.2235688824186275,1.3643262441708666,,1.471758598902799,6.0562949233250825,1
1.0964692338108837,0.662536033398613,,0.4679684854103311,2.9386217261106427,1
-0.6256772874962124,-0.8228559015184324,-0.5956958586483592,0.17522025835903043,-1.5977697126188017,0
-1.3192471945987674,-1.039220163990766,-0.6093249509122408,-1.4452987292577997,-3.429755010111416,0
-0.20298063739565708,0.8179815444538614,,0.9234446254358264,0.3452771647505083,1
-0.8000385643976464,0.396366956467351,-1.6033399320766493,0.45387973963875455,-4.3511272530080545,0
-0.0635245746153551,0.1697477679706617,,0.6741290215372293,0.8979437640647514,1
1.2374381346841392,-0.8464978028689074,,-0.2949108334720876,3.1111204505192513,1
-0.45730165508679,0.607947567005754,,0.5919381647622186,-0.15798167305032784,1
-0.04282338131157488,-0.7554988831339492,-0.4542571838105638,-0.6101656365774244,-0.3600389088591567,0
0.058022734808395225,-0.10198665459367798,1.5427774886812275,0.062280722363296154,4.269551655477271,0
0.8484308822052846,1.4469441463869799,,0.31087331860167633,5.217067484798616,1
-2.246889333984605,-0.6608342358101458,-2.6451956187985948,-1.4553290370490335,-8.222157928885174,0
-0.6067002947652964,-1.572989257072861,-0.5966933922644911,-1.8755211024338463,-1.8087955101981288,0
0.2112836922794726,-1.0525471918701104,0.5881058330962043,-1.3333465300585448,1.2396628594818047,0
1.2000789564268612,0.9942988266876233,,0.39465761570555713,5.1315516922734385,1
-0.49190244750620515,0.25473113738020947,-0.27073431751810656,0.6295224230670244,-1.7358468982938866,0
-1.876552706041874,-0.12887737868875362,-1.250473187558819,-0.1278181681800174,-5.127884367338062,0
0.6197114459661363,-0.5090938053115696,0.5582269726489515,-0.6164410790049881,2.2660464445938944,0
-0.6353623888256293,0.4853599075531901,-0.8187212231136459,-0.14271772970050328,-3.570908600199832,0
-1.1896666590903613,-0.8491048509902235,-1.3630986530526665,-0.8713772831126178,-4.491327990145021,0
-0.6243453897132241,0.3056655686425959,,-1.00767680935671,-1.1193981824796044,1
-0.18452535765584954,-0.7312545688129569,-0.0019348375045264987,-0.8127327242158774,-0.32251264006233843,0
-0.6047446645382127,-0.897659385275054,-0.4591028316930845,-0.8660675508711759,-1.646298240765203,0
-2.205566057099069,-0.6374874348250117,-1.8079489324704783,-0.5165299426642624,-7.595108072267717,0
0.8970661968871322,-0.3754074464839619,-0.12846000703979532,-1.157458328223602,0.7007471284709783,0
1.2748750412787222,-0.048829835933703165,,0.0635785324120342,5.289600549932644,1
0.6515219913395057,0.23545579511111434,,-0.2852598398211569,2.499181691384874,1
-1.1376856704248166,-3.688365291428444,-0.30328162977446405,-4.0946002075746115,-2.143152274528699,0
-0.20149153394751798,-0.8076505577467649,-0.9657855250793513,-0.44868486483543246,-2.507068931434269,0
-0.006521315229458062,-0.39156997735603927,,0.6154868843238328,1.5441090407120828,1
0.5987943895619102,1.50506203860833,,1.53074141800967,1.0201834023237524,1
0.6683404887180808,-1.0800026083821321,0.9128352540481033,-1.4885503377022482,3.251187210383711,0
-0.7341737987784958,0.16279661809991253,0.10378559502619256,0.25713184185491184,0.010276911360876717,0
0.08199555641356042,1.4950303097358375,,1.9645448884854104,0.3152369408457142,1
0.4572804046152411,-1.3129685299472729,0.6574645493465215,-1.0024697470109052,1.5306836118611207,0
1.4558223221467665,0.39397522586440237,,1.7655316620962753,5.558109262434742,1
0.704506539824723,-0.8022718339345204,0.46276747232753457,-1.1599406184818537,2.7192343996455266,0
0.7890566873755188,-0.5046337422892345,,-0.3785180023295855,2.7321606226124504,1
0.08382662792936095,-0.8031108339533145,,-0.02865185724421271,-1.0367785787762374,1
1.410459145203504,-0.7318573084158859,,0.01122231009338015,4.787731490467845,1
0.4097627959594974,2.721912147906493,,1.7468731846443026,-1.416726951352752,1
-0.8610879101735704,0.8444558720716657,-0.6465681263897961,0.8427770620516751,-2.9191912644743363,0
1.4033699701251907,1.101737861786209,,1.843998244710559,4.638037092077884,1
0.6979032725390276,0.49199348683649613,,1.937314982036065,1.641795423099019,1
-0.4430440211284823,-1.606256788401958,-0.3331649791584107,-1.2543588465265487,-1.7198488520968276,0
-0.47949296739924335,0.39495797032330715,-1.1962749288819636,0.2110263234750653,-3.0745223087516704,0
0.2965755451407616,1.0729296145073468,,0.5683280382886519,3.0748023106825633,1
0.46318479526758444,-0.8533994740391115,,0.2559722047263131,0.8063891550384623,1
0.19729226563120666,0.9653266671611266,,1.3296974603940062,0.7428693579917025,1
0.31130867344288515,0.7043362098540789,,0.2803027464113701,-0.06678278464852322,1
1.6999573745763805,1.85204004481367,,1.7504618616467793,6.333927955242897,1
1.0715431522348857,-0.4177830125136188,1.765023097371526,-0.26268975409926665,5.5276096834393105,0
0.19063559126502438,-1.0976109822757267,0.7085936959810414,-0.8257076553316678,1.430870188382095,0
0.9413105807674834,-0.36162810937254564,1.3685294563377615,-0.8114374381454406,4.456098630845615,0
-1.0325239035275395,1.4355709931636234,-0.7593244276939037,1.128475784100877,-3.485912730528532,0
0.39792704994680894,-1.828405880841963,0.21865578616550402,-2.654873162028443,1.6960831786688666,0
1.80930634973311,-2.0683757154310323,1.084224766214759,-1.5484945706286415,4.482840956600951,0
-0.21804589539237385,0.08939527893161327,-0.3185652813256914,-0.08141395445354478,-0.787824601427187,0
-0.8476339286190848,-0.44258929277415615,-0.9655696608859234,-0.2094284681825101,-3.296394787022614,0
-0.6520888885930607,0.0077278931756846435,-0.1276916687574402,0.7188571474638481,-1.7419639275232717,0
-1.0896330373423884,0.9453117712358652,-0.9349378161124783,1.055246842422838,-3.0538673073458846,0
-0.7847619081277034,-0.5525693461188524,0.021393855824070718,-0.6090545840933864,-1.4414210549768092,0
-0.370508098590029,-1.8730058309306206,0.22823617142905828,-1.7760450924886533,-0.94932588751608,0
-1.405567019178642,2.044481557199944,,2.0760783591250576,-6.816986858213357,1
0.015618333949603047,-0.9972282874387761,-0.8819462643603311,-0.37414578849980373,-2.177987375010243,0
0.9022771737866472,-1.0590371220120975,1.5950647907573878,-0.9036179232427026,5.231499551844233,0
-0.9077561801469204,1.1037200137225964,-0.2280635685315483,0.8315195039331401,-1.1888921735316473,0
1.5192839236417688,-0.38448912104151794,,0.1394354074033572,3.5919829406701984,1
0.5107920885275947,-0.06338985203481078,,0.5518523261443653,3.1097848723233925,1
1.0305805856240573,0.48279012406031796,,-0.18637518934991382,3.756692682498707,1
-0.6578345538521371,1.0835831031099956,,1.8499750454940482,-2.808451513081611,1
0.8545252270666157,-0.33346069318177196,1.6619168541902793,-0.15110480657752923,4.13120561316881,0
-1.091933900395313,1.5199520059142992,,1.6615869809875985,-1.9865087184525883,1
0.8902475008365087,-2.1357998487348056,1.2159129768341106,-1.632487532936548,4.0191411406126845,0
0.1718393397935313,0.7597872369530771,0.40844787269952276,0.47629904145093777,1.2111991843542869,0
0.553251219984784,-0.8395275580176573,,-0.36244530092219535,1.8852002546466733,1
-1.1755946056248516,1.3722713166079914,,1.1838835817390638,-4.464286946552518,1
-0.8950698422766047,0.14204447883054525,-0.9226205671427652,-0.5954308610246238,-4.339768382444448,0
0.5972282182533848,-0.6729053320094016,,-1.1717834715628688,1.6093829549225704,1
-0.9483480042242007,0.6628410930216325,-1.11486789209366,0.9463520094732458,-3.5229703401550503,0
0.46320629209912306,0.8931883472072517,,0.4204541772099226,0.5819719176280824,1
-1.3671378064602457,0.6418941228586382,-1.684790491271078,1.4469321844534628,-4.612074913487505,0
0.8481742126666681,-1.0296962396330605,0.9165474639908997,-0.43505451291323893,2.207273917397511,0
-1.232523314768509,-0.48401712362208477,-1.3945137401187977,0.18270245939439783,-4.372659361265558,0
0.5522999376795235,-0.004072837121435025,,0.058316452717270935,2.712870386719637,1
0.6256309336460011,-0.0412596526500604,-0.18552937300088157,0.08767115599741934,-0.052447565209001845,0
-0.6967718184295749,0.7497454754383477,-0.7534492154832247,0.15288954831620893,-2.5709815040158706,0
0.5820265670847269,-2.0149012325066082,0.6478023871734747,-1.517009477427863,1.350230703897608,0
0.26044226333355597,0.3343270545535034,,0.5242437820720461,-0.8222684763328414,1
-0.5388418561927383,-0.2899813544366399,-0.6250382060973539,-0.00632854179050979,-2.5922773099496443,0
-1.008554684076208,-0.8385006163839525,-1.8011776894411367,0.00565528934248849,-5.423499876127584,0
-1.962625691672579,-0.7424867777695998,-1.784387139337833,-1.0454682697433548,-6.190584725779138,0
0.3496500472996937,-0.21453766451796363,,-0.2776084394566227,1.9050851906464086,1
-1.5648027713620551,-3.6010851044595187,-1.3180341242601716,-3.4377496436884347,-4.936499675870352,0
0.0953441994413082,-0.7012895707915497,0.6147077291623997,-1.1690072735209032,0.8652209458449692,0
-0.2634482160822491,-0.8758148246462931,-0.1626834131909981,-0.969614235284713,-0.9855448025260631,0
0.6791427754381955,0.5327832093226242,,0.7792581145561089,2.3907175897500403,1
-0.3020454994898642,-0.8055266825105205,-0.224000130261438,-0.968237318196936,-1.5135555132725764,0
-0.32944778634709126,-0.2151138001704899,0.014327573449155806,0.4393809046940662,-0.7623662461159539,0
0.7318707042882954,1.542276627661302,,0.786814346752805,1.0215740214250786,1
0.3350580290841175,0.9943515198154235,,1.5557371399320945,-0.007197125895701151,1
0.3161559571827783,0.9022713999434526,,1.2328641373514548,2.5316941724603286,1
0.46926758980852623,-0.4998724304108518,-0.7609503212395764,-0.7842867241891471,-0.47054185231066836,0
-1.5355721232071058,0.5430322792896524,-1.6056610881197777,0.08082799517465333,-5.765057570395566,0
0.756788679986982,-0.23389780045359396,1.342926159791016,-1.2740391090748198,3.1540520240685592,0
0.6124687940136023,-0.19609321067693788,,-0.5936807168838549,2.3321068743064632,1
-1.0166831285764972,0.4096853437465495,-1.219188664301846,0.9332736712480479,-3.8304771972142952,0
-0.2440804736742013,-0.5969935884209322,-0.1793696352665511,-0.6250364515602693,-0.5605302319582468,0
-0.039307287627631186,1.4930031044432035,,2.0744935446391244,-0.17777635793130092,1
-0.1344967844017327,-0.16013013959793715,-0.11907203802326313,-0.47006567491021317,-0.21156848899515274,0
0.33385996656853467,0.618360566259665,,0.9719136463129463,0.4994931927053938,1
1.4313667818311835,1.455600479257298,,1.0968511782150872,7.314184487790913,1
1.0817667276728287,1.031653774575175,,0.5488662714702556,4.566964094769584,1
-1.3122191934314063,-1.4089191026905246,-1.3789143544872176,-1.4624827112758627,-5.0193661383658235,0
0.6220699903060487,0.44489589500988425,,0.11241263934988599,1.2744227277190108,1
1.3289333195354096,0.8507193944606469,,0.07930831994204068,4.198716594108325,1
0.38680852068920263,0.8918630221607488,0.2948141906377205,0.800705671802252,1.5488026793148642,0
1.090980425185967,-1.1132948341146311,,-1.0600771258989867,4.4088485798225285,1
2.012270445700765,-0.6570352370173239,,-0.022855931269290197,6.721961612361991,1
1.0237095461069814,0.9945582357416216,,1.4629610743081516,2.3100656649156615,1
0.24930859564172886,-0.7617603706826457,0.5046466645711325,-0.15178877106623,2.0544861673082133,0
1.0450884740847535,-0.29969605666431426,,0.06048269253243993,5.182216737938328,1
0.14488783309689118,1.5758758095019694,,1.7421821889769569,-0.719631186446755,1
0.02390304328495547,-0.04779925038478981,-0.6427054836905424,-0.6622717036207361,-0.9342236975098152,0
-0.3514142357137326,-0.726774137833843,1.2906448649302094,-0.6518380388662057,2.032648410171525,0
1.5634133588321084,-0.8776173568629051,,-0.5792204681974978,5.9519599834415615,1
-0.8184286659420014,0.3327193295851879,-0.9519305468255173,1.061438304270406,-4.0758136874228965,0
1.532367724678116,-1.3331480084772085,,-0.9900037376113017,5.726911476345587,1
0.49986412374037126,-0.24733596389641815,,0.3728557534062927,1.9791238734691718,1
-1.3993061748019413,0.33323053499002175,-0.9657277302518481,-0.18276841069259775,-3.6234940880763293,0
0.3676492929914216,1.2991498205476675,0.44734589187953266,1.13594100747362,1.340810482958112,0
-2.100026507651624,0.6675480803699957,-2.0543905585678375,0.8822234372006311,-6.850328307041469,0
0.6255080168310357,-0.7140651179821789,0.5687170827156415,-0.1335887726108982,2.5483262296249056,0
0.885231482988991,1.1784193175637205,,1.1058049946442607,1.7282488363115522,1
-0.5923559556520536,-0.29951503754747755,0.3766914940445163,-0.34073801712205426,-0.49631775731414995,0
0.12354769595558233,-1.235703022049409,-0.34721926417828936,-0.8921328690479196,-0.28858992801538286,0
1.9541574337502863,-0.1720413592654725,,-0.7349767728380346,5.723019795644839,1
-0.5057467042619367,1.438169201145702,,2.2418714760574163,-1.6460011524979907,1
-1.0589075870566005,0.1652400500649252,-1.539643493811854,-0.2743279964889172,-4.234946733207488,0
1.4816634024625988,0.012521864329786338,1.4558070071824631,-0.9467728474498652,4.453026832098214,0
1.9625871905307948,1.6372116447028535,,1.6422451489641439,7.30185439273668,1
0.0036956718478473255,-1.4313548470544273,0.5013471221124588,-0.5821254958666447,0.058927079152778616,0
1.0114630354083562,-1.2855991140527723,1.418828396219197,-0.9923725488859672,4.728349364728602,0
1.341475915530881,-1.615846470966832,,-1.2403011994650157,4.283377925582195,1
-0.742484232538384,0.3726481864800551,,0.3933410676336123,-2.3336959508740507,1
-0.4853058353678683,0.1664931271151245,-0.28136630991912304,0.09030437847953564,-2.0285307469851275,0
1.230874513154735,1.542736367279776,,0.7702816824832183,3.2507637969460252,1
1.6850142787085094,0.24347507713677022,,-0.8862180518153229,5.870965093290005,1
0.5628808601743548,-0.40415715947930275,-0.16576878361756098,-0.3060209902588711,0.9000653752176397,0
-0.8798143535020543,0.0017948728781070852,0.14035894595119036,0.6580694700482201,-0.9800285529044299,0
1.9870611116994412,0.1177074184609581,,0.2897742708749908,6.455477417543259,1
-0.5309708978119645,-1.671761273328167,-0.6234084864092602,-1.3599615098021602,-2.1783533728425546,0
-0.33513778117145177,2.710331644334893,,3.502190417154663,-2.2617208379960014,1
0.34233783448962146,0.5198710181019115,,0.6842544438224405,1.2158104773083698,1
1.5541604207147741,0.21000830802258905,,0.14868075786877927,7.7199614588210705,1
0.8539759765522237,0.6151639842785803,1.3241608208638724,0.2059015814535477,3.29467484137947,0
0.41486550036191056,0.709410980586605,,1.720517262072648,-0.2891532948985715,1
0.4632885301181064,-0.14055348550243169,,0.12272040407440848,3.189892269700071,1
0.04351466864346608,-0.6312411362407006,0.6401358062141819,-1.103041994200366,1.7944462561162258,0
0.5581395145185063,0.599450686321704,0.4175332833743621,0.01386685242108554,1.3699659782678801,0
-2.529560077694303,0.38571084053145244,-2.376211606679384,1.0122427039959088,-8.815651607802497,0
-0.29660745906979835,-0.8098900990894081,-0.30407949878033547,-1.328610947293571,-1.0413541225916658,0
0.241321934916781,1.419035611367264,,2.3459526901183745,3.2539190866293284,1
-1.151014083619507,0.29335203632298334,-1.5491591781155523,-1.0848793622223722,-5.50921674945838,0
0.38632331781156,0.7298193622676307,,1.441116961162619,1.7508195376120597,1
-0.20447122098612153,1.391920887679919,,1.635368293260901,-1.3758258695085577,1
1.7554756983154902,0.021888821164834777,,0.08118603269327196,4.5489082486121175,1
1.5730197252148568,0.31695200698411535,,0.22922278946323366,8.69799516587186,1
-0.46580556911816284,0.8100272385061165,,1.7553921628031313,-2.910120683291745,1
-0.15083771156669531,-0.7248610838000522,,-0.3713316545994505,0.06954407215863229,1
-0.0739475656083926,0.05405166284600126,-0.9442978687985603,-0.3975501416017244,-1.640060167408035,0
-0.4516594761596227,0.12554858665114904,-0.6511947457811693,-0.7339063913632917,-2.569890662851026,0
0.19502498402812674,-0.9560585516833944,0.4060093947448555,-0.8674099451097401,0.18185910292044893,0
-0.7582820688875902,2.317636788673878,,2.3171012219051708,-3.0682301744004734,1
-1.1306153349375263,-1.4072934434924025,-0.8372144095696987,-2.167227462180157,-3.912124917769946,0
0.6227112239002686,-1.2981039036871578,0.48819067795622734,-1.3258006664283257,1.0783567144773438,0
0.6295295842218108,1.3142265757035791,,1.027259259166479,3.87651716459705,1
-0.8043157596599924,0.7132662507965424,-0.1234353029898807,0.7179112849498896,-1.9630576123575463,0
0.8953554307625996,-1.0259648174807778,0.6019830503975938,-0.6630030116565768,2.16074050909689,0
-0.6315777291653314,0.6072890151016929,-0.593211299468853,1.3535939888337105,-1.1466026151410555,0
0.2531652380379812,1.4678504449973098,,1.9222949631819535,0.23966487891438126,1
0.820344012612456,-0.030263057596985755,1.1300186603298055,-0.39098343251208856,2.8624103188748324,0
-0.03361256470371303,2.598822900074582,,2.7832804644891795,-0.33311105145569014,1
0.45474091214113466,-1.7240618108680354,0.5498463918125558,-1.6925082501220234,1.6616757319196025,0
-0.5164296438875717,0.693823453859102,-0.6381328812851315,0.02775897654365167,-2.497782869460447,0
-0.19646658342809717,1.166528336221003,,1.3656447285671391,-1.15172072368778,1
-0.20585943088034037,0.8913439016052467,,1.8196800705641036,1.3324293476699065,1
-0.7465783465402389,-0.20435572664564833,-0.42353672593431174,-0.18814242455214633,-1.835447909626624,0
-0.1767741631157821,-0.2904414820111494,0.1738536566059024,-1.0875328218738498,0.37513044064272566,0
-1.5486182988637467,0.4441451710872574,-1.1870831367959576,0.4592795066415669,-4.765706310166803,0
-0.4911537471421047,0.8157544866520694,-0.5680581360826225,0.2088983871654443,-1.7281194184488338,0
-0.28487549336967083,0.6024734362823633,-0.12546197157990563,1.034276189725507,-0.21178635265952228,0
-0.2561797524953804,1.0400578907933893,,1.3024903866559536,-2.4799523193422432,1
-0.24149744587077906,-1.0188699570667352,0.3929063822876995,-1.104324983804107,0.5559845940282213,0
-0.061764199860128925,-0.22777097912363467,,-0.3933531120515453,-2.651113975149726,1
0.4794415180860639,-0.9400159321237542,0.4358673219183513,-1.0461330829315276,2.363295594157929,0
0.8745170741325226,-0.38611277608614164,1.4449650627076598,-0.38197552891498143,5.175651226514984,0
-0.6497652268482671,1.0152208918143053,-1.3316991936629379,0.6291033811435344,-3.6031163291073955,0
-1.2032008553891445,0.10798392072522883,-1.003310896580719,-0.5858926197754897,-3.2421036014015874,0
-1.042044412243103,2.6068591631497697,,3.1762086364970936,-5.66300585611566,1
-0.48720292119492714,0.19340636718971696,-0.6716045537893616,0.0007058789412378585,-1.2978720346827566,0
-0.3519213178165091,0.05969188057973627,0.12104916250320985,0.14321343266430833,-0.6487254825787458,0
-0.7699960661974573,0.10618291944021628,-0.6709676032548822,0.2488238950239634,-2.617478030299896,0
-1.2961166642498945,-0.6378086928599359,-2.313294598192076,-0.47679845303232893,-6.350211950575482,0
-0.4561208274741882,-0.057836612377593744,-0.9443335973399873,-0.6447456109268058,-2.649569619549014,0
0.18142662011397137,1.1277880271116458,,0.289867944835722,1.7085555950717266,1
0.5950294658355647,0.11397066812777235,,-0.1803755942182237,3.3253923327305457,1
-0.5574230531083212,-0.7934597298834714,0.316644733153821,-0.5956039636749947,-0.39495513602782534,0
-0.41299782214343406,-0.9250846204786352,0.42832597486321455,-1.2890595542157917,-0.3063066917389987,0
-0.9266983088473107,-0.4502018916658434,-1.0978208739207067,-0.6276625685154602,-2.678957282463104,0
-0.03143917037477642,0.07386343441088038,,1.1375121412856646,2.6565828172601096,1
-0.8484286341908146,1.193586535476262,-0.8361887992648592,0.2708745930739942,-1.9839010621592084,0
0.5731278132412001,-1.3404886413664368,0.09179354603668738,-1.718005639321686,1.4750937672246272,0
-1.7858664919341112,-0.3198262778887562,-2.1026864248894,0.628475756398208,-7.545969783686685,0
-0.3596296724524622,0.14431001943507887,-1.4879922250971716,0.12201068343746717,-3.1927366229945955,0
0.3011073391917419,-1.833705767629435,1.1046168433163823,-2.18669835037889,2.1689206624791,0
0.18383451632250436,-0.8335982829664064,0.9812155108444361,-0.24921382446084628,2.2418986973924624,0
2.6930336639804966,-0.6798885397361863,,-0.6522733214956307,8.372253183314537,1
0.3498000245679074,-0.7959703738504983,0.23585788037695443,-0.9701245713725013,0.1875838952892418,0
-1.0040545968420098,0.1918895450216474,-0.956250824785721,0.28807400854040294,-3.82498878961535,0
-0.09546424708907304,-0.1605596095017974,-0.57564077316013,-0.4896140141931804,-0.19188426687431948,0
-1.776246333466452,-0.5552861026010363,-2.6537973491020326,-1.0640316340450755,-7.852775495983161,0
-0.08059974929676088,0.427962626552635,,0.37116416273526087,-0.5802547936470511,1
-0.8330560570007587,1.7230747176462498,-0.993595771730382,1.2175762376082462,-2.330330518991439,0
0.9153902755601617,1.639256516741752,,1.6446031726399923,2.6173370684372066,1
-0.5495402745955349,-1.9227717720623363,-0.43818224329505256,-1.7455684883251668,-1.7463850794679676,0
-0.11676591579524663,0.5770721838351396,,1.003602411860945,1.516240381304054,1
-0.6355578414044034,-0.17802329006383844,-0.7871042012502665,0.38593920269457527,-2.727913063915313,0
1.7388513518533313,0.1551553428653563,,-0.047712907950769545,5.883162360531772,1
-0.3212427661179117,-0.39828303354254857,0.04219249575455619,-0.1485757295730139,-1.524357365348114,0
1.8325570434792018,0.11758862988720224,,0.36385035299038043,6.499843421998574,1
0.8141517621182666,0.15140739607201872,,0.3153167539800107,1.7620937699712846,1
0.48206672733538614,-0.5789517573489231,0.530255288892404,-0.8186814628241523,1.862894016522192,0
0.3687331473175197,-0.8963675478251808,0.6425030574020464,-1.410401454057236,1.5328767029164845,0
0.39379729821625153,-0.4486956826194842,-0.1703783705391373,-0.19769473808620436,1.3289487116747007,0
-1.92767257934561,0.23425926445676556,-1.2959030739473558,-0.6191720166397594,-6.012129482030529,0
-0.2788833941507565,0.5989963416842641,0.436911058456299,0.4650766254001085,1.1558203691151658,0
0.8451579711843216,0.8533489773401466,0.4837678434620747,-0.4234665304841523,2.3451491212644062,0
-0.04889718347410554,-0.49419002306691273,0.0479378256999788,-1.1623912347460443,0.4259168940449938,0
-1.405189846803575,0.28384456730273677,-1.0840507184680592,-0.15472240192097547,-3.9028764097735458,0
-0.05240445057746945,0.9625025919532985,,1.5108646957679406,-1.8381474985061041,1
1.7041055162554912,1.1655948951441282,,1.5096489073462627,6.4402068130940355,1
1.2468917155347194,-0.05883285413152208,1.3285195286808023,-0.3358001960526432,4.3962625620467675,0
-0.062004009366031745,-0.22093172493961213,,0.14375317262526324,-2.251421257765546,1
0.9514492770580866,0.19112423383639218,,0.6349357155265906,4.019046804289795,1
-0.36650702036805183,-1.1497074728974057,-0.9165782285035697,-1.2300398970847666,-1.5246468296204816,0
-1.703871586826719,-0.19360951103550816,-1.2342701609956954,-0.8857985831423533,-6.360849524173502,0
-0.9244659881295544,0.7445863984731301,-1.2600715256964987,0.640630243440073,-4.1740768715081895,0
1.5628887685081978,0.6419471294437011,,0.593000926857633,4.685942174060736,1
-0.2739930818293042,-0.270267604363889,0.41214637489398326,-0.886494799779002,0.44919204016285685,0
-0.24338397937501807,0.21771820108716664,0.004806843889404527,0.4012415975521506,-0.518272922858716,0
-0.29983819627488056,-0.8246503402906876,-0.8395751560621532,-0.68474441313951,-2.431746212915216,0
1.904136589573007,0.7034921482250248,,0.9260134981721182,5.9943149068709705,1
1.6259589153620633,-0.07782143613647309,,0.06164011244724864,5.909644065672045,1
2.218780233448134,-0.275951451696138,,0.08897006586135353,9.491034226304052,1
-0.1590452104000513,-0.36172383609338643,0.020104697066332777,-0.4513878500299022,-0.5681729457017053,0
0.29562448874709507,-0.06289386689985824,,0.03799868678561848,-0.7188543699570711,1
-1.5166425494207911,-0.4478776449319587,-2.1002472922279707,-0.6467477870547248,-6.1958601915479585,0
1.4769344261182744,0.6581430360025633,,0.36589342819158815,6.256096264161395,1
-1.167779551267935,-0.3952835480161807,-1.258709584163016,0.27384126736485714,-3.862243511707571,0
0.2167755637626291,1.5929640960273812,1.2953835074864979,0.571079745264133,3.719103880382095,0
-1.097302527632844,1.465210503481381,,1.903590498058513,-3.9166985254529347,1
-0.5888668267386961,-0.8915434898545047,0.3182595871114413,-1.201813927577335,-0.5515682857717257,0
-0.8372624310497003,0.06970426942928022,-1.4224542301018703,-0.3053148193922803,-4.0430841530776345,0
-0.6078752606758179,-0.6506566213361947,-1.3944817304566715,-0.5198678793034912,-3.866052945610514,0
-0.5391227031489786,-0.3266475631886114,-1.099165269411746,-1.0714523693641127,-2.675467582876788,0
-0.5482687949250771,2.002427467644797,0.046296095801656056,1.5944159316716955,-0.2449271117825581,0
0.8333339117803071,-0.3075714171157992,1.711384706627074,-0.7321412403722952,5.196812113210552,0
-1.10486279306252,0.36022603707742873,-1.495952520038837,0.24952690798488134,-4.393902894269259,0
0.22054142701386686,0.5413212940082783,,0.13925244992793423,0.43424012812662627,1
1.2179591523055584,-1.0006293724832407,,-0.20007002966360643,3.4910894674823787,1
-0.513196364513396,-0.8550954744092049,-1.4190162880725896,0.043412783839772096,-4.589323076741634,0
-0.7179188907476018,-1.206022371408119,-0.358713041859287,-2.2170191327821507,-1.6890190436730057,0
-0.23052462518025083,-0.8859707338977771,-0.11901447369916926,-0.613809381514909,-0.5575768565834893,0
1.1797252083607102,-2.8500301093171823,1.184969199697648,-2.420698389778395,4.246066409922138,0
0.1941076309533577,0.5445824007936281,,0.8160750019891807,-0.7644916019537435,1
-0.5312142946075984,2.05419384125607,,1.7251370947102225,-0.003365602567125814,1
0.48387665118803963,0.14782073903652695,,0.025772957957256218,0.9029100803416581,1
-1.1022921498364233,-1.4162688593406074,-0.8354789374281855,-1.7904061867294552,-2.759634384884191,0
0.681359510442948,-0.642776382899948,-0.04592119217941426,-0.8529083984793623,1.1670217700123304,0
0.40860730770176745,-0.4588768450249969,0.31334471289174887,-1.063859359358585,1.314943316278079,0
-0.307808471138884,-1.0175847772133757,-0.1621212430195922,-1.074979188030651,-1.13471347806557,0
-0.8385857984472311,0.8601826383951567,-0.6750481894205773,0.10878178274262185,-2.2003166339080487,0
-0.8866809222834574,0.8102600443753339,,0.7101927672612651,-2.8454048355082304,1
0.5348173363459102,-1.1554517938176598,0.7820785823702965,-1.779742638367542,1.988641472491,0
1.2289805024890619,0.7250810444475082,,0.8284892253432101,3.142580531472136,1
-0.637307747028795,1.5268126635772652,,1.18710288310582,-1.718663199540502,1
0.4583867035514844,1.9025582052295598,,2.0478483791668283,1.9938979153203857,1
-2.0870270186020687,2.8652120230859626,,3.4060023872683534,-6.829417397008102,1
-0.5846177306571996,-0.9019926494431975,-0.5484451219976086,-0.1072691813908434,-1.927551144110478,0
-0.031058932870901952,2.824220426395203,-0.6676653198276008,1.560218131884958,-0.8690092723106062,0
-0.9096834169818336,-0.3542063885087883,-1.5685832930363204,-0.7713034354456796,-3.8827934596395854,0
-0.9365063747895958,-0.5924654553805143,-2.0436404677318714,-0.7440084939365212,-5.123379189810366,0
-0.667779556468886,0.3270723748778453,,0.5572362840685868,-1.813419575223657,1
0.29219272832637316,-0.5820613340930124,0.7060214831939725,-1.4072385861702772,1.321301200232246,0
-0.1873290184063747,0.3990441406465261,0.23444612720468547,-0.09200206275358169,-0.08407115668598791,0
-2.238231233324972,-1.3200771877373016,-2.084836252094246,-1.2548985864087467,-6.550190980187589,0
-2.120700152635066,-0.23875260206343432,-3.1872597614941216,-0.19630848130010076,-9.414721795027166,0
-0.6068651778571752,1.2855822343616794,,1.474391437571726,-2.087517700522187,1
0.4576865860535519,-0.05706129143115594,0.5428942948501079,0.16477657201290216,1.7122192969868253,0
-2.7475048427252347,0.14159578673988274,-2.679745841329337,0.310893003297814,-9.610155781992987,0
-0.4997301761516306,0.47525860471731124,-0.6111042827276412,0.5720862630330575,-2.008832098004765,0
-0.5262478565174211,1.1706616293176602,,1.198531515980844,-1.5190373349293789,1
1.3883377782084478,-1.655224712189433,1.3941636320510706,-1.3228431673272516,4.484008475480951,0
-0.38502181171286365,0.5845240518374347,-0.3246365789371828,-0.5351372814446779,-1.8012300095269995,0
0.38298898474092846,-0.26813913924176325,,0.5040276042438541,0.952064427351665,1
0.14125714008746323,0.16663789531183848,0.6322626331482584,-0.9356031301283235,2.0038613352263934,0
-2.1305664798072006,1.059950169762376,-2.3459522841473928,0.5203692613101301,-6.6652636376723855,0
0.7682072166317373,-1.1941866514118442,0.10288267512142413,-1.3075670497369165,1.141219721844943,0
0.21539650545628794,-1.0126444414430895,-0.17010300095307637,-0.6763379958981683,-0.19343898715375835,0
0.5082686396745896,-1.9354299597138063,0.33403554399359947,-3.4330634051136144,1.0448594002735747,0
3.9262377064363267,-0.5491589417637764,,-0.5632211037346937,15.298698475582775,1
-2.0841129394985884,1.3304323443788164,-2.105246938715985,1.7266298640866837,-6.92916955928172,0
1.7246966497611085,-0.12058718847346953,,0.3766718695407689,5.411822764260968,1
-0.28744751940035557,-1.3401248956547858,-0.9117792317816693,-1.688789724903515,-2.7058287861503434,0
0.2873289044030093,-0.485678744575047,0.6800701993177974,-0.6360963880525632,2.2673911345380575,0
-0.04551224530124217,-1.487861703490623,-0.371488322312935,-1.795935767936937,-0.6196469369735295,0
-0.4242363333980435,-1.1251861017311617,-0.47425026286871147,-1.321523428494204,-1.2056606693289162,0
-0.5698329282387585,0.3888189102637133,0.1702586102021738,-0.1270943651005042,-0.9556164111232466,0
0.329508735573009,-1.173873326306029,0.5838904010976613,-1.618499407541488,0.7231814735997328,0
-1.5171736966716791,1.1126343052033019,-2.331300720529266,1.329822766217486,-7.375844494406135,0
0.7505791675217656,-0.071120290830336,-0.13417595065447052,-0.005312604193965106,1.2014002149793208,0
-0.41619440488525394,0.08559470394452533,-0.448349629944877,0.3313879577397621,-0.46546187790018934,0
-1.1300693390403578,-0.2783729676078937,-1.7364396464777603,-0.1713657727574753,-5.382715296279861,0
-0.4500128579958137,0.7728478385437232,-0.1257394841793148,1.125017139117521,0.21142968558608266,0
1.2571492168625729,0.7831598877770107,,1.2222668868545081,4.857195207729829,1
-0.5353350870162233,0.33505435191217137,-0.45264270250429184,-0.5358039580208807,-2.4048041863873317,0
0.3584536182096204,0.564789105907648,,0.13763428070046668,0.6548614009968343,1
-0.7309562757154733,-0.21208966992042563,0.13973555192787956,-0.32777764866544506,-0.38497617051152033,0
0.7579218499236196,0.5422030069090485,,0.530864244165378,4.282578753466784,1
0.6855077387902041,-0.33787777547380676,0.5462153769118467,-0.6729230623828235,2.4429179409656907,0
1.8486088332964115,0.0022316221624020006,,0.4582434576565549,7.409530754863997,1
-0.1755639454992155,-0.27464374936629743,,0.7153304347790018,-0.3176224041173699,1
0.6686548047579066,-0.4572185393191959,0.538811373037372,-0.36413756152832893,2.0497443478708925,0
0.09806753953894455,-0.6891117977217902,-0.3179676943274538,-0.6469412816226846,-0.5752973708471942,0
1.2958717818630143,0.4676901038588855,,0.892418231411051,3.3349220851941617,1
-0.7188323876087304,1.3106059128134633,-1.2866310203714924,0.37768603521174526,-4.239500524039635,0
0.7450053128772811,1.1711019716695594,,1.1853364418887646,2.6689967046671454,1
-0.19469729611668168,-1.2565653359454354,-0.45453453521849935,-0.7670474232116771,-1.409412037438101,0
-0.06418817710849775,1.2892030514068733,,0.9676260528063174,-2.746204296907401,1
0.09175248444837286,-0.31815850161792886,0.31418159474753404,-0.9314387915689115,0.4875845373390942,0
0.2522403964266774,0.6007330151455916,0.23310975519459945,0.5078302100957025,0.41001548378024993,0
-0.11622904312195795,-0.906215332047211,0.5571074575786151,-0.9365580486481714,1.3197567800372159,0
0.21471318317052593,0.14197991387400533,,-0.3123462270837239,1.309925524161778,1
1.5781180575621845,0.3137231828969071,,1.3618038209223826,3.775124836762565,1
0.9854496856152184,-1.4846047919196528,,-1.7239529824236257,1.472536494667077,1
0.8691545924968965,0.6082671663441893,,0.03143749063090495,2.095989742558233,1
-0.4555395260238707,1.3459350078383152,-0.768093236370697,1.2991243483030095,-2.18796324703314,0
-0.8892408282283245,-0.1746479456816279,-0.41766122772824116,0.2792823731706177,-1.6816616704375358,0
0.9553005582377531,1.3601681308280127,,1.3688752553271282,3.0328104749594305,1
0.8760467925297942,-0.18969349345240752,,0.05310346656959364,3.613646468035917,1
1.472670675750982,0.8495845310466172,,0.4138292338800386,3.7569470179151314,1
-0.6039806259692295,-2.2185699659510996,-0.1213484337790055,-1.4747257427493428,-1.8304003146045862,0
-0.22954865536034708,2.4187777793134635,,2.699633293272685,-0.22115539500578296,1
-1.6394841625254342,1.495458245242957,-2.6486012182410326,2.0193090296817617,-7.896747419926945,0
-0.39247110606087293,-0.2846255042536789,0.2688378145695132,-0.10204518801609422,-1.2828730919050646,0
0.9965705105794472,-1.972089026643818,,-1.559647007779426,3.8467728606666727,1
-0.46649537922819795,0.28802836830548917,-0.2704731272939451,-0.14849791153312453,-1.3320342067708475,0
0.6404797952008238,-1.4439255470737569,0.20803173898661242,-1.6896307554185381,1.9677313971604282,0
-0.19050310599781134,0.444853537557488,,1.118093835335503,0.7162521318266739,1
0.32405702822156063,0.4115657191642819,,1.1914366928062639,0.31615155469436645,1
-1.1476913898156673,-0.9414031690020248,-0.7316453806286943,-1.5149359688615633,-2.5898084693773678,0
0.08520944963390106,1.1209670236143776,0.4955131875882367,1.2458350575462838,1.0529820082419519,0
-2.9911359709007233,0.8055747028061735,-3.4782196849868345,0.5901028025635597,-11.443554920756705,0
-0.18689615816198485,0.9758233372885634,0.8047906415493022,0.6273076026061326,0.5424654341605114,0
-1.6304732437151401,0.008857703668895378,-1.5147090036063806,0.15127755134662035,-4.855359000168351,0
1.205994516546816,-1.4155240669137066,,-0.8450426007310026,4.802024718324104,1
0.7774073527645112,0.9778722722111376,0.013846955096633362,1.2037035088532346,0.6909396641660429,0
0.466670981966081,-0.27037139913579117,1.5255359834703635,-0.4301276240953087,4.120939683133562,0
1.5210062271593798,-1.389780143192669,0.908727757046835,-1.1323495532250891,3.0090742588506134,0
-0.9489165208248372,1.352039365974326,,1.1720512791838753,-2.5109585015575893,1
1.7473631979155582,2.0994075205025093,,2.3054646708678104,5.5751549953786785,1
0.9321915642603847,-0.041248128979203026,,0.6569847212486636,2.424820746080712,1
-0.23655528721894603,2.159121154603292,,1.120541324952878,-0.3981504368551547,1
1.1356201471829441,0.09131472861134962,,0.4899408778813664,4.794145830258986,1
-1.1062935124116342,-0.38045590416635117,-1.7419356369686851,-1.1499833649515854,-6.148276174789109,0
-0.8245141615276735,-0.6304584541854775,-0.2792780769991767,-0.016294598913246805,-1.437588180398347,0
-0.6085897232397004,1.6370824079927424,,1.318569603056312,-1.146526557194214,1
-0.5289777080640152,-0.7801438813877718,-0.9979544124864614,-1.388979570191014,-2.9255376920663263,0
-1.0565576427602528,0.7352693099749874,-0.25723384596469767,1.0829039235193612,-2.233638464274295,0
1.223083067095325,-0.5591638350592083,0.49465425297130594,-0.37707880348800293,2.8309730058178912,0
-0.25885440036983165,-0.4603067625743631,-0.5712406917586393,-0.9599002140551922,-1.204044298735993,0
0.35250496835687956,1.030249693969567,0.592006280402874,0.40374981538537,1.6867382427414428,0
-0.5703513664136806,-0.38003684628935364,-0.9971345087649838,-0.47377759003499476,-3.5306143412403945,0
-1.8206033005485172,-0.4047953794202932,-1.6886937577088466,-1.0068388545058915,-5.820534405468435,0
0.2700573583914221,1.1328046971748071,,0.6020682107129933,1.4355616786753855,1
-1.9122549754197768,1.5973972932216232,-2.005792110381137,1.65520768843234,-6.77720318478371,0
-0.06863404608546861,0.6446898032842333,,0.16175398615668496,1.129802030772079,1
-1.3683150388328105,-0.6547697756239492,-1.48249543516163,-0.4415001306106777,-5.002274090365996,0
1.987275999230808,-0.5106084992975795,,0.23446329864415905,7.742695110616262,1
0.9113627221747217,0.07991526374003749,,0.005637556289746298,5.039846915838627,1
0.10575379127148042,0.32093006192565754,,0.3860055929184498,1.4519809222382631,1
1.2637066776546686,-0.9878659101397719,1.6567153230617728,0.02118245627797155,4.83502385166658,0
-0.8463159774657358,0.7230379395798638,-1.420905778574126,0.1292373808911904,-4.176678382598077,0
0.543479378670093,0.08551332963959904,,0.6811309272299699,3.0463984178758343,1
0.1998104337187135,-1.7157083186381297,-0.2394389617660389,-1.1802795196818887,-0.927976205988761,0
0.26402008133367,-0.9289264824607304,,-0.5017678128738388,-0.5533215291994855,1
1.2723535001067678,-0.5041286736516637,,0.1417452517146519,4.2100484858653475,1
0.7324921027798023,-0.07285768884105508,,0.06742979413825444,1.226821872900851,1
0.28872366282502326,1.889278795503996,,1.5978140477043623,2.237590013686952,1
-1.6548874362282961,0.23817130613962828,-1.247619706380634,0.7854579517499121,-4.789163031583323,0
-0.9600462952794637,-0.8407718898986251,-1.9113594134951848,-0.2743507840421776,-5.618317448209812,0
-0.12270893359572414,0.22063080430716323,,0.7732877550538071,-0.9550273470440048,1
0.09337237427665124,-0.35208774745388094,,-0.3298367062942627,-1.2121914792838284,1
-1.1302037246739238,0.3247582395335419,-1.361518362970369,-0.033339017273121385,-4.8634395995627955,0
2.411676675578421,0.5805676870356151,,0.6762488140914207,8.539584829271865,1
1.516394055253573,1.209230647223938,,1.680345656007856,5.283116632597087,1
0.6021183203924836,-0.024286495670025846,,0.4878893992599569,1.987159819967476,1
0.07203686128374492,1.6389605275998334,,1.4241224640625358,1.3089214248288537,1
-0.21220896990115218,0.9080226625361915,,1.0657091105998866,-2.7753679004158154,1
-0.9519184600222356,-0.7074395448121878,-0.33348251326312317,-1.3618286970551658,-1.3039656377708586,0
0.07748051851886253,2.209855665748464,,2.7023307172513897,-0.9025417565245932,1
0.2577525401427507,0.3269945132700978,0.2186980350863559,-0.0646598650924341,1.0018598168061494,0
-1.2417605754816243,-0.8351245039722355,-1.5054422443416786,-0.4424968241864617,-4.45819750625809,0
0.33417641724489744,1.6529130512304218,,1.0782607625353409,2.6649306575968446,1
-0.15525904882474875,2.0777775851984446,,2.5934855384154485,-1.1552435622640567,1
-1.907807557877391,-0.03302526371956056,-1.9019393730164231,0.1278923312918247,-5.5661715637182905,0
-0.8603850107795019,-0.5036502603755963,-0.5966656848495036,-0.8943291081840696,-2.3122312116751087,0
-0.4136055334216442,-0.17237495745366196,-1.219106917364228,0.1733032330866007,-3.175417000999922,0
1.88768765734019,0.7147317275176998,,0.4195508816150344,6.1755000340754895,1
0.556553124533758,1.277856655030514,,1.652634173753078,2.220791832558875,1
-1.335481569099891,0.5704873308635735,-1.7788140864420783,0.4334315931732128,-6.820266003993086,0
0.486036289417637,0.10172320847176979,0.07824040380806202,-0.7588003543430617,0.8841674636970228,0
-1.5473039889383655,1.4980117703044276,-1.7222353204765843,1.006803650063959,-5.962726357730275,0
1.0826910538870733,-0.3128364730515222,,-0.5280438273951644,4.637352866007888,1
-0.4711246518178786,1.030919338366907,,1.715013850241196,-2.088483198387615,1
-0.09363618873917087,-0.2880627983512786,0.44557690849730225,0.1625090169133338,0.7081114877503474,0
1.3257966475421905,0.43102295801089313,,1.242953664171964,3.2109241040077716,1
-1.28716356858425,-0.11356256479045149,-1.9131246988209762,0.7132550432244776,-5.389730141306083,0
-1.3971181851129912,-0.05585218265281086,-0.43394548225242424,-0.3232275849482683,-2.136047131439969,0
-0.5835993263460049,-0.3773865174622099,-0.9125783901787604,-0.4716299473416246,-3.124391744484046,0
1.0383788510193166,1.3448540311806945,,1.1392140690154253,1.624886459921962,1
-1.5193460754768426,-0.7329260381085351,-2.390373046362758,-1.0686813407590734,-7.049763596027048,0
-2.8321555981105697,-0.7402322525487084,-2.2946038712061,-1.6609796072169376,-8.851768970095685,0
-0.4511588584089988,2.1209935658451093,,2.113619706836688,-1.334894126031375,1
0.5517407999109204,0.9778475646543314,,0.33506476779877625,1.0627855884325568,1
1.2002617497388293,-2.3851136986930364,1.1206608939455094,-2.4021996394602,3.7727368249872133,0
-0.463161362085399,-0.5652587392104036,0.043310080249491734,0.4926266655710887,-1.6819735022625417,0
-0.4114266071160025,-1.8119893375620542,-0.5011915241039627,-2.0666618857274086,-0.932031140776018,0
1.1539007342557475,-0.9506906934152551,2.3259276236720607,-0.8533036906012215,6.507978662889424,0
-1.8697416996954206,-3.1385146662340397,-1.802861412668306,-2.6851904733293983,-6.642051831870141,0
-0.38852077518300926,-0.13698957769394238,0.1423716082961513,0.0031560682890111047,-0.9591736854777995,0
0.19042388992505774,-1.1419418191613115,0.5930438188772611,-0.9956997251901636,0.8564854435534834,0
0.44921872128503426,0.059905256796438384,0.4309950611560154,-0.12129596004760174,1.7429516541352776,0
-0.5098066931908826,-1.6251212588825248,-0.8032921862011142,-1.741060246413141,-2.9250069349889074,0
0.03444101170584135,0.08291185317203993,0.20042297598911818,-0.39709340792187436,0.5045101811112831,0
-2.4883273534129895,-0.41491627812032733,-2.233277987809353,0.008106226324376464,-7.177574575170675,0
-0.6582484123338483,1.501952965188596,,0.631207136881548,-3.050249302767407,1
0.4535087125544674,1.411356861745625,,1.896901030936726,1.2728971379041023,1
-0.9822940342546795,0.785345603010283,-0.3641915451248815,0.08349641063766178,-2.0108205389054006,0
0.05898422158959733,-0.3266137806612126,,0.15468985637711352,1.6634966442424055,1
0.4468725008026977,1.9853803952602933,,1.8084716321542027,3.278415338323565,1
-0.34254920085776497,-1.5530352778398206,0.5888306423323761,-2.168969621906361,1.3656473176422725,0
0.1704637709965709,-1.4035586295636626,-0.14422333460665698,-1.1139093070238444,-0.11483682219527963,0
-0.9627325652846123,-0.08378309988906465,-0.6117914392549653,0.3806006676488227,-3.116328317148959,0
-0.20661127969604665,2.254038108921119,,2.0349987848693507,0.40249509325742894,1
0.6102161695892225,-0.20233890687008754,,0.1579663674693791,1.091590454547569,1
0.15697296096843422,-0.18324524320928193,-0.0858220950540704,-1.325787490543957,0.25559881719804295,0
-0.5865312695639355,-1.4419103561118092,0.2824211113536895,-2.1022085009851095,0.20486148301203377,0
0.224216404290793,0.9459295852703784,,1.592134050504743,-0.7085977561484593,1
0.714609790636618,0.9531762543293538,,0.8413416172303958,1.6654590172438246,1
-2.049941278577478,0.7890752013999099,-1.2859504917577222,-0.14203146182451387,-5.337970094976012,0
1.1590740649558977,-0.6292206728473624,1.757455677446117,-0.9786537630683592,4.9996277069227775,0
-0.336254738681072,-0.7067067683730057,-0.12019461668918727,-1.1684070046355461,-1.2881272892384876,0
0.42548993324023027,-1.2931222504049704,0.4026345559173165,-1.3761031161414328,1.5016203703412623,0
1.197246923645228,0.08387250176093364,,-0.10150299014289005,3.2220454853022735,1
-1.371673697230466,-1.0804073292785017,-1.2306992603259403,-0.9909414648094212,-4.007068641916277,0
-0.7094410024275466,-1.1774165052492886,0.08046247627322833,-1.212149531055576,-1.465177937160966,0
-0.2885486958757048,-0.42369071691067595,-0.1692656328046668,0.2561789106078334,-0.49750121284131876,0
-0.7837535211244283,-0.48915617518421617,0.29972611249905456,-0.27688187532438163,-0.6164862390960744,0
1.7349365758368085,-0.5379785288219551,,-0.30914272322516206,4.894023587600998,1
-0.8567720938267928,0.4664445968402613,-0.8666124709909274,1.049023158787522,-3.0697988358816892,0
-0.5555467794868666,0.07904780215027922,-0.7420761133188244,-0.11533657306451166,-1.7774808110508478,0
0.20438903160297678,-0.28815603051111766,-0.3381817399781896,-0.9190947521903603,-0.965908637048809,0
-1.2021495260760888,0.18301292831148205,-1.2786913925809165,0.7864980906276067,-4.566685351871875,0
-0.39568071175626385,-0.9915270411046322,-0.18701606092604403,-0.923606167050576,-1.343424971830078,0
0.31745326125017487,0.10527862390967795,,0.17495422785914216,1.6160080275532849,1
-0.33286040438251097,0.15060249284463378,0.7523656850897671,-0.1660624679204844,0.6631003173494405,0
-0.09338685889994834,-1.5030468593574806,0.13884687596183154,-1.8114745259092695,-0.7464271576195667,0
-0.5293321124483711,0.995693754370362,,1.419054923755784,-1.2300943633558639,1
-1.514470309180767,-0.8814337052269955,-1.481423186031279,-0.3891058061581903,-4.415674326564652,0
0.32159321133923857,0.09030979920643496,1.1606210115655362,0.4822215020797642,2.9269959457830668,0
1.7549330716472415,1.1644117405352703,,1.5608925432580079,8.646896063257454,1
0.01840163078343813,0.9256767577138694,,1.2101915263437488,0.4541846437136641,1
0.22526411724754958,0.03433338856883548,-0.2710653904782411,0.10009475360791362,-0.2300473171397425,0
0.6927227551168597,-0.36249900288206854,0.4183202437282755,-0.4501888450425586,1.6608186587161504,0
-1.2693304965466992,0.9475119085755672,-1.1283633449441182,1.552673833546344,-3.8972581691877526,0
1.7025146581296056,0.6746949778086199,,0.4878345425634031,6.465703765833952,1
0.20232879642280202,-0.61836502004413,0.5515413636149881,-0.4333754131037565,0.8209418167848715,0
1.631856899089109,-0.7948936470016904,,-1.1969001459788138,6.2985590795940185,1
-0.7330329955239894,-2.072355181695998,-0.72954053739602,-2.4020047001212235,-3.7880015297137994,0
1.8180619225578247,0.1540318416835874,,0.035954557754974165,5.933947887589151,1
0.7751554940347829,-0.08269774501839866,0.9757246246668976,-0.48466693338198047,2.409504061967709,0
0.5530400858523584,1.1361913746425418,,1.535117287381692,3.7426001148788735,1
0.23402445435314795,0.35905509348036657,0.7439887570670254,-0.31496203229214814,1.2417003940656781,0
-0.24852861807444937,1.3342291941726903,,1.3838440058632266,-0.3337346138578262,1
1.2005316584738726,-0.6973642279161707,1.7153151203852481,-0.6311101794950801,5.520566988119417,0
0.14035986984804696,1.1381503309676182,-0.04517214460237928,0.23275054180777777,0.871609058192102,0
-1.9670697035871527,-0.5289163791046552,-2.221202276628813,-0.7494282893664596,-8.163687936144095,0
-1.1171864617070026,0.7775960617922721,-1.4910790138899936,0.9054458308163436,-4.170201242504924,0
-0.1858457521927471,-1.4587583925306935,-0.24848906357746608,-1.2443943958836594,-0.7101704027553171,0
0.3099989831655548,0.23513529936618852,,0.13298169506610558,0.4376569679580494,1
-0.05658848889989584,-1.98468794144591,0.5475488814261738,-1.6462438392055523,1.3901432820322335,0
1.2189707897936632,-0.2671374859417547,,-0.32179561455977507,3.6731119210530294,1
-1.9511018640386248,0.4403539938779136,-2.352462722151083,0.4471804499154419,-7.272812982159763,0
0.1435879365051602,-0.5209685512310958,,-0.3951416167378189,1.9490001000346946,1
-1.8179792253871547,-1.0504376287559674,-2.0436668409278265,-0.586937814388883,-7.130801036084531,0
0.7597122954841684,0.8461184692959337,,0.5082594680881678,3.2843215178422405,1
-0.09445871444200275,-0.10346278984692345,0.13120269792970307,-0.34687372610607226,0.863417585981613,0
0.41960997202411815,-0.4895706470306716,-0.14873658743628942,-0.8240188928952791,0.3144258335871737,0
-0.8638829605897661,0.04189592115427648,-0.24614107583823153,-0.12420293691669018,-3.181751055239002,0
1.279464931657751,2.6366691419455885,,3.349786270985471,5.015721659909129,1
1.0417246640588513,1.1535028497815438,,1.439865509446455,5.220633394997977,1
0.5835443030118876,1.1625736681878402,,0.5970287956034193,1.2467964349769205,1
-0.12951724686344077,0.435546318992364,-0.07995435062536076,0.1353228361980266,-0.18601529071311712,0
0.5798572852951321,0.16648527257714707,,0.3528688847153482,1.8304012897284967,1
-0.7068925679873489,-2.3960822883304163,-0.574948320812338,-2.8493361787968015,-1.7908000632666856,0
0.8555556590207121,-0.6789803464631321,0.12824828473213157,-1.0416503668705106,0.9564734216298102,0
1.649480894323921,-0.4805744132024745,,0.19190541988459986,6.502443862503016,1
1.0706105599791862,-1.874892064047533,0.3573786042673136,-2.1815798782841265,3.095712460483953,0
-0.7296024698074095,-1.1574157902154336,-0.5504354342089488,-0.6800823822007402,-2.6518044421591656,0
0.3614173172731029,-1.980836470922634,-0.702907244986157,-1.3531748761571647,-1.3204884268641908,0
-1.2931415437586478,-0.038323835697372494,-2.2189349609039413,-0.40505488128185463,-6.17223458055709,0
0.5723903111756757,0.8187659708488161,0.981664669395675,0.3737846925702454,2.2283046006834186,0
0.45060341286253885,1.1067745186243287,,0.9687084753837463,0.7839720542729431,1
-1.869816339532164,0.41478446207924113,-2.3637453763482847,-0.12952939825757126,-6.980951783766809,0
-1.1617838439123638,-0.963396341198569,-0.5263610333745897,-0.9028794019471977,-2.426594450379244,0
-0.28313889674376713,-1.9320651585199595,-0.11932578807955965,-2.0348911144466526,0.32673824957002473,0
-0.30085974714082625,-1.756868699401502,0.13518535062606563,-1.576578691458351,-0.09552684565900423,0
-1.2094769354188053,-1.2689825772544985,-1.2925979715792206,-0.5705108491380879,-4.704830347425743,0
0.388978729352184,-0.8888596980356747,1.7287930763021855,-0.4801172076505151,4.066676002459157,0
0.25147360894051224,-0.15974849799158664,-0.05078332133938529,0.08487138971459149,0.20034960102768082,0
-0.1942691319785193,-1.0141642181269683,0.6779786427014247,-1.9971884246109273,0.9962750328335027,0
-0.7557915001583629,0.3389758936682615,-0.7864745202083194,0.5606638847194491,-2.7185381447020496,0
1.0487071264165635,-0.23227350279947281,,0.6290403275528018,1.5500811931221081,1
1.6554071130882952,0.0105457117410256,1.8968314859623496,-1.4947155464157327,6.417882519042464,0
-0.4835614838465371,1.1402505526712048,-0.32618020311895524,1.4849418241590175,-2.0820342658870117,0
-0.6121669171548207,-1.18023173420037,-1.1378278242744355,-1.2599110215786022,-3.5523193282351593,0
0.49120766541199645,0.41870457829236835,0.03009802684463908,-0.006192923219103974,0.7375681702373642,0
-0.35802937974698634,-0.013973228476073308,-0.37037820128948246,0.38659106347990346,-2.4075771285272403,0
-0.13939720066323416,-0.3334862809696951,,0.5213666693339701,0.2463533810991207,1
0.7396531517246714,0.88525632086596,,1.2728716852848367,-0.9084545067668037,1
-1.9093560875072928,0.8790141545570074,-1.3827953612453914,0.6934181789262441,-5.294831008302633,0
1.3183023248526693,-0.9464907959884281,1.0710533379451805,-1.4182257081925063,3.473155518205284,0
0.07268052432934134,-0.18216058385792389,-0.5931932178697468,-0.109846766963152,-1.2798249945972313,0
-0.4114931445621802,0.28121168258406504,0.05904013116378515,0.7177963287748591,-0.23959413104098543,0
-0.08923415422144892,-0.2730067480225845,,-0.4665332611394483,0.7631322405462136,1
-0.03757064497948127,0.5850213322877983,0.5705122434116459,0.4398298364623999,1.1428945082077444,0
-1.7312013034449254,0.2811920179102754,-1.5122251719550477,1.6921921428294746,-6.612565463177237,0
1.494938227453236,1.8325612403560125,,2.3718872133358753,5.7076168594561665,1
0.041325632270618466,-1.5302791359297876,-0.0350393402194596,-0.9552147967329715,-0.12404943446250064,0
0.4430021304473752,-0.12243598974739747,0.6843585107254441,-0.8525789427768035,2.0681735443513625,0
0.9515497705740432,-0.9085025115121911,,-1.2620968511589212,3.195824453143628,1
-1.0211624575603007,0.6041074554390441,,0.6414482751661637,-5.539330168660409,1
0.47347189903522846,-1.6171718900455445,0.7784264603625504,-2.1177406689881195,2.270329193145541,0
-0.26764109089879357,0.3463127102248866,,1.1465113596695338,-1.2860786045665544,1
0.8467707752164937,-0.6300484313483412,0.8635545992509968,0.07510772194698156,3.6081828143294934,0
-2.1272274203514954,-0.7341618661210142,-1.5825375022741914,-1.0009345348130412,-5.992359253406255,0
-0.099094300241269,-1.4464982035406873,-0.1560326041091395,-0.5545389002369449,-1.274207619970956,0
-0.6028206557839616,-0.46507594620100606,-0.5953036930130663,-0.4672019945609771,-1.4635254435275509,0
0.4322629506341556,1.0845005302909256,,2.3791953889854502,1.1380333598487182,1
0.47004418736820225,-0.02518868352947947,0.6854141543591277,0.04715438173303876,1.3022737910439495,0
-0.7076258948220262,0.6276804178744745,,0.9157767930386855,-2.098986167450617,1
-0.7121738641760437,1.664641821966275,,2.3645935425510545,-1.0744203358976674,1
-0.11066536855732945,0.26375558482257566,-0.4002297870607675,0.9025722597264803,-1.5734795632442262,0
-0.8966422273152082,-0.5587995720623404,-1.125550712110301,-0.3034335389943937,-2.9072760972707057,0
0.8419836954521269,0.4672522151827898,1.2380523950248616,0.3966820554608719,2.9827659461641507,0
-0.36920720044744615,-0.5442961463142919,-0.24310069876601445,-0.2872297963177323,-1.4356257865266906,0
-2.9069882193216414,-0.5044226832971694,-3.3600972824179887,-0.9125147692352269,-11.552112311513284,0
-0.3748220566218061,-1.5198927996189848,0.2784549772454442,-1.443825940186927,0.6831437353525102,0
-1.0385438208439723,0.9262574910843923,-1.887769105044098,0.37160372483539483,-5.578862009628753,0
-1.6312758154609455,-0.3860025756494393,-1.2391334388290696,-1.27644339568959,-5.506589102180056,0
-1.2374266382225725,0.18209824581586204,-1.870032656221671,0.20731162788558358,-5.3735998303201695,0
0.10940847183297006,-1.0359619286066395,,-0.40482298327080335,2.5993086631972817,1
1.3286408282482312,0.4359476297154724,,0.898849950513502,3.4394112193602515,1
0.31318447386498,-0.761941238135084,0.8893097998013542,-0.8028973859978881,2.112726727787173,0
-0.6065033882157399,-0.14170872170182425,,0.7317861273859242,-2.0771290682478596,1
0.4559041951707029,0.8778260312391258,0.2726029102513309,0.5932953358158389,0.9039455701440733,0
-0.45909031021899177,0.7907593122325293,-0.36639198198511114,-0.16815701866648214,-0.5840185903308447,0
-0.6946003691631446,-0.022030072516940464,-0.3786501995842381,-1.1130807196174213,-1.2270983735842274,0
-1.1543626682329844,-1.7681310327067183,-1.606562919398419,-2.358726503004577,-4.403191426625977,0
-1.7518288067517191,2.9928105700606413,,3.4011229416917557,-6.550130581512817,1
-0.3899237065594453,1.745858970273136,,1.4284576285394428,-0.45526145484767205,1
0.15805348992013185,0.7226748248882985,,0.9531541458169495,-1.7763369810040326,1
-0.09662367001488972,-0.7532037815909708,-0.38873821661093244,0.0699379102010178,-0.6057613201163754,0
-0.4159669279473586,-0.11359216170196468,1.1043765491323618,-0.6636406429908677,1.6419353213753456,0
-0.9457460606967811,-0.5434204297765168,-1.4297525429914215,-0.3041705638785719,-3.646442134552555,0
0.6082461916849685,1.2638559390963882,,1.5333374754242493,3.6803740538483565,1
-1.317131919946585,0.2625028908518338,-1.610107304303491,-0.1678661033847178,-4.920722253450349,0
0.7760279138434754,-0.7841638583598328,,-0.10705839573729126,2.3830304444842296,1
-1.0022170189267248,-0.4707550991247819,-0.6750391736286161,-0.6146086268995202,-2.8979041439515547,0
-0.7524352373530351,1.1211881425699046,-0.18795686976156134,0.9293116521133999,-1.7835127255045036,0
-1.466785190615677,1.6000978468204783,,2.6559044560294645,-5.207819031876108,1
-0.5014021468856367,1.5283315634862455,,1.7897149346696046,0.026202988933802907,1
0.9753124584779789,0.7570320650539775,,1.2196773398967264,2.6862841520410927,1
0.5156280884439565,-0.2526248688026368,0.6327382952437365,0.4248215969582826,2.2684356756067596,0
0.9784221120280351,-3.2415138253291205,1.1010605781368388,-3.5667508250587288,3.453685267531342,0
0.5221425459339358,0.2971600238082216,,0.9220705723350612,0.7663265606063662,1
-1.1036698285303692,-0.0018287588441004044,-1.2466059560199296,-0.2527758163429354,-4.908422600272566,0
-0.33078922432755736,0.13998209632135453,-0.2500324747083537,-0.13232959834779415,-1.4124495242880728,0
-0.7801991291174627,0.05389734703320638,-0.9962596506821726,-0.0821026391208617,-2.834796211439059,0
1.3305749040390402,-1.326262161949157,2.5510368867673074,-1.6372945794216345,6.482840071244937,0
-1.1967886464263116,0.5574085568511856,-1.6161004832260768,0.9684867731797671,-4.404521397290122,0
0.8936976893891109,0.6322163140318503,,0.7658216416043782,4.794566058652976,1
0.8929538701087693,0.6823387820596591,,0.43672657475110266,3.847683390859585,1
1.8296202017160872,0.9465770035733866,,1.2838295201507977,7.889175624253266,1
-0.40968659262949736,0.6040516449216232,-0.8422911195556206,0.4664604262284502,-1.6775603391313405,0
0.7123221595801621,-0.4100294115389108,0.3281944993842772,-0.5740645967212491,1.25023248478593,0
2.2816518365388427,-0.07083684791609023,,-0.046494905465318405,7.8409011555194645,1
-0.6176416769336966,0.09112486725337687,,0.32285504508648544,-3.9145556180543233,1
-1.5350402475323597,0.10769944910661848,-2.036772960432005,0.3026232737953283,-6.7644623375922555,0
-1.8800100339077637,0.9982176559717297,-2.621248291589585,0.8165930648453146,-8.59746620562392,0
0.7127120288613313,0.6436687530224908,,1.067224356742192,4.337813771636566,1
-1.8831502080585838,2.0773434395699533,-1.5739190118644746,1.9661463640301253,-6.271536068128891,0
-0.37231905293792283,2.206468979884672,,1.8789767355803126,-0.5680807639357955,1
0.4373131870389607,0.07964958261392499,0.7317291628099345,-0.6543612417697507,1.6589151420650456,0
0.18517553682991406,-3.8366555484593694,0.26865934849699563,-3.3450663079598586,0.44100303358956683,0
0.42544486418417227,1.2368324661272665,,1.2430275042242702,2.8862727567380038,1
0.22228985580085406,-0.5403763389870544,-0.08309147206501458,-0.434940159731797,0.3613429859333277,0
1.2788658133133932,-0.8014839218310068,,-0.27858246398124886,3.2885204201881972,1
-0.952316380738797,-0.3984452749893668,-0.5787869668267354,-0.6371483907882749,-2.577588605178291,0
-0.6769951384585313,-0.4466430468146064,-1.3375997543865958,-1.1338426710516707,-4.063752722753507,0
-0.772659445270824,0.6122698101053926,,0.6471601612130019,1.0934621644197775,1
0.8301918118626102,-1.5594357791262254,0.8444746932514032,-1.4054550030860777,4.40561342729944,0
0.9003985883950636,-1.0777207457916016,0.97139331368286,-1.209145278871788,3.1137449924814575,0
0.4512253193185082,0.3431585541974166,,1.0800273432355012,1.9750523689331034,1
1.1834936668899279,0.6229440304133081,,-0.6201392534473701,5.115621652084255,1
-1.1780408673763807,0.641541644936012,-1.1590018576781511,1.2015699638859034,-4.187779681167476,0
1.6672241115511366,-0.787036278933299,1.7322888306001576,-0.39145945375118607,6.951089153027666,0
1.5232386217122578,-0.97826564926624,0.7711643562382683,-0.7498802604160104,4.660481316732695,0
0.7356219972457467,-0.5066348337879193,0.45738910832075863,-2.1745856085224675,2.4508986978084195,0
1.78179890877106,0.23987275228472507,,0.8818171439198592,6.460159356251341,1
-1.6566232076777738,1.4854773692725496,-1.4346767881563305,0.9722603139546069,-5.01540510473892,0
-0.5244481362626519,-2.0474371857707503,0.08613473873939159,-2.301283174962444,-0.48189954738104257,0
-0.7353034606819523,-0.22072875695836655,-0.7955539897936146,-0.30602508935340095,-2.5734015689604623,0
0.7214793237573432,-1.3326784410252037,0.027836067041910106,-1.128969423699216,0.3587761954359,0
-1.0501407396021456,-1.6522426773534897,-0.5217755242143066,-1.3325286562572147,-2.087864488605008,0
0.7574951493374855,0.9669566453448166,,1.4133769225044648,4.141226533018832,1
1.3705361439967134,0.5446245744993384,,0.9525513295385966,5.644700403072439,1
0.6952029000839993,0.44943351594726205,,0.575897118053825,1.9694982319320926,1
0.2837510236615011,0.9210258397309934,0.8059440495997907,1.1289871692597888,1.6407063848651444,0
-0.9878733409007492,-0.47971889676613605,0.7265818981033576,-1.0250957546772594,0.12998307549508228,0
-0.8468509661253646,-0.43263751633352826,-0.7892748089051268,-0.8081509197430394,-3.7234074679273417,0
1.2496189052966666,2.1857306167225743,,2.6334607285599905,3.4566788561182293,1
0.7793490039053323,-0.24657105425957435,,0.17203368910476627,1.6143837456186683,1
-0.03901951937754412,0.7351321130540912,,1.0970318212763017,-0.5404326606199996,1
-0.41790954576589057,0.006381540963314977,-1.2203117012149218,-0.25082683986494875,-2.156540063115669,0
-2.025807873111377,-1.8482585300784151,-1.9411063356553422,-1.3930124641065673,-7.349968005650538,0
-1.0708524186844388,-2.044629003801268,-0.8806840935264975,-2.6252512300414472,-3.728726395840501,0
1.9114190871397234,-0.5789842199399048,,-0.0403043150087683,8.79235771030572,1
-1.2804555710024668,1.056101251669989,-0.6253581429753166,0.9256658510470439,-2.2441841921960126,0
0.18947982122108065,0.7882916566360036,,1.6303768598063197,0.7612633767238381,1
1.0074439731951985,0.9140771642240336,-0.07389553206206623,0.15335611819129114,0.8852908655433306,0
-1.2549226680022925,-0.9870461789363153,-0.7943961039783298,-0.10534415597705438,-3.912515621040397,0
0.1847104747810833,1.6158724901223136,,1.4351403255405826,1.819400879141865,1
0.937915537510655,-0.9648933001863843,1.0658877260498283,-1.1546329281922565,4.358214822330406,0
0.012499321907250335,0.21282439866996872,-0.8526117411654924,0.3102438081627672,-2.2266007802591488,0
2.8684030556667683,-0.010352289907736689,,-0.35889174630808507,9.97000945463074,1
-1.6685992588781953,-0.1738738203145863,-2.2520106436452285,-0.21003832096573977,-7.361437231372101,0
1.0587285298838789,1.3385921382956065,,0.9697790056601793,1.8586028665592715,1
-0.17280173739646437,-0.7051105201659605,-0.17425931310386164,-1.055642285655554,-1.2434480820163287,0
0.7719201548366751,-1.349605255711928,0.37300909411528516,-1.106162280561642,1.842933213694584,0
0.44130715169924584,0.019995486206419288,1.7539599418337017,-0.43078726144533874,4.114324254179914,0
-0.7331561971099966,-0.3998267342865268,-0.8175421668289513,-0.7839238517892679,-2.8923977824805345,0
0.22899639245934025,3.377382919082646,,2.6909872942094415,2.2877260201334995,1
-1.8579014513982872,0.676507476439975,-2.6424509637448996,0.4245421364593053,-8.575269537013494,0
0.6032475005713938,-0.4093405752186243,,0.24646043964333664,1.1394150169015875,1
0.29815846599052565,-1.0561115691870866,,-1.4790783892385708,1.359388579475832,1
0.6386601686431024,-1.8802884105687847,0.18458319433926718,-2.2461050431624052,1.9981743071310523,0
1.0581183250871502,-1.025219085737433,0.847017982684778,-0.9282581124966652,3.2698066059763193,0
0.3676198402097109,0.11494177175913174,,-0.07045644514063144,1.3205539212215356,1
0.1480894197982762,1.4273286515947694,,2.541405868269594,0.6634449889977423,1
-0.8810683366612923,1.121689142387919,0.046490949856380914,1.0404251600497907,-0.8133680109624308,0
-0.712220763649051,0.2290948316463794,-0.5231076209332959,0.3967040047550653,-2.5913087502584875,0
1.186734620177331,-0.3231676657024847,,0.14871672669717634,4.24457661845951,1
1.4363354057059785,0.26881235641215423,,0.7311012893435795,5.221791397344227,1
-0.23811043631205406,-0.518637997484576,0.06820275235650222,-0.4019942067058864,0.7435567506919055,0
0.04600274725327412,1.7183639957638757,,1.6378002524208752,0.33221910109754604,1
-0.9046143749937661,-0.18919018127507997,-1.0649875607331891,0.8228240869145484,-3.2552388237645187,0
1.1727568452674448,-0.08633785824672688,1.2561648750265835,-0.1362179959038602,4.454582894546204,0
0.6654168236917787,-2.215822425020668,1.243818798148515,-2.4366674772349084,2.8253661300249484,0
1.9412174364637491,-0.19543484652276386,,-0.5183593406697731,8.889594451448025,1
-0.8783230771797389,0.8364841379649409,-0.9985223150239445,-0.026917463388437035,-3.074935480424017,0
-0.3780078990182172,-1.067722577038545,0.005913948315838524,-0.6569147009199634,-0.19360389556817242,0
0.23144592252557222,-0.7507203344928128,0.13415359100573832,-1.924754533043226,-0.2672845786580661,0
0.6464895377257704,0.7927110177336647,,0.7898495972812043,2.6864058576562,1
-0.21566763754763232,-1.4766572235180533,-0.45242932832473104,-1.579087540653746,-1.406466338034724,0
-0.8729610904537004,1.0578010075419184,,2.1777836036576423,-3.8984004428573034,1
0.8814075289235711,-0.532143890173102,1.5520725636984112,-1.4479695045299152,3.9493745878462807,0
0.7211353625455816,-0.38856822049120293,0.7673459362151998,-0.8391198639833815,1.9839478120220888,0
-0.9162741005637249,-1.1238784051255941,-0.848632846287566,-1.191926634466419,-3.7125689409780245,0
1.3554428011054958,0.3780462604278832,,0.27928159169329886,3.327105934793382,1
1.1701987091966037,2.45987198502938,,2.1850996896243577,3.593070180189558,1
0.13429649724779288,0.781497239460632,,0.7410032847595482,0.3957575177032401,1
0.07959786237603639,-0.864285261940536,-0.33497388034566616,-1.4940666263754068,0.2874369684067245,0
0.5540577711159071,1.1356205854914763,,1.3142170249889458,1.89611575379557,1
-0.8617030702562581,-0.31667954593424946,-1.0762942153700852,-1.4774222169730387,-4.5675876831037705,0
0.03003147916408217,1.3744849814275593,,1.3616003034889308,0.06412692654396149,1
-2.1523835446091804,0.8066764021643629,-2.091632039699713,0.5064980550325762,-6.81514217811426,0
0.8764556455029355,-2.9431415654717332,0.39857846659161333,-2.4349975940934154,2.068870665189215,0
-1.5614932224418594,-1.0040796329550274,-1.760844113683454,-0.12642409763837514,-5.099262734183847,0
1.503419828428999,0.9443852228353897,,0.7788591384602108,5.565814478831239,1
-0.3301200939664503,0.15165727214501756,0.2620296216119124,0.847020236715733,-0.8902557649245452,0
-0.2116669819311769,-1.0237559477078506,-0.08330739553330663,-1.181814088023056,-0.42932413874419934,0
-0.6277339060845056,-0.6335895154938127,-0.9587014960432194,-1.1166527770583579,-2.710503204080833,0
-0.2880388739220764,-1.9062366200893806,-0.08853649430015023,-1.0332848039965707,-0.06895339884659313,0
1.4185313451480366,-0.08837328752639603,,0.17201493484060734,7.5822268831456725,1
-2.4878086565350794,2.2106897260157647,-2.02945542024057,2.212908987320672,-7.3367610654294095,0
1.2769653860881878,0.8049333907323256,,1.1485221282816498,5.237145280437886,1
0.33802348110170816,2.190417001188423,,2.3275245187535067,2.2467664951274733,1
-1.2070216478572156,0.8823970897899802,-0.4870446271429002,0.8477873858192212,-2.8686251292964076,0
-1.0753123930492379,1.0274793433526916,,0.3642619296986934,-3.419405500058387,1
1.676393027208203,1.9740786877450238,1.959773217767032,1.8388103191643905,6.454884019457799,0
-0.9455068799427312,0.3772632593422264,,0.6888909710714628,-2.0579866964800217,1
-1.1533505105959596,-0.18722732150688023,-1.6941760587279902,-0.2486130343502855,-5.7202066963058815,0
1.1373145423647297,1.0326575166220122,,1.483820397187205,3.1416464656862435,1
0.33855287628591424,1.4538402371218848,,1.6456677490552793,1.8447392253857453,1
-0.9379255765363989,-0.47996464271220896,-0.9035852217111296,-0.9190328017549124,-3.899939515870792,0
0.216624975404619,-0.7215690823400293,-0.0553300513520098,-1.381155061256091,0.8971935047978461,0
-1.0257526836402773,0.13885603243088018,-0.6128263487264225,0.060266782465796156,-2.9184389075181842,0
1.1008213984226052,0.8314988669316621,,0.5693846428793683,1.600765525468708,1
1.0613709648731335,0.7980910486615617,,0.9662519534724048,3.719664967371427,1
0.5320061988219431,-1.424167600187599,0.28952842638313564,-1.7832364295689638,1.3515389446191568,0
0.3616610612470166,1.9116060670633215,,1.6039099041858829,0.5791045896835335,1
1.7611881248673737,-0.6411649293968504,,-0.11463007059939423,7.232445422361737,1
-0.0003136726117747121,-0.2650649968885794,-0.6799143069434364,-0.19096351257463046,-2.226127884790862,0
-1.1818741254208012,-0.9026543599878197,-1.476044154074644,-1.2540178927014662,-4.86511863686356,0
0.44947391283230687,2.6983288359370876,,2.7071497403045974,2.875749702248444,1
2.0860470495371137,0.24207067028796736,,0.9315262917888086,7.483638524040858,1
-1.0147594931858521,-0.8509750806815649,-1.5688468414282255,-0.7040817365442036,-5.324883114035169,0
-0.36146276669398564,0.8639235499624459,-0.02021816206366739,1.1603989546750106,-0.4681667728169362,0
0.4164460381014525,0.7691357793100331,,0.3930185110463118,1.0155020069295473,1
-0.05390484900573917,-0.18772702357988397,1.1126129320499945,0.32548266498741624,2.297714940398087,0
-0.9823035803773149,0.8406067127833834,,1.9996578430152843,-3.204433640866386,1
1.1218578562304709,-0.8252919608308644,1.051236945696205,-1.2210257820872912,4.032493919914303,0
2.3200407220172594,-0.4929182749492523,,-1.083865262135247,6.571726167978685,1
0.1961314590239074,-2.010216654566063,-0.1759902244538782,-1.9224455326484888,0.5912983153500566,0
-0.9040682897360006,-1.3239510842195628,-1.3169528374700796,-0.8861985592973576,-4.081525352041005,0
-1.548960525053475,1.8076308056706858,-0.863411118097514,1.7619359696455552,-3.668501689822829,0
0.2579759812211809,1.6414286277223145,,1.114825429700983,1.4008235799330482,1
1.1038773433162576,0.06578864864896251,,0.01149656775876752,3.850095349398654,1
0.4751677464953816,1.6629314471898375,,1.9619775835785649,3.618463467518761,1
-0.002403840918853844,-0.160074486608305,-1.1816359120225863,-0.3635904000813347,-3.0794109729956163,0
-0.5892716517893062,-0.24341030256790827,0.05016523056088129,0.060217206309552546,-1.4686458879421431,0
-1.0921636327180897,0.05651064846555637,-1.0644651768264226,0.6388660410855114,-2.7851761847357626,0
0.8347513263248821,-0.12492159532356542,,-0.004806282438341608,3.912604698175844,1
0.9137716213855857,-0.21519632356018042,0.49957001051146005,-0.22917020919932674,3.4066295408181757,0
-1.5457297866907331,1.1433981071495527,,1.5580700697626937,-6.350285667170039,1
1.5898389781806839,0.1501356539562031,,-0.27791475976241203,6.104496645484385,1
0.5740712208940013,0.7124817644338045,,0.2351268475873433,4.657524446836656,1
1.3995946451457935,1.031380525277331,,0.8980943828128383,5.895796787528232,1
-1.342127748485115,0.3881857956547334,-0.7093662877758449,0.14224606824749977,-3.8049922086273145,0
-1.365824155415439,-0.9702713259082385,-1.4618247905461488,-1.3719423135534763,-5.4204281631554805,0
-0.14896930976729691,-1.3528658889640386,-0.44907142206011097,-0.43763165146465144,-1.0146656923566924,0
0.5027844268951942,0.1487806348073052,,1.2347772395544507,0.4455106217230338,1
1.7963608229269636,-0.17125630482493448,1.5522239605786197,-0.34810882595272563,5.251557409364258,0
0.7060789138151315,0.08739142892012171,,0.13325090379430443,0.6152797707597313,1
-0.24268127681203333,-0.01605403924858619,-0.6051409482578343,-0.10997544928048167,-1.621883487476526,0
-1.0263692076658921,2.583573660166567,,3.137323280225645,-3.6840422475996233,1
1.23000057271915,-1.330226255641338,,-0.6774034747213145,3.917188125080763,1
-0.964705425750715,-1.9899462698211248,-0.8988303708770692,-2.878578169165948,-3.5353468553679788,0
1.628468554772322,0.33237683351960967,,0.5703822335524225,6.273867508346474,1
-0.2843846496065094,-0.3764225545881953,-0.29184733582798944,-1.0298332251687694,-1.4162840833426567,0
1.5905820726178506,0.3160678697299512,,1.1952039486675903,4.656530305041377,1
0.6789312900592783,0.5838830222840011,,0.8040070373892001,0.10367367675224615,1
-0.13699548944245826,1.2841046951788975,,0.8724299259975796,-1.1596438745981736,1
-0.5193963718261266,-1.5072258203839384,-1.0056216906696291,-1.627886514352865,-1.9041196674304968,0
-0.3409078773460798,-0.556717897857163,-0.10787450320677791,-0.7012065269902421,-1.415505234911254,0
0.4283166923752375,0.42876125888076383,,0.6913177303236717,3.0561496110657544,1
0.07715649621771674,0.7704635956872266,,1.2914198977759657,1.577512181966906,1
-0.5938114080687051,2.1934495502883857,,1.6193459043025307,-0.5378977684276515,1
-0.16563141031763223,0.9557039711138672,,1.875081221569924,0.8551073525969354,1
0.0785770297191498,-0.0567885958862771,,0.7460564580241447,0.46879054893505523,1
-2.128734094414812,-0.8904357529426612,-2.5022854712483453,-1.3280975367381838,-7.734838610164979,0
0.4581681147886987,-0.564289852719019,-0.2955813435121766,-0.5278889555378643,-0.5601586906538141,0
-0.9797212247168068,-0.5927028229571063,-0.48379437446287793,0.26270144910005144,-3.0302817167564875,0
-1.153332403205745,0.6552336285137607,,1.2716929218525022,-4.031279356967471,1
-1.6873443471107104,0.2569974455858305,-2.310514493921147,0.08862593056188267,-8.001083582468143,0
-1.7938924978678903,-1.323649570842179,-2.2071381857230077,-0.9164796635582423,-6.797395492602241,0
-1.3554475031122892,-0.435901469090433,-1.7889342313285654,1.0626976767691363,-6.67850066270607,0
-0.7090209576304904,0.8775475534514207,-0.6875087151229271,0.9301275443770267,-1.8624321739092822,0
1.9532591375265682,0.351662354974059,,0.03533822925404939,7.7430246764468755,1
-0.5258796758952039,0.5686446160127705,,0.6548545420584702,-2.125269942493702,1
0.17775010626803134,0.38292171005726305,,0.506197757805922,-2.004594291055781,1
0.4004813865063287,1.6264307346088593,,1.3641623651088102,0.26324131250194416,1
0.13106518621584873,0.23604306382437004,,0.45685559773147855,0.9198818912554058,1
-0.07744346072599365,-0.386022797870698,-0.18990357619375453,-1.0132233277344487,0.1718783540008575,0
-1.1952937635992447,-0.9157550411335605,-1.5090243468370956,-1.2485219746379002,-4.986733221674908,0
1.4509275482792119,0.24960945820971187,,0.6287318462871108,5.626650282070087,1
1.8071966436378852,-2.4407040147750845,1.8402672012123862,-3.31813944054621,6.195883657776398,0
-1.6826586941226858,-0.18428900183271194,-1.6950738511860093,0.2672947941646763,-5.769890821422924,0
-1.0240285908863795,-0.20583985992134396,-0.8177079101648965,-1.2118305427741956,-2.7918891071993075,0
-0.27981034237700614,-1.364470853617281,-0.4947267539509329,-2.2301331430554385,-1.1316265591804382,0
-0.9645377949101914,-0.9282658386559959,-1.2078306297605181,-1.1777552101839386,-3.1919831451816507,0
0.5059655534558652,0.8096575301482412,,0.9530894515579164,3.4104430645335957,1
-0.7282722024066131,0.23071174907496253,-0.448594497548895,0.8933435506386567,-1.9755549901884122,0
2.1650560678066024,0.1017883337073275,,0.13059971528712527,8.023932814327198,1
1.190548594343596,0.30634753393202263,,0.1830707301440277,5.153771975374694,1
0.2125740306322149,0.09262758794892355,0.4755461209446149,0.38241821194132564,1.6749789862000601,0
1.0269862633197322,1.2428625628583145,,0.8074131526243473,3.7719273412981753,1
1.105900424357309,0.12342918170364875,,0.1931367613768519,2.8442099748867196,1
-0.5639474880582432,-1.4582131138187504,-0.46187055206022964,-2.0579362427964303,-1.9102341992150906,0
-0.8162172445419648,1.6301299648744103,,1.671425223312117,-3.4487817699151493,1
0.07814306296964744,0.37034026732884573,0.9169851084195522,0.3054221044041441,1.4018227229028417,0
0.861636124497944,-0.5892537307950677,1.325458890399594,-0.9913876915197763,4.280555860370297,0
0.13906039865341766,-1.2534017182950186,-0.17616219674317227,-1.170881400026149,-0.15105447240787714,0
-1.5769964821909972,0.3959142209580454,-1.3905994029263942,0.47518904753786684,-4.352310917524374,0
-0.8028244439508423,-0.11717200497437547,-0.7189837772262224,0.47055500119519195,-3.2737420456416686,0
-0.07397286359437803,1.5741467860324088,,0.7713300845010149,-0.09365540095902594,1
-0.07566560432583026,-0.34590728066682785,-0.5850868390131562,-0.3839317345153492,-1.3297826635787644,0
1.9725421767898081,-0.8373807896824669,2.1525504094089207,-1.2175119895342066,6.887985712017587,0
-1.385987942398998,0.8957962182359285,-1.5000636170431152,1.3306772473240744,-5.076049815613826,0
0.5055892418358746,0.9252818927168314,,1.3022379253128977,2.211762493688921,1
1.4891131083282896,0.1686513676101955,,0.422591290144506,4.729752833591713,1
2.271449745422796,0.6763570476749083,,0.3244404186401768,8.118094503025418,1
-0.40439742318396127,-0.0376871207422379,0.18252358699938992,0.4050481707278098,-0.8932851751679523,0
0.4914294527201996,0.23386510100924698,-0.03434432644988089,-0.5312003633624189,0.837335686148193,0
0.5697603571986468,1.164990882563923,,0.29733553076753727,0.6929354393591324,1
0.19548173155329082,0.6253183340215028,0.1696911029455018,-0.012617165929459162,0.8476114932327321,0
-0.09884520123930605,-0.16927443833262468,-0.48479038883228337,-0.18601184349607763,-0.9021824863470023,0
0.4359753895000459,1.3523625459261508,,1.6899447464202977,0.14742553937119618,1
-2.5322460852196853,-2.3648553727915127,-2.4797080996155376,-3.852871609796275,-9.208361498377647,0
0.6820694900626313,2.052073311421935,,2.713444727361828,1.1379988900502922,1
0.12617790366196718,-1.7059590948907353,-0.37780321379485177,-1.6404029968015181,-0.5546373167246875,0
-0.22247489677826537,-0.627092824772296,0.8045728946835563,-1.4109789985671837,1.1656225238339124,0
2.046862195719558,-0.04091753519506904,,0.00955594994972147,7.952486158874947,1
-0.6749340187905523,-0.14648067072816137,-1.0482156949255077,0.3997820366110484,-2.742973180105778,0
-0.4030759890650308,1.0064110400265547,,1.3061315476796842,-1.257365939812262,1
1.991553302204734,-1.0578366186102344,,-0.5083000873332514,7.111740465881949,1
-0.8320613048498566,0.2607668174830632,-0.33485409480473743,-0.4223564972154923,-2.548759635303081,0
-0.5501152829365389,-0.578212098219754,-0.6136932976649041,-0.7852147157889562,-2.035832459633874,0
-0.14702542343084998,0.2951409793374166,0.3412234279555947,-0.16720513592434944,-0.24967141780936797,0
0.8407344821295493,-0.06477225979787651,,0.7940178427242826,0.9538383916857668,1
0.2078025073533134,0.09293565268297786,-0.32035155788456315,0.41261707442629286,0.27941904097306347,0
-1.2926253471522626,-0.5499248324643456,,0.8735799620144747,-4.5370471984396055,1
-0.5321685631271895,-0.5100639500960824,-0.36735179672329377,-0.7438687168046961,-1.8010585784074535,0
-0.6073544332122114,0.28727251402742693,-1.0632455770465323,-0.07506459181372543,-2.0386004170978094,0
-0.07722104522304557,0.9437155057560443,,0.872302186458469,0.7439972425763226,1
0.4258436586298291,-0.5982793341978477,0.11392353428619889,0.09089927651342677,0.48431362123943433,0
0.4182057558879721,-0.8687675445729097,0.27972620877438925,-1.0518273892605834,1.2562676419102243,0
-1.7760117540484022,0.613460165671837,-1.2636248537158967,0.6756789646253089,-5.026928217330355,0
1.063940987560856,-0.0325038930576894,,0.01584145838572016,4.734561164714686,1
0.2525688459966235,0.830498133985952,,0.8502465145870467,0.7942673574813139,1
1.3845320475939062,-0.9057972133711476,,-1.2319964436023865,3.8322256507682795,1
0.4441983272906719,-1.7794389254234309,0.23861162951401374,-1.848084459378614,1.2621381877795437,0
1.1013229577357622,-0.5330040818263343,1.0879498071492997,-0.6230553825020132,4.172215198475451,0
0.46654531145012695,-0.766352609265016,0.1375960671627564,-0.7701349391023407,1.5699699595245369,0
1.3462257562027482,-0.07878840008029991,,0.3929700089960542,6.220882186661339,1
0.5222506360177785,-0.6368452142703895,0.6959455568720562,0.2434688030418567,2.4443094609265996,0
-0.09791524644290406,0.7410169513364492,0.10512730849431046,0.32079957000159576,-0.7159681553726893,0
2.2724347204468818,-0.28815026242251623,,-0.48414707481637376,6.442913830589902,1
0.8890371222798921,0.15047449877390098,,-0.2620314504291923,4.688631248966037,1
0.5737444210044131,0.15763455844094396,-0.8363399901159323,0.2511853270520803,-0.6868640000855921,0
-1.276304416538336,0.19495509241218734,-0.8592766906136515,-0.07421963634330109,-3.219945689123331,0
-1.2883076174635377,-0.024129110454973405,,0.09576930641602095,-2.6311818926159867,1
0.2927154821418534,0.5106006904103135,,1.062414145632707,0.0036213976888630484,1
0.1455211977682408,-0.7956551338258075,0.7819763063919527,-2.0585709767281117,2.3511894968385585,0
-0.6141225650083162,1.399417926653883,,1.6453078714542286,-2.3777082617302687,1
0.14098269961205998,-0.2365373833685352,0.17219855127578143,-0.4666309078174746,1.0235460616070189,0
1.5886269280435956,-1.3115491378986817,,-1.0813380039064873,5.879112663872742,1
0.6954024745502987,0.18807335699177305,2.288689930455826,-0.26016136188332717,6.683985842183597,0
-1.1410085097527383,-0.851180482447485,-0.4687915557112361,-0.25304998829404746,-2.584052407920711,0
-0.1115088271429437,0.665334534508875,,1.121974843529017,-0.009406806465375117,1
-0.8049664808525608,2.2096055760423776,,2.493781650313699,-3.5202498581892745,1
-0.38769991640856116,-0.7865720915578501,-0.315905003668815,-0.3899592326528009,-1.051388491591337,0
-0.41361566562964275,0.3323723332239848,-0.8201777125528361,-0.040437900362101986,-1.6917303764949123,0
-0.4776455826040052,-1.7555055887046276,-0.06659015896259873,-2.0653174660492724,-0.6256222925287426,0
-1.2551353719733949,0.4539052294413472,-1.1849018841059664,0.8301233298500869,-3.014974506587374,0
-0.12765468151819004,-0.8857137997996896,-0.6899155213251377,-1.2695783711839956,-1.6270151326286968,0
-0.5606076368473096,-0.6248346184344822,-0.5200453451380582,0.0979829048945613,-1.930812120437318,0
-2.929448690002268,-1.101286489839828,-3.354157424860421,-1.2630820254803439,-11.404430909750772,0
2.052972024501663,0.7321512260547355,,0.9830984209850464,7.379452476270456,1
1.088769654216672,1.0073043574732625,,2.0569291171008075,3.0671460339345726,1
-0.37630072492499606,0.023385214658507663,-0.36255690824458964,-0.3297264623755306,-1.1489596388987346,0
0.018819049740598424,-0.8644267053357196,0.39405398070814585,-0.8300458299133282,0.849930373774189,0
-1.1716543473175618,1.5895230361038624,,2.116614618422516,-4.458752815900222,1
1.6957228778108653,-0.7504101277546562,,-0.27477143331639053,5.103309241124462,1
1.8972886947731116,-2.162032299927439,1.998926805301843,-2.325939955047118,6.656199790345575,0
0.1566937282465246,0.4583890099570684,,0.2000237911961414,1.8163794997732459,1
1.0235306441853447,-1.1047746736415167,0.4699390092444644,-1.2213426399140426,3.1535738275126857,0
0.17528677893392386,0.9886087934991747,,1.7125376765748568,0.8356776127537187,1
-1.3367254388759306,-0.38113769667341885,-0.6779550293672306,-0.5206906248533921,-3.8317897002820698,0
-0.4118233689636573,0.6037132405441962,-0.12499488732529968,0.6427710867859286,-0.9083116332544808,0
0.13192796677195706,1.401500346552158,,1.1881071110904455,1.5653347480041173,1
-0.4545477187434442,-1.208858864620722,-0.13467896539399682,-0.8560845822227285,-0.45169559124484965,0
-0.218653277435036,-0.5659371308924055,0.007594950616305218,-0.48817461210057733,-0.03741866915366976,0
-0.09139955750911515,-0.07567107265706344,0.28540099707079186,-0.577387978036178,0.9150451164041957,0
-0.08087849786546193,1.5375513190343435,-1.0928443033569342,1.0531392620168463,-1.536723047841405,0
0.05225849049748321,-0.6583827179404454,-0.7244695763341494,-1.6576855012181988,-1.946984517695634,0
-1.060605066396601,-0.5945036959490072,-0.5581904916549824,-1.0101644005118153,-2.903308517253427,0
-0.7170161491279362,0.4781405755558084,-1.4696557372086565,0.8751134773718945,-4.279196514527625,0
-1.2845842656999693,-0.5772287257105709,-1.0838149478403667,0.08465154329556301,-3.800949095695195,0
0.9778155496862003,0.15252588289761657,,0.4953050645062086,3.150360213189208,1
-2.1056469418403245,-1.5515374209681267,-2.603741564638323,-1.2742213206477861,-7.987797896692428,0
1.153590343316926,2.2143299425565965,,2.1510669177922717,4.133772283823103,1
1.3863493972628438,-1.3477092303094034,,-0.9602519528524098,5.739232419476102,1
-0.3021805869826214,-0.32175270399020833,0.7529907390655673,-0.1786135924492662,1.0180437435825518,0
-2.6031370878272986,-0.032481035842094615,-2.915542690095243,0.8697434501514677,-9.388518235952343,0
-0.3613105619672905,1.9126881343567956,,1.8634654772684214,0.7732264026451269,1
-0.06418416128881928,-1.32484578093274,0.11202729590333797,-0.6533417390646746,0.6853405076209312,0
-1.0105982199289136,1.9837041354787512,,2.420761176387681,-4.017701447093011,1
-0.5152183938082429,0.7571768211020226,-0.11559516504962025,1.124898464204102,-0.5943444676203322,0
1.5301951988633513,0.4170953244232462,,-0.5886503383076638,6.792252032461824,1
0.664927162301741,-0.9846336870179557,,-0.5200389062441003,2.6198889799014906,1
-0.9245641143780997,0.5711412420380737,-0.791416436157788,0.507387252583497,-3.3345022449135158,0
-1.597599169595432,-0.7234866224198,-1.8960926851181976,-0.9454498696372458,-5.8970587591476,0
-0.3270173176097708,1.2666612531984123,-0.7399108802370242,0.5252047326094557,-1.9889883458984998,0
-0.21345677935043805,-0.9710620291077331,0.16626430756085342,-0.9738555960918247,-1.161657121106122,0
0.4961991873633163,-0.11315849445608393,,-0.09638269604696263,1.7437567433098795,1
-0.535316712567659,-0.5552730880131714,-0.5753582116922052,-1.2067740489205736,-1.8953661672280955,0
0.5114995753618613,-0.9875229624269946,0.6514103733339999,-1.7241630488738404,2.648278995459511,0
1.935154040060229,0.7413198169079143,,0.9846295569719699,6.663280656250456,1
0.8155010224442626,0.5354587474096335,,0.971311312940322,0.6720722763912005,1
-0.048088507330772585,1.2090101989009971,0.5950375358966568,1.304151653862208,1.2022827405024095,0
-0.18315047105329468,-1.7798751082081674,-0.12255939510295553,-1.204457783365986,-0.32975580298312995,0
-0.35667313417987123,1.0641707023410438,,1.0209782101652944,-1.4040927597589143,1
1.1806409124521444,2.505448905356894,,2.4782732681567925,4.573443540594954,1
-0.6273134459513027,-0.4516410891769469,-0.5090423491438711,-0.9101551035473422,-2.4934183443178597,0
0.04522270899998256,1.8951486121089698,,1.1150276233321113,0.8558836025021794,1
0.05119790188108534,-0.2631612720598266,,0.6641697948699659,0.5429734139825323,1
-0.5017841928115321,-1.372409737561307,-0.14286107831339873,-0.8067602124364337,-0.5020440754603755,0
-1.372465547884101,-0.3056324424067956,-0.696968595020343,-1.0018887259760347,-3.2629728298515306,0
0.32297450361766855,1.048203967675276,,1.126079921590916,1.8750367507602144,1
-0.06100397185538362,-0.8381764823315314,-0.14124708201966493,-0.8881996378833648,0.48794231638897756,0
0.5002404694365699,-0.6003386590064871,,-0.7373348955880088,0.4934866488436571,1
-0.5336003064391669,0.5935394322931908,0.3002986600630906,0.38903050838572095,0.07909022241051233,0
1.2208212988130478,0.003060116738572855,,0.19369469022256228,3.9516905057039136,1
-0.8767737812118448,0.5846229524867408,,0.993710715222478,-2.7262393900879776,1
1.7120402840178925,0.23782954075833587,,0.4390251252724386,4.2988440642049905,1
-1.7476365098282616,0.47962531955157295,-1.5783999571722058,0.41936613236197606,-5.720047565141467,0
0.43477006455689116,-0.4323011858095411,0.5092133665337762,-0.5109145442551011,1.6006466505165324,0
0.47543068252662346,0.23173094203039254,,0.7001381004917259,0.24714841559430878,1
-0.7955570679408823,-0.9273730056959336,-0.5689200468742944,-0.6956505366379024,-1.7314067763359575,0
0.4243939378610126,1.2884336225033886,,1.324778354021105,1.410108784154449,1
1.2795186697601588,-0.6342747168173137,,-0.6522253656173677,7.182668442007336,1
-2.2168188393540644,1.1288474875493895,-2.5014994353994986,1.301482742355534,-7.477564576601766,0
0.5027448074908146,-0.2336069609828654,0.285148141391918,-0.4677813052625901,1.7609063146913426,0
-2.4932708203300775,0.20199901075732124,-2.9306589324572614,0.6127684194114265,-9.820314655008314,0
-0.965664803523208,-0.4949645508907007,-0.32672654300222204,-1.0328938318096341,-2.792124468156225,0
1.6291663649009451,-1.015995431168029,1.4427784676685687,-1.22172368605127,5.1217995817902695,0
-0.581782033392054,-1.7447603876053015,-0.9442391102748025,-1.4392073398822895,-2.5544768813625596,0
-1.1738799644089726,-1.0553241585924595,-0.8204024594487014,-1.6217655652695961,-3.103024680195148,0
-0.19793772898468187,-0.3239088532159216,-0.8881141966912744,-1.1104131245406719,-1.3935661452085624,0
2.067906338163552,0.2118791788288839,,0.24341801654350395,7.315509742261879,1
-1.8316822472060261,1.0103793132832635,-0.9409823889055973,0.1621502360600281,-4.849065815593639,0
-1.0513099116393445,-0.4457574597968489,-0.7680059952218,-1.0951592368227796,-3.7017981928398735,0
1.4974316831796264,-0.8819607642671741,,-0.5036637050139581,5.209509601598895,1
1.8577023435377324,-1.4427147860027125,,-1.5451074148055803,7.058109046312889,1
-0.10343122429028392,0.4800636179041039,0.7514227900474753,1.1228070927585967,1.5310048658065352,0
-1.2390527025266425,1.3831945153293432,,0.7807873448606157,-2.7410932813789866,1
2.095843501809159,1.2663302679562887,,1.2193540851401465,7.300944925294242,1
1.5944423917491968,0.7099327481472374,,0.9097250247511168,6.07980181206457,1
0.678946987762233,0.638543317267599,,0.053285852203144635,0.6004679440409877,1
-0.81240234893742,1.697623779709341,,2.213504731959153,-1.9599385263951503,1
-0.04902934083803654,0.3320814614168105,-0.5518073264299104,0.5874209029998299,-1.5432281151022447,0
-0.16036008104483013,0.6461296760241716,-0.34387129036064346,-0.15851386731954542,-0.09676701318260827,0
0.3308513046155777,-0.3207838618519991,,-0.33965475995629935,-1.7196782091639182,1
1.4510014381313359,-1.3620433708547575,1.651716267815067,-1.169065002725441,5.39421182109875,0
0.8794170411374032,-0.6838489004995763,0.5574810355832267,-0.978877237263605,2.1135314191003323,0
-1.0773760769847582,-0.009159038534655271,-0.5218034693825269,-0.7490914912890622,-3.4070061643393057,0
1.3764964500195378,0.06078537250130285,,0.200014767225008,4.523994297201069,1
0.3131321400131553,1.9262858548553932,,3.031907329996674,1.9089879074616012,1
0.6870657958589163,0.0812771675910687,,-0.11221488198777652,0.9716822998215171,1
1.466540859278603,1.178843444025644,,1.9634640346679983,5.671693123211745,1
-1.1115802495135512,-0.43507724157631605,-0.05865207733188771,-0.8112216524570501,-1.5961271652129299,0
-0.035825578706462934,-0.31167588576523414,0.34625357125948425,-0.20390306826025828,0.8959015706667036,0
-0.531454551359215,-1.3290076372234483,-0.13628004701307062,-0.9432463717853886,-1.299058119715828,0
-1.5678594253654559,-0.7423280128765718,-1.4830605871679883,-0.7465348458622543,-4.350334178251502,0
0.3467099776049199,0.5269813913637531,0.08437558732223777,0.3781135669231375,-0.18454854220619066,0
2.5115565515844236,0.007560180394133265,,0.3706239410693201,9.580722252733123,1
-1.8400777445057528,0.9429386198972337,,1.888666177531844,-8.055645118216166,1
-0.032280611049470324,0.18125394834505026,,0.3315474106646159,-0.8060877045775909,1
0.6405429350747734,-0.3524537316377418,-0.24498546609381766,-0.6104838199029154,0.1220120474179951,0
0.12307820165618115,2.1482968637869586,,2.053421085157117,-0.2763626129746279,1
-0.1131280525157404,-0.09390356871304721,0.2078944934310403,1.16595025410964,0.13333299442760554,0
-1.2992163634458243,1.163000969705304,-1.0465196753355925,1.230454527874368,-4.237802159396201,0
0.23278674294016363,-0.4012092065446777,0.2582435907079001,-0.6984160558336641,0.21630747833135833,0
-0.7567639770159263,0.7095994793835665,-0.6715634799849207,0.13706552114229653,-3.2873288343989806,0
-2.1899217049785533,0.9280156591516868,-3.132854013910658,0.01506511209538397,-9.694848822886929,0
1.1945922205137307,0.20849197057558072,,0.3902841074986757,3.6074624389788776,1
0.9583858198420424,-2.354482922696602,0.6177100166244374,-2.0271619262843505,2.5744803328735246,0
0.0516609768510798,0.018252460856112946,-0.27786886840619063,-0.18009562912649046,-0.5325571704805159,0
0.22907468820570262,1.2304600477599754,,1.2229748387444983,1.1400888655923036,1
1.0743180127155618,0.5274808330277304,,-0.05775002161658149,2.793402006090053,1
0.2243396567780826,0.4458388752292466,-0.07800076828562286,0.5123031076429971,-0.24625620545586907,0
0.9040175547613144,-1.722256933957519,-0.13951706809344377,-1.4815092736739568,1.8389651005367258,0
-0.29748220087385013,-0.7204550706750589,-0.4445437910619349,-0.9880372042588779,-1.7351809575096293,0
1.3119837385739466,0.41135763115143903,,1.256583965944359,3.3186151825625227,1
0.3207857259326839,0.41038327678689207,,-0.008169886586563757,0.8400585748970971,1
0.19405194360587402,1.2146667801329027,,1.3564050821423939,-0.6422170142243571,1
-1.270061088712032,-0.14486675514609437,-1.217789965937424,0.2792918547062084,-4.328350781623923,0
0.2869558543017087,0.40582408667381425,0.21461297393053713,0.367179336599123,0.8085426243721313,0
-0.8319549174944512,0.016374241931293703,0.004065969026709193,-0.077864167515952,-1.4695306333758635,0
-0.6382827265284942,-0.9869427365015568,-0.3896737363018973,-1.701375811726388,-1.8785095581736917,0
-0.8153756283161213,-2.2557913310947475,-1.7351945645972728,-1.5771205832366058,-5.053359347165363,0
-1.0662349318992252,0.43100969213007667,-1.6986793539505793,0.3460630912962787,-4.795848286886916,0
2.1247714030169615,0.17394720841281136,,0.4426299208802238,8.519504290847056,1
1.3313390619884031,-0.6181750421001689,,-0.2818147981700985,3.292418129950151,1
1.9203675021442612,-1.6191730565158646,,-1.9333223025247412,3.9498994391363644,1
-1.222895019555564,0.629739514408738,-0.5481218626386922,0.5309752122631305,-2.9081117761003754,0
0.07125374991089249,-0.265920074195552,0.43136575836359636,0.40132110117619985,1.3039270206598264,0
-1.2935076252040958,0.5568747223681456,-1.03301918845821,-0.001724110502076881,-3.6579033344745278,0
-0.695694877197064,1.8640485304117584,,2.9280075677903867,-2.939548767051309,1
-0.9181269834165748,-2.141430880319705,-0.70428859791161,-2.513867272957842,-2.805677959005632,0
1.2395840064415615,-0.6996008087023639,0.8874038443311207,-1.2893595370226199,3.4169585985003605,0
-0.39622967810175985,-0.20937561331191326,-0.29380102799291447,-0.14322110296764595,-1.5644267496927864,0
1.0683793336940164,1.4548261741466506,,2.5590003063165856,2.7703216116166876,1
0.604120889588518,-1.636403019206485,1.362265114866525,-2.591885987002587,2.9884171484069864,0
2.303638752104789,1.9358610256806046,,1.8653531664357585,6.195570983226183,1
-1.479444223139724,0.1358559015662905,-0.8633023083843084,0.3739884101945683,-3.392344139241918,0
1.259233239786799,-0.09600066173385824,,-0.07917568246609255,4.495488277810972,1
1.1464408704007276,-0.19805976321890642,,-0.00709892821740149,3.969408260528331,1
-0.9733788380270346,-0.4362630321800288,-0.8898773771791655,-0.7952795732661659,-2.505001068069671,0
1.0071333364731596,1.0481167592691547,,0.7482558363034642,4.1697999568768305,1
0.3361449630262288,-1.0685207540824389,,-1.1427320776620387,2.6469170243830185,1
-0.22747625995340778,0.3454141816438536,-0.07090474838664171,-0.21952986230752192,-0.6339468337797729,0
-0.8239354869719998,-0.38418166570697554,-1.2692835296031384,-0.4065248664270703,-4.180773169902079,0
-0.7191094514491861,-0.7621334485140979,-0.6912943895662919,-0.9565060953498487,-2.9377370859725653,0
2.049812095785926,2.585975175683896,,2.3509525831064617,9.41271075821136,1
0.000682818957482628,0.41905073475346005,,0.5793039410527789,1.4543815921066372,1
0.7821300015314592,0.6132655446611438,1.2365117405936386,-0.29706420193850813,4.569520019524992,0
-0.7908993816675531,1.1377767806686623,-0.3930558716063598,1.0232317289770854,-1.4864348092521038,0
-0.7798529462216388,-1.4213499453185472,-0.4301279009183679,-0.26267306251111666,-2.3956417159373777,0
1.0819848092499422,1.7522919091220317,,1.2092370659592193,5.365872756998054,1
-1.3495762115515322,-2.5089571784950757,-1.5778906044124847,-1.866206930252869,-5.332683295703395,0
-0.41521376790527154,-0.7687664100385205,-1.0927568007927746,-0.7414383495821711,-2.199904398878956,0
0.03402741107223205,-0.45903167317890037,0.06852916144076274,-0.7605105776196095,-0.05506749913163664,0
0.11137260184005242,0.5817233649705059,-0.2974181915487932,-0.07859746479439744,-0.9539904604588441,0
-0.1790932850161564,0.21871826614148773,-0.7066036627047486,0.2885592487841038,-2.079724791464437,0
0.3958197810959234,-0.16681474069839325,,0.5598838122089449,0.2927582060403433,1
0.6928557558178116,-0.011997344627723866,,-0.20660291722610577,4.490183187586695,1
0.73463754545933,-0.9780230235225682,,-1.018503735890955,2.421051905380946,1
-0.9858038086678267,-1.4972323944841732,-0.8048498904873327,-0.9920469693890073,-2.6600595588137868,0
-0.2841550979287972,0.7265116223360603,-0.895336501430924,0.8969470180092007,-1.3188835456219516,0
1.1947628618769377,0.6937061125361853,,-0.09243177732610397,1.6728222999999,1
0.8946471875738723,1.5844943751570586,,1.6339379830846503,2.943969034806322,1
-1.372859451481064,-0.7900170968152079,-0.6537616588766898,-0.03389964148240876,-3.6056643529621897,0
0.35147990035220167,0.6928152103009225,,0.6743446170671734,1.738396382910344,1
-1.9782252493748103,-0.28370672836473176,-1.6789277036526142,-1.65445144310342,-7.152266296654092,0
0.04693490206036963,1.1904749851934822,,1.3845824809890186,1.164855705085783,1
1.897767016745977,1.0219627766781416,,0.9227345569061236,5.048178980404611,1
-0.9478927172689863,0.2112093992244567,-0.2539099252823025,-0.7033378077361517,-1.7726913903130017,0
-0.8343230454915821,-0.33953015666598657,-1.1507268451026733,-1.1791342016928787,-3.4243102349280514,0
0.7640297815728595,0.9609321786082614,,1.4484857502526658,4.175840411915295,1
-1.542801515209646,0.6469045232565656,-1.3216504371419755,0.28071315045902556,-5.324958222414884,0
-0.6327550298850391,-0.6844404020861823,-1.5272776070082001,-1.1381885924541781,-3.7289244216291366,0
0.5964411375817527,-1.327798673479431,0.22243639428148515,-1.3456179539452653,1.5350752496439577,0
-0.6342858476894031,-0.2885329006817962,-1.5267551141254554,-0.6106343998417656,-4.1099153916055755,0
-0.23596998721097162,1.515413815348209,,1.5654381292370816,0.673312331143405,1
0.7441857103150346,1.1464871587330383,,1.0451271440147034,2.532112492017467,1
0.42154608353656126,-1.1123274696705807,-0.6926251364383289,-1.7123252597174021,-0.4885425681174349,0
0.2668183962954019,-1.167757415899921,0.4546918371552311,-1.4233563151806135,1.2466716050565199,0
-0.33912227927003896,1.2746838496794863,,1.4960605103340385,-1.6157412442786858,1
0.3700611152689556,-1.135635904757829,-0.37184181224770585,-1.1146768846385162,0.09876951894565283,0
-0.1237326800997567,0.509295323642008,,0.46832408244609236,1.045945169810531,1
0.45780560992578506,-0.6160712153363238,0.5114485429740744,0.3526209052533684,1.0926872077097287,0
-0.49693202511797824,1.6170449245216825,,1.9825636872144503,-1.8946539874521593,1
-0.18256897437954112,-0.7704247991378789,-0.3822813648725496,-0.3442041667272076,-0.4437205020079459,0
-0.9899577925520139,1.1433615302058282,-1.7465975271309,1.0603773263083658,-4.828556256611098,0
-0.0350076100062359,0.18485865406036467,-0.6872820597982906,0.29493124923600217,-1.2680043772577485,0
-0.8110008636288447,0.2521948542342868,-0.16854247119130306,0.03664485947144039,-1.5746742910741933,0
-1.114046450161993,-1.9703085813514014,-1.3509878850548527,-1.5815336985893373,-4.003486118966094,0
0.25866114785538813,-2.2029133532057186,0.2696949983238199,-2.25811330525524,0.8344140103617532,0
0.21273977585766032,-0.22056594026731396,-0.8094254622428771,-0.10937706580203593,-1.5266906512626948,0
0.7828737349485725,0.24690606341661173,,0.3272117144941958,1.9746151629619308,1
-0.43112556957509907,-1.1251978277377233,-0.12621930963772265,-1.1342812684404504,-1.164396132784435,0
0.40805284683675586,-1.0886934104763422,,0.3804006231015429,2.2506321972683536,1
0.5507975722736633,0.561472629826133,,0.22816299107877175,4.2341344326609915,1
0.44477380783159476,0.5628544804571306,,0.22499871537778443,3.183073125072838,1
-0.8256536828021421,-0.13774106038792705,-0.9410091690445537,0.2093073130179514,-3.745116622078637,0
0.1493634822711889,0.780201721186075,0.3858402646278244,0.4826172216484854,1.009303207273681,0
0.36414029605466136,-1.1742022957201466,,-1.3199054763945932,0.8568875947589322,1
0.007178466907941942,-0.3559349170869707,1.0345833762272663,-0.8991403937647797,1.8319348251487888,0
-2.0864776583710847,1.6478776057836733,-1.5119703103448847,1.8936565654849666,-6.082281314573183,0
0.16048962397348007,0.0683221299398179,0.2453321694023557,0.32045075218189367,1.1160019485137056,0
2.2125310393972426,0.12631251458700002,,-0.03128351537472224,7.714977092701101,1
-0.3600392687569827,2.3059465859677397,,2.663354930207776,0.09902150947353125,1
-0.7280770978553212,-1.3993421658487708,-0.43828817429839756,-2.3284046727155667,-2.0892214622957708,0
0.3733485597113982,0.7964303666421104,,0.4430036658849386,3.4472834988321353,1
0.3123782104665717,1.6639862798080995,,1.5789966867026342,-1.2288744985311657,1
1.1927351654164147,-0.3248579264985461,1.4233492961658138,-0.9109991749500226,4.018598511575377,0
-1.257868155908888,0.8596307868548461,-1.5155855882495806,-0.014725731854514978,-5.70469082985775,0
0.7313802525749924,-0.9820194972109048,1.6095692463889886,-1.1359674797301282,4.497573654923451,0
0.5904220612514635,-0.6867323955673516,,-0.3397223520369807,3.232535031627,1
-0.14214653694054596,0.3849664160476343,,1.0260206117608903,-0.13031481755436503,1
0.3386873179216896,0.7985666731105902,,0.5249227315079037,2.05542659728338,1
1.0294574815983573,1.1209365124062458,,1.4875444312170427,5.116759622281452,1
0.8723153800284503,1.569628586939493,,1.8878996059773268,2.4622260772656492,1
-1.1430193120737286,-0.06744655855518213,0.09294757414220012,0.5418575286120662,-1.3113284620517311,0
0.8201581867554845,1.1936117551725878,0.8044876104206232,1.018516239995587,3.1636362712867983,0
-0.06468860503251772,-0.3423048434491489,-0.17194908020047217,-1.2415550910414859,-0.27161848913142084,0
0.07287409801551453,0.9020913115882678,,0.9371842377996401,0.5779637714367227,1
0.0731969910016942,0.20748879785218177,-0.10369837456946272,-0.29940807263267977,-0.47048313469171726,0
-0.1502429887982594,0.4456779070819239,,0.0839253525509201,-0.3233536906932371,1
1.191707497107065,0.42350787402203743,,0.2728983019954461,4.736539959863455,1
-0.08371795984921201,-1.6047050097978122,-0.07410853374057685,-1.7741688254723837,-0.3943614794489232,0
-1.1195461283831687,-1.1241218588607733,-1.9670550248708225,-1.0533422254128761,-4.854976565648458,0
-0.39352985596972884,0.10254143981752241,-0.2098701620451305,0.45411959802733115,-1.1000128826350415,0
0.1786947168104756,-1.6872790796411685,-0.16945207271572177,-1.8711468712791517,-0.8151343897317058,0
1.2292147842970504,0.8312111031997558,,1.029059856503758,4.863818278496154,1
0.6030946849488336,0.8715559662881419,,0.8789639712533946,2.4916749503083753,1
-0.8505352787470439,0.32717055287779023,,0.7949177508170127,-0.43531873752985106,1
2.4851899166788916,-1.1211340127579221,2.93895606707524,-1.2154299383110805,10.438536549425766,0
0.2647753109779796,1.3801389388685148,,1.340675600981237,2.3824255891317825,1
1.2753907379990148,2.037210639718358,,1.8500104157189043,3.6232328574881394,1
-0.15171443357722914,0.14707682744597397,,0.06595255746672625,0.873300808860062,1
0.5333592447054494,0.5105353784512363,1.5175848893855945,0.11879131427829925,3.2684788263041336,0
0.8394685045184047,0.20173865479604391,,-0.23955998827571273,2.787777514799779,1
1.218194711754256,0.5303691889987989,,0.9182518816401615,6.527406551577016,1
1.057368305378225,-0.119558756626396,,-0.6611595982186967,3.0757661102978164,1
0.8721970000729778,-0.034564239843803336,,-0.194123284692755,2.770311411880834,1
-0.3150867311941086,0.9057176004973654,-0.16698650951668959,1.4133889936328634,-1.030213680556467,0
-0.5717460419560616,2.3456241618964406,,2.169273764394637,-1.917743529766523,1
0.3326075103241977,-1.4000712344017388,0.7884825723103301,-0.9857010075589512,2.5648589166069176,0
0.9331280723410693,-0.10381248440296688,,-0.3993353447663877,2.261564367850811,1
-0.22272070077660705,-1.1804604852320821,-0.005450652149461888,-1.706042288407179,-0.04409205381450054,0
1.0651719657143865,1.5920248985760834,,0.7946119711256731,3.9529906042965504,1
1.4526167454861794,-0.5877379693198984,0.7081556174508911,0.06862406531643228,3.234109316932903,0
-0.9163209190734197,-1.443200793785794,-1.3806890768398121,-2.0116363846030016,-4.207549284709741,0
-0.8369207037962799,0.6381869988485734,,1.01178029391112,-2.895305576953941,1
-0.1403750589053363,1.7443111147431112,,1.24433760134642,0.364648319611472,1
0.30761266818919614,0.6635978685607627,,1.3222898275306734,1.878966629628557,1
-0.524567013767051,0.20479787728191737,,1.3081892395894676,-3.7867000298296842,1
1.3522026788671444,0.4091409227759942,1.5281832159711723,-0.4341241070691742,4.820630130191389,0
0.4240668615184512,1.4148406628255548,,0.8724624457461478,-0.06167152285776639,1
0.03944704824073949,-0.8741992700141499,0.35398975274773964,-0.4876333381125375,0.8858241376013539,0
-1.4359095238685273,-0.111847104086313,,0.14467435759659447,-5.609196660944794,1
-1.315815816427507,-0.45269014850953365,-1.8414803254391465,-0.06422922112943785,-5.517065498381878,0
0.2810092502818063,-1.1678653072917102,0.6808415079555936,-1.4547430824938983,1.3627904905540056,0
-2.132595626154836,-0.3283752594168024,-2.426056928877384,0.6653918210948813,-8.08642425074965,0
1.0126374096440718,1.1077210959824486,,1.1667458293273358,2.200417095423444,1
-0.1581538443723203,0.5666021483927255,-1.2681483881505085,-0.041879140029034256,-2.7010243841788144,0
3.2430929695947324,0.6443105001082005,,0.517736250086728,12.88509707748297,1
2.30791625061611,0.1464756116533182,,-0.45530783646109807,8.186242443652404,1
-0.18144906924751675,0.5233237827285886,,1.318794462005641,-0.387899782761264,1
-0.10633700253131496,-0.8005903423481054,-0.8701274732091945,-1.1307559737481636,-2.205267626095643,0
0.9955815140020298,-0.3095098859272293,,-0.06326814355491805,5.0951550541885515,1
1.7031726099180378,0.19200423696867674,,-0.043332335522413445,5.37416447395848,1
-1.6380290574360168,0.27751585888189023,-1.864705782486311,-0.030177795999366375,-5.984103094796427,0
-1.7863754653546866,0.320187854921873,-0.6303534371749213,-0.6349392357186523,-3.9078581230041523,0
-0.6220348055543814,-0.13833528201637801,,0.16075201947890555,-2.2165923603573883,1
0.5827375831738644,-0.37742340113033,,0.27216722518426195,2.955496742382577,1
0.4968735905075971,3.157771283044298,,2.699787492361722,1.948437971857982,1
1.0697714549838502,0.9067872729323987,,0.13417271543306286,4.183729811484063,1
-1.1996975283653082,0.4131474759526224,-1.0586972570880526,0.814805497321537,-4.101381328207093,0
-2.3161438629688766,-0.23320849820639397,-2.127949582024277,-1.0563291727595194,-7.648915005242074,0
0.8580141953021454,-0.45121882694387627,,0.1585476410302532,3.0651054183146424,1
-0.8281962729652346,-0.1308005937269556,-0.8541554523532651,-0.5829981552042659,-3.2890106819275395,0
-2.018487864388638,0.2928288435866834,-1.2628463023332668,-0.25881752782562983,-5.453788294875268,0
0.14506374595938162,-1.880435544063081,-0.5112665344402575,-1.7562043334974353,-0.7770426356331658,0
0.7931756882186773,-1.5693895953746837,1.3039047402263657,-2.0884592378804028,4.329550935303671,0
-0.12205713212127726,-0.6368823889389575,0.2891140172224985,-0.9904379295855623,0.18766439669667467,0
-0.45784838618248924,0.20713943677856853,-0.10864882551778865,0.3841304031140718,-1.8944971540569648,0
-0.15936223214590656,-0.23927314715185138,0.39912748167415774,-1.4538293157351745,0.37727621589779914,0
-0.37058276240078286,1.4781212260994843,,2.2993308490636455,-2.2028544431294215,1
-1.3480471119401671,-1.4823967869957688,-2.282534149853605,-1.4605767207629,-6.379302980569173,0
-0.7146806769904318,-0.7513454696033703,-0.7508270068476747,-1.3978284758051345,-3.4106239933553906,0
0.5212799050138145,1.5200917409911012,,1.0114690563476805,0.33909991871674566,1
0.3216785413765001,0.13111932467514684,,0.6269425138055479,0.21284845582225487,1
0.16805980596682024,0.8848425828011585,,1.1853690503382102,0.1177649494320312,1
-0.9951484818533795,2.0512469432694633,,2.744637271912069,-4.4968096027881215,1
-0.18150316213566714,-0.6938044179018226,-0.4798150091273917,-1.03517584030394,-1.2256822698849912,0
-2.1770650464428547,-0.09931433779203207,-3.365849961406406,0.04897758078336935,-9.707309203998465,0
0.17847666388538974,-0.2724269009308716,,-0.05914294503903278,2.066920511491502,1
1.4288577078135674,-1.9545930044832756,2.5390186368160084,-1.6069592543571571,7.610221211213073,0
-1.4741321320421057,-0.31039680375596906,-1.1710135352939615,0.25324375796006565,-4.006271792834848,0
-0.5859276733177553,0.8810621873806654,-0.6873896515848692,0.5224302344584919,-1.8215172837206006,0
0.32910677871012955,0.5405895418122408,,0.48350440793200045,0.4925658441111683,1
1.252842634427484,0.6190831693880101,,0.31400829659793755,4.143809404641541,1
-0.4482246163001495,-0.3755089806394995,-0.40320382436667035,-0.4018149173176873,-1.0544140970974536,0
-0.6922503292658964,-0.6560972360056414,-0.7107543763025131,-0.3068808449741538,-2.938134391340881,0
-1.9689231424160831,1.2692556718986205,-2.3894473576152304,0.44223792176826937,-8.022159367216597,0
0.10343812930810638,-0.49731714635766955,,0.057368638371973146,1.6433256939626757,1
2.042076040143744,0.2940820387932141,,-0.27550902333866073,6.04642339777735,1
0.2773584619646759,0.16333468067753845,0.636524233561799,0.009649520828922759,1.6544455999060461,0
-0.022278979183713316,1.4617170162571183,,2.0836879787401807,-0.3395970016280768,1
0.32208231076698546,0.9714123576723597,,1.1354172166640621,2.3872849444237003,1
-0.01109200394860206,-1.2952586206671208,0.15934029567550864,-1.125493646535291,0.26834545883121796,0
-0.8130143722601298,-1.18755316677504,-0.992967140851754,-1.7778661894225953,-3.4892500175860772,0
0.8232799156777053,0.5789098180691342,,0.05686685015721382,2.7554422890695522,1
0.2257615231117544,-0.06433764737916652,0.24571487037163497,0.40629055095529293,0.2585884260881761,0
0.017613251933657315,-0.4551717839537639,-0.5537820955645432,-0.7497435566959587,-0.9921911834755,0
-0.97536602727825,1.0156278839944708,-1.3588007898372059,0.7681719473445461,-4.400126005841197,0
1.3035079319347591,0.18745938208891083,0.4110359473388303,0.6694350076162667,2.152685329712226,0
0.6647027453331099,0.05245738688944395,0.20321429614606296,-0.47249938579531975,0.7398406913527172,0
-0.552920837367302,0.7798286407550497,,0.9144462071981787,-2.4298266431364546,1
1.0018248536819372,-0.3751089949435645,1.1519123783241978,-0.35365533185971876,3.70336250845103,0
-0.49757083838520716,1.568518985472554,-1.4872356858834084,1.5671761225409329,-3.660329912162877,0
-0.782003492511037,-0.788047623233008,-0.8506093440331371,-1.04726543917176,-2.739312110644239,0
-0.7597031174802871,0.6569290663420881,-0.4779981420692209,0.36700147561042396,-1.9417745014946488,0
-1.7710685530880912,1.4338328386598451,-1.852524649776209,0.8946507567624125,-6.740913759674154,0
0.47154238041820573,-1.3772954892721,0.15464805752930555,-1.135962976251447,1.5458111397335075,0
-1.8311448783383502,-0.3433351758524492,-2.037225450862457,-0.6774097716108173,-7.042280982236516,0
-1.2284438312657626,1.1422073928855578,,1.6265797034691836,-4.615241884377525,1
-2.0755880090785332,1.1572445477310251,-2.393953288632562,1.0449670269356988,-7.983366307629832,0
-0.08606969279089306,-0.17149560038823927,0.0008420698315311226,-0.7007208450987582,0.0603902163282434,0
-0.15032046027187207,-0.7346710936768595,1.0035236535958534,-0.8535780347510697,1.6744025837114418,0
-0.32669621318636405,0.9559358223307622,,0.7505072227625251,-1.6903192247701744,1
-1.0425776946705763,1.1835491025816047,,1.688100808445631,-3.970858998948606,1
-1.17223375343664,-1.1646633485123947,-1.198082723124256,-1.349163443138161,-3.747595791078128,0
0.46436986354657417,-1.2039136489663802,0.12069264636742733,-1.342018839566543,0.5285975664491167,0
-0.5505519317084877,0.22525668198359955,,0.9310300347298173,-1.7136416254015696,1
0.31635832153614474,0.6293606334288918,,0.8834942941605664,-1.7503099576469807,1
-0.8852486861242225,-0.2990690852300547,-1.1507782713135604,0.5322839227716936,-3.0949703641944373,0
0.18106274277108234,0.6792938199823493,,1.3088163220143016,1.3747539260748805,1
1.3032780373160637,-0.7101366068373821,1.156230883121747,-1.1537179010188094,4.31340996999087,0
0.5861658003927833,-2.1146935990737354,0.17574632096763765,-1.6197181718736815,0.7039230355012567,0
-0.4124138182164804,-0.42390107233259605,-0.1920354409970983,0.3387505737046997,-0.9699147467437779,0
0.25719897035592737,0.06323214651310118,,0.829638712674811,1.2951333096065496,1
-0.24066517453021302,-0.27583995989645654,-0.13534745192268383,0.21820803189188714,-1.0695833031670647,0
0.00788018469472816,-1.1586032636594852,,-0.6748417662048973,-0.974881554793275,1
-0.325611052148504,-1.8156489758788175,-0.09750939257263236,-1.9669794977165924,-0.46088673444694783,0
-0.1643352058853914,-0.5140888043678978,-0.36535985602278637,-0.9327798465426852,-0.7012987305524048,0
0.21209335307417554,0.8976557716497435,,0.7215471122010151,1.7770360666223606,1
-0.9933586995819507,1.2561974394136823,-0.25172925715365524,0.4238029386973009,-2.7875386212024234,0
-1.0158788269899783,1.187713384138455,,1.8591110418493078,-6.1644849003485875,1
-1.388542553831211,-0.815909535148553,-1.3330088172333947,-0.957556014857409,-4.847222381904974,0
-1.60027110450371,-1.153706323630364,-2.4681380729775233,-0.5080409590978839,-8.10277401075134,0
-1.2172826922204794,0.49663461497989536,0.0036116004444060046,-0.1191151736309044,-1.810708954080808,0
0.15946250680412918,0.6351000115979253,,1.1764124720990305,-0.03521936870011924,1
-0.8927875154918841,0.40016960520049744,-0.5196008945791979,0.15272927611083764,-2.122620226337278,0
0.5136144642310962,-2.0140632742377633,0.4959560344336484,-2.6562479783923503,1.8029573033338422,0
0.03471374875256186,-0.8668845848834666,,-0.0533255588035878,-0.9562467252267195,1
-1.9685042134380537,-0.02968879028597843,-2.429530737026767,0.5239670443844087,-7.3489365689821256,0
0.6549755842216898,0.48721819463042715,,0.5931144047233192,2.767476967489111,1
0.8107986455917099,0.7673073626024868,1.2887676756808653,0.7842763051699684,3.76160075553449,0
-0.9938626748348534,0.1442535222820402,-0.022070631146071773,0.3640085316915993,-2.4165607405403913,0
0.4201915428949916,0.3307838065382363,,0.42809809549694183,1.0700270996871097,1
-0.856498237409199,0.08486545836110417,-0.7125384267861988,-0.31127251872463146,-2.447417358181521,0
0.0976703767483354,0.685619374218483,,0.479593239326022,-0.5624439872565158,1
-1.2644984069549656,0.312865651490911,-1.4080395085124702,1.2932245675102625,-5.424685536809356,0
-1.7931064525345768,0.06573766004728737,-2.314049918773261,1.4018160313612944,-6.126787024640574,0
-0.3828171896129687,-0.26836879913738076,-0.34081209415079305,0.5129654534779607,-1.9354944984311215,0
-0.12372894627483615,0.0812914250424811,,0.3204033951237928,-0.3970374553041368,1
-0.39767969361460404,0.48459137883927483,-0.1767252325325027,0.3157168624883073,-1.0360710877765416,0
-1.1840305582225594,0.2674753888980612,-1.0990254487324547,-0.1316175580504218,-4.236511295518236,0
-0.3998990621311371,0.3808264183452537,,0.014685213130152475,-0.8285714784891551,1
0.269294752580734,1.3427218613511853,,1.066088032007805,3.2859586114950448,1
-0.04489303012253698,0.2651639227465874,-0.06375200500533257,1.3407459434594722,-0.7678775262486348,0
0.1825010305992134,-0.6489985204731576,,0.25414262771814167,1.14035571508641,1
-0.670115200454233,0.8836067859941692,,1.2567459809618662,0.12954112983789184,1
1.1717179147161598,-1.3661983376689177,1.8250264493636836,-1.8465049258753308,5.551626927015107,0
-1.1761733365547806,-1.0814133807392872,-0.5995884873273583,-0.634885417383769,-2.412478064166196,0
0.4875602970867186,0.3358472647200691,0.33421618932646857,0.2165387504647665,1.657328801498905,0
1.1818910929599615,0.5163966677865788,,-0.5601080515354819,5.270373885502236,1
0.4809080927488954,-1.245051223503995,-0.1782300532660755,-1.1015009048033653,0.4541963320080173,0
-0.20252422706482995,-0.38281748098675,0.046932973417377316,-0.8037740014037776,-0.09901481959700935,0
-0.5282970466629789,-0.6060838322196587,-0.39106695785605816,-1.0101105467646772,-1.4137187996986853,0
1.036087651046256,-0.48667632288159673,1.0477802136243466,-0.6118803196656005,3.578447477954798,0
-1.422974925261673,0.9435977762729458,-0.909377531140243,0.6944362898017393,-3.5291738707725333,0
-0.9701242603796436,0.7065054635472527,,0.689377053995249,-4.484689121821636,1
-0.3975577654917214,-0.019122179853707483,0.41987366008845217,-0.06028745486230955,0.6375006765118942,0
1.2376537575119981,-0.5459619271149279,1.68853610148214,-1.4838664735387437,5.705802766044358,0
0.37976763604089603,-1.3496496702201406,0.344450646214909,-0.5895106757787241,1.472780087271326,0
-0.9680457585102453,1.4201849387819487,,0.9284965773076089,-3.2860315804861537,1
-0.31030770538490365,0.5921139002849184,-0.07000209776060648,0.11591470771968193,-1.1106306473968353,0
-0.6143231440962944,-0.7066691040731404,0.14610247193559533,-0.870945729968289,-0.9044565661831616,0
-0.7097889922335351,0.7195994976248915,-0.6589851328885297,0.6654320739402445,-1.9609620276319961,0
0.9788895585567791,-0.07022362057462567,,0.6592662878412938,4.28195994783721,1
-1.3717431292635054,-0.2871095048623429,-1.3626838904505698,-0.15239777883489233,-5.753197587550578,0
1.6087808557343735,0.43521152828960236,,0.7184442703443695,7.128825534146072,1
0.8282296901846228,-0.741498249912725,,-0.6042301561210841,2.5417311139164807,1
1.090861670603698,-0.34375651951011005,,-0.22802572826072356,3.3488710174535328,1
-0.4629395120252583,0.12146106419954589,,0.27632581574305026,-0.568112459918251,1
-0.14994071907910939,-0.49945119288521345,-0.07643530227267761,-1.4658182641696826,-0.14032174626711688,0
-1.4331518145247122,0.669085210267524,-0.8646223845019511,0.5441259678477597,-3.088284506205254,0
-0.524662407066803,1.8690665036782608,,2.4501970589638393,-3.7635102597978394,1
0.4936548476431509,-0.7542981326071427,,1.2168673727962,1.437261370631666,1
1.2960630617813962,-1.6651252963040444,2.0382800810015107,-2.2672797625737995,6.252294925570309,0
-1.1071568168024517,-2.0017401674762616,-1.4453266746842244,-1.7902001873140851,-4.161281588472005,0
-0.36550593698526584,-0.15046814149498222,-0.44115545687011953,-0.4359914304321531,-1.2710061476836187,0
-0.15129922023252232,-0.6631645901261828,-0.02295660478678299,0.3606613618222422,0.6078392350457081,0
-1.3957892021924851,0.2078605010670802,-1.8903664611889786,-0.4690308793286605,-5.859963429003787,0
0.5913492417584003,0.1325976720261008,,0.44506741718404064,2.3119086227285526,1
-0.7239903317426091,-1.6032168466140961,-0.6676719908297889,-2.306822396366191,-2.7445133144464755,0
-0.19539035117702397,-1.814883829481406,-0.17204948409604337,-1.9741671635118223,-0.6081930216631978,0
-0.4519493719118777,0.29593324034609525,0.1882266385066902,0.27877657497119074,-0.9078283187538615,0
-0.7893385057196743,0.135428834719957,-0.018609908303547584,0.670274675589761,-0.7707953549121095,0
-0.0070449854805546995,-0.42581799836655126,-0.4350874214810104,-0.9644014114458153,-0.940963752503441,0
-0.21560957856802238,-1.6571435851323046,-0.15997531898427764,-1.325452060708612,-0.4644544745606399,0
-0.37185788227866556,0.47139126276499077,,0.48078012445896423,-0.7839385951931008,1
-0.7284616216803428,1.2718995454239435,,1.4082962385669333,-0.7400539592524944,1
0.31952467078295543,0.27798244021892227,,0.7571487975614928,2.0355436319853495,1
1.653617268492285,-0.8474738905650646,1.7990739692884508,-1.4887522370677084,5.581248126329726,0
0.13988723283912738,0.04455216557115131,0.4731584988304427,0.4498496521454475,0.6877641306280713,0
0.996118214911129,-1.366114080933685,1.3330026320792587,-1.6505665074783973,4.146298221354535,0
-1.3902219251534627,1.0579607138387925,-1.8540790712956468,1.6058974413272056,-5.4637040516181585,0
0.15776143929376948,0.08184433452953882,0.2541608355469039,0.24912315179847888,1.6764116065913859,0
-1.0973683189710666,-1.7681569117532319,-0.3677878218767209,-1.8729211025117596,-2.230132693877177,0
-1.4769249275319014,-0.3006743604436826,-1.5806033118789038,-0.5956873449890934,-4.8728283138113895,0
-0.7393714074590362,0.46330151023423083,-0.674648086185314,0.8749490074118962,-3.2647787509412662,0
1.1918993344135727,-0.33304762097552243,,0.2974282217649413,4.935609145638473,1
0.9500158286696456,-0.2758957214401739,-0.20691391913379187,-0.5423214918702661,1.3140390103014812,0
0.24300472205439969,-1.2244022070472718,0.25329981067173923,-1.7909054899379702,0.8463044488456881,0
-1.5327005598899308,0.5665409870816561,,0.9136465085542689,-5.145008052690847,1
-0.1962806513879368,-0.6484692000191374,-0.4525273468283879,-1.3727346710359876,-1.7530755696681801,0
0.30170000890173554,-2.1564453770050327,-0.2756184655406285,-2.8092015957965186,-0.5093303155887392,0
0.1755362295785979,-0.3712573706703938,-0.2647670003122268,-0.9026075084343435,0.6889881598101503,0
-1.8437935834807457,0.981149715570353,-1.4616997754129637,0.7734244740509783,-6.183592145190053,0
-0.8903178480198718,-0.3869294465999474,0.09594453850358076,-1.05509539120767,-1.6477215739558186,0
-0.06407776414871663,1.7379849851235203,,0.7685850304327315,0.8070509233471352,1
0.5362909095171899,0.42896794854851705,,-0.13875414862004454,-0.06641819800102333,1
-2.1961278210999464,0.3387581622803661,-1.768814165824595,0.6599953855666754,-6.824166775876355,0
-0.16212397547985843,-0.12839826591760886,-0.49370516338450343,-0.7641703019809925,-0.6861410336561752,0
0.14304876987895235,-0.06828620776429063,-0.14808476137543622,-0.23842104674137565,-0.38684253106846067,0
0.8496119885162131,-0.263423635119504,,0.7099255960632771,1.8250042219550513,1
0.6928575842374367,-0.30226939208252646,,-0.3268564570960717,3.276999151193786,1
0.5825713188088052,0.5308671620671488,,0.7021326569319454,2.9703658234399497,1
-0.7999405067019342,-0.9358312297905655,-0.8489560423418279,-1.4088512389163421,-2.3964605696957446,0
-1.9080021371233076,-1.0758938287242596,-1.9485375076273197,0.005843598125811145,-6.986332370590736,0
-0.39305275706140097,-1.1231950508753776,-0.16092088544350444,-1.393842295444592,-1.0414992962924479,0
1.00163182520856,2.045654547677154,,1.931602205451396,3.9989407454825683,1
1.3934545275244314,0.53034290167058,,1.1888722406542622,6.097818608370781,1
0.7105491022977853,0.3044922016801448,0.06836311454318589,0.21362507925333535,1.006269043854255,0
0.42934082280173436,-1.0575146702934315,0.4393544927037494,-1.033570278955824,1.245398165587096,0
0.3796396483859655,0.6233423006748285,-0.15437253955962332,0.4824981402802637,-0.6644744489812191,0
-0.5561187467607805,-0.1165713464533289,-0.5815898862924821,-0.25398753548194253,-2.280051497286194,0
-0.13006029355362003,0.21416894113175025,,0.3994199465457961,-0.3237746810775549,1
1.6690695258263315,-0.976620315863556,1.6456947988749804,-0.7001487212645032,6.220116646173901,0
-0.9425580057918765,0.1602688574175767,-1.3424294498471423,-0.16135535818870686,-4.33425242017775,0
1.6147787907098514,-0.4238335382064832,,-0.806873766279948,4.814178973367932,1
-0.3220281544920584,-0.7656111570301878,-1.36924691784951,-1.0701792014589695,-3.2358881032872846,0
1.3254321090950785,0.7341063358072487,,0.033479328707364586,3.83890904165996,1
-1.4068150094975382,-1.5377078085300024,-1.6223155624140075,-2.332922937789651,-6.181045667301451,0
0.5859042011646491,0.5647762643141506,0.2479353687627356,0.7133598379266044,1.983856000582308,0
-0.736770135947622,0.6844861335529963,-0.07549590453179156,1.1537840351405524,-1.4426488756155529,0
-1.4152671919241875,-0.8796436755512407,-1.844986285321843,-0.444121028978632,-6.419905620066257,0
0.21853404241094568,-0.8203284611324674,0.9269510834803472,-2.0113240977007965,1.0520651448593452,0
1.0094717885959688,-0.2230256812664022,1.8213936607305974,-0.34555822478803255,4.959136948917576,0
-0.8449414385934964,0.28203621046222055,-1.8203916719881867,-0.26900976733405885,-4.705820072368438,0
-1.4990159604584012,-0.1528549918142255,-1.4528252309589165,-0.08098627290379709,-5.503019974628537,0
-0.09184476433495513,0.4335624601918793,,0.22465070078718882,-1.2477757460752694,1
-0.08743532877718112,1.762979652537399,,2.058935605659693,-3.492515479740763,1
0.548319627554499,-0.5077167691497139,,-0.5172933143503845,1.0960734529447602,1
0.9495945713644882,-1.7151799707034205,1.3370626249187254,-2.6631809181623654,3.402026298046587,0
-0.059415181272494094,0.8259235830306532,0.950184445083138,0.34238064663088286,1.4903956030462764,0
1.855503314794263,1.6833145759275296,,1.6862071333408564,8.002318614287963,1
0.22423474453529177,0.3927683630511244,,0.4378235776666676,1.3555422230983754,1
-0.3464265060068996,-1.087748675353668,-0.3570926968224434,-1.790587079205669,-1.144261245765758,0
-1.611567359102828,-0.12389236323520093,-0.770235901778771,-0.8921222150082619,-4.282045909919908,0
-0.26265952031616774,-1.1185234842116323,0.8114600806626526,-1.0904008154250429,1.2441832881012675,0
-0.33638694541113623,0.6428554939629476,-0.6298082851732293,-0.05897815906231607,-2.033111522689813,0
0.9603047962814704,-1.3512904026984345,-0.039688483873675184,-2.1856051159488272,0.9313871611394797,0
0.46248362406685406,-0.3001287868282,-0.5866101075687468,-0.5226990431438708,-1.0195235166880825,0
-1.1793691216326172,-1.0043378262939064,-0.5184286255527162,-1.248560871963232,-2.413863135368109,0
0.1722543864110375,0.12682468513496187,0.14872511602384422,-0.3123755535346887,0.5256287455561769,0
0.6715311717290534,-0.36634167713775767,0.7631521269584127,-0.7182101555002391,2.6908578834117534,0
1.5280313593878327,0.17676210325026384,0.6327058629094762,0.18367996486146115,3.633295357801403,0
0.8875039674140593,0.02235055496636566,,-0.33773089687354396,2.5735343870649214,1
0.7608466543114778,-0.9866590277241104,0.6131062473610867,-0.9513105168916908,2.2401230811964443,0
0.06008599461516361,0.6268770635290218,,0.4366427954703546,0.17731063898985622,1
0.3883120054234496,-0.0487656518431153,,0.03505942585021261,0.5528598153727536,1
1.2495049007061587,-0.9885290078659005,,-0.5494262251475779,2.628956387466656,1
-1.3327773974796497,2.2409265562057925,,2.66055047890109,-6.010304469092755,1
-0.349439327216956,0.47643016671712474,,1.1205354022501663,-0.19742321986222383,1
-0.7725687487562409,-0.15326055339930542,-0.6501764389544911,0.26581289504927474,-3.2607257432610828,0
0.3791531187261241,1.4152045267018234,,1.5344832924727256,1.2480497704289708,1
1.2302221756507876,1.8418156093866072,,1.625099790566535,3.9279737502180154,1
-0.5969742867210739,-0.1453494223138851,-2.073886029421386,-0.339229883721997,-4.9311437464974865,0
-2.390304367469438,0.34739748643476165,-2.651856520911686,-0.09149116678314334,-9.115087957129289,0
-0.41222074502447015,-0.9880028180029409,-0.8455060222372184,-0.9857381724771619,-1.1735559325588618,0
0.9134737320174066,-0.1471927507680115,,0.20150098858795587,2.722045471332488,1
0.5376299029498797,-0.19906255375986986,,-0.5618963552013801,5.655234012237332,1
0.4281862478105761,0.184827033621654,0.7757692566197041,0.16621810428976702,2.138084843565564,0
-0.27999330187447974,0.33276047863701036,1.0879867778172645,-0.005920635723874301,2.1485071142792154,0
-1.2790307362197864,0.5598284488280599,-0.994645888550062,0.6645056139218672,-3.8533610227944,0
0.5152943216244674,0.23764265629995912,,-0.03704903567501605,0.23752135699029198,1
-0.8342818100346248,-1.2107426266291645,-0.660323770974183,-1.5804979122761909,-2.524340023220889,0
2.184096733380456,-0.9384671057410849,,-1.2784504532070975,9.592755093629103,1
0.570507208354516,-0.546407619463673,,-0.2947432325408897,2.7303451762998376,1
-0.5806483025539507,-0.2822405919232289,-0.8683169865754903,-0.3306152945884064,-1.6355822800809572,0
-0.6113852473886279,1.0507742904721138,-0.4847933995389784,0.836563425472096,-1.7310608730745125,0
-0.09294420661358828,-1.162938986852913,-0.8075776464491609,-1.0322367355793076,-1.4185777327504563,0
-0.23950192202174977,-0.3574150481706999,0.1728323903239651,-0.5646731569045251,-0.5963527971728503,0
1.1168337755299542,0.9530094982140498,,1.5162684450569013,5.807581674483544,1
0.18641616974404632,-0.29987747449661223,0.2063158968020544,-0.7868105513432405,1.237008278001706,0
-0.7316317389085281,0.46041564984282407,-1.0653237660885921,0.36692989343418325,-3.1013110264710533,0
1.8904406851557827,-0.13954204292790354,2.070506160794564,-0.8419246537614039,6.97198757006242,0
0.049308331520222654,0.25678325732472285,0.25803784720180567,0.0833460613796759,0.14324412923473712,0
0.7688396759688971,-0.22847254380954055,0.8094115918937073,-1.0682902926628557,2.6639792388490977,0
-0.6082265074447593,0.667065472728354,,1.0402237340079172,-2.2060924088503446,1
0.3631156277445234,-1.5450564074064352,0.2762082025098379,-1.1618045239036459,1.383087665332803,0
0.31110999114319526,-0.36331200838854505,0.8090874552563982,0.028773078473693092,1.659901934668888,0
-1.8896492920961532,0.29657267669430815,-1.5215355695135897,0.3110089167815421,-5.5952197164196305,0
2.01527511046064,0.533695248006193,,0.09376004565114693,5.650866958103263,1
1.2906444609225471,1.4929526227538277,,1.0927823067358529,3.3754887329903114,1
-0.39719531614598763,-0.3910246668655764,-0.5243825246592686,0.37406136074468405,-1.3365358250311101,0
-1.1022697404558555,1.4794817618608729,,2.197320313760771,-3.4730053274833366,1
0.34756161380355205,-0.6590238266596706,0.42159032074895936,-0.5977462481842849,1.6897913066920476,0
0.08669769941439659,1.328646411544644,,1.0708293945044804,-0.06321138333658316,1
0.3556689485632294,0.8174671266983724,,1.5017788380476276,1.3708845800086613,1
0.19157739619408962,-0.9134585796322228,0.02617213643295363,-1.2607101603246278,0.9206019678349364,0
0.5062409893059261,0.30703923725182186,,0.4214638412997756,2.6912220937834297,1
1.4473056993918065,-0.05123583553219154,,0.6247428171670376,5.949766646231045,1
0.5681032051286461,0.6255845936750002,,0.20741534384268634,2.5698154929367067,1
-1.0496554989099411,-0.22327158843330946,-0.9338961128867104,0.19134020438524657,-3.562925984988988,0
1.3625628527124518,-0.3072462256617315,,-0.04696582773979657,6.406495536031481,1
1.6406145634882872,1.3690945827628513,,1.349336311647071,4.85373693300119,1
3.152056734512085,-0.09872089445567296,,-0.5954376940222309,10.91844834768536,1
-1.123494033239598,0.8264223241917663,-1.158724203472596,0.46420244414012835,-4.100419285497803,0
0.24288201315027502,-0.22535148504419983,0.4563738550813248,-0.08062594861887051,0.5957705900133307,0
-2.0820987031889877,1.6666632592275235,-2.4093811739868527,0.9549948617868301,-8.410714292580842,0
0.5531491563792091,-0.6783346293354934,0.608316872958897,-0.6129626998263685,2.3420737801471416,0
-0.5482002981667726,-0.6141435312471847,0.005711343041627792,-0.3436180392163531,-1.0677022688913227,0
1.9234457948249533,1.524517181115903,,2.0171272675204532,6.150310344202159,1
-0.7746149700185819,-0.44494639089525284,-1.4393175216811227,-1.144124928125364,-3.890851529381375,0
-1.6891830379672617,1.6010743061643926,,2.2591979547450296,-6.278019166362823,1
-0.47126374070251964,0.8918405795948128,,1.7395223266847806,-2.557916979870985,1
-1.9754877712171375,-0.15464970656083346,-1.6778261272708055,0.05042607729596352,-5.76177487622766,0
0.7510994545073101,-1.8132934720171585,0.04816961157457733,-2.3323177627294887,1.4239307364738931,0
-2.0650830462563206,-0.019318304271835673,-2.214030718628086,-0.1833729484519562,-7.369989256101617,0
0.02845758118315888,0.10163005353342468,0.3376022328385129,0.07783143097417117,1.3002573585084216,0
-2.077811819856197,1.167217733304373,-1.8694822895818999,1.3024494876696513,-6.521283576015463,0
-0.3202978045366419,1.5884471762401118,,1.599437952561913,-1.4015694893620179,1
1.643378155804534,-0.6849871791437476,,-0.5444046076964392,6.045574610035834,1
0.36064789143579495,0.8011817639881827,,0.7558083853186214,1.6385276056780587,1
-0.863493604964934,0.7654021560133495,,0.897955703269471,-3.5821553326553977,1
-0.031203488939083975,1.0734127024104452,-0.13662084826637408,0.8431509918297883,-0.6769466630107233,0
0.018016872044446585,0.4986899121355445,1.135730589422927,0.32959655364431023,3.01118945309899,0
0.47263034584340563,-1.94249769096177,0.877285797809056,-2.230510276200104,3.3957239463132196,0
-1.3668583632808264,-0.1554224325277597,-0.12653290452475496,0.8032073347242762,-2.7677945831758324,0
0.5925672738473307,-1.1557075749169152,,-0.42375718182975386,1.242525109325304,1
-2.704391631602775,-0.20260577291807386,-2.746874930046849,0.07504132208873404,-8.979075897745789,0
-0.6298845523638104,0.980004236133894,,1.6426587347677633,-3.269961701978785,1
-0.48827384245154465,0.30515083587497266,-0.8930572434963309,0.704381505363914,-2.1803111980095173,0
0.6333268260712385,1.1480908663974327,,1.2387264461544603,4.566857687338365,1
0.02263085267686914,0.3417539207135393,-0.23838629224400903,-0.41103174979630247,-0.5631923863447521,0
-1.4055630538562867,-1.2983259396689026,-0.445922403784057,-1.4294078997314728,-2.8352044258574507,0
-0.9849931258170151,-2.5208470065727346,-1.6066742561569605,-2.6883659525819104,-4.564742125690398,0
0.1986800095474069,0.14880876167959034,-0.32805450748923154,-0.4177288248664881,-0.7873348007800829,0
-0.07906734186455633,-0.21392646635116538,-0.2496829523762669,-0.9570076036544735,-0.46042144594151635,0
-0.5791241096357468,-0.9769457393818821,-0.6109990704753357,-0.7305860660983696,-1.4718289573294576,0
-0.48083378951197936,-1.700627249651378,-0.019290143286914585,-1.5383750884659715,-0.9268975902634788,0
0.696167997159289,-0.7347432134727092,0.9215532057524219,-1.3184417035065152,2.9636430316142444,0
-0.5176925728692147,-0.19449148486477605,-0.7258502015412285,-0.5674307380828707,-2.124884804380851,0
-0.08809124402907328,0.6658778237063901,,1.2464889602834717,-0.5839674358374981,1
2.169936588080543,0.18863108156798009,,-0.2502171751903002,7.614165757344378,1
-1.423682636883923,1.608067247172729,-1.881009504546788,1.6934666991396303,-6.237575780046955,0
-1.8518427315746586,-1.0356040560453943,-2.2958241998754696,-1.1304932058293848,-6.7030897377649605,0
0.7835896647986067,0.8810588920574334,,1.134240627588465,4.083550499044656,1
-0.6786430612941035,0.04729874312872792,-1.592725525257673,-0.38075508319948725,-4.6717999427929495,0
-0.3182375277426204,0.6946691241185846,,0.7397108628886381,1.3525321927890097,1
-0.7811563781311142,-0.43651486326554356,-0.9526534909322302,-0.3521535745926048,-2.992990818430334,0
-0.2598001407675125,1.0716803738905898,,1.1867707770051998,-2.04328285769598,1
1.5985381120963411,0.29522475834524287,,0.33476168732654943,6.8869199455300585,1
0.8021284586181192,-0.6794449849177496,,-0.5071403246206947,4.540001949034546,1
0.8622235118869771,-0.012024028913188121,,1.0838611371122173,3.2494348810913576,1
-1.4162270557926455,-0.23955585893709902,,1.041093029448454,-4.717772804536295,1
-1.1511537365528692,0.4891783506377937,-0.6077219916919513,0.16957028024443277,-2.802625919602435,0
-2.839078659485427,-1.1797767493745086,-3.6973274480573597,-2.3388982395507583,-12.733056224164189,0
-0.8093808210827541,-0.029351702115694572,-1.0702960918268283,0.2683959482452922,-3.3121283725840907,0
0.9567031863856585,0.3953072526493312,,0.48843348259996433,2.51628077867759,1
0.5169465157483709,0.03302330719303324,,0.5635442367848235,2.4422055951465627,1
-0.2215132629521239,1.3469412443889959,,1.4893841942466546,-1.0234519961263386,1
-0.02230028371805306,0.7740227740710525,,0.8033247438339121,0.7710874833313865,1
-0.6888855425754058,-0.007480796740746615,-0.42095707133108684,0.5569725011978646,-2.4708895094677894,0
0.20475888240178416,0.21668909749767315,-0.22639458568005635,0.8510793917045942,0.3141294256739761,0
0.7658782794806148,0.2956655514819996,0.4723991744924726,-0.3976144779084997,2.5125426655897702,0
-1.6158867874104728,0.40329960416682403,-0.9689779420031098,-0.005003489402967742,-4.506654608548109,0
0.29964768783734813,-1.825657995664608,-0.08809363650485857,-1.8784544753089472,0.17399359705039313,0
0.9324348709546673,-0.30152629576934703,0.9948686760524067,-0.2523074838070553,3.7515216273344874,0
-0.4151002889633696,-1.4844390681934259,-0.8063709321265922,-1.59743066986955,-2.3357238692541418,0
0.7007006121205837,1.2782809474594865,,1.4953845363904295,1.1730458552461047,1
2.814654444472553,-0.06084952000292773,,0.43720287465562235,10.048596890383928,1
-0.10434279298689202,-0.19334094967962276,-0.4957760481356377,0.6680139056807413,-1.5546959461208676,0
0.39330705000532395,0.8967973320332352,,1.186253843919685,0.2212061938259554,1
-0.7380570836613916,0.42232479744987467,,-0.0038420417766802384,-1.5679911720616904,1
0.1812511626020504,-1.1286345143792071,-0.2411175417935377,-1.2023226269781162,-0.2773475766883988,0
0.46027162498230384,-0.0709053625273688,0.05494284713296754,-0.1085814831571473,0.8011605996763275,0
0.19484234027013805,-0.33516697322638483,,-0.0778468532358052,-0.0022713150246888025,1
-1.0196953197088567,-1.744532888606054,-1.0586493428745158,-1.550448871889083,-3.3941746933753003,0
0.2063617713254507,-0.6902762332372047,,0.33492209231854997,1.206368950350027,1
1.4621959387176369,-0.18354032201646558,,-0.41429688964391986,6.5940651640568095,1
0.4486357645145273,-0.1149509314918426,0.085676721517638,0.0774243353915591,0.8623833537699805,0
0.961987189071841,-1.4822314236773086,,-0.3048757248052627,5.653279403397067,1
-0.23701197001262772,1.1516655830474756,,0.8590621345956749,-1.6896357852926833,1
0.7499002394237102,-0.10210305889143893,,-0.029528710806261335,5.001919975699584,1
0.2792678382165259,0.03755307666056291,,-0.4348871739014448,-0.33218890555122427,1
-0.950910729687232,0.4006416383398367,-1.3863723646222372,0.44168508815355245,-3.709065013676345,0
0.31852100479887446,-0.7880762539036712,-0.05385707359331987,-1.178184827972492,0.9617552629282015,0
-0.9916966634403105,0.45635597313269627,-1.01792051326487,0.9797564248783694,-3.2769940347284425,0
-0.6328802748847919,-0.367074646018183,-0.34289418936798677,-0.29341521650248537,-1.9602664884996988,0
0.18932830729237413,-0.8965855406471918,0.5242623262447851,-1.3642841706383386,2.1648511285619447,0
0.29724427338012405,0.573447493355399,,0.9937313422512348,-0.9996214908875531,1
-1.189232465077129,1.4916738588018077,,1.5815068782376014,-5.4936062638901335,1
1.0539857711828762,0.7248293734858318,,1.2012387620975593,3.358152604387925,1
0.5720062783004729,0.9229775651404306,,0.3491462511665563,1.705611769954885,1
-0.7047284356108838,-0.520630606562299,-0.8098062377063211,-0.33621840043796825,-1.8784728664288752,0
-1.5375847964491753,-1.5976197291684564,-2.0126725274840727,-1.210948881846102,-7.087624621981108,0
-0.1449045790814313,1.4901375220998412,,1.278448776981973,-0.7936132796957696,1
-0.44594371386116016,2.05451488940476,0.6853406903064989,1.4250135259206842,0.43594672475777013,0
0.11314045705302281,1.542806773769682,,1.522003026084485,0.09997577661869286,1
-0.3631166611555665,-0.3357859389797497,-0.5798725717573332,0.2782717079107146,-1.8154302104380275,0
-2.00745686074501,-1.1546343387288442,-1.7276260755828254,-0.591669173411816,-6.711637068564376,0
-0.3883469383011582,-1.0656826978195666,-0.6677550841695556,-1.279896915197355,-1.2078323602415866,0
-0.30561911106831274,-1.6837325676140487,0.02886312979077843,-2.32527528580227,0.35602008067366314,0
0.6336610247740587,-0.10737861841004537,0.27438967138453857,-0.3229684785848317,1.2920809970763876,0
-0.6981996746110497,1.6056779580824545,,1.3714391327164983,-1.4664631572262041,1
1.6786746733725662,-0.1416626318722431,,0.0815607597801456,5.141394414802586,1
-1.911640550651757,0.3023229003482745,-2.221652025190113,0.24982214889621376,-7.1911198189676835,0
1.3111674978026244,1.3755969643042085,,0.9989648584356375,4.328372353949311,1
-0.2243189708781048,-0.40409531183239966,,0.1480362217979343,-1.2674172579921288,1
0.8595848723435562,2.035531456719595,,2.1057443904420117,4.345842665910941,1
0.0798014840587331,1.9920944074974534,,2.209802233862924,-1.3917171207427588,1
1.1395555360254692,-0.13111133868048266,,-0.9936040557461162,3.647992602586557,1
-0.38736196455281124,-0.5775342640192128,-0.6681922430155243,-1.7896666993678556,-1.0783347434108104,0
-1.0986204251778122,0.6972380463903131,-1.1064644085562811,-0.021534844331891012,-4.969298293547059,0
1.4205042872710631,-0.34752494251885807,,-0.5877966553222459,4.661904718408069,1
-0.1134806458821414,-1.1565552170673363,-0.8590945615773729,-0.868377208260432,-2.373584266684758,0
0.22155847362421105,1.2812386535229803,0.02164713182647726,0.11011521831933124,-0.36960102293765473,0
1.2347519140447951,1.21644738727708,,2.0128734194630735,3.6570930805796062,1
-1.031955242094435,0.15551160376356082,-1.3460041596343266,0.24079461714862394,-4.050104754568103,0
0.5954908976392573,-1.2628647537281779,0.9388786421630897,-0.5827172572532228,2.9734747295806483,0
-0.5898947564628909,-1.2295262512173861,-0.13019054208606734,-1.6725112924544505,-0.41507933827907106,0
-0.13216935564437185,0.10722928841915275,,0.3591592555053981,-0.5365886709119637,1
0.07227896538428889,-0.49987103450503223,0.18754975880965355,-0.4572730695196385,-0.3955928492390488,0
-1.500221861446936,-0.3410929321416081,-2.5807498601215713,0.06775022438566902,-7.530917283601532,0
-0.7788370428204348,1.021963155060003,,0.9050674712601445,-3.840221958141245,1
1.3510728924131392,0.7331793174225577,,0.969786921926352,5.130178871992897,1
0.8861911885847956,1.378142680497613,,1.9292403398832128,2.968512106070755,1
-0.06263957732723487,-0.9906232233772576,-0.43127041552321527,-1.3162113703231453,-0.8594097442400728,0
0.24312345851289308,-0.34319156868671197,1.3819679215283585,-0.22206945244188708,3.422403828543722,0
-0.29424250563645765,0.7589816954601127,,-0.18494942315106144,0.6104819968323395,1
1.356583385827982,0.44807834101289173,,0.7993298505445706,5.610881544592773,1
-0.20035257779416388,1.5323803825876219,,2.509711654318867,0.23097514005541842,1
0.23184209213484805,0.4205367059040693,-0.8811256168441908,-0.20168131797027838,-0.8561466791149859,0
1.146030144142065,1.8481091041055524,,1.8024184738915807,3.3958735336042922,1
-0.7773714848459066,0.5400178017231407,-1.0123504214324823,0.9802584521801976,-3.2942565053761337,0
1.558789184496894,1.0621674475886602,,1.0778761843219355,5.325828568960231,1
-1.5304614097433769,-0.32351494678445714,-1.7754334202303583,-0.24096517103784426,-5.855489305563241,0
1.6296421311127987,0.01428721188398906,0.3546289853546254,-0.18121250887783025,3.9517744250349103,0
-0.3726755839519746,0.910944403839475,-0.17966327459769468,0.6968682772955177,-0.7956211138339567,0
-0.24269874782528175,1.6129781705930544,,1.569631093800365,-0.3065978253051336,1
-1.890010171182943,0.729236949310753,-1.0890607753879522,0.7500726603804312,-5.132382236075719,0
-0.4547947173776929,-0.08317177193461948,-0.8489493497651746,-0.6738924027232743,-1.958498665974383,0
-1.0398065310268843,1.3773350295283417,-1.4748881099168354,1.3443240365553273,-4.155529346847245,0
-0.6076463453734726,-2.1919786562798818,-1.947638588355707,-1.4077116869252184,-4.943667509927937,0
-0.1373109657888796,-1.4222345015068738,-0.2840943840843227,-1.6318013983013262,-1.351975974163369,0
0.9577916144729056,0.681634223668389,,0.06300673223107511,3.8023983625281645,1
0.20760335140062577,0.014108356253124855,-0.09828057969573392,-0.061599677740088454,0.022762597938372764,0
0.30767665340111383,0.6055136511241652,,0.2482072450620169,3.894776858507088,1
-1.0955193888455623,0.06440752243194205,-1.2238168067403241,-0.6047633902290277,-4.216001011372449,0
-0.88075408960273,0.5709456946038727,-0.8072579474584523,0.6405299254701831,-3.2327088343037813,0
1.7987250183513115,-0.8144028209931906,1.1171734780605147,-1.1695438395687296,4.052074827023674,0
-0.7352010347632466,0.5704860860796908,-0.5915908621756069,0.2581290026530533,-1.5292125586949354,0
1.6562082520572956,0.9944145282075845,,1.071128218400279,4.101923160338569,1
-0.2430611988808665,1.2205506039312326,,0.4539633062500653,0.24098874393304093,1
0.0022879361435040493,2.0135542946486997,,1.1427694695231372,1.2132799787023636,1
1.0703651602299298,0.24409844350238635,,0.5795345407533521,5.023204370761784,1
1.2718924219386565,0.27391108684717863,,-0.6915057135148628,3.4739500748913765,1
-0.11081256027908741,-1.5231724641738478,-0.03053150113037778,-2.011511311827525,0.5170191282966105,0
-0.3882430535215386,-0.531411401138425,-0.10633477382828654,-1.4313311688326438,-0.7052436832793125,0
-0.05592044852221312,-0.19308207400661265,0.16522037064294187,-0.4361503074310288,0.5403227135345612,0
0.3379575282321183,1.050319552276355,,1.2643489261019378,0.7528274322778179,1
0.8913036868697555,-0.6110011240896291,-0.30468725790831463,-0.5548321497234407,1.0490466806993257,0
0.004229858994151577,0.7963400197488324,,1.9922767144774745,0.2976802182307648,1
0.6188862980231536,-0.0016217169633801235,,0.5418360919311203,1.996660443364159,1
1.638359732270941,-0.1771681151147619,,-0.6427470401930625,5.556408688974824,1
0.38130961226478466,0.24889396913325626,0.7632822941225177,-0.34963353327994906,2.4865304366095753,0
0.3116528560047783,-0.3911563722528423,,0.9621875982349083,1.6299817573720219,1
-1.5189108250900678,-0.4290372480926655,-2.1785083514739676,0.10224875477401574,-6.359834448928118,0
-2.6307301368290634,-1.7047859057901145,-3.5964562813771743,-1.4101011021553285,-10.840704961201917,0
0.38837572923016833,-0.24795420732788961,,-0.21052830122008068,0.007235103780200425,1
-0.09482423128087224,-0.4799681461487265,1.101681916102521,-0.34320736241121796,1.7705527297477834,0
-0.514782674914742,-0.5159809893490795,-0.15339428794835547,-1.2570176270902926,-0.6886472510930766,0
0.24353020418634463,0.41687306259004037,0.3378363751738505,0.4953926476884243,0.7538755226190303,0
-0.06040372919690829,0.6586319527905097,,0.6942476515200169,-0.4034244809334147,1
1.1277802506338985,0.2321945046423276,1.0040837806601806,-0.21987491690841243,4.389349557756854,0
0.0861108682589779,0.9954151904494745,,0.7261519636652352,2.078869168438062,1
-0.7469232850701676,0.5755619258303651,,1.3331501225521432,-2.953932824250426,1
0.990166238959289,-0.29505618980564224,,-0.35764364995307346,3.8944324571249487,1
-0.21713107494620248,-0.4628562857143799,-0.3913450500919995,0.5727293655521755,-1.170076167775055,0
0.5265366836723071,0.31282223676684645,1.4966149995898383,-0.5575174814768453,4.216865095215945,0
-0.47741070619280046,0.5737671099019008,,0.3127020167890269,-0.9468986028195807,1
-0.6498268854974364,1.397844307031498,-0.027048478155623612,0.6242050314080386,-1.307978481062534,0
0.08416823018569615,1.1911730449400955,,0.5864618179941783,0.31806640916568474,1
0.012828643543685113,-0.541473006507169,0.541896699827396,-0.9555758593368175,1.1938364345349601,0
0.4798270353668327,-0.10200628012726169,,0.055648533258033886,1.0781892878933506,1
-0.26864575330974255,0.67101780491777,-0.21362834134331793,0.8044308904579636,-0.5907552181849341,0
-1.8363597837703973,1.067997778058972,-1.0188359484606682,0.7283526182451693,-4.306602365980678,0
-0.4327738835883887,0.9389694687047921,-0.9541614119665982,-0.1749303099634988,-3.0613201817096596,0
0.7938184671438159,-0.06387783283134668,,0.6749686036847298,2.8813854096322884,1
-0.29737607924310644,-1.2540226524285165,-0.07837344998374302,-1.3969050104466947,-0.7261527026263519,0
-0.24638340251454802,-0.9989363762455913,0.013618787885856937,-1.557081461396161,-0.11619394510836986,0
0.9863765059059371,0.2726335143194143,0.7609842593592043,0.41009890485445794,3.317537439007243,0
-0.7119732272589228,0.34222557942434556,0.3311588231451179,0.4444481646859326,-0.6813791502378911,0
-1.5428032182428997,-1.098679373434385,-2.19026916091303,-1.2600176059343675,-7.441118737143421,0
-0.16063111952549436,0.04456961088927163,0.5688115747907403,0.118835118710024,1.4125758475929393,0
-0.484173951248737,0.631224356971783,0.12335885154708232,0.053709436767773844,-1.0395158590675473,0
-0.966246319753254,-1.151226657507144,-0.01580192495141164,-0.7712702359189021,-1.3453812270107657,0
-0.17537845589869083,1.1049972018044145,,0.6065636544259794,-2.268042143718579,1
0.49150564724678397,-0.37753114855982517,0.05708990330192881,-0.6803159762115412,0.9326602300760714,0
-0.009288561567815747,1.257613112576651,,1.5820140206524387,2.2850500795277147,1
0.30698107268623775,-0.5334524457759005,,0.06852703672921645,0.716535406582437,1
1.813407698515423,-1.026625482884179,,-0.23373819886100966,3.9237493380642627,1
-0.3428788615575641,-0.4581369898417196,,0.06976212939156634,-1.1964307244965042,1
0.2783486346446696,-0.09514812307732015,0.37434552895580336,-0.2571842149782111,1.0880901235397882,0
-0.5092133625991345,-0.3884799067714809,0.2868991742252529,-1.1589964413217124,0.33390556140808025,0
-0.8463597198869729,-0.21600142157311336,-0.938992677352152,0.48652637122833337,-2.6688933964451813,0
-0.5849076534177698,0.33396514967619034,,1.0193131441286782,-1.9505435314276522,1
-0.4787585715216887,-0.17117936979639942,-0.3230636026734751,-0.5071674464731473,-1.2217826050481349,0
0.35947579754712566,-0.06611239395200703,0.5942740391943261,0.3944821249602731,1.282973532231829,0
2.3490757867007575,-1.709226399202596,,-1.8753152961679653,9.126829819977733,1
-0.7160434362758403,0.3916980160104727,,1.142336457766337,-2.6251394468447544,1
-0.4166253056154625,-0.08920329769166797,,-0.346635628893559,-3.5301962911393345,1
-0.06312301311124825,1.610292980482871,,2.599618624257123,-1.376658475348182,1
0.3957988487097468,-0.939565167253958,,-0.5465048934548351,3.308734840304141,1
0.2635508119547848,-1.808295328499514,0.3570852809430847,-0.9095229061565206,1.9111815258220353,0
1.2840957939481175,0.6180684939300418,,0.38616985910510215,3.5741368803615368,1
-2.4263920705352087,0.3465270183130003,-1.8673077963482214,0.5490418205350969,-7.0632275772597914,0
-2.3869298701956727,-1.0084330205311458,-2.951988186380147,-1.4930726197033284,-9.670564770765125,0
-0.4958781720101493,-1.5297489550040915,-0.6085522388666531,-1.107754328944493,-2.6945579348445867,0
1.0973001875437087,1.53739673068429,,1.9869174971028523,4.052161971958522,1
-1.5656480316055963,1.4141103906067818,,2.612622349707375,-6.337714504008996,1
-3.007632339693757,-2.4874567587061294,-2.9572509282429578,-2.246436860096305,-11.21482697992665,0
0.5711794062192087,-0.45822302925650094,0.47733244050832613,-0.09617592800345431,1.4205637542331981,0
0.24365722370271442,1.6641920547838993,,1.4287768665320084,-1.0604297237833014,1
-1.0902084067994298,-0.47606255777786693,-0.9994694658599018,-0.20537287146024757,-3.957594968450644,0
-0.9855396007209299,-0.49061223402665266,-1.6497154964773637,-0.6805578383704445,-5.440682432512967,0
-0.9697437196346744,-0.28275932762936834,-0.8869361570863133,-0.2248289482083684,-3.4260579479377458,0
0.11053531747394013,-1.1208969737681593,0.7976032295489948,-1.0336391429952618,1.4043848712669134,0
-0.626315276183007,-1.7047757442280442,-0.7668268748210342,-1.8809281809026295,-2.2853197253437503,0
0.49406391897551966,1.0525473107347487,,1.0840198590057455,0.8545100796424903,1
-2.854626662904391,-1.8429369062476757,-2.9181205695068813,-2.0305844911043858,-9.988106844981129,0
-0.8568518651277994,0.2472714521087559,-1.272837419167065,0.05740588959183629,-3.948674864962584,0
-1.1260539609110505,0.8865794927576496,,1.4249118185087855,-3.4778936584033637,1
-0.2563406783724922,-1.4512262989011584,-0.330335052133919,-1.3635194779879527,-1.463718615532259,0
-0.5380477584901385,-0.9242684025950716,0.31683386734214813,-0.750735266494933,-0.57990123275588,0
0.7978437798957666,1.21317918839159,,0.48452680389882197,4.307244759351889,1
-1.8593367716600575,0.5328917202270399,-1.9358770239007588,0.7446208861422349,-7.540610504616836,0
0.045491476330752,-0.6172857068788872,0.4032960103172974,-0.35207397489126824,0.8344667659742516,0
0.5583364232117055,1.202249003361171,,1.0030796920167946,1.3991765412975237,1
1.8566474365619547,1.2065357234543024,,2.249050561584648,6.831788963819456,1
-0.4817659710934752,0.2690526930157071,-0.6624830692686313,-0.8755609390763255,-2.7601210868886508,0
0.32445860435251705,-0.9001602278736632,0.7076865842773714,-0.5079766599883899,1.908301427826488,0
-1.803862792562365,-0.41344870347179546,-1.0873686542075758,-0.05704630099436431,-4.709039326579146,0
-2.391956204313024,0.28638674395539016,-1.9926321007174521,0.5571782099550961,-8.525564117216437,0
0.8447743757816999,-0.18859482914748824,,-0.10048847632817673,3.3414829300904367,1
-0.005560293648070566,0.9389571782348514,,1.21429683954737,0.8576774860610866,1
1.1785126897984228,-1.5297740801093362,1.4541406509657777,-1.0956863403313895,4.933123790446341,0
-1.373402888969749,-1.4942635290662387,-1.9430459685748829,-1.8572073209822357,-5.854946615048039,0
0.5199021395287525,0.18087111148243243,,0.33046892257247723,3.8008561342420375,1
1.8688178405438531,-0.49154441380690456,,-0.5832028348185565,7.805587012281584,1
0.4197056083572659,-0.6270486146977409,0.3027658067005817,-1.1739328148104953,0.44071485107304886,0
0.27658150559104877,-1.7680567191743972,0.09123254798295782,-1.4094717318677525,0.6395902572308835,0
0.008556080824349832,0.019545844798181757,0.31476190728203735,-0.2626343675438349,0.027681316693542013,0
-1.5708814571259122,-0.05275510800076566,-1.2954750395341597,-0.8016844453904992,-5.379933427781089,0
1.355572935710348,0.6534789819517407,,0.38392365160091624,5.0086983836463865,1
-0.6108576398050658,0.0689061331209721,-1.2358704675988679,-0.33054331592559316,-3.293477616521909,0
0.5044832563830169,-0.13260407824049675,,0.38163542635455844,1.7873201354626291,1
-1.5630343065712535,1.1770006367903372,-1.287316037483481,1.253597207069376,-5.268199287144324,0
-1.1794596645077804,-1.31246730344855,-0.8165490904883818,-0.6212759306035799,-3.0918268992938516,0
1.4350873992222355,0.5363892188475762,,0.20311110323105336,5.478084137457024,1
-0.34730228895784293,-1.6711471647953489,-0.4828598631387977,-1.2340622288470993,-2.093951480875705,0
1.4532754760425446,-0.8383618800008077,,0.5814495774031487,5.1065543391047115,1
-0.07823065905851781,-1.2126571326233138,-0.045306410275558644,-1.0346408990597435,0.7329421071811809,0
-1.8418977729578574,0.7819425354519183,,1.2127669666134946,-7.522804832376001,1
0.8920675997317206,-0.06541023359539401,0.8017409087088601,0.2813485985173091,3.2054314686653624,0
-0.5898923177556078,-0.013503244592976752,-1.4628768339930986,-0.7245409083058901,-3.0552456784505218,0
0.6986888135170435,-1.106732987729451,0.6075679014277741,-0.8138243389957256,2.3369678075476914,0
0.02521086754008211,-0.2996934959328892,0.3694291274774164,-0.14646533560810474,0.47645621803135363,0
-1.5431182279428701,-0.7634653033091117,-1.373226716873255,-0.8933389950082663,-5.774155296508672,0
0.16429476537056906,0.383455014854216,0.9246268518611621,-0.05856317224822427,1.3756905836181628,0
2.196223142152799,-0.9910911353316136,,-0.644099515168095,7.612153507857286,1
0.4929864585144592,1.3297943652050759,,0.8435924953997652,2.9382539293289156,1
-0.05751775300546313,-1.6755804496240945,0.33885233514742286,-0.608757647283146,0.3936984924343864,0
1.0753434019568977,-0.8065198324565613,2.2467719061006015,-0.7494352907124971,5.828698684061867,0
0.2106684652031108,1.6772005099660963,,1.0655469860728446,1.2308456647341217,1
0.20953423026279433,-0.4351387479620344,-0.31255935916921745,-0.6921368871262038,-0.6537909998966166,0
-1.0916251721591026,-1.314878664404412,-0.6676607954814616,-1.4539458335493205,-2.8355178953873663,0
0.23384802578959837,0.21907156253766866,,1.4252598894995916,2.7050961712748074,1
1.0354434164169448,-0.47539224221454224,0.874169061303634,-0.9176867156192905,3.0967692179436574,0
-0.8360621521000249,-0.8358702556183056,-0.415521382796817,-0.8939788872439992,-2.092905073111931,0
1.424495821246948,-1.0958708107987172,,-1.3647849957312284,7.096039486918228,1
-0.09170602414512598,2.768373605625943,,3.018002848416775,0.9983609315126907,1
-0.8877695115385407,-0.25155190018413637,-0.8249902503017517,-0.5124936070366586,-2.435384365783325,0
0.9976320769202445,-1.9255673603328771,0.6483951978136714,-2.495095693402732,2.333891330547679,0
-0.2867942357382693,1.4937097590055342,,1.3960624691074348,-0.5370912992937409,1
0.7595148874861078,0.6110709051105708,,0.46137398344444924,3.4364127978135004,1
-0.29175863225853715,-0.7664664310197878,0.16235262978732734,-1.0625886198317946,-0.862730737092835,0
-0.059826143529903696,-0.9331190886861417,0.10714638046961594,-1.2025242681347004,0.3944489123299262,0
0.4935602043342916,0.6734727961582307,,1.2658206950987323,1.090915680232105,1
0.2908970575900059,-0.24691832748945464,0.5685868856648902,-0.4067884346232068,0.8006175195519813,0
-1.9955317804517385,-1.9259778184451013,-1.5654892465803283,-2.4930416496843177,-6.059388297674454,0
-1.121243740094392,1.7872399646046684,,1.5561819827047403,-3.275221738384587,1
0.9294099847908157,-0.433990462215957,,-0.40682263248326067,2.4925518665518114,1
-0.13213658890154725,1.4955717364824264,-0.22283960626014226,0.8274369182067494,-0.6984533882954831,0
-0.5237313027714218,1.278434957965715,,2.0914239379689143,-1.0505314525166751,1
-1.3585740152574743,-1.0010095444828142,-2.0500829196297112,-0.5672198057296782,-4.904732857474856,0
-1.0797363212758484,1.0331898643631479,,1.7482762361725375,-6.4635398411209515,1
-2.0217986399619474,-0.6514425498636812,-1.267757214889937,-0.4553784871198399,-5.131751398544194,0
-0.10128071870153288,-1.866700586803942,0.15442690880940696,-2.913549311868992,0.16464422501100648,0
-0.5984375805810469,-0.4245981660221425,-0.29507257932099373,0.34306869229711423,-1.915034782647074,0
-0.9665878909853152,0.397637501776279,-1.504996377798843,-0.034146678078667336,-4.484074117389948,0
-0.0681234251679531,-0.4627366479963376,0.3006406065653159,-0.8538300199973871,-0.1973702434156066,0
0.3639706308527381,-0.3070483409251013,0.5015949746369203,-0.2288857689473795,1.2514006921495207,0
2.0931979322099448,1.143566044928613,,1.8326809682636878,5.718398021968606,1
-1.5118834195632136,0.10649398029009184,-0.7997417124262849,0.6331375472662917,-4.642867083496955,0
1.159381043300522,-0.8432983112849525,,-0.39015775119694207,4.469708244414585,1
0.973101561015072,0.7020303236673265,,0.5461167972300499,2.5278909770177167,1
-0.7790927393767005,0.19767556695424515,,0.03387180390818928,-3.8306748128104458,1
0.20323595458603103,-2.521604801462043,-0.8043749981301572,-2.3486329674720094,-1.844104932295453,0
-0.45763324933761523,0.4283529137714487,,0.3633174931296823,0.07959730786745345,1
0.18568858041873892,0.3918287077161016,,0.8364876613807781,-0.07726483222310843,1
1.5091310134045506,0.020121129580859987,,0.4351799618284733,5.305939958967727,1
0.605606232631313,0.8917005810695752,,1.187371241655928,3.022288886151624,1
0.508608373233442,-0.6723935843265022,-0.18332113626448088,-1.9353742252111914,0.22120620156242038,0
-0.4303093199546424,0.33649978882090087,-0.72869555813845,0.4004939706595329,-1.800889631868697,0
-1.4840566649243352,-1.5669593711673528,-1.9090607923045282,-1.6213863115337035,-5.7667972245760994,0
-0.2084682105404079,0.4070903833988318,-0.3478657004261844,0.4911031842785975,-1.348781926243876,0
1.2066081548639151,1.9530596955398964,,1.575897376266693,3.6116865639642795,1
-1.5271678565896476,-0.9948563524675411,-1.3121610946839701,-1.6572493076671537,-4.604003487402092,0
-1.055089368176695,-0.759802131987775,-1.2285760947292537,-0.528232892000255,-3.7635976452188777,0
0.12626773623406817,-0.710015442891552,-0.3124101313433787,-0.8881661017575829,-0.5779034127297493,0
-0.9846547848472624,0.12999822580159529,-0.14165130996204034,0.417344722655395,-1.539312605290785,0
-0.7925234471152126,-1.0630362728537182,0.4132966487790718,-1.3984934616961038,-0.5851066136024432,0
-0.42359858172817705,0.42124737869098017,-0.3519552457871644,1.1292026989373185,-1.7528271466839884,0
-1.3656174041901492,0.8468399454691652,,1.3473723667545467,-5.534460191125852,1
-0.9741218462163683,0.5343472134537844,-0.23639478069522124,0.6827607677267247,-1.6744559601692361,0
0.7034279167873088,-1.7684154256380726,,-1.8750596323310462,1.1698657372033323,1
-1.307369782230964,0.9951676651586061,-1.4747564445833778,1.4213721040577045,-4.655986222474866,0
-1.5978721344948377,0.9373674142536799,-1.9459306601679884,1.1336413218723829,-6.668958958722796,0
-0.6300249795338944,0.8301613723463044,-1.2097927547591387,0.9494534663116068,-2.5736824164399925,0
0.7319555025098458,0.372842248655825,,0.8942749534356293,2.1106295981933783,1
-0.19692180799688963,0.2201893142051328,,0.9334573914084529,-1.6128562329013745,1
-0.4645810781156185,1.0323893981263967,-0.45825384604129127,0.40618380588362446,-2.272707263864944,0
0.04435879751560705,1.9235134876034545,0.057947381351839036,1.3983214339285515,0.08550538082844669,0
-1.745707432859652,-0.9530404633648498,-2.0563732946206414,-1.3431708261042488,-6.465188870105003,0
0.49470565377503267,1.0781253957947718,,0.326913096972996,1.742211737965077,1
0.3834350314036443,-0.08621709800745275,0.2680105474517891,-0.11759136079202834,1.8921440106024356,0
-0.40930847409572124,-0.1296730520286007,-0.004385443536007727,0.1703851755936524,-0.3626161503028669,0
1.0059245117964166,-1.5365306903820384,0.9317098112643238,-1.5472398378582066,3.510762988123124,0
-1.1274960989530387,-0.28478940951539505,-0.71514522855999,-0.5518502303218429,-3.3446821613066975,0
1.1279089932535693,-0.9972649579684154,,-0.4340360794038364,4.202624255825645,1
0.15449366559525113,-0.4638544295059457,0.44025901404562207,-0.39357622790257085,1.5973827838181989,0
-0.3365525898781734,-1.0981863837781498,0.3573703952948132,-0.9266949000949907,0.6854470816418206,0
-0.01987363536831157,-0.44890838731300636,-0.5795690752412664,0.1282090151368736,-1.7274549539593866,0
-0.10726476581094174,-0.40611035702340326,-0.34385631896449853,-0.46773132644897014,-0.48706184306866895,0
1.2202828964177173,0.09675491843880031,,1.1268619547511405,6.359480783459501,1
-1.0766791274710137,-1.614749862291331,-1.2053373777656473,-1.838657364227214,-4.582597889244912,0
-0.7625192391465982,-1.4455181477453234,,-0.4465440454888735,-5.213712624524355,1
1.0363028920724797,0.36191427073052657,,-0.12545332022568373,2.89931854936489,1
-0.5955349351838592,-0.7974381170700989,-0.5280651701022343,-0.5386956656298783,-3.1640792268170017,0
0.9005330773315916,1.0745297902299311,,0.7532637058268126,0.454701446383335,1
1.6994359830087096,0.2252697220150467,,0.7850527805055929,7.4108689330459265,1
-0.40179502694163366,0.6067621502064073,-0.7586512588744347,0.3676458462771931,-2.1775304606028767,0
0.6813623265753054,1.4106923204208948,,1.5561279157429377,4.146884666795071,1
-1.1536922813398585,-0.30971081180657256,-1.2666830540118894,-0.6349818098273574,-4.074478915416079,0
0.7547332980678092,-0.5744867054162758,0.11055758846578845,-0.10587411858296863,1.4267860336826408,0
0.1994239859867671,0.8717025855988135,-0.33583008133094283,0.5438269552792439,-0.15772853202468956,0
0.4730382821602152,0.5095135639296859,,1.3512209863010205,0.4998916489331574,1
-0.645572072035395,-0.18733030982130086,-0.10273611744357602,-0.685328863301996,-0.7090908118934751,0
-1.6610834155671725,1.3914579669559421,-1.7348525096172485,0.7186440077918688,-5.780829169496705,0
0.5032520647495048,-0.21224430983993056,,0.26353172919961254,1.3971025620177655,1
-2.0634031524794545,0.03277363755578143,-2.53070760877457,-0.2630481825759794,-8.468580057701791,0
-0.3173504922425348,0.021222650834258405,,0.0176039941094906,-0.6967416645472921,1
0.9411818664199697,-0.9345938948984711,1.6732825026817633,-1.0957144718163314,4.507644760454835,0
0.19189773587303607,0.07758538948639096,0.7842696852263763,-0.5787187440899542,1.997702902392253,0
1.9483426447898127,1.3967601773984912,,1.3582633453293222,7.089286856046038,1
1.0251091525817733,0.4449683153761758,,1.0774262628623268,4.023575659440604,1
-0.6538983883255765,0.031063426398931566,-1.2618672973135272,0.5326319280517143,-3.6207631155435718,0
0.02731337985143867,-0.16176728116566969,,-0.045870899852707286,0.0650674450822396,1
-0.04737070254443595,0.33086702840635124,-0.38930080421765423,0.8870011749239048,-1.3380697251896194,0
-1.5821767633461272,0.7497666284891851,-2.494932817838482,0.22000733614209678,-7.266685774753614,0
-0.9403989164843533,0.609238830889753,,0.44651166643724993,-2.554829861705569,1
-0.5607609069798603,-0.33186486182197916,-0.9086758801759979,-0.1339623914568752,-3.4276345918871045,0
-2.0362205028559366,0.32478159411011454,-1.4382495491382832,0.2595741807015587,-6.013406914074658,0
0.047493468251642953,0.47993974114827864,0.488366668631649,0.35652807591,1.816132326549786,0
-0.24907184465304072,-1.0071949875269783,0.02928714366366869,-1.607516853687526,-1.044321683575215,0
-1.6728939013115742,0.16823054118369438,-1.3664518654299824,-0.8724401531376613,-5.182548457630227,0
0.4042128652773319,-2.161303886302362,0.0965559242404781,-1.752370673827544,1.1982196780290664,0
0.7158727446909593,0.48253370982118504,,0.604144496447298,5.513420100281248,1
0.2270344788648889,0.6603430545626816,0.24859719434141347,1.111342243667728,0.5912796157568164,0
-0.3240681752089702,0.7475461257864594,-0.17310233264961825,0.5289281547072722,-1.1483072304148483,0
0.5914421517518549,-0.3950468521695675,,-0.7514357945833645,0.8376250995952195,1
0.6802203604766911,0.3090468350240348,,0.31232081834235204,2.019864168314568,1
0.3074035697196884,1.4239538455411669,,1.851053669847575,1.1195013382087953,1
-0.8246122504347609,1.4137696482912587,,1.2980435407974316,-2.8539275964705526,1
0.2766007655111806,-0.029172699226560628,-0.11807541744010802,0.37171989293768226,-0.7457186252990727,0
1.1954806508254787,0.13931963072955983,,-0.3638343720669836,3.187741480453034,1
-0.5966290586117302,1.110911144734433,-1.2315906022755039,1.0301875781494996,-2.7789956520795895,0
2.0979393391324312,-1.5008020152621748,2.6960061976779848,-1.5358590873011904,8.961808935846799,0
-0.5256309339853844,-0.3230757426770246,-0.8322578413104202,0.29011922928393535,-3.255624724275776,0
0.032407013340136216,1.335570455536757,,1.439384154544711,0.0780915214042962,1
-0.6724855960063362,0.9752005416847661,,1.8482393008318636,-1.739694519625115,1
0.22327083592026087,0.36926377764990465,-0.33780444482294647,-0.30457862232383665,-0.31168248473338145,0
-1.7422216926352752,-1.5058324053306205,-2.1057191054938036,-1.4408729531249806,-6.722231959948621,0
-0.5460417988167212,-0.04991023304116202,,0.03978878654906089,-2.524821515365085,1
-1.0921212003485672,-0.589915396249933,-0.28308695976554743,-0.27986879745649945,-1.9370374537352117,0
0.1353383478922909,0.3310389028172135,1.1320300981834979,-0.07564106540723209,2.463050916425796,0
0.9944473755089074,-0.8093466847948803,,0.03287648491053774,3.2509142833190707,1
0.6460061871145515,-1.0257233949746074,1.0376985491916715,-1.0192414242387278,3.3119668834549363,0
-2.3716593608588923,-2.0648652776836416,-2.661836862285258,-2.6083990341511005,-8.83235869529498,0
2.0420696529278803,1.2218046849767015,,1.2137921897698922,8.643262376466248,1
0.2952799406208684,-0.3997705114430575,0.4291280678001993,-0.5563512728831143,0.5164773359633966,0
-0.7764991404930003,0.15714578370253451,,1.548763354826199,-1.0946256343135818,1
0.1571279189909405,-0.002238116474181094,,0.5227336832883257,1.060073046842679,1
0.17618982250269202,-1.0674339329604998,0.04217352883888656,-1.042603255106391,0.7016104950855384,0
-0.6668487169515637,-1.2590649114481935,0.16467241284649503,-1.315023254047796,-1.009078205351707,0
0.1979166673420755,-1.0053151259972357,0.46777850721122904,-0.5297866947565032,-0.02606576067018751,0
-0.6074722876203072,-0.723168438829393,0.11821544291488362,-0.2237373586652857,-0.29243795788307614,0
-0.40436199269002276,0.36660624701380495,-0.27669790681750056,-1.0891687126465195,-0.9765954157424978,0
-0.6862791357550845,-0.7957176635206115,-1.1104624039666298,-0.47422108615394454,-3.437674666101975,0
-1.4326712897396527,1.7464906315946216,,1.760473903583935,-5.035289293618335,1
0.1458364702153839,1.0271510358931508,0.19731909144768917,0.3715791249996627,1.0373916551998792,0
0.5852994365163381,0.8083595496657081,,1.2484666194777967,1.5100955558792815,1
0.5148835960763721,-0.11965890247315014,,1.0034351043059826,0.7121603865751683,1
0.8199252526352341,1.5142807357204837,,1.792678709134374,4.096639274810183,1
0.3243402100148682,-0.21800563112112403,0.051905174603112114,0.33220859000730807,0.9302906006458994,0
-0.5327254982169035,-0.031261414154246076,,0.8707981318279557,-2.155084669239336,1
0.8396638644311888,0.1699745397492694,0.9877306593739912,-0.24515653561075645,3.4479486762872837,0
-1.357517539841935,0.701823040543344,-1.6515941025022194,-0.2269626820401146,-5.799759987002137,0
-0.9006713825124801,0.6369080790029852,-0.17527164935811046,0.9653411106577361,-1.033272786608824,0
-0.9642000714232447,-0.47512527844460306,-1.5227709520255512,-0.5989310466653286,-4.225777725398352,0
1.0800560591393102,-0.5329937194259537,1.2108686909296957,-1.2200804456117251,3.6977073397488915,0
0.9427885141400756,0.6399029571520845,,0.6008179890841878,3.5861754178817233,1
0.48730523704499484,0.7152365838912327,,1.0790102707865428,1.2244205367793137,1
1.0719298652117972,-0.3933511248228728,,-0.4678369572050528,3.2068983338197055,1
-0.8792827824119881,-1.587188069678454,-0.443874006480256,-1.9806018850459726,-1.3952341943428894,0
0.3485951198609804,-0.20731609600824458,0.7203504550282787,-0.3190696261564997,2.311705431129452,0
-0.12517442838316423,0.6235257988258587,,0.6137875661751859,-0.3353507441050023,1
0.8468821038849139,1.8054168464197806,,0.8406757151067396,3.7474725452388107,1
-0.11522423255219759,-1.197957962340662,0.07222961059819029,-1.2693454389260086,0.3533791559554827,0
-0.3849428884100812,-0.42657125283057357,-1.0252489610906355,-1.0987414889030194,-2.015549993841515,0
0.54090851856099,-0.3894035615253766,0.11394406127531126,-0.05989058551482851,1.0363791026341491,0
0.8761691671912328,1.3558053394315013,,0.5752840516381122,4.240425458717567,1
-0.6683451948468017,-0.03494150045863278,-0.5136371022757765,0.4714046018168353,-1.5629636961073066,0
-0.0610756713523761,-0.9073265593722656,-0.3432271442576892,-1.1119090939792362,-0.454818812745946,0
-1.0584406336416528,0.5586952829218191,-1.4876785792279739,0.2872074295358131,-4.940748469018953,0
-2.4980610174929394,-0.40463852004094636,-2.7557579165506496,-0.2574112213899603,-10.352022044976442,0
0.200459631413729,-1.2243872733579544,-0.021780133525123285,-1.6574044959696503,0.16936514877182277,0
0.6089053562546319,-0.8927733072761507,0.1859238399400061,-0.7534004302111186,0.23674862464937063,0
0.2620668090867255,1.734041954422619,,1.3679875670784338,-1.3200389486325372,1
-1.9495617177543672,0.38420922164946225,-1.3795550745539744,0.10584196548707758,-6.120596204339692,0
-0.35084943007647457,0.10776005545254295,0.13446740622924702,0.3104371401171106,-0.541660488126281,0
-2.2183477600510813,-0.24989373581204613,-2.854975485954511,-0.8191841026792375,-8.627253539903872,0
1.369701107654185,0.29214884211879866,,-0.3400198087623798,5.449104942718446,1
-1.0860545821180863,0.2802359460024941,,0.40434869970766496,-4.449058880224465,1
1.2554036094598964,0.2921688282073261,,0.2787189019626338,4.448598897914005,1
0.9458696436841456,0.114845090277753,0.7734863537473172,0.199191462682449,3.293837401205176,0
-0.9005903525360619,0.8687983383055493,-1.1145074603949983,1.0326179566662597,-4.828315445204551,0
-1.1327849512677453,0.02310434600073103,-0.13131140922960216,0.05179212290422167,-1.956701404357264,0
0.3503702163863384,-0.9779388355526387,0.1302073740482432,-0.6738925235691042,-0.11225928790900863,0
-0.8443240371830714,-0.6124228909008682,-1.2484559497165337,-0.563704747411539,-3.5088282173719043,0
0.10248464215820753,-1.9790186934897123,-0.2788060725903164,-2.9826706433273635,-1.45043925560317,0
-0.48282759080691834,2.0268171160423925,,1.1528748187114646,-0.7363388790978086,1
-1.7811584144656334,0.8627545919526868,-2.6072095803121007,1.8267291820737281,-7.612271894312858,0
-2.230468019124459,-0.830070495129237,-2.611779477342219,-0.8300345615998055,-9.128139957529282,0
0.22668424849459717,-0.2818448493971,0.9500956685503641,0.19327597646144845,2.721075690099234,0
-0.5615577463306254,-0.6368764742064336,-0.439564652331802,-0.8097284270199715,-1.4681548391836685,0
-0.5530898169141323,1.542547211374117,-0.45712881439607567,1.5135396641771517,-1.553480006244395,0
0.6958638390937854,-1.419877164270929,1.761937069165636,-1.6465594914063506,4.916670690727216,0
1.1734422766324448,0.11447605881877927,,1.3474397245494616,4.173795877278728,1
-0.2725447213618092,-0.10852784256484785,-0.6266378020416004,0.018093368617223354,-1.58613325424751,0
-0.3405987069098616,0.8268386307091143,,0.5594096779560156,-1.4691467449437647,1
0.500143033113884,-0.104009227724695,-0.06757312140140037,-0.9297790844397904,0.6087938345599527,0
-1.3569355696995753,-1.7582088766554351,-0.7289670496917269,-0.771342155287509,-3.8293529922563554,0
0.223153054747697,-0.25111783464244086,0.5104339135160547,-0.3327570272565925,0.734331351792302,0
0.551885971822154,-0.972162217943325,1.1140930468075987,-0.6000476581625265,2.887585876703691,0
0.6802302084176292,0.07957954655656065,1.2867221726923144,0.5075781917098336,3.3978157044139388,0
-1.936752702502465,1.4341770365203266,-2.143858092966231,1.2027617748051413,-7.561210733444604,0
-0.7613552698089406,-1.7394252442322782,-1.2337316958133853,-1.4031988565392002,-3.1834694054351695,0
-0.8782632528234666,-0.8002227353999037,-0.9041198084774895,-1.1022918787757126,-3.7117378051179855,0
0.09988695440921298,-0.552692953783497,-0.33649358098505616,-1.0479061348032048,-0.6089113098019135,0
0.48074457976798396,-0.38163109541321116,0.5632230174724963,0.20060125084289504,2.4307327603775946,0
1.4967104074459814,0.740125664105244,,0.6610309741941444,6.825147983195399,1
-0.4949654803680733,-0.1735444175613875,-0.579035303392657,0.08571199923994016,-1.2923718847887824,0
-0.4975724983092141,0.4158027257204452,,0.6212632226613307,-1.8868989428616239,1
1.149672018878747,-0.6257730437317763,,-0.30680706370413185,4.322150512716101,1
0.2965769385303051,0.22992434541793752,0.697940724749154,-0.5483441216828749,1.3092616588047,0
1.2676515111879738,0.7777976308777149,0.9337603140438289,0.48515236521953,3.6310609169613484,0
0.2887280030098363,-0.7322995497370884,-0.8094951278117133,-0.894537128485301,-1.2767761564987685,0
-1.1571166187132709,0.7813581198065147,-0.9216821890255804,0.3656187833557694,-3.8669594122200723,0
-1.3331283547778066,0.05237276872756848,-0.8392111441238097,0.26687619273576235,-3.8590218144565918,0
-1.5515122490589293,1.0454602404822526,-1.3283251266796614,1.6389067792802012,-5.230606590696393,0
0.6620518347584733,-0.20141990007697352,,0.4711724275961754,1.185754020635795,1
1.188596823087008,0.3812446551620988,,0.211642272557157,3.453283535621355,1
1.849362141386381,-0.04060623167853,,0.10537669955042356,6.87604002519552,1
0.8431053323232401,-0.09621226204057896,0.913844808790577,0.12660949020447065,3.193065888024657,0
1.1628385775349859,0.25893042822568985,,0.5695584753274545,4.026030829310548,1
-0.5800163326536847,0.5368074692249037,0.33121533884321075,0.09773993268858183,-0.18023060873909455,0
-1.1564158167438567,-1.249564911924005,-1.6298158638345226,-0.33927477779152204,-4.947853179756616,0
0.8500793324175533,1.4336336088178778,,1.8968937009911002,4.597606074573392,1
0.41768075223940065,-1.8596630405497985,0.43357270467472064,-1.383338368703578,2.202864971965974,0
0.10744437434089255,-0.684812109738896,,-0.08308208128869754,-1.0791427858600713,1
0.3873714806329899,-0.09426907076490067,0.29777015347341945,0.17279890036809153,1.1857885442818337,0
0.3231854824582059,0.4123559690859481,0.8029335207579265,-0.10130074243953807,1.8671180472201303,0
1.2838168598535613,1.5761725277413785,,1.5066861619638252,4.0688935553179535,1
1.2949855848169558,-1.8582914882251074,0.5575963141977583,-2.6838181857560652,3.2664817638068233,0
0.544220352340347,-0.5076941283897106,0.4619630864422621,-0.30015787354016854,2.4902267476632005,0
0.8458028725629282,-2.1268334877992654,0.4172166856170753,-2.211440316882039,1.416613907746021,0
0.5140625524247758,0.03162197391024777,,0.011360782146781916,2.6209207138955666,1
-0.4611697320346189,0.27168358450003066,-0.07446982400081315,0.8736841495428562,-0.2773324276642375,0
0.7565646749131401,1.5907957421712526,,1.362298722893023,0.8483467194952679,1
-1.3944950688592617,0.12063476089345412,-1.7473970964170864,-0.005426818492584057,-5.677112234488702,0
1.0538915522958832,1.0440251294423797,,1.0550117774239878,3.9130039116010096,1
-1.194522939766035,0.583837081539059,-1.6239450789155145,-0.33615904316775724,-4.824409761641565,0
0.28580328679473294,-0.4352481970051683,-0.2552757811192646,-0.5682800248861699,-0.26102209822420586,0
-0.8451539584261589,-1.4089607467920393,-1.4344995243242864,-2.6518582029351307,-4.201799519727874,0
0.5533889830744267,0.2750022982918108,,-0.017758482656058838,2.083372150079377,1
-0.033925225927908885,-1.4921020171453638,0.12065363383082323,-1.0645074904489502,0.5505011451539175,0
-1.5947559581633328,1.295207072669644,-1.9367789733528538,1.5188403517951785,-6.151175403651638,0
0.42069963101847885,-0.16206210203682392,0.4232423290825959,-0.459472257263862,1.592997486712738,0
-0.5779207768327106,1.1951774115114164,,1.2155765206233227,-0.41527942221862973,1
0.8811467208133691,-0.48021443413239945,0.39411664235425825,-1.0177092176976021,2.3961988061546386,0
0.0013256887344072295,0.2688507864009919,-0.9745456157708176,0.2676790848262318,-2.078088625868186,0
0.39542098538803827,0.20934885733468878,,1.6745090000809437,2.6894364183489676,1
-0.9575689550152122,-0.04504411801092395,-1.0127695369660064,0.8778565421750417,-4.079289882064091,0
-0.5893322314273619,-0.4326595133965921,,-0.4063484483879615,-3.635647120895692,1
-0.4586386361010845,0.3924560184705202,,0.4725281009282074,-1.8574952733031744,1
0.8567024802425557,-0.9261632634832083,1.2763150525769507,-1.4159459208004839,2.797889765871517,0
1.6773770878054892,-1.2094353289590587,0.5732380778654429,-1.6103298829345838,3.9991266948492457,0
-0.8051717517428763,1.2428268933268276,,1.4239190543791747,-3.195015190790235,1
1.0768481446576803,0.7271679888921005,,0.46472170607385804,6.690372983386534,1
-2.169677417725702,0.06589160860223994,-1.8779749598266067,0.5179664060280309,-7.538785153594528,0
-1.1941894010922893,1.6651423825437814,,2.4499852230326598,-3.1308285381531125,1
-0.9587784561867747,-0.26776551872484483,-0.3723313168710355,-0.10145512633432541,-2.15441828694758,0
-1.3525086894407221,1.3227032199889794,-1.3439742768408591,1.3735718229089429,-4.633418338264873,0
-1.58358838978758,0.17557408492582183,-1.18524630974177,-0.664815727529504,-4.433063756490107,0
0.41299891213779755,-1.0247507500763902,0.7720299340563987,-0.6509456274403651,1.785417360788272,0
-0.21406769772786138,1.8480401917708498,0.055453050648518076,1.2762045410013205,1.083429122407488,0
0.3794053976051097,0.9907108466240852,,0.7817062823073753,1.6718470731381563,1
0.690472686121513,-0.12102103100956424,,0.35876691518300324,2.3228603467938744,1
0.26561699317253346,0.7271712595339489,,1.242050341688465,-0.20407111706458492,1
0.6577631761503737,-0.40370343399790687,0.6641703284336212,-0.6369571976729654,2.271033340190457,0
-0.06953228624226938,0.8291490350595421,-0.6537777322919031,0.624691267599549,-1.3207246721561892,0
-1.1869933883057449,-2.3910785652839595,-1.582305383942221,-2.7407380019122956,-4.412293220488904,0
1.0578141808207961,-1.0198013336945937,0.9166581598583314,-1.6187282063575492,2.835677135163694,0
-0.589112132781127,0.9792597442869628,,0.6618620032348419,-2.8628544245644374,1
-0.9355962987624259,-0.24965553821891934,-1.188104934135014,-1.0562205476762636,-4.5441118286210616,0
-0.17791787580439816,0.2075422948887419,-0.25988086418215617,0.5490735856428743,-0.5684597453653502,0
-0.912810919296513,-1.3467856621154346,-0.7116797469643243,-1.1495238595344968,-2.8463279831024435,0
-0.4174303819894322,1.847866995702103,,2.128131638137359,0.456590846032778,1
0.3440539215634665,1.1905296437176767,,0.7133276184301053,-0.03259691801581366,1
0.34834173924612705,-0.20068521837532965,,-0.7982205001328577,3.239604895375121,1
-0.8978300664256297,-0.4046958568633261,-0.428524527112883,-0.37793871970654597,-3.0557098214473197,0
-0.4877053729487446,1.029604361419693,-0.23565845697677368,1.0616556438948057,-1.8664801105799163,0
1.0743330047702437,1.9824704501689276,,1.908835536412455,3.075267366756389,1
0.4964001177339411,0.9537602558113537,,0.809018621217429,2.1816975581628624,1
2.0750650393485417,2.171802667396602,,3.027190556243795,7.86292938300941,1
1.1801281737415277,-0.922351329061918,,-0.7093388231654287,4.679862515214352,1
1.144293068559939,-0.8193868304987907,,0.16595236523445478,5.441356269155119,1
-1.387868550455802,-1.188941118053349,-1.3672051345173004,-0.5544586053375322,-4.590325401780959,0
0.7638603516334226,0.4417606496494795,,1.2933961126581521,3.2484030477907546,1
-0.05310680169691065,0.1756035498043698,0.618666451614115,-0.36162783337363125,1.0765631261720878,0
-0.5509818035382495,-0.1519511234719855,,0.14463437202702942,-1.6376975310816775,1
0.16801534053252842,0.8092586281232987,,0.5933758836266122,0.3425549712665309,1
0.9452115346114832,1.2323286052146643,,0.4006352495348978,3.7271227711147943,1
0.5008315910042115,-1.525662409286842,0.9506309599939147,-0.7776608245090791,2.723970369339126,0
-0.8784738013420597,-0.5969720279011155,-0.42088772598274826,-0.74381829075393,-2.708424298105928,0
0.7424589135926202,0.8201435941230599,,0.2925927789897177,2.6426859273272436,1
-0.6375875420759638,-0.467738683858582,-1.3918922692658189,-0.6750206154829288,-4.0680645073804795,0
0.21668311896428621,-0.7982060763581541,0.33977509111226983,-1.1963181377450638,0.9590817916513509,0
-0.3033500674771342,1.0185374276503947,,0.6716884438420611,-1.8273400325516578,1
-0.2188662517356257,-1.28950006972398,-0.9638343540557369,-1.4003017648153047,-3.226677119158234,0
0.7662429750405095,-0.301579807791105,,0.5638277887312666,0.6132277899622023,1
-1.040193719815898,0.32864402580480856,-0.8770032158931177,-0.004514582467504302,-2.8595674252613006,0
1.945195074276933,-0.5738199139101188,,0.2558154181994765,7.8373468976025995,1
-1.8210860692944963,0.7831556560131748,-1.8016388111763744,1.2075740540029356,-6.643067720848924,0
-0.5976676832548571,-0.568876975197369,-0.49197735593187475,-0.370741193404326,-1.797237038060625,0
0.37021188994174087,1.4086194934459193,,1.7826795095718568,2.2858002551130836,1
0.5843141664353096,-0.12574629749577262,,-0.11891846557704386,0.7094388642614244,1
-0.10047572057170599,0.6712701367053535,,1.3142951886370664,0.14295050523277844,1
-0.057390703001542885,0.7460239529828163,-0.0631855951609535,1.0295140846163666,-0.11315576973399681,0
0.41055008532761655,-0.6275400027440727,0.6935788147436501,-1.4598729952568292,1.6520535623575991,0
-0.2310694774576803,-2.0534865486558886,-0.47281143165958833,-1.9053605827109061,-1.1954296678652332,0
1.3931812579349059,0.36075575466383486,,0.7527423261601425,4.61074165576341,1
0.8393491142316022,0.0722883471248695,,-0.07221226217573912,2.794356696039114,1
0.8728243510056347,0.5558260275751273,,0.6189539639320937,5.161735701990259,1
-0.9661567233704171,-0.22652747238283805,-0.5357016710996858,-0.5329564697200416,-2.5464185864163222,0
-0.07938842440570287,-0.43042769880071585,-0.33323480949574863,-1.119240526832496,-0.4183114276110827,0
-0.3004659487207037,2.0084730109816995,,1.2332845755160795,-2.3282171973271875,1
-1.0056013756894657,-1.472354061510778,-1.8466350175383583,-2.2408880550452097,-5.218377558659879,0
0.36016418394576694,0.7339504783642387,1.0182139098710077,1.0684728495995048,2.7515389366988487,0
-0.5376457577798165,-0.574601858183391,-1.0151869018477302,-1.8197427123715553,-2.2300436592140604,0
0.655403829850237,-0.33577861774042206,,-0.6690185812221626,2.086448638588431,1
-1.0701915628943317,-0.31710283257396576,-0.40958599985554345,-0.6999294751966547,-2.1851939285983857,0
1.719040612841821,-0.8034342741712573,,-0.9445140421649896,4.218498232679031,1
-0.8963326585920618,0.5712242102362395,-0.15020040385453237,-0.3569915647318619,-0.8594565585996446,0
0.21930233720043607,1.390643595949957,,1.5925876433202664,0.8340862817738601,1
0.7918593103880676,0.47001366124666144,,-0.16656703583328802,1.6617785011320003,1
-0.5706404302001128,0.10338199621209512,-0.6943158937745694,0.6695847665667296,-2.305919268976645,0
0.8524686434329506,-0.9864404990992466,0.49117025273221177,-1.2973233428936628,2.749997605250405,0
-1.2291835978004162,0.5168252658244509,-1.0087736983475584,0.4690187541184907,-4.164424831918371,0
1.4521176991825604,2.1563496317292987,,2.158236560006902,3.542842005115517,1
0.014149264965758293,-0.3806946237950925,-0.9416718404937632,-0.2585740973648065,-1.8259199838266613,0
-0.5964114079688799,-0.375983579351866,-0.7066926751733746,-0.3574763906037949,-1.7130001757428976,0
-0.2991817724274346,-0.5610891309809971,-0.977454298570704,-0.774644405347313,-1.6080268501902228,0
0.8089192693927194,-0.4894142344944204,0.9110792113868793,-0.3178899691473988,2.981890355145898,0
-0.5844552918504382,-2.7452995536723845,-1.1780204579921003,-2.5122259884249076,-3.2109300217889665,0
-0.7493576894227776,0.4050353858557128,-0.9933640910088205,0.022468052300902597,-2.85099949989383,0
-0.22153659758373817,-0.8455521763546138,-0.13024269547657008,-0.6323682668678352,-0.7249649967606299,0
-1.176962112769968,-1.6102631187918002,-1.2831914752871028,-1.0144029675909523,-4.073623145533583,0
1.8205439079418155,0.7531899497325488,,1.1061370477848251,6.579633085263265,1
-0.5663945912147232,-1.0820177850419361,-0.22625100835584483,-0.6158301642183425,-0.7964097749386848,0
0.8316167861804036,-0.3386690538837576,,-0.25270862943003486,2.114215308449018,1
0.2094700836477726,1.46644239118858,,0.9983671681511403,1.0738616682937125,1
-0.9845340504819681,-1.4092157980245135,-2.6492859492360328,-1.814038027876336,-6.878031796596062,0
-0.0059547092127293835,-1.5325982345977622,0.11771194162853253,-1.3726542506705564,1.1894554796891015,0
0.784002779310748,0.26930618956233815,,0.7406880521384933,2.6851515684025116,1
-0.18826133508630657,1.1494873640103684,,2.5424433210073962,-1.5187174095366285,1
1.1931129458510281,-1.574341717731963,,-1.083430745512661,4.111143242491637,1
1.0215153927818639,0.4076897368371771,1.6078641813743975,-0.1775281419115739,4.699465541847314,0
0.9189148546583293,0.5809995399616921,0.6809059808588578,0.1973632537817009,2.7973741240565273,0
-0.45965677227299695,-2.0591604836923203,-0.932064017393857,-0.919901825714321,-2.9474518414093596,0
-1.079842447781487,0.7985013379072202,-0.9973298165621312,0.6913068719188311,-3.760581877681037,0
-0.6135876053627944,0.8766058798421794,,0.9003631972228237,-3.566063294467646,1
0.19624094066672046,-0.31178557325602474,-0.1339497446010491,-0.7919940334606392,0.05442225225959158,0
0.5457867135323555,1.2523463622980082,,2.0348980650851303,2.251302163992945,1
-2.1715714047604475,1.1364555743248452,-2.1404817898543036,1.386622177985158,-7.60595595720141,0
-0.00811320161175029,0.10311792571720485,-0.9478466835848335,-0.284182748225451,-2.096536261127258,0
0.15808922532318442,-0.45144539032493364,-0.740406598316516,-0.9483580347535693,-1.2541214334607051,0
-0.2775442563155516,-0.9728278925829571,-0.1965014099921638,-0.819225919634021,-0.291680921367527,0
1.2912738390158789,-0.03756350936619123,,-0.015460421925964973,6.4080467585338665,1
0.4217800742508709,0.569758919704179,,0.9858140283147426,0.19779740107421145,1
1.310191908080897,-0.32417686104064125,,-0.05069262447704137,4.418173199746479,1
-0.21596052035023222,-2.19750100526203,0.44921123339462715,-2.329741179646341,0.4017782103476387,0
0.9374774925069249,1.2687138945765704,,0.9968130968458871,5.467011866148422,1
1.6350663945275195,0.19022322184489376,,0.11025214769547678,6.295600388920706,1
1.311693449272661,-0.37962449667683384,1.5650947465488982,-0.6549649200052151,5.591392534733326,0
-1.092141593428733,0.8571583884232883,-2.158733807242805,0.7920606220209074,-6.004355501774007,0
-0.253676077542381,1.5246385964827558,,1.5328590607924466,1.0301361544149028,1
-0.3451647054497966,-2.8019115694878916,-0.6329098119978573,-3.25087701617792,-0.9073546802123901,0
0.4892545350763279,0.43426364992207156,0.0225189558638072,0.7496035809710118,0.808255016026925,0
0.6863535550145331,-1.4266492108103472,0.5587504877947208,-1.6118630680451824,1.6386941201006842,0
-0.8388926740257363,0.49911050679894126,-0.08305596693302075,0.07816833165626957,-0.6868841163881856,0
0.06783851391693768,0.12792720237457925,1.1718615376887118,-0.04787651176635477,1.697433100555608,0
-2.0199273321561364,0.6357265264405499,-1.9572229924182143,0.7568556047506931,-8.691859594314936,0
1.44194500580189,-0.4992476144946553,,-0.45772851458800357,6.429585071929056,1
-0.5123742406766936,-1.8732401118191522,-0.49077221633394164,-1.662181054366921,-1.294755308170608,0
0.055863939844496904,-0.4503681912566681,-0.4630337966645951,-0.001195128718903593,-0.6352652125900994,0
-0.30964971398806085,0.40684763513978306,,1.0593177371437996,-0.25825837016594705,1
1.146027575013415,1.0153923286752233,,1.15813541001925,3.359534104569403,1
-2.837506441397379,-1.1718313004725252,-2.0697410547114377,-1.7065324940902735,-8.534826058295879,0
-0.016610342325908987,1.0270604268730175,,0.892505025607867,0.9717606261822076,1
-0.10581875749769788,-0.6478722896465213,0.2011993744809062,-1.1500314818380253,0.9497053281199053,0
-0.4536363875916828,0.3624498815945265,,1.2108769184506674,-0.28208562963238126,1
1.7262265456356325,-0.5098939528656328,,0.48380648839794893,8.432191169463652,1
-0.8873294588557712,0.18217062771210168,-0.974951140337927,0.5073262264602731,-2.6838729771282233,0
0.7717961772356612,0.8918776345702746,,1.32110705588979,2.083213264567902,1
0.35625278870608357,-1.2270140772885358,-0.5758821299221526,-1.1015424806702063,0.0031741094625070687,0
1.261519252535516,-0.6799058967468314,,-0.49687793901643584,6.941857000519026,1
-0.6671890847775054,0.18496258734208662,-0.8870300892367302,-0.6137645218224747,-2.5601689703937036,0
-0.732968899123759,2.4015836610303523,-0.1654504705728892,2.364617478401897,-1.2469368554153433,0
1.0960699074773985,-0.863189712166828,0.725442223722657,-1.303766243339958,3.401710941986487,0
0.4253213083301104,2.040133885996919,,2.180812154766104,2.8341206713612914,1
-1.5449373466767586,2.004423303675171,,1.9746183809809037,-6.758335231120461,1
-0.5393050144632704,-0.09731115070159116,-1.135164581271942,0.876099830471466,-2.6022649785071352,0
0.386382653848061,-0.2981525261999002,,0.16016131816152052,1.7247040077673463,1
0.8377642215465891,-0.6920651986646915,,-0.5498092074038691,2.5263884799044467,1
-0.6792306531929551,-0.0682025303326691,-0.38108076046234884,-0.2016723739024821,-2.055195310531315,0
-2.914255989816941,-1.406719432559558,-2.939953453413203,-0.568708703179593,-11.030149449816637,0
0.5232231857370332,-0.0762390173205976,,-0.09121634038386249,2.5018870945932314,1
-1.2203206899439758,1.4968802738508562,-1.3658314264866227,1.662717254668495,-5.236619060248195,0
-2.0173387981224113,-0.6110850624767173,-2.349892483631814,-0.5899602602632998,-8.470286915766208,0
-2.832325924984141,-0.24072430398905065,-3.1241061989321777,-0.442801256842712,-10.507067049348413,0
0.8139808601977412,-1.7011404742672418,1.8364502592132543,-1.6828873630744818,4.5119870581291135,0
0.12861745040496653,0.3740620881310435,0.24120291651843445,-0.6069213372081144,0.8479867867267039,0
-0.22565638071225164,0.2644816849513739,-1.217537485438774,-0.5093715156692198,-2.8532073432268623,0
1.3890243629627617,0.0637023597657709,,0.23851763060058467,4.03805897380428,1
0.6373246830230725,-0.21682705022214338,,0.5672727950415997,1.475044882692147,1
1.6163000427219165,-0.2927579187724547,2.538999883347106,-0.1186473667003703,7.076005767861908,0
-1.3927354721669964,0.5019002337006719,-0.8783861142220467,0.14171580625234498,-4.253943681720134,0
-0.034550623953963515,-0.02881660158862331,-0.49540954219492106,-0.750243478622291,-1.6552988570782683,0
-1.6167133749480143,0.3149718715553322,-0.4075354981617887,0.7072355017931515,-3.404663206366791,0
-0.22938233185546722,0.21498281745454795,-0.24496251425620602,-0.06861475805300254,-1.4076245218829389,0
-0.24861585376667725,1.1234272870957618,,1.4450449963720418,0.29430294924596634,1
0.6266136372630706,0.6769940973750542,,0.8719266764079129,1.1583448398551728,1
0.04556388114189831,0.19286184315019061,,0.4320120392775353,-2.6517744884488423,1
0.6234071382799156,1.5184220306521796,,1.5352228843289575,0.9861978083206361,1
0.7034401331388942,0.4202685290565615,,0.6120907215413821,-1.468971945833428,1
2.154928677383142,1.3049626887904189,,1.2452354881622514,9.098250998895761,1
-0.3152966552861244,0.6069426083866378,,0.289289341202536,-0.9456140234274039,1
-0.941022700666379,-1.841919078931543,-1.4033447098903946,-2.3236686091895686,-3.8747029248360385,0
0.24608361531640882,1.3048347633193296,0.47239563030646925,0.11233036433384025,1.747616454332185,0
-0.8022800271395435,0.1351762413426691,,0.04462146014041432,-1.8124507477294567,1
1.481960768436536,-0.05195477090077795,,0.7077343205751985,5.619501647733111,1
-0.28321803894523256,0.28134834748957704,,0.6463883937583756,0.15451760548880233,1
-0.5655763678739901,-0.3449831619570674,-0.7105369443864977,-0.23112860271908825,-2.7857762050929744,0
-0.4713157211511178,0.2270288603889453,-0.9112353742016113,-0.1399736367556302,-3.1563274961254106,0
0.718417423471641,-0.5918760663430924,,-0.09320645346355383,3.4565222396864232,1
-0.15774698323148525,1.27427225873437,0.24341940571074763,1.2146176028328575,-0.137717413148854,0
-0.6416668201303822,-0.1135881136210503,-0.5912989160697097,0.673879043273479,-1.528908462326348,0
1.6653519176235307,-0.3825838427224335,,-0.8731274743697741,7.2750930344294344,1
-0.8561698406617501,-0.9249258157192739,-1.0750809020925762,-1.299910579705602,-3.1912399622654295,0
0.03556607403299353,0.2687757891486415,-0.4143629117846406,-0.15485918296117268,-1.2782463319283055,0
0.6523061516102304,0.1871071001250919,0.8613518653635313,-0.5539520850919146,2.290938724756366,0
-1.6313351104170732,0.3884246136775064,-1.9688040388738224,-0.08009772891837486,-6.1150547107472395,0
0.4802605014059249,-1.0272518875051289,0.7280187634783728,-0.97564375762217,1.8384880610116787,0
-1.0551076754804494,-1.601181198811573,-1.4716118034001695,-1.9572817112368868,-4.783777153780964,0
0.8227827808340025,0.6255913025065598,0.6226616393680597,-1.3025963621137386,2.073418268211339,0
-0.9626510119189764,1.4846418618765076,,2.0217785105865684,-0.5859232258705314,1
0.6927690318488607,-1.0263536223898961,0.4899753534750213,-1.8684004870635988,1.7103610991833287,0
1.105833066294713,1.5894412835616984,,1.884055426005017,3.0973402967305805,1
0.8614365256328049,0.2839110587363809,,0.2995183535711633,4.08474982828078,1
0.2513166482381024,-0.007062904550829715,,1.0516235036593415,-0.06072515059120494,1
-0.23130094292969955,-0.397548696545778,-0.5777725580032336,0.10093004421553187,-1.809865003883984,0
-0.5764195763348441,-1.3845180194249966,-0.2881390160803468,-1.6368203171674838,-1.541316013933785,0
1.471034690817104,0.9877285159245996,,0.6366967347469437,6.2840088462301225,1
-0.6994952201676432,-0.7756063614376031,-0.08925702462710594,-0.02424252103796043,-1.6592604485071727,0
-1.0370660735699961,-0.7798066757376003,-1.4106769896802385,-1.5177422242883063,-3.8322924114013937,0
0.66536893503283,0.9919263098869546,,1.0873662778463087,3.5175402051218416,1
-0.7961368031864955,-1.8829834466717266,-1.0291909029585853,-1.9485436782965626,-2.949340697617544,0
-0.9500634974661273,-1.5235978106681667,-1.2528913142214435,-1.6952108450205046,-3.8959396828438364,0
-1.443604262169765,-0.01813424350808177,-0.8419978710236222,0.15862274871613094,-5.34470285940416,0
-0.4829098394605177,0.2932844290048521,,0.3880643592591899,-2.027593267644167,1
-0.0827150238964932,0.48473464796892385,,0.713435019364796,-0.20696319023117854,1
0.24309172766069878,-0.3017984933962528,0.32088146227601816,-0.23231066721461086,0.8832633103343146,0
0.9513062442994834,2.5303696686416894,,2.739210371150313,1.310128813448281,1
0.5268979236657937,-0.22789255876583409,1.009944351343954,-0.18120996230003675,3.0570298311236948,0
-0.1908722195531798,-0.2307861521027222,0.08926822728629707,-0.5604995957108794,-0.8320623981706528,0
-0.19819567637971988,-0.7969866688138776,-1.1913409823149304,-0.7949860386955799,-2.620763206203743,0
0.5101574689151834,0.12390681652107108,0.6488680245338551,-0.23328646333093891,2.515300993395406,0
1.2725701629285695,0.6149612320467747,0.886083445845259,0.2247729296813495,3.4463580454245966,0
0.1263141994832002,1.20357805453346,,1.0355030531745841,2.1472008672180487,1
-0.46913085421040895,-1.489284264440218,-1.191830772600788,-1.5489958448081391,-3.4608530156207795,0
-0.9928660010855455,-0.2459953383557008,-1.1711044854003174,-0.2283826851817954,-3.5312914340634523,0
-1.4452052644122255,0.44670361080914417,-1.2641929889179926,0.9048930244908094,-5.348586750183587,0
0.6662696720435232,0.5870575345945356,,0.3378254933241139,2.9018493636344678,1
0.5779785236395572,0.006548657804539276,,0.10497462104194953,3.223878280742066,1
0.5773635251066616,0.5424239695321018,-0.18184746789798323,0.6014378265040112,0.7365293133458908,0
-0.1286594463520559,-0.8089638929258004,0.6972977220816334,-1.113278036658833,1.0049642063282773,0
1.4069347458917507,1.5579054323183568,,1.594775825421629,4.748415957695343,1
-0.4841184945848177,0.9926281029794295,0.1957406119156303,1.4939888105680863,-0.5300166756556948,0
0.9552692372072055,-1.3449277870651724,1.3923893218238264,-1.2516746786234725,4.772836087332522,0
-0.038742894989543024,-1.0751030481167556,-0.04454795221706479,-0.9618110836031017,-0.0822293111338864,0
-0.6083507646793376,-1.0469217501069064,-1.250449870134918,-1.39958591557824,-4.189944352045067,0
0.5925303073177614,0.6779699708965286,,1.6623993964989667,0.9479390746534931,1
0.4096361186839935,-1.2847277664174672,1.2044177851152822,-1.6089059515787179,3.6498654486826947,0
0.356972759266926,-0.3310243342080806,1.0496916500951172,-1.1649160644818195,2.8787988151545663,0
0.08127842205619876,0.45470439641677407,-0.22852156799564624,0.8847964565258123,-0.9521255632769583,0
-0.037893081716830875,-0.06616593454643468,-1.4470452248179202,-0.12357445437064768,-3.833845820298383,0
2.3883719928704386,0.2588875157127058,,0.10736660523916824,7.834091173441382,1
1.184256645196173,-1.0658027113487583,1.0404052011316147,-1.338579601554522,2.931516016062529,0
0.7228268949855121,0.5948543733972447,,1.5307116855551637,2.2022042754054088,1
0.11179915820338826,-0.6132118924759965,0.376068759119089,-0.4359167531736552,2.1456489414614124,0
1.0071572005966691,-0.32461967439794126,,-0.049744063575398845,3.6027847435604192,1
0.5179947763914519,0.23773172790598612,,0.3190395396971198,2.710268432866498,1
0.026204752774035625,0.10307822153084817,0.2490593228417191,0.23810302825344629,1.1933890625101171,0
-0.3035643252659147,0.023980019015592963,-1.2039496762272326,0.7232923242953001,-2.4887019112032895,0
-0.0809173376626882,-0.7506268219767557,,-0.8760541525906032,-0.6987807719122733,1
-3.1704257358780557,-0.29954941119919215,-2.0183808441034605,-1.028018183959557,-8.865574627108105,0
0.21060083929764178,0.0021835908370359453,0.397709206698881,0.43621091795092437,0.5333647811319351,0
-0.4884760801103597,-1.3750852331670849,-0.3045662958884271,-1.1267344270458888,-1.4756745969451706,0
1.592669998282884,-0.4625329663133788,,-0.4085430598708575,6.055551290884017,1
0.01934407081175429,0.38767987903284645,,0.6230564998067396,1.035640641984175,1
-1.1889634195349619,-1.2774366038453424,-2.3805195100779235,-1.4628087139924295,-6.854571961215668,0
-0.0498801541281177,1.1565816515942398,,1.1669279430213697,-0.5090224203912118,1
-1.0461210850625042,1.2696132625998429,-1.065067500959849,1.203763135669888,-4.173923369891796,0
0.4734074157124664,-1.2451505759600856,1.1141551153391727,-1.540894704495544,3.0510839440172974,0
0.29094736433948537,1.3576196330501393,,1.9522060246026407,1.4578783949649765,1
0.9578396311082676,-0.1435815887121344,0.13458393780729705,-0.8497109024210345,2.0207513289919428,0
-0.7908817916945654,0.4185145591570548,,1.5989556450635383,-2.923090652480404,1
0.0340080962281468,-0.4966510521282467,,-0.057969947525009,-0.6113647067160239,1
-1.3650217954266353,0.9230448272267618,-1.9734146159673442,0.03405705987558638,-6.333018189199736,0
0.7014947819247145,0.4060940188486671,,0.2940108541032023,2.1265976978463366,1
0.518871180440122,-0.8141532565976035,0.7901232952723798,-0.8984262145493824,2.2778969998181737,0
0.49580502102757085,-1.1652019999652885,1.1251856409076049,-0.9692586854942324,2.234322144236024,0
0.00161903135694112,-1.4603024352092226,0.24308400394573448,-1.9549915705790828,0.378695202123014,0
0.4147728907887909,0.18794177643275645,,0.20395444811686514,2.3129646259772305,1
1.6043391083085963,0.5724714117797358,,0.5119117127184123,6.210235183489488,1
-0.28509425704201397,0.6509656787794414,-0.2344306686117798,0.28215649749272204,-1.1524007296125705,0
0.1386451837100845,-0.11798109460737784,0.4871105011914634,-0.5563572103429938,0.8895520830124805,0
-1.0861262991814098,-1.156996455664364,-2.2955140327161203,-0.6975941323131853,-6.713969713312514,0
-0.8682609615983323,-0.682074798023783,-0.8127167859459158,-1.5303660680450797,-3.125199824456983,0
0.09781329309330739,1.1523486389619257,-0.4246492242178184,1.3912881070099514,-1.130417992058577,0
1.1039335467019071,-0.48462856460008136,,-0.08587341116101932,5.511712979089472,1
-0.25628082425157245,0.14341763068147614,-0.3298584768600027,0.03413846151226793,-1.4947068854631724,0
-0.23591652931212392,-1.0756504835748875,,-1.0494640637123895,-0.7336175331435031,1
-0.4068852445043747,0.33658304545903495,-1.1594211816312763,0.9183305453077256,-2.902018278355948,0
-0.5347566708443231,-0.45768456167907784,-0.026341226337897372,-0.8101103170411064,-0.3819837349998238,0
0.29497145570882155,1.0467127137757637,,0.7458864993312018,2.20441235973387,1
-1.4972576451786446,0.7735577062068134,,0.5258158656571593,-4.335468904144089,1
1.2809395766667275,-0.4957059465748997,,0.086956853036741,3.846729837809789,1
-0.6654222981294604,-0.12666402734766338,-1.0522422205985253,0.5194828460946904,-3.6269409614382706,0
0.7219034854381412,-0.5511162400406288,0.8337032126610938,-1.2490613572724383,2.2158266096102706,0
-1.2699985973938759,-1.4194331965450098,-1.6172478025179016,-0.9163128228891914,-5.562338911009092,0
0.6688401305462182,-0.8574424295472166,,-0.44798827637357463,3.15179391940306,1
0.6719446078144975,0.19821732772082012,-0.4085116935688635,0.9750147329457339,0.22755848870933726,0
0.3842020720058965,0.3252594982295819,,0.5178135142927717,1.2914913159818264,1
-0.9944285217997922,0.1485479035926389,-0.09605178908654655,0.12641784345335055,-1.18234499371274,0
0.249548189598077,-0.30173305395863576,0.4692911035959594,0.2708752893271937,0.9499285414394103,0
-1.183056184734389,0.9330666057209853,-1.0996593524688927,1.282518501471868,-3.957865818260775,0
-0.25276325509618536,0.06354190456093739,0.739850012739493,1.1859911116353006,1.094058303492913,0
1.029413100955326,0.7032538280959473,,1.1826077505768613,1.1030983897300977,1
0.796701927070742,-1.7737751322025186,0.3890463696766883,-1.6970011439905608,1.7057242026971338,0
0.015182942540433121,-3.9224002516183423,-0.18540364333326143,-4.5094524418064275,0.24434487884965528,0
-0.9748065759228419,0.2837880278380801,-0.5456309594201469,-0.006670560758979094,-2.527485919366806,0
0.6455877121741934,-1.4247656537214894,1.0834158937883116,-2.1427431427354975,3.1417857501177973,0
0.019381237698025213,-0.21245170271305602,-0.41362211679328786,-0.31998272074348766,-1.1995612144738357,0
-2.3203155982304233,-0.30209704102460566,-1.8213384371591486,0.16093675559181703,-6.78554405645718,0
0.7826298263165181,1.587400602415537,,1.5855650581752792,1.8333358743670982,1
-0.024232833869692143,0.3999965529436064,0.5815869789548913,0.9108591873236427,1.3542774715275856,0
1.202451247983072,0.16585902679867273,,0.3346458935181794,3.4170513498462753,1
-1.0952705188428047,0.8369911546336737,-1.156926318375885,0.6354450097566688,-4.163015939677762,0
-3.1767038131960006,0.36849758683903877,-3.421787470884281,0.41231016442402074,-11.449804620970973,0
0.27908385834518495,-0.45767699298843306,0.8070990441280419,-0.221628647460885,2.1256586552961045,0
0.2915636766819725,1.0714759302545598,,1.1410876294863677,0.47801133941565777,1
-1.690671627606452,-1.1097501278882742,-1.71189589211233,-1.0344080134623173,-5.953327235561722,0
-0.9784995458666064,0.32324718753356224,-0.7250938470350818,-0.06127786625979098,-2.8870461012733126,0
2.7552177437199017,-1.5475697941363111,,-1.764057926757419,10.2534764223818,1
-0.30561061415380336,0.20394385751599503,,1.3331742555933173,-0.1525635263932867,1
0.7309589763762162,0.19298964177292946,,0.8072228869847007,2.217549099055353,1
-0.6506598273683838,1.6764549619146625,-0.8597842850082994,0.9395345135098045,-2.771663786571977,0
-2.0903028988531567,-1.5649738934417794,-2.265152271532532,-2.7484583721949605,-7.533284590746363,0
-0.1702582467959055,-0.6008871758538126,-0.1574220891920995,-0.5627909651294515,-0.5215871843084114,0
-0.2656045602861052,0.8226824265741438,,1.269418873787139,-0.2031483552294155,1
-0.39987823866837147,0.33531725639730775,-0.47346406259258966,0.07534633768620413,-1.2367021884380094,0
-0.11464083550639245,0.18030505133750305,,0.691134415436472,-0.8172442708333942,1
0.26426827164563654,-0.9561357029585392,-0.4943586586404161,-0.9263084204549972,-0.6756284638395749,0
-0.15011695125380659,-0.5908183480914292,0.1835606909735325,-0.6723489879549166,-0.01372237165723883,0
-1.2640061679473638,1.2450410082232566,-1.1734500235026488,1.6230985963108473,-4.245083542239935,0
0.4861847915619389,-0.051509193753927957,0.987119998332483,-0.31744709020506245,2.7020264840885244,0
-1.9493717553224232,0.3753596961444733,-1.9492915016188808,0.2320065352426467,-6.516879801601472,0
-2.0503574572842003,-0.115188328776479,-2.9195562465450933,0.21989530228875248,-8.825984497445916,0
0.7391804947015679,-1.1830855152497652,0.5599574000482304,-1.1987834837827773,2.8439580447530877,0
0.5070202721353568,0.9338104260749966,,1.8881985627638649,1.6951425981865123,1
-0.05739536507403601,0.5032323845324963,0.3140562876427634,0.8501450909605055,0.12672426750583465,0
-1.3954485047550718,2.305636837367189,,2.62004375153357,-7.187983621240256,1
-0.7079109406740752,-1.015581379650545,-0.6873211821996078,-1.0403337026830792,-2.1346142400444497,0
-0.2627467476865041,0.8225729212004805,-0.005909139789851026,1.2599502595552836,-1.2130225333623008,0
-1.5958939685741136,-1.3115439660370012,-1.9266379112148735,-1.4728478524378243,-6.920056982670941,0
-0.7390286580232329,0.15734656767307767,-0.7017146531148092,0.2985354432728352,-2.506623689701853,0
0.6523303381766798,0.9765065890631646,,0.5183600655608844,2.1315807337291175,1
1.4273053642892164,-2.072135116096487,1.062518897679021,-1.5524144199811911,4.919513557769306,0
-0.4194347526585506,-0.20493247424160788,-0.6236446777242092,-0.05963012561071196,-1.98499435794713,0
0.7564883543160984,-0.5632097340426202,0.401142358082593,0.42804679780631805,2.467431591132276,0
-1.9140600705874673,-0.7019572982951218,-1.572250914619301,0.49419189353975723,-5.979457980235353,0
0.6594512411136115,0.3852126522593543,0.29197530269592264,0.7668723779759281,0.8074199759406473,0
-0.803948414727481,1.1206857064225955,-1.2554034182514446,1.1548983620265472,-3.7207677268332957,0
0.30734561670797006,-0.13327871522915521,1.1913099501277369,-0.6063109712919396,2.5341842630066536,0
-0.24775241823970925,0.20548642756001975,0.23261758767230842,0.6578613291894319,0.5527219882239234,0
1.3204140097838342,0.11430875305924776,,0.21945103500686192,2.7470980434069756,1
-0.8744356483399182,0.0018035063564141765,-1.2568197932661849,0.27082092593364515,-4.464249612320482,0
0.6276062975618311,-1.0893426377121063,,-0.22444894398398463,1.68922760773484,1
-0.2795074632965335,1.1084446017228928,,0.6962329573912194,-0.6650110330135991,1
-0.15830547800966377,0.295195368158836,-0.9035519108781105,-0.16695671608183227,-3.2546707745005694,0
-0.18385389315920966,0.39488149000257766,0.3954288532519513,0.2766685208172376,0.25599422185113774,0
-0.8456731044941129,-0.8065096290255822,-0.43306089490329996,-0.39590905414967054,-2.019116283676348,0
-0.014098965906671578,-0.4592203979892406,0.22685185011349773,-0.18178677788199654,-0.09595300066069096,0
-0.0626482221218215,-0.1761341977107784,0.615716023234239,-0.6239784535586647,1.6344532917384107,0
0.2412402484067293,-1.5341246934488517,0.46738524469218834,-1.1558482430976105,1.8921341368698168,0
0.0845051456928626,-1.6880343251976784,0.30879558531878626,-2.28864073464431,0.2359984128008905,0
0.7979945496122365,-0.6007479306385679,1.5768341855233576,-1.0196187678129967,4.201638108366826,0
0.9235086160473687,0.5225207664423902,,0.4647921078477955,4.830846312554234,1
-1.0506233218278012,-0.653137389929941,-1.4713770512835667,-0.9298530129175508,-4.519342852436379,0
0.868772500590771,-1.0188051975907135,,-0.5738754532652461,2.9766596416901043,1
-1.1863364271098544,-0.8146856532376702,-1.5184703595891453,-0.6714964117371229,-4.888105894125249,0
0.5878558881377351,-0.4553424231453126,0.8399331636128742,0.4274381656683176,2.1351859982844315,0
0.6197387847028688,-0.35385896282010376,0.8580455382127761,-0.4774516454973109,3.199798201692798,0
-1.911316891662504,2.1655214522065567,-2.603050547890497,2.104420376686185,-7.770110386112456,0
0.09297924652940966,1.0546206284873183,,1.6598119330182,0.04670327890908457,1
-0.4684961133603157,1.024774112281728,,0.9793137107198302,-1.3034053669156824,1
-0.758765257935375,1.1685803642733814,,1.9155829881271544,-3.746029382254213,1
1.3508523306990055,-0.9988208693340495,,-0.7284067641418037,4.665804370558473,1
-0.6536791406374189,-1.2223646149872391,-0.25073025213688455,-2.3987578499299187,-0.7053396213836509,0
-0.8063769291180498,-1.1068702915340567,-0.8216734612334277,-0.5180850844593248,-2.8261549898540963,0
0.07569494000509344,1.3345061333378379,,1.7908695398977421,0.9545746691217691,1
0.6855897462984164,-0.547191788882491,,-0.07152548582721857,3.898994734804447,1
-0.1416485860101269,-1.251356182239287,0.09494970560248617,-2.206845371511916,0.634567453704544,0
1.1663705456692521,-0.430996200219813,1.266782690506489,-0.7624911808553367,3.283702433217246,0
0.5309756619640905,-0.23860553171462742,0.05193597214341,-0.5329579484930124,0.8062266452234526,0
-2.1782113197314303,0.26841327369456214,-1.8426983140370061,-0.15214741008563404,-6.1303227845629635,0
-0.5294669635070083,0.250951020712043,,1.121912286659012,-1.0448977051022685,1
-0.5618420993516988,-0.8281805638735081,0.08002761749900522,-0.8340644827853251,-0.020021784634442152,0
0.4793609534294221,0.6856563925137109,,0.6673759211991256,1.721259583478043,1
-2.6248170563741122,-0.6391935337501581,-3.5329503064411103,-0.36318937859226874,-11.271679405150081,0
2.5490097087177226,-0.15627633670504304,,0.12837449723964783,6.707830881839803,1
0.53102609489421,0.686774070503355,0.8988664767740768,-0.9806722848095598,2.0458080500587137,0
0.1488768039176911,-0.6418214039443414,-0.1362199949313856,-0.9650001725190231,0.354405497118025,0
1.1815677164191463,-0.5693514235811376,,-1.275745712476776,4.828860283787935,1
2.343654052812625,0.591668049693131,,0.7918210962705409,8.283735104681364,1
0.8707466445884032,-0.8577331766050195,0.7873268107414428,-1.0021793837720432,3.1348689157913308,0
0.94881309647162,-0.38479202360407067,0.9006324536775083,-0.37709824135343634,3.295710431588477,0
0.13069002446438233,0.5557421780428925,-0.3020047280582311,-0.48351769640236897,0.07313443127985303,0
-0.14152575336694828,2.054092441435975,,1.8991663290907261,-0.03477444822990472,1
-0.47579544400490115,0.6054045047627467,-0.7680421604021005,1.1629696306791546,-2.782714537053974,0
-0.8261119917145421,0.47263976299001165,-1.0122402517773945,1.1773645045410954,-3.1268254973917076,0
-0.6870140996994973,0.5308015836727297,-0.8488386220540779,0.8902332934430796,-3.562631768754443,0
-1.3505559643429832,-1.0731902740670494,-1.463902599292343,-1.7409229207911088,-4.887128776053862,0
-0.07587145068502332,0.115596738679908,,0.7452976401759699,0.9587755189602973,1
-1.6846675772263868,-0.029766488336401747,-1.7495629918287336,0.3322346391636062,-6.682987021893627,0
0.1909165241437107,0.32158454037275613,0.70276769243876,0.2629900233404868,1.4836788033626698,0
-0.03633060804234174,0.11650805247587083,0.7325968676208992,-0.8960101047790012,1.4154610117881867,0
0.14693529838668778,0.37969967741711275,,0.8564971527483712,1.4861756535962516,1
-0.5221315700199924,-0.3114671948992017,-0.2548973024857369,-0.6075503598908913,-1.43229381161388,0
3.0768603701805035,0.058608917371792725,,0.2316918278991832,10.509699428912947,1
1.360115900180313,-1.227828566056992,1.7927952547053478,-1.193631635738661,5.598760758721536,0
-1.2445425000847228,-0.31990727800291385,-1.199862130786603,0.4492902142162253,-5.092659795170779,0
0.23286808742689824,1.3908335481766436,,1.3281500551778893,1.68328743361027,1
-0.6080061429373236,0.3188083396282559,-0.3009532402924813,0.311251544585282,-1.734602501839413,0
-1.014479726707414,-0.020921037383076883,-1.1943999570976078,0.7683866578562383,-3.977652340976047,0
-1.340072071123935,1.8961232762543467,-0.8921466310725319,1.5670121543792526,-4.074062357568808,0
0.43221669075925395,-1.3608349783010791,0.47795669374803823,-0.9536735525971907,0.8503980045568572,0
-0.6813802350695739,-1.1094555554462198,-0.7344462388757319,-1.2087634168854517,-2.6741344906505806,0
0.9678260240252041,1.7127114112762727,,1.211440430273808,3.3766019862078864,1
0.993782214530439,0.04596093604893383,,0.04654142940937014,4.274987000725511,1
1.3739143852114495,-0.24258303628979377,,0.10326952051420002,7.0248301030126905,1
-0.8523867660741036,-1.1992043250956432,-0.4079167632775849,-0.5223494051073876,-1.2485884714674929,0
0.4753656106920102,0.44769626639501187,,1.185043259067853,1.4187044715469401,1
0.6324542166423008,0.5444598695274623,,0.39707783241469596,2.6090145983367585,1
-0.47417817510396487,-1.0944943608348963,0.16167022065731407,-1.5881189768510031,-0.39931963876020765,0
-0.7717719573928751,-0.14027558555042832,-0.8467551029783056,-0.299645035339168,-2.8939480591627738,0
1.6095206657759729,-0.33551583203306606,1.0518106640108698,-0.9262812086981438,4.552668991633811,0
0.22749587573205374,0.25597714641877106,,0.14728404671051853,3.30116112801454,1
0.635967750711738,-1.1192502422206438,0.37107862469637876,-1.290082884030523,1.1550831025641657,0
-0.8220760118279274,1.2519474545131573,,1.6156925565915399,-3.9243697328488003,1
-1.2192844665221938,0.9158237815976042,-2.1173833441894696,-0.18714380835958488,-5.241780423117683,0
-0.5694497744921104,-0.36317555873281615,-0.28380824790996223,-0.729979531776136,-1.729781829100516,0
-0.12402138738999703,-0.2164187116383712,-0.9347476996661077,-0.5791778638593289,-1.858737155249353,0
-1.0642200068173489,-0.13642215027761603,-1.4393494106632172,0.45714147592639665,-3.957700146618353,0
-0.009844808650383004,-0.7783085530065034,0.28427358860714635,-1.335230741707012,0.797029472604733,0
-1.6885051880685,-0.4434294182350357,-1.327544561864314,-0.3301007384105388,-5.0919640892801326,0
-1.1200474224698722,-0.27027036767460905,-1.445899496578989,-0.3343345748844997,-4.102564742015795,0
0.6709112482768751,1.612868370707128,,2.134389634125319,1.7675017637241726,1
0.6037905202778941,0.9466183083304367,,1.2445342405857103,0.9924907298184759,1
-0.3918767653868664,0.9346547073366236,-0.6660751592924578,0.9952765732468133,-1.6521466724326332,0
-1.017764309076953,0.3699256130043903,-0.8846566790004995,0.09259217571035616,-4.3306794512235545,0
-1.027403551526011,-1.1173270089312346,-1.2782268909242398,-2.0434982604861727,-3.3892671974651494,0
-0.3732682459413141,-0.041491104577379236,-0.4953757660291487,0.08205172326632343,-1.398957713371378,0
0.6445184916452914,0.9704884596133801,,1.2357333588783166,0.8676239155315282,1
0.9282456913443246,-1.2582646293672883,1.4947237737473933,-2.045698435604615,3.5665596456907447,0
-0.49653173548196905,0.6365532068732643,-0.2414984388964363,0.019706124708989692,-1.8710990437156951,0
-1.1534924259847839,2.322609225262766,,2.4487742119486042,-3.443609951259973,1
0.2678436378663333,1.0618166459897318,,1.231387489093667,2.6315929822968287,1
-0.8235349706258495,1.4140291355619874,-1.2361414083987077,0.9187054805159578,-4.745893278835482,0
-0.5182526388612024,0.2183387504421607,-0.6974498803752143,-0.06869360634185837,-1.7780963186535543,0
1.3252760904370375,0.9679319487649898,0.377858906645932,0.049687529479776504,2.563616286893237,0
0.827115428565768,-0.7178532143540356,,-0.02922126244741874,5.9236151737116,1
0.1579743122514517,0.7958638123412265,0.08318165459276361,0.14592660865700036,0.5301212484081081,0
-1.2719190011127228,0.6543881340607632,,0.9255178296850386,-3.278329985056412,1
0.2113965674706589,0.2899111740376629,-0.40768400469707045,0.27243082596097273,-0.854487453156451,0
1.0626572907875265,1.3160074197184983,,1.9608042295308779,5.028143987633774,1
-0.3756336657655356,-0.5387848378473886,0.5531617725592973,-0.9349118842347668,-0.6168260234779279,0
1.3511140899867151,-0.18705751647366212,1.3209737154727244,-0.1564311613034685,4.443409122641694,0
1.292745289518207,0.0954620413582963,,-0.7537514132603788,3.590567898312575,1
1.6637328321434735,-1.0296109710894006,,-1.9988743895592775,5.511793853949383,1
0.30524312653135294,0.22693194380024787,,0.5250987357329848,-2.071865734080482,1
0.5873916998060122,-1.718930412953847,0.5684483492950912,-2.611443332488698,2.396997937679436,0
1.41418728833109,1.0469545344282092,,0.9328457672109438,5.146428742408284,1
0.4473939370689756,0.046637366565965746,,0.5522850905524256,1.4963641316037555,1
-0.5012341077902127,-0.5208929039037633,-0.6433038851346964,-0.1475504758564236,-1.9619416334209006,0
-0.4485428365278611,-0.8343736122951215,-0.18475877847184458,-1.1666663562694184,-1.0324182348527975,0
0.23855495377373903,-0.23457902961918758,0.5405673772485153,-1.028830597823274,2.023472648089547,0
-1.2905614219462187,0.6882597107724135,-2.12051420319881,0.9430071416001778,-6.203501819313791,0
-0.14325891536419263,0.5477389787375606,,1.2188673701676511,-0.19885553914741563,1
1.0965471182302537,-0.7055379472784609,,-1.0366569866112725,6.245948021459511,1
-2.191253851165281,-0.8460396726276342,-2.858761973989293,-1.2476961018311925,-8.69792668264337,0
1.534482101794515,0.6568987063196474,1.4917726853779818,0.3944477248851483,5.982016171971498,0
1.1223742187031596,-0.7223474046150294,,-0.43654304921147175,5.93882680224886,1
-0.4597646158304763,0.05990977407950356,0.09232296244136146,0.6741685772869601,-0.11407582007149175,0
0.5433908278718096,0.12375464252427706,0.28669248748377885,-0.49604876316598423,2.1161356842163705,0
0.003147726906326633,0.3120621317267384,0.10621541671762853,-0.4370787729355881,0.8957445472818828,0
1.229990368438683,0.8582704301818718,,2.0282685911480955,4.110209907744962,1
0.9826831427699412,-1.2629629368673227,0.6086472406091075,-1.3516243308123421,3.20953537324571,0
-1.4000707231830092,-1.9111593252604877,-1.4371967769295504,-1.7847129274153328,-4.850114058610019,0
0.5872624134641767,-0.5674472812283516,0.4472793470609123,-0.9134127015371711,2.334067313185047,0
-0.20562785364324765,1.801528407832186,,2.046509562558544,-0.32263125789314223,1
0.0828325705180999,2.0221741000873785,,2.5022045374381396,-0.32063514585958985,1
-0.7281719009698155,1.8311771355658875,,1.9810752213523524,-3.6082338134658385,1
1.7481370691208353,-0.1929813677606896,,0.6774476707465277,6.204817946550018,1
1.040061819902576,-1.7821150819848288,1.8976209289919659,-1.9454873769553749,5.50250111040605,0
-0.7397711639729673,-2.343039101651841,-0.698669700841569,-2.474480338169529,-2.586412327933543,0
-1.3346106069102326,-0.6140381615494112,-1.5004074963760055,-0.49833498591070324,-5.1285930734211185,0
-0.3856726309778482,-0.19807363014936016,,0.03440719260368835,0.28581906130236434,1
0.43450264609130573,1.3006254010559588,,1.4145990320872635,1.6012036042797835,1
0.240205843946223,0.8678054595424457,,0.22559794606490025,2.4221009176551904,1
1.2531328247682434,0.2274050789916206,,0.38366266208940125,4.243343661678951,1
0.7899197221808523,-0.8898447709411417,1.1401682537599338,-1.0769315633428602,3.9933453175151215,0
0.9695690257529068,-0.9607795582448903,,-1.251268065282213,2.270793852697592,1
0.3268554006104374,0.2541276870714354,0.5784000272787686,0.2703687144480572,0.9060693145676879,0
-1.3892987302109905,0.6970509788397266,-1.2517519917391133,0.2162896351751194,-5.291676649095734,0
-0.19569853114690144,0.39188126224558456,-0.22395159347650545,-0.17581439969103113,-1.6059387837757568,0
1.0600897399086655,-1.0345979596066548,0.8092108593238054,-2.3423324396085796,2.55914889937838,0
-0.05152292852464606,0.650667628792086,,1.5242862930470316,-1.4087933853890409,1
0.5030903686237468,0.4259109671014113,,0.7037766266529124,2.7357876439668356,1
-0.3187483152461331,-1.0706664061901783,-0.00427876039789632,-1.129048466843331,-0.5097695999946265,0
-1.029811848541845,-0.7843209703002557,-1.0933932466889107,-1.1179325887435798,-3.913136035758947,0
-0.12334406404611045,0.6884959745615665,0.020289900514285752,-0.7495201664616419,-0.8661428265498811,0
0.3090474430326539,-0.23450753514589096,0.2900901039662691,-0.5987719732566331,0.9721881737458491,0
-0.6556877194614437,1.5891473016364572,-0.6064247070087497,1.9470804702184954,-3.0650450244917615,0
-0.2357112448566685,0.5011292760645764,-0.335933736195281,0.9722164278615107,-1.2101429253187472,0
-0.9394632419859826,-0.48663118818926915,-0.9304769523018285,-0.16548519138761836,-2.2379015726607934,0
1.119244917564096,-0.01020560039093268,,0.06899037748530155,6.947299457644944,1
-0.294455757588034,0.06338339263771817,,0.7153204656034077,-0.8238599329279594,1
1.452755545126183,-0.72839031324171,,-0.8926589242859801,6.079003169075862,1
1.5287478505409084,-0.9125881981776266,1.747759653204957,-0.36999374011044595,5.5278694931574925,0
-0.08104596472174376,0.7013898938094993,,0.5090986719493928,-0.9468165712627568,1
-1.0084487325473497,0.8452732970420956,-0.3614541259015157,0.4047026426032145,-1.3835165358576347,0
-2.0858978777333372,0.6037814695529586,-2.231479762946508,0.10092497934169808,-8.162943669453158,0
-1.4720370730267915,1.5153180943238018,-0.9445097985555159,0.9830698837373254,-4.274135824489894,0
-1.37383482489866,-0.5417732360116019,-1.5409383239318843,-0.21223922161035924,-4.9896122440300035,0
1.3784696274615047,1.6742707660711302,,1.3028979805225909,3.3965540740925015,1
0.1158245872269461,-0.9009211185541528,0.29852269134504256,-1.4174355410716246,1.096084740346209,0
0.3896045240919878,-1.0126855633684928,-0.16272965395906552,-0.6558179535378128,0.10565021589872442,0
-2.220421008935126,-1.7599588821492502,-1.9526008964268213,-1.5959736869131338,-6.903878142472903,0
-1.1979664292172616,-0.44579531382681703,-1.79504575726292,0.035500677596083996,-5.0940490684764725,0
0.887079776446287,-0.5037223368294537,,-0.24742258119305444,2.6642651217762365,1
0.2867741123825862,0.5259372802546505,-0.42909073587978463,0.1493814901559946,0.4273090331098026,0
-0.14720527868559727,0.24389094162045094,,0.28194214985474464,1.9762806322864188,1
0.5648423586001226,-1.1929733710191368,-0.2621374212080346,-1.1304068756342982,0.9974239307584831,0
1.6357978061358152,-0.39272623842581755,1.6407046763340174,-0.8523055676628187,6.322572683185778,0
-0.22104246353705057,-0.37146202108768545,0.35060967362795625,-0.9237745081346818,1.2550967557805568,0
0.06936980265806943,-1.7759822469618927,0.5875627569515821,-2.116343051520745,1.3662082375617786,0
0.19259691873130513,-0.9809467270133695,0.6182679798178737,0.037344451322670724,1.1311384817687102,0
2.3921096352739926,-0.7708136306140894,,-0.9771856777248638,9.09355362790227,1
-2.0993562644190256,1.4336250198209464,-1.4238117912505246,2.050058415514304,-6.164008713117769,0
0.683223014788808,0.19145071595735258,,-0.042879538782546384,2.897900356210243,1
-0.11480224875906367,0.6621687539474996,,1.1065881637174957,-0.28440162594865265,1
0.5667717261841796,-1.498635497149212,0.6870621050474757,-1.0473896693702884,1.733436441292682,0
-0.6573725539947244,1.1942144830139918,-0.8093338778024106,1.670509736990014,-2.341652174035235,0
-0.048965030858450255,1.3011020630240928,,1.4950157340285721,-1.3838638247168704,1
0.7114105794654954,-1.998344967144626,1.3299860672048536,-1.3096616777540504,3.583345918655514,0
3.1129102010438414,-0.7053167239158482,,-0.5161397392394843,12.691283128087456,1
0.8080361894020714,0.49576557301551033,,1.3525304376856502,2.2558641269654247,1
-0.8480655980305086,0.6443884535381822,-0.9249581806036045,-0.16557144805603452,-3.114222471968142,0
